"","time","external_temperature","solar_radiation","electricity_cost","building_occupied","mean_temp_24h","Ti","Te","act_vent","set_point_heating_low","set_point_heating_high","set_point_cooling_low","set_point_cooling_high","act_heat","act_cool","Qh","Qc","elec_heating","elec_cooling","elec_total","elec_cost","building_comfort","reward","external_temperature_forecast","solar_radiation_forecast","Ti_forecast","Te_forecast","Qh_forecast","Qc_forecast","elec_total_forecast","MarketUTC"
"1",2019-01-01,7.28,0,0.01007,0,6,20,20,0,0,0,0,0,0,0,0,0,0,0,0,0,0,0,7.28,0,20,20,0,0,0,2019-01-01
"2",2019-01-01 00:05:00,7.28275,0,0.01007,0,6,19.9916651920304,19.9271214423906,0,5.81852675252594,6.81852675252594,34.2649638983421,35.2649638983421,0,0,0,0,0,0,0,0,0,0,7.28275,0,19.9916651920304,19.9271214423906,0,0,0,2019-01-01
"3",2019-01-01 00:10:00,7.2855,0,0.01007,0,6,19.977341388326,19.8564823908499,0,5.81852675252594,6.81852675252594,34.2649638983421,35.2649638983421,0,0,0,0,0,0,0,0,0,0,7.2855,0,19.977341388326,19.8564823908499,0,0,0,2019-01-01
"4",2019-01-01 00:15:00,7.28825,0,0.01007,0,6,20.7077969605079,19.7878397565125,0,23.8254829666112,24.8254829666112,25.1616261019371,26.1616261019371,1,0,9,0,0.624756498706369,0,0.624756498706369,0.00629129794197313,0,-0.00629129794197313,7.28825,0,20.7077969605079,19.7878397565125,9,0,0.624756498706369,2019-01-01 00:15:00
"5",2019-01-01 00:20:00,7.291,0,0.01007,0,6,21.3635375641092,19.7419671047487,0,23.8254829666112,24.8254829666112,25.1616261019371,26.1616261019371,1,0,9,0,0.624748538134256,0,0.624748538134256,0.00629121777901196,1,-0.00629121777901196,7.291,0,21.3635375641092,19.7419671047487,9,0,0.624748538134256,2019-01-01 00:15:00
"6",2019-01-01 00:25:00,7.29375,0,0.01007,0,6,21.9536687398064,19.7160060645376,0,23.8254829666112,24.8254829666112,25.1616261019371,26.1616261019371,1,0,9,0,0.624740578577988,0,0.624740578577988,0.00629113762628034,1,-0.00629113762628034,7.29375,0,21.9536687398064,19.7160060645376,9,0,0.624740578577988,2019-01-01 00:15:00
"7",2019-01-01 00:30:00,7.2965,0,0.01007,0,6,21.7361785860438,19.7074494267641,0,20.5044631767087,21.5044631767087,43.9435962312855,44.9435962312855,0,0,0,0,0,0,0,0,1,0,7.2965,0,21.7361785860438,19.7074494267641,0,0,0,2019-01-01 00:30:00
"8",2019-01-01 00:35:00,7.29925,0,0.01007,0,6,21.5382431735818,19.693111078578,0,20.5044631767087,21.5044631767087,43.9435962312855,44.9435962312855,0,0,0,0,0,0,0,0,1,0,7.29925,0,21.5382431735818,19.693111078578,0,0,0,2019-01-01 00:30:00
"9",2019-01-01 00:40:00,7.302,0,0.01007,0,6,21.3574958725651,19.6737331332014,0,20.5044631767087,21.5044631767087,43.9435962312855,44.9435962312855,0,0,0,0,0,0,0,0,1,0,7.302,0,21.3574958725651,19.6737331332014,0,0,0,2019-01-01 00:30:00
"10",2019-01-01 00:45:00,7.30475,0,0.01007,0,6,21.1918604134922,19.6499664602928,0,9.36389060528018,10.3638906052802,44.0986408554018,45.0986408554018,0,0,0,0,0,0,0,0,1,0,7.30475,0,21.1918604134922,19.6499664602928,0,0,0,2019-01-01 00:45:00
"11",2019-01-01 00:50:00,7.3075,0,0.01007,0,6,21.0395152450456,19.6223818871083,0,9.36389060528018,10.3638906052802,44.0986408554018,45.0986408554018,0,0,0,0,0,0,0,0,1,0,7.3075,0,21.0395152450456,19.6223818871083,0,0,0,2019-01-01 00:45:00
"12",2019-01-01 00:55:00,7.31025,0,0.01007,0,6,20.8988622671341,19.5914800246751,0,9.36389060528018,10.3638906052802,44.0986408554018,45.0986408554018,0,0,0,0,0,0,0,0,0,0,7.31025,0,20.8988622671341,19.5914800246751,0,0,0,2019-01-01 00:45:00
"13",2019-01-01 01:00:00,7.313,0,-0.00408,0,6,20.7684994020718,19.5576998877604,0,14.6661345635075,15.6661345635075,32.8329986524768,33.8329986524768,0,0,0,0,0,0,0,0,0,0,7.313,0,20.7684994020718,19.5576998877604,0,0,0,2019-01-01 01:00:00
"14",2019-01-01 01:05:00,7.31608333333333,0,-0.00408,0,6,20.6471967512129,19.5214283669311,0,14.6661345635075,15.6661345635075,32.8329986524768,33.8329986524768,0,0,0,0,0,0,0,0,0,0,7.31608333333333,0,20.6471967512129,19.5214283669311,0,0,0,2019-01-01 01:00:00
"15",2019-01-01 01:10:00,7.31916666666667,0,-0.00408,0,6,20.533875206898,19.4830029833952,0,14.6661345635075,15.6661345635075,32.8329986524768,33.8329986524768,0,0,0,0,0,0,0,0,0,0,7.31916666666667,0,20.533875206898,19.4830029833952,0,0,0,2019-01-01 01:00:00
"16",2019-01-01 01:15:00,7.32225,0,-0.00408,0,6,21.1775879767409,19.4427196831587,0,23.3353657694533,24.3353657694533,34.92068292154,35.92068292154,1,0,9,0,0.624658148401412,0,0.624658148401412,-0.00254860524547776,1,0.00254860524547776,7.32225,0,21.1775879767409,19.4427196831587,9,0,0.624658148401412,2019-01-01 01:15:00
"17",2019-01-01 01:20:00,7.32533333333333,0,-0.00408,0,6,21.7573360965611,19.4218248990551,0,23.3353657694533,24.3353657694533,34.92068292154,35.92068292154,1,0,9,0,0.62464923704695,0,0.62464923704695,-0.00254856888715156,1,0.00254856888715156,7.32533333333333,0,21.7573360965611,19.4218248990551,9,0,0.62464923704695,2019-01-01 01:15:00
"18",2019-01-01 01:25:00,7.32841666666667,0,-0.00408,0,6,22.2809051864817,19.4178750824185,0,23.3353657694533,24.3353657694533,34.92068292154,35.92068292154,1,0,9,0,0.624640326966477,0,0.624640326966477,-0.00254853253402323,1,0.00254853253402323,7.32841666666667,0,22.2809051864817,19.4178750824185,9,0,0.624640326966477,2019-01-01 01:15:00
"19",2019-01-01 01:30:00,7.3315,0,-0.00408,0,6,22.0051254510095,19.4287269266375,0,19.8318205301184,20.8318205301184,21.6706989803351,22.6706989803351,0,0,0,0,0,0,0,0,1,0,7.3315,0,22.0051254510095,19.4287269266375,0,0,0,2019-01-01 01:30:00
"20",2019-01-01 01:35:00,7.33458333333333,0,-0.00408,0,6,21.7561572041835,19.4315135521178,0,19.8318205301184,20.8318205301184,21.6706989803351,22.6706989803351,0,0,0,0,0,0,0,0,1,0,7.33458333333333,0,21.7561572041835,19.4315135521178,0,0,0,2019-01-01 01:30:00
"21",2019-01-01 01:40:00,7.33766666666667,0,-0.00408,0,6,21.5307427487425,19.4272571194076,0,19.8318205301184,20.8318205301184,21.6706989803351,22.6706989803351,0,0,0,0,0,0,0,0,1,0,7.33766666666667,0,21.5307427487425,19.4272571194076,0,0,0,2019-01-01 01:30:00
"22",2019-01-01 01:45:00,7.34075,0,-0.00408,0,6,21.0760241309927,19.4168541697807,0,9.27738691773266,10.2773869177327,20.0607090122066,21.0607090122066,0,1,0,3,0,0.1,0.1,-0.000408,1,0.000408,7.34075,0,21.0760241309927,19.4168541697807,0,3,0.1,2019-01-01 01:45:00
"23",2019-01-01 01:50:00,7.34383333333333,0,-0.00408,0,6,20.6628834865954,19.3940953935231,0,9.27738691773266,10.2773869177327,20.0607090122066,21.0607090122066,0,1,0,3,0,0.1,0.1,-0.000408,0,0.000408,7.34383333333333,0,20.6628834865954,19.3940953935231,0,3,0.1,2019-01-01 01:45:00
"24",2019-01-01 01:55:00,7.34691666666667,0,-0.00408,0,6,20.2862829933244,19.3605608065058,0,9.27738691773266,10.2773869177327,20.0607090122066,21.0607090122066,0,1,0,3,0,0.1,0.1,-0.000408,0,0.000408,7.34691666666667,0,20.2862829933244,19.3605608065058,0,3,0.1,2019-01-01 01:45:00
"25",2019-01-01 02:00:00,7.35,0,-0.00991,0,6,20.1918029428723,19.3176361856405,0,8.14045490906574,9.14045490906574,35.9595676213503,36.9595676213503,0,0,0,0,0,0,0,0,0,0,7.35,0,20.1918029428723,19.3176361856405,0,0,0,2019-01-01 02:00:00
"26",2019-01-01 02:05:00,7.35183333333333,0,-0.00991,0,6,20.1021756318988,19.2735254030207,0,8.14045490906574,9.14045490906574,35.9595676213503,36.9595676213503,0,0,0,0,0,0,0,0,0,0,7.35183333333333,0,20.1021756318988,19.2735254030207,0,0,0,2019-01-01 02:00:00
"27",2019-01-01 02:10:00,7.35366666666667,0,-0.00991,0,6,20.0168368523345,19.2284042403871,0,8.14045490906574,9.14045490906574,35.9595676213503,36.9595676213503,0,0,0,0,0,0,0,0,0,0,7.35366666666667,0,20.0168368523345,19.2284042403871,0,0,0,2019-01-01 02:00:00
"28",2019-01-01 02:15:00,7.3555,0,-0.00991,0,6,19.9352915126193,19.1824267652839,0,17.7381940693595,18.7381940693595,38.9381939736195,39.9381939736195,0,0,0,0,0,0,0,0,0,0,7.3555,0,19.9352915126193,19.1824267652839,0,0,0,2019-01-01 02:15:00
"29",2019-01-01 02:20:00,7.35733333333333,0,-0.00991,0,6,19.8571051540254,19.1357279971765,0,17.7381940693595,18.7381940693595,38.9381939736195,39.9381939736195,0,0,0,0,0,0,0,0,0,0,7.35733333333333,0,19.8571051540254,19.1357279971765,0,0,0,2019-01-01 02:15:00
"30",2019-01-01 02:25:00,7.35916666666667,0,-0.00991,0,6,19.7818965083815,19.0884262462895,0,17.7381940693595,18.7381940693595,38.9381939736195,39.9381939736195,0,0,0,0,0,0,0,0,0,0,7.35916666666667,0,19.7818965083815,19.0884262462895,0,0,0,2019-01-01 02:15:00
"31",2019-01-01 02:30:00,7.361,0,-0.00991,0,6,19.7093309693628,19.0406251653415,0,19.6309213098139,20.6309213098139,48.9759495835751,49.9759495835751,0,0,0,0,0,0,0,0,0,0,7.361,0,19.7093309693628,19.0406251653415,0,0,0,2019-01-01 02:30:00
"32",2019-01-01 02:35:00,7.36283333333333,0,-0.00991,0,6,19.6391148652018,18.9924155494176,0,19.6309213098139,20.6309213098139,48.9759495835751,49.9759495835751,0,0,0,0,0,0,0,0,0,0,7.36283333333333,0,19.6391148652018,18.9924155494176,0,0,0,2019-01-01 02:30:00
"33",2019-01-01 02:40:00,7.36466666666667,0,-0.00991,0,6,19.5709904344438,18.9438769148987,0,19.6309213098139,20.6309213098139,48.9759495835751,49.9759495835751,0,0,0,0,0,0,0,0,0,0,7.36466666666667,0,19.5709904344438,18.9438769148987,0,0,0,2019-01-01 02:30:00
"34",2019-01-01 02:45:00,7.3665,0,-0.00991,0,6,19.5047314184452,18.8950788845682,0,8.85303486767225,9.85303486767225,29.4114511697553,30.4114511697553,0,0,0,0,0,0,0,0,0,0,7.3665,0,19.5047314184452,18.8950788845682,0,0,0,2019-01-01 02:45:00
"35",2019-01-01 02:50:00,7.36833333333333,0,-0.00991,0,6,19.4401391949057,18.8460824026885,0,8.85303486767225,9.85303486767225,29.4114511697553,30.4114511697553,0,0,0,0,0,0,0,0,0,0,7.36833333333333,0,19.4401391949057,18.8460824026885,0,0,0,2019-01-01 02:45:00
"36",2019-01-01 02:55:00,7.37016666666667,0,-0.00991,0,6,19.3770393860234,18.7969408009193,0,8.85303486767225,9.85303486767225,29.4114511697553,30.4114511697553,0,0,0,0,0,0,0,0,0,0,7.37016666666667,0,19.3770393860234,18.7969408009193,0,0,0,2019-01-01 02:45:00
"37",2019-01-01 03:00:00,7.372,0,-0.00741,0,6,19.3152788830073,18.7477007333887,0,12.0210279445164,13.0210279445164,45.5014995303936,46.5014995303936,0,0,0,0,0,0,0,0,0,0,7.372,0,19.3152788830073,18.7477007333887,0,0,0,2019-01-01 03:00:00
"38",2019-01-01 03:05:00,7.39125,0,-0.00741,0,6,19.2547346506182,18.6985028064117,0,12.0210279445164,13.0210279445164,45.5014995303936,46.5014995303936,0,0,0,0,0,0,0,0,0,0,7.39125,0,19.2547346506182,18.6985028064117,0,0,0,2019-01-01 03:00:00
"39",2019-01-01 03:10:00,7.4105,0,-0.00741,0,6,19.1952968123743,18.6493796337188,0,12.0210279445164,13.0210279445164,45.5014995303936,46.5014995303936,0,0,0,0,0,0,0,0,0,0,7.4105,0,19.1952968123743,18.6493796337188,0,0,0,2019-01-01 03:00:00
"40",2019-01-01 03:15:00,7.42975,0,-0.00741,0,6,19.1368688014701,18.6003596548931,0,8.61777211516164,9.61777211516164,38.5343138691969,39.5343138691969,0,0,0,0,0,0,0,0,0,0,7.42975,0,19.1368688014701,18.6003596548931,0,0,0,2019-01-01 03:15:00
"41",2019-01-01 03:20:00,7.449,0,-0.00741,0,6,19.0793657277661,18.5514676485342,0,8.61777211516164,9.61777211516164,38.5343138691969,39.5343138691969,0,0,0,0,0,0,0,0,0,0,7.449,0,19.0793657277661,18.5514676485342,0,0,0,2019-01-01 03:15:00
"42",2019-01-01 03:25:00,7.46825,0,-0.00741,0,6,19.0227129452339,18.5027251824259,0,8.61777211516164,9.61777211516164,38.5343138691969,39.5343138691969,0,0,0,0,0,0,0,0,0,0,7.46825,0,19.0227129452339,18.5027251824259,0,0,0,2019-01-01 03:15:00
"43",2019-01-01 03:30:00,7.4875,0,-0.00741,0,6,18.9668447952487,18.4541510084403,0,12.6473832707852,13.6473832707852,31.3467530258931,32.3467530258931,0,0,0,0,0,0,0,0,0,0,7.4875,0,18.9668447952487,18.4541510084403,0,0,0,2019-01-01 03:30:00
"44",2019-01-01 03:35:00,7.50675,0,-0.00741,0,6,18.9117035041447,18.4057614089621,0,12.6473832707852,13.6473832707852,31.3467530258931,32.3467530258931,0,0,0,0,0,0,0,0,0,0,7.50675,0,18.9117035041447,18.4057614089621,0,0,0,2019-01-01 03:30:00
"45",2019-01-01 03:40:00,7.526,0,-0.00741,0,6,18.8572382160953,18.3575705007853,0,12.6473832707852,13.6473832707852,31.3467530258931,32.3467530258931,0,0,0,0,0,0,0,0,0,0,7.526,0,18.8572382160953,18.3575705007853,0,0,0,2019-01-01 03:30:00
"46",2019-01-01 03:45:00,7.54525,0,-0.00741,0,6,19.5534041447084,18.3095905017015,0,24.1580552479718,25.1580552479718,35.0264422344044,36.0264422344044,1,0,9,0,0.624016910201774,0,0.624016910201774,-0.00462396530459514,0,0.00462396530459514,7.54525,0,19.5534041447084,18.3095905017015,9,0,0.624016910201774,2019-01-01 03:45:00
"47",2019-01-01 03:50:00,7.5645,0,-0.00741,0,6,20.1799935832323,18.2828189222249,0,24.1580552479718,25.1580552479718,35.0264422344044,36.0264422344044,1,0,9,0,0.623961865859129,0,0.623961865859129,-0.00462355742601615,0,0.00462355742601615,7.5645,0,20.1799935832323,18.2828189222249,9,0,0.623961865859129,2019-01-01 03:45:00
"48",2019-01-01 03:55:00,7.58375,0,-0.00741,0,6,20.7454862555769,18.274593824811,0,24.1580552479718,25.1580552479718,35.0264422344044,36.0264422344044,1,0,9,0,0.623906870357171,0,0.623906870357171,-0.00462314990934664,0,0.00462314990934664,7.58375,0,20.7454862555769,18.274593824811,9,0,0.623906870357171,2019-01-01 03:45:00
"49",2019-01-01 04:00:00,7.603,0,-0.01255,0,6,20.507321242488,18.2825802994143,0,6.56375038647093,7.56375038647093,38.2883057096042,39.2883057096042,0,0,0,0,0,0,0,0,0,0,7.603,0,20.507321242488,18.2825802994143,0,0,0,2019-01-01 04:00:00
"50",2019-01-01 04:05:00,7.53025,0,-0.01255,0,6,20.2921326725747,18.2832161374888,0,6.56375038647093,7.56375038647093,38.2883057096042,39.2883057096042,0,0,0,0,0,0,0,0,0,0,7.53025,0,20.2921326725747,18.2832161374888,0,0,0,2019-01-01 04:00:00
"51",2019-01-01 04:10:00,7.4575,0,-0.01255,0,6,20.0970880327663,18.2773920940777,0,6.56375038647093,7.56375038647093,38.2883057096042,39.2883057096042,0,0,0,0,0,0,0,0,0,0,7.4575,0,20.0970880327663,18.2773920940777,0,0,0,2019-01-01 04:00:00
"52",2019-01-01 04:15:00,7.38475,0,-0.01255,0,6,20.6697025664512,18.2658896328261,0,25.3999389759265,26.3999389759265,43.7292569833808,44.7292569833808,1,0,9,0,0.624477761332191,0,0.624477761332191,-0.00783719590471899,0,0.00783719590471899,7.38475,0,20.6697025664512,18.2658896328261,9,0,0.624477761332191,2019-01-01 04:15:00
"53",2019-01-01 04:20:00,7.312,0,-0.01255,0,6,21.1876283392479,18.2703812995525,0,25.3999389759265,26.3999389759265,43.7292569833808,44.7292569833808,1,0,9,0,0.624687781794387,0,0.624687781794387,-0.00783983166151955,1,0.00783983166151955,7.312,0,21.1876283392479,18.2703812995525,9,0,0.624687781794387,2019-01-01 04:15:00
"54",2019-01-01 04:25:00,7.23925,0,-0.01255,0,6,21.6574677944369,18.2887975451957,0,25.3999389759265,26.3999389759265,43.7292569833808,44.7292569833808,1,0,9,0,0.624898512152719,0,0.624898512152719,-0.00784247632751662,1,0.00784247632751662,7.23925,0,21.6574677944369,18.2887975451957,9,0,0.624898512152719,2019-01-01 04:15:00
"55",2019-01-01 04:30:00,7.1665,0,-0.01255,0,6,22.0850134003514,18.3193233456126,0,22.3049605849665,23.3049605849665,27.058892054949,28.058892054949,1,0,9,0,0.625109956012591,0,0.625109956012591,-0.00784512994795801,1,0.00784512994795801,7.1665,0,22.0850134003514,18.3193233456126,9,0,0.625109956012591,2019-01-01 04:30:00
"56",2019-01-01 04:35:00,7.09375,0,-0.01255,0,6,22.4753470756804,18.360366955491,0,22.3049605849665,23.3049605849665,27.058892054949,28.058892054949,1,0,9,0,0.625322117003861,0,0.625322117003861,-0.00784779256839846,1,0.00784779256839846,7.09375,0,22.4753470756804,18.360366955491,9,0,0.625322117003861,2019-01-01 04:30:00
"57",2019-01-01 04:40:00,7.021,0,-0.01255,0,6,22.6625409192269,18.4105324978506,0,22.3049605849665,23.3049605849665,27.058892054949,28.058892054949,1,0,6.95536211143305,0,0.455148508067142,0,0.455148508067142,-0.00571211377624264,1,0.00571211377624264,7.021,0,22.6625409192269,18.4105324978506,6.95536211143305,0,0.455148508067142,2019-01-01 04:30:00
"58",2019-01-01 04:45:00,6.94825,0,-0.01255,0,6,22.2572206480819,18.4638280594964,0,14.1870702712331,15.1870702712331,27.2370603941381,28.2370603941381,0,0,0,0,0,0,0,0,1,0,6.94825,0,22.2572206480819,18.4638280594964,0,0,0,2019-01-01 04:45:00
"59",2019-01-01 04:50:00,6.8755,0,-0.01255,0,6,21.8947247919249,18.5035680254832,0,14.1870702712331,15.1870702712331,27.2370603941381,28.2370603941381,0,0,0,0,0,0,0,0,1,0,6.8755,0,21.8947247919249,18.5035680254832,0,0,0,2019-01-01 04:45:00
"60",2019-01-01 04:55:00,6.80275,0,-0.01255,0,6,21.5697874531036,18.5314077385409,0,14.1870702712331,15.1870702712331,27.2370603941381,28.2370603941381,0,0,0,0,0,0,0,0,1,0,6.80275,0,21.5697874531036,18.5314077385409,0,0,0,2019-01-01 04:45:00
"61",2019-01-01 05:00:00,6.73,0,-0.01725,0,6,21.2777891841238,18.5487993807776,0,12.5053266403265,13.5053266403265,48.1084330966696,49.1084330966696,0,0,0,0,0,0,0,0,1,0,6.73,0,21.2777891841238,18.5487993807776,0,0,0,2019-01-01 05:00:00
"62",2019-01-01 05:05:00,6.7125,0,-0.01725,0,6,21.0147138437145,18.557333532619,0,12.5053266403265,13.5053266403265,48.1084330966696,49.1084330966696,0,0,0,0,0,0,0,0,1,0,6.7125,0,21.0147138437145,18.557333532619,0,0,0,2019-01-01 05:00:00
"63",2019-01-01 05:10:00,6.695,0,-0.01725,0,6,20.7770325894019,18.5581181483031,0,12.5053266403265,13.5053266403265,48.1084330966696,49.1084330966696,0,0,0,0,0,0,0,0,0,0,6.695,0,20.7770325894019,18.5581181483031,0,0,0,2019-01-01 05:00:00
"64",2019-01-01 05:15:00,6.6775,0,-0.01725,0,6,20.5616496604193,18.5521250830545,0,9.17746739415452,10.1774673941545,20.9991541556083,21.9991541556083,0,0,0,0,0,0,0,0,0,0,6.6775,0,20.5616496604193,18.5521250830545,0,0,0,2019-01-01 05:15:00
"65",2019-01-01 05:20:00,6.66,0,-0.01725,0,6,20.3658492156886,18.5402068001874,0,9.17746739415452,10.1774673941545,20.9991541556083,21.9991541556083,0,0,0,0,0,0,0,0,0,0,6.66,0,20.3658492156886,18.5402068001874,0,0,0,2019-01-01 05:15:00
"66",2019-01-01 05:25:00,6.6425,0,-0.01725,0,6,20.1872486976444,18.5231110273451,0,9.17746739415452,10.1774673941545,20.9991541556083,21.9991541556083,0,0,0,0,0,0,0,0,0,0,6.6425,0,20.1872486976444,18.5231110273451,0,0,0,2019-01-01 05:15:00
"67",2019-01-01 05:30:00,6.625,0,-0.01725,0,6,20.0237579208263,18.5014936136274,0,11.7832755949348,12.7832755949348,44.0665108482353,45.0665108482353,0,0,0,0,0,0,0,0,0,0,6.625,0,20.0237579208263,18.5014936136274,0,0,0,2019-01-01 05:30:00
"68",2019-01-01 05:35:00,6.6075,0,-0.01725,0,6,19.8735431825043,18.475929808454,0,11.7832755949348,12.7832755949348,44.0665108482353,45.0665108482353,0,0,0,0,0,0,0,0,0,0,6.6075,0,19.8735431825043,18.475929808454,0,0,0,2019-01-01 05:30:00
"69",2019-01-01 05:40:00,6.59,0,-0.01725,0,6,19.7349957788613,18.4469241559013,0,11.7832755949348,12.7832755949348,44.0665108482353,45.0665108482353,0,0,0,0,0,0,0,0,0,0,6.59,0,19.7349957788613,18.4469241559013,0,0,0,2019-01-01 05:30:00
"70",2019-01-01 05:45:00,6.5725,0,-0.01725,0,6,20.3567043859345,18.4149191744697,0,21.9102554214187,22.9102554214187,47.8158136485144,48.8158136485144,1,0,9,0,0.626863546204021,0,0.626863546204021,-0.0108133961720194,0,0.0108133961720194,6.5725,0,20.3567043859345,18.4149191744697,9,0,0.626863546204021,2019-01-01 05:45:00
"71",2019-01-01 05:50:00,6.555,0,-0.01725,0,6,20.9172625853709,18.4012899292388,0,21.9102554214187,22.9102554214187,47.8158136485144,48.8158136485144,1,0,9,0,0.626915954985449,0,0.626915954985449,-0.010814300223499,0,0.010814300223499,6.555,0,20.9172625853709,18.4012899292388,9,0,0.626915954985449,2019-01-01 05:45:00
"72",2019-01-01 05:55:00,6.5375,0,-0.01725,0,6,21.424098613808,18.4037057655409,0,21.9102554214187,22.9102554214187,47.8158136485144,48.8158136485144,1,0,9,0,0.626968407086107,0,0.626968407086107,-0.0108152050222353,1,0.0108152050222353,6.5375,0,21.424098613808,18.4037057655409,9,0,0.626968407086107,2019-01-01 05:45:00
"73",2019-01-01 06:00:00,6.52,0,-0.01507,0,6,21.133729216338,18.4201224642107,0,16.2264566877857,17.2264566877857,38.3478352571838,39.3478352571838,0,0,0,0,0,0,0,0,1,0,6.52,0,21.133729216338,18.4201224642107,0,0,0,2019-01-01 06:00:00
"74",2019-01-01 06:05:00,6.51208333333333,0.18775,-0.01507,0,6,20.8721090349005,18.4278332779541,0,16.2264566877857,17.2264566877857,38.3478352571838,39.3478352571838,0,0,0,0,0,0,0,0,0,0,6.51208333333333,0.18775,20.8721090349005,18.4278332779541,0,0,0,2019-01-01 06:00:00
"75",2019-01-01 06:10:00,6.50416666666667,0.3755,-0.01507,0,6,20.6357395636519,18.4279361889587,0,16.2264566877857,17.2264566877857,38.3478352571838,39.3478352571838,0,0,0,0,0,0,0,0,0,0,6.50416666666667,0.3755,20.6357395636519,18.4279361889587,0,0,0,2019-01-01 06:00:00
"76",2019-01-01 06:15:00,6.49625,0.56325,-0.01507,0,6,21.1715516138057,18.4213942654877,0,23.7987225924153,24.7987225924153,20.1967162247747,21.1967162247747,1,0,9,0,0.627092215887734,0,0.627092215887734,-0.00945027969342816,1,0.00945027969342816,6.49625,0.56325,21.1715516138057,18.4213942654877,9,0,0.627092215887734,2019-01-01 06:15:00
"77",2019-01-01 06:20:00,6.48833333333333,0.751,-0.01507,0,6,21.6566843683929,18.4300391815493,0,23.7987225924153,24.7987225924153,20.1967162247747,21.1967162247747,1,0,9,0,0.627116004794816,0,0.627116004794816,-0.00945063819225787,1,0.00945063819225787,6.48833333333333,0.751,21.6566843683929,18.4300391815493,9,0,0.627116004794816,2019-01-01 06:15:00
"78",2019-01-01 06:25:00,6.48041666666667,0.93875,-0.01507,0,6,22.0972901555713,18.4519407997429,0,23.7987225924153,24.7987225924153,20.1967162247747,21.1967162247747,1,0,9,0,0.627139802609099,0,0.627139802609099,-0.00945099682531913,1,0.00945099682531913,6.48041666666667,0.93875,22.0972901555713,18.4519407997429,9,0,0.627139802609099,2019-01-01 06:15:00
"79",2019-01-01 06:30:00,6.4725,1.1265,-0.01507,0,6,21.7487663919286,18.4854062121631,0,4.53293965780176,5.53293965780176,49.4343851208687,50.4343851208687,0,0,0,0,0,0,0,0,1,0,6.4725,1.1265,21.7487663919286,18.4854062121631,0,0,0,2019-01-01 06:30:00
"80",2019-01-01 06:35:00,6.46458333333333,1.31425,-0.01507,0,6,21.4360164949311,18.5079636603508,0,4.53293965780176,5.53293965780176,49.4343851208687,50.4343851208687,0,0,0,0,0,0,0,0,1,0,6.46458333333333,1.31425,21.4360164949311,18.5079636603508,0,0,0,2019-01-01 06:30:00
"81",2019-01-01 06:40:00,6.45666666666667,1.502,-0.01507,0,6,21.1546801706974,18.5209819339065,0,4.53293965780176,5.53293965780176,49.4343851208687,50.4343851208687,0,0,0,0,0,0,0,0,1,0,6.45666666666667,1.502,21.1546801706974,18.5209819339065,0,0,0,2019-01-01 06:30:00
"82",2019-01-01 06:45:00,6.44875,1.68975,-0.01507,0,6,20.9009322278985,18.5256616636168,0,16.5469803584274,17.5469803584274,39.9775091330521,40.9775091330521,0,0,0,0,0,0,0,0,0,0,6.44875,1.68975,20.9009322278985,18.5256616636168,0,0,0,2019-01-01 06:45:00
"83",2019-01-01 06:50:00,6.44083333333333,1.8775,-0.01507,0,6,20.6714168924794,18.5230559642083,0,16.5469803584274,17.5469803584274,39.9775091330521,40.9775091330521,0,0,0,0,0,0,0,0,0,0,6.44083333333333,1.8775,20.6714168924794,18.5230559642083,0,0,0,2019-01-01 06:45:00
"84",2019-01-01 06:55:00,6.43291666666667,2.06525,-0.01507,0,6,20.463190185501,18.5140885431212,0,16.5469803584274,17.5469803584274,39.9775091330521,40.9775091330521,0,0,0,0,0,0,0,0,0,0,6.43291666666667,2.06525,20.463190185501,18.5140885431212,0,0,0,2019-01-01 06:45:00
"85",2019-01-01 07:00:00,6.425,2.253,-0.00493,1,6,21.023669374322,18.4995695863577,0,20.923185169464,21.923185169464,30.7509496277198,31.7509496277198,1,0,9,0,0.627306637131527,0,0.627306637131527,-0.00309262172105843,1,0.00309262172105843,6.425,2.253,21.023669374322,18.4995695863577,9,0,0.627306637131527,2019-01-01 07:00:00
"86",2019-01-01 07:05:00,6.41316666666667,5.21858333333333,-0.00493,1,6,21.4308653430908,18.5014440416727,0,20.923185169464,21.923185169464,30.7509496277198,31.7509496277198,1,0,7.79418954170401,0,0.526858113834236,0,0.526858113834236,-0.00259741050120278,1,0.00259741050120278,6.41316666666667,5.21858333333333,21.4308653430908,18.5014440416727,7.79418954170401,0,0.526858113834236,2019-01-01 07:00:00
"87",2019-01-01 07:10:00,6.40133333333333,8.18416666666667,-0.00493,1,6,21.40161030616,18.5148699684749,0,20.923185169464,21.923185169464,30.7509496277198,31.7509496277198,1,0,3,0,0.127378020260238,0,0.127378020260238,-0.000627973639882975,1,0.000627973639882975,6.40133333333333,8.18416666666667,21.40161030616,18.5148699684749,3,0,0.127378020260238,2019-01-01 07:00:00
"88",2019-01-01 07:15:00,6.3895,11.14975,-0.00493,1,6,21.8773265516644,18.5272448901006,0,23.8916073557921,24.8916073557921,20.9170738309622,21.9170738309622,1,0,9,0,0.627413741852369,0,0.627413741852369,-0.00309314974733218,1,0.00309314974733218,6.3895,11.14975,21.8773265516644,18.5272448901006,9,0,0.627413741852369,2019-01-01 07:15:00
"89",2019-01-01 07:20:00,6.37766666666667,14.1153333333333,-0.00493,1,6,22.3106725069318,18.5527346541013,0,23.8916073557921,24.8916073557921,20.9170738309622,21.9170738309622,1,0,9,0,0.627449483485478,0,0.627449483485478,-0.00309332595358341,1,0.00309332595358341,6.37766666666667,14.1153333333333,22.3106725069318,18.5527346541013,9,0,0.627449483485478,2019-01-01 07:15:00
"90",2019-01-01 07:25:00,6.36583333333333,17.0809166666667,-0.00493,1,6,22.7068306357857,18.589711484589,0,23.8916073557921,24.8916073557921,20.9170738309622,21.9170738309622,1,0,9,0,0.627485245176436,0,0.627485245176436,-0.00309350225871983,1,0.00309350225871983,6.36583333333333,17.0809166666667,22.7068306357857,18.589711484589,9,0,0.627485245176436,2019-01-01 07:15:00
"91",2019-01-01 07:30:00,6.354,20.0465,-0.00493,1,6,22.320347318788,18.6367475022321,0,20.3644493459724,21.3644493459724,43.6813769680448,44.6813769680448,0,0,0,0,0,0,0,0,1,0,6.354,20.0465,22.320347318788,18.6367475022321,0,0,0,2019-01-01 07:30:00
"92",2019-01-01 07:35:00,6.34216666666667,23.0120833333333,-0.00493,1,6,21.9753791800739,18.6716032279488,0,20.3644493459724,21.3644493459724,43.6813769680448,44.6813769680448,0,0,0,0,0,0,0,0,1,0,6.34216666666667,23.0120833333333,21.9753791800739,18.6716032279488,0,0,0,2019-01-01 07:30:00
"93",2019-01-01 07:40:00,6.33033333333333,25.9776666666667,-0.00493,1,6,21.6669105799489,18.6958510025868,0,20.3644493459724,21.3644493459724,43.6813769680448,44.6813769680448,0,0,0,0,0,0,0,0,1,0,6.33033333333333,25.9776666666667,21.6669105799489,18.6958510025868,0,0,0,2019-01-01 07:30:00
"94",2019-01-01 07:45:00,6.3185,28.94325,-0.00493,1,6,22.1405412042643,18.7108698075097,0,24.4721676015761,25.4721676015761,48.7871979880147,49.7871979880147,1,0,9,0,0.627628492856825,0,0.627628492856825,-0.00309420846978415,1,0.00309420846978415,6.3185,28.94325,22.1405412042643,18.7108698075097,9,0,0.627628492856825,2019-01-01 07:45:00
"95",2019-01-01 07:50:00,6.30666666666667,31.9088333333333,-0.00493,1,6,22.5722422869337,18.7388559596626,0,24.4721676015761,25.4721676015761,48.7871979880147,49.7871979880147,1,0,9,0,0.627664355090744,0,0.627664355090744,-0.00309438527059737,1,0.00309438527059737,6.30666666666667,31.9088333333333,22.5722422869337,18.7388559596626,9,0,0.627664355090744,2019-01-01 07:45:00
"96",2019-01-01 07:55:00,6.29483333333333,34.8744166666667,-0.00493,1,6,22.9671413537403,18.7781989890012,0,24.4721676015761,25.4721676015761,48.7871979880147,49.7871979880147,1,0,9,0,0.627700237484132,0,0.627700237484132,-0.00309456217079677,1,0.00309456217079677,6.29483333333333,34.8744166666667,22.9671413537403,18.7781989890012,9,0,0.627700237484132,2019-01-01 07:45:00
"97",2019-01-01 08:00:00,6.283,37.84,-0.00633,1,6,22.3720635570238,18.8274862012906,1,19.401805130532,20.401805130532,25.4517817595042,26.4517817595042,0,0,0,0,0,0,0,0,1,0,6.283,37.84,22.3720635570238,18.8274862012906,0,0,0,2019-01-01 08:00:00
"98",2019-01-01 08:05:00,6.29233333333333,42.1591666666667,-0.00633,1,6,21.8462168838323,18.8589329930205,1,19.401805130532,20.401805130532,25.4517817595042,26.4517817595042,0,0,0,0,0,0,0,0,1,0,6.29233333333333,42.1591666666667,21.8462168838323,18.8589329930205,0,0,0,2019-01-01 08:00:00
"99",2019-01-01 08:10:00,6.30166666666667,46.4783333333333,-0.00633,1,6,21.3806050739468,18.8750780911293,1,19.401805130532,20.401805130532,25.4517817595042,26.4517817595042,0,0,0,0,0,0,0,0,1,0,6.30166666666667,46.4783333333333,21.3806050739468,18.8750780911293,0,0,0,2019-01-01 08:00:00
"100",2019-01-01 08:15:00,6.311,50.7975,-0.00633,1,6,21.7174213691299,18.8781228948577,1,24.0924836886115,25.0924836886115,21.6158972941339,22.6158972941339,1,0,9,0,0.627651220103127,0,0.627651220103127,-0.00397303222325279,1,0.00397303222325279,6.311,50.7975,21.7174213691299,18.8781228948577,9,0,0.627651220103127,2019-01-01 08:15:00
"101",2019-01-01 08:20:00,6.32033333333333,55.1166666666667,-0.00633,1,6,22.0203873373332,18.8909630914125,1,24.0924836886115,25.0924836886115,21.6158972941339,22.6158972941339,1,0,9,0,0.627622938538579,0,0.627622938538579,-0.00397285320094921,1,0.00397285320094921,6.32033333333333,55.1166666666667,22.0203873373332,18.8909630914125,9,0,0.627622938538579,2019-01-01 08:15:00
"102",2019-01-01 08:25:00,6.32966666666667,59.4358333333333,-0.00633,1,6,22.2940012964015,18.9123212253034,1,24.0924836886115,25.0924836886115,21.6158972941339,22.6158972941339,1,0,9,0,0.627594669503011,0,0.627594669503011,-0.00397267425795406,1,0.00397267425795406,6.32966666666667,59.4358333333333,22.2940012964015,18.9123212253034,9,0,0.627594669503011,2019-01-01 08:15:00
"103",2019-01-01 08:30:00,6.339,63.755,-0.00633,1,6,21.7921660415207,18.9410887829508,1,13.3612293899059,14.3612293899059,28.0307737346739,29.0307737346739,0,0,0,0,0,0,0,0,1,0,6.339,63.755,21.7921660415207,18.9410887829508,0,0,0,2019-01-01 08:30:00
"104",2019-01-01 08:35:00,6.34833333333333,68.0741666666667,-0.00633,1,6,21.3477714128161,18.9553168749541,1,13.3612293899059,14.3612293899059,28.0307737346739,29.0307737346739,0,0,0,0,0,0,0,0,1,0,6.34833333333333,68.0741666666667,21.3477714128161,18.9553168749541,0,0,0,2019-01-01 08:30:00
"105",2019-01-01 08:40:00,6.35766666666667,72.3933333333333,-0.00633,1,6,20.9533776678422,18.9571030132874,1,13.3612293899059,14.3612293899059,28.0307737346739,29.0307737346739,0,0,0,0,0,0,0,0,0,-0.833333333333333,6.35766666666667,72.3933333333333,20.9533776678422,18.9571030132874,0,0,0,2019-01-01 08:30:00
"106",2019-01-01 08:45:00,6.367,76.7125,-0.00633,1,6,21.3525285776105,18.9482658124683,1,23.6037997780368,24.6037997780368,37.576533714775,38.576533714775,1,0,9,0,0.627481718484161,0,0.627481718484161,-0.00397195927800474,1,0.00397195927800474,6.367,76.7125,21.3525285776105,18.9482658124683,9,0,0.627481718484161,2019-01-01 08:45:00
"107",2019-01-01 08:50:00,6.37633333333333,81.0316666666667,-0.00633,1,6,21.7101175149104,18.9513688712494,1,23.6037997780368,24.6037997780368,37.576533714775,38.576533714775,1,0,9,0,0.627453511968777,0,0.627453511968777,-0.00397178073076236,1,0.00397178073076236,6.37633333333333,81.0316666666667,21.7101175149104,18.9513688712494,9,0,0.627453511968777,2019-01-01 08:45:00
"108",2019-01-01 08:55:00,6.38566666666667,85.3508333333333,-0.00633,1,6,22.0316595334918,18.9648466316402,1,23.6037997780368,24.6037997780368,37.576533714775,38.576533714775,1,0,9,0,0.62742531793254,0,0.62742531793254,-0.00397160226251298,1,0.00397160226251298,6.38566666666667,85.3508333333333,22.0316595334918,18.9648466316402,9,0,0.62742531793254,2019-01-01 08:45:00
"109",2019-01-01 09:00:00,6.395,89.67,-0.00493,1,6,22.3219396199887,18.9873406413709,1,22.3269035615958,23.3269035615958,45.5039506154135,46.5039506154135,1,0,9,0,0.627397136367169,0,0.627397136367169,-0.00309306788229014,1,0.00309306788229014,6.395,89.67,22.3219396199887,18.9873406413709,9,0,0.627397136367169,2019-01-01 09:00:00
"110",2019-01-01 09:05:00,6.39541666666667,92.4891666666667,-0.00493,1,6,22.5844893676345,19.0174753360503,1,22.3269035615958,23.3269035615958,45.5039506154135,46.5039506154135,1,0,9,0,0.627395878552235,0,0.627395878552235,-0.00309306168126252,1,0.00309306168126252,6.39541666666667,92.4891666666667,22.5844893676345,19.0174753360503,9,0,0.627395878552235,2019-01-01 09:00:00
"111",2019-01-01 09:10:00,6.39583333333333,95.3083333333333,-0.00493,1,6,22.5653723616956,19.054217155736,1,22.3269035615958,23.3269035615958,45.5039506154135,46.5039506154135,1,0,5.9089703275355,0,0.36980881472343,0,0.36980881472343,-0.00182315745658651,1,0.00182315745658651,6.39583333333333,95.3083333333333,22.5653723616956,19.054217155736,5.9089703275355,0,0.36980881472343,2019-01-01 09:00:00
"112",2019-01-01 09:15:00,6.39625,98.1275,-0.00493,1,6,22.0602321131512,19.0894615814157,1,18.7237817931455,19.7237817931455,47.0464785215445,48.0464785215445,0,0,0,0,0,0,0,0,1,0,6.39625,98.1275,22.0602321131512,19.0894615814157,0,0,0,2019-01-01 09:15:00
"113",2019-01-01 09:20:00,6.39666666666667,100.946666666667,-0.00493,1,6,21.6128645946979,19.1096588960912,1,18.7237817931455,19.7237817931455,47.0464785215445,48.0464785215445,0,0,0,0,0,0,0,0,1,0,6.39666666666667,100.946666666667,21.6128645946979,19.1096588960912,0,0,0,2019-01-01 09:15:00
"114",2019-01-01 09:25:00,6.39708333333333,103.765833333333,-0.00493,1,6,21.2157476978128,19.1169330192695,1,18.7237817931455,19.7237817931455,47.0464785215445,48.0464785215445,0,0,0,0,0,0,0,0,1,0,6.39708333333333,103.765833333333,21.2157476978128,19.1169330192695,0,0,0,2019-01-01 09:15:00
"115",2019-01-01 09:30:00,6.3975,106.585,-0.00493,1,6,20.8623540119647,19.1131257778979,1,11.2177840615623,12.2177840615623,32.1123404013924,33.1123404013924,0,0,0,0,0,0,0,0,0,-0.833333333333333,6.3975,106.585,20.8623540119647,19.1131257778979,0,0,0,2019-01-01 09:30:00
"116",2019-01-01 09:35:00,6.39791666666667,109.404166666667,-0.00493,1,6,20.5470191746235,19.099834250881,1,11.2177840615623,12.2177840615623,32.1123404013924,33.1123404013924,0,0,0,0,0,0,0,0,0,-0.833333333333333,6.39791666666667,109.404166666667,20.5470191746235,19.099834250881,0,0,0,2019-01-01 09:30:00
"117",2019-01-01 09:40:00,6.39833333333333,112.223333333333,-0.00493,1,6,20.2648276462152,19.0784431706793,1,11.2177840615623,12.2177840615623,32.1123404013924,33.1123404013924,0,0,0,0,0,0,0,0,0,-0.833333333333333,6.39833333333333,112.223333333333,20.2648276462152,19.0784431706793,0,0,0,2019-01-01 09:30:00
"118",2019-01-01 09:45:00,6.39875,115.0425,-0.00493,1,6,20.7615136036842,19.0501530362292,1,23.9514726900961,24.9514726900961,28.1031290260144,29.1031290260144,1,0,9,0,0.627385816926836,0,0.627385816926836,-0.0030930120774493,0,-0.830240321255884,6.39875,115.0425,20.7615136036842,19.0501530362292,9,0,0.627385816926836,2019-01-01 09:45:00
"119",2019-01-01 09:50:00,6.39916666666667,117.861666666667,-0.00493,1,6,21.2038712074509,19.0369914626913,1,23.9514726900961,24.9514726900961,28.1031290260144,29.1031290260144,1,0,9,0,0.627384559335409,0,0.627384559335409,-0.00309300587752357,1,0.00309300587752357,6.39916666666667,117.861666666667,21.2038712074509,19.0369914626913,9,0,0.627384559335409,2019-01-01 09:45:00
"120",2019-01-01 09:55:00,6.39958333333333,120.680833333333,-0.00493,1,6,21.599065011827,19.0369281672566,1,23.9514726900961,24.9514726900961,28.1031290260144,29.1031290260144,1,0,9,0,0.627383301768813,0,0.627383301768813,-0.00309299967772025,1,0.00309299967772025,6.39958333333333,120.680833333333,21.599065011827,19.0369281672566,9,0,0.627383301768813,2019-01-01 09:45:00
"121",2019-01-01 10:00:00,6.4,123.5,0.00045,1,6,21.2033114747255,19.0482017975738,1,8.15573782799765,9.15573782799765,41.1525199846365,42.1525199846365,0,0,0,0,0,0,0,0,1,0,6.4,123.5,21.2033114747255,19.0482017975738,0,0,0,2019-01-01 10:00:00
"122",2019-01-01 10:05:00,6.4035,125.175,0.00045,1,6,20.8511648164976,19.048203904057,1,8.15573782799765,9.15573782799765,41.1525199846365,42.1525199846365,0,0,0,0,0,0,0,0,0,-0.833333333333333,6.4035,125.175,20.8511648164976,19.048203904057,0,0,0,2019-01-01 10:00:00
"123",2019-01-01 10:10:00,6.407,126.85,0.00045,1,6,20.5369553401747,19.0385347212293,1,8.15573782799765,9.15573782799765,41.1525199846365,42.1525199846365,0,0,0,0,0,0,0,0,0,-0.833333333333333,6.407,126.85,20.5369553401747,19.0385347212293,0,0,0,2019-01-01 10:00:00
"124",2019-01-01 10:15:00,6.4105,128.525,0.00045,1,6,20.2557630303854,19.0205818815119,1,13.0490229560528,14.0490229560528,23.1788083682768,24.1788083682768,0,0,0,0,0,0,0,0,0,-0.833333333333333,6.4105,128.525,20.2557630303854,19.0205818815119,0,0,0,2019-01-01 10:15:00
"125",2019-01-01 10:20:00,6.414,130.2,0.00045,1,6,20.003318332147,18.9955485607904,1,13.0490229560528,14.0490229560528,23.1788083682768,24.1788083682768,0,0,0,0,0,0,0,0,0,-0.833333333333333,6.414,130.2,20.003318332147,18.9955485607904,0,0,0,2019-01-01 10:15:00
"126",2019-01-01 10:25:00,6.4175,131.875,0.00045,1,6,19.7759160623863,18.9644778986315,1,13.0490229560528,14.0490229560528,23.1788083682768,24.1788083682768,0,0,0,0,0,0,0,0,0,-0.833333333333333,6.4175,131.875,19.7759160623863,18.9644778986315,0,0,0,2019-01-01 10:15:00
"127",2019-01-01 10:30:00,6.421,133.55,0.00045,1,6,19.5703407159632,18.9282741862345,1,16.669361286331,17.669361286331,49.0546168810688,50.0546168810688,0,0,0,0,0,0,0,0,0,-0.833333333333333,6.421,133.55,19.5703407159632,18.9282741862345,0,0,0,2019-01-01 10:30:00
"128",2019-01-01 10:35:00,6.4245,135.225,0.00045,1,6,19.3838016580372,18.8877212499344,1,16.669361286331,17.669361286331,49.0546168810688,50.0546168810688,0,0,0,0,0,0,0,0,0,-0.833333333333333,6.4245,135.225,19.3838016580372,18.8877212499344,0,0,0,2019-01-01 10:30:00
"129",2019-01-01 10:40:00,6.428,136.9,0.00045,1,6,19.2138768942355,18.8434984014491,1,16.669361286331,17.669361286331,49.0546168810688,50.0546168810688,0,0,0,0,0,0,0,0,0,-0.833333333333333,6.428,136.9,19.2138768942355,18.8434984014491,0,0,0,2019-01-01 10:30:00
"130",2019-01-01 10:45:00,6.4315,138.575,0.00045,1,6,19.0584642832783,18.7961942769346,1,9.29845333448611,10.2984533344861,26.0409222431481,27.0409222431481,0,0,0,0,0,0,0,0,0,-0.833333333333333,6.4315,138.575,19.0584642832783,18.7961942769346,0,0,0,2019-01-01 10:45:00
"131",2019-01-01 10:50:00,6.435,140.25,0.00045,1,6,18.9157392069889,18.7463188442814,1,9.29845333448611,10.2984533344861,26.0409222431481,27.0409222431481,0,0,0,0,0,0,0,0,0,-0.833333333333333,6.435,140.25,18.9157392069889,18.7463188442814,0,0,0,2019-01-01 10:45:00
"132",2019-01-01 10:55:00,6.4385,141.925,0.00045,1,6,18.7841178429994,18.6943138211021,1,9.29845333448611,10.2984533344861,26.0409222431481,27.0409222431481,0,0,0,0,0,0,0,0,0,-0.833333333333333,6.4385,141.925,18.7841178429994,18.6943138211021,0,0,0,2019-01-01 10:45:00
"133",2019-01-01 11:00:00,6.442,143.6,0.00012,1,6,19.4122252985869,18.6405617137681,1,24.609197326703,25.609197326703,41.6501004695892,42.6501004695892,1,0,9,0,0.627255411281854,0,0.627255411281854,7.52706493538225e-05,0,-0.833408603982687,6.442,143.6,19.4122252985869,18.6405617137681,9,0,0.627255411281854,2019-01-01 11:00:00
"134",2019-01-01 11:05:00,6.41616666666667,140.541666666667,0.00012,1,6,19.9673922325936,18.6057527286193,1,24.609197326703,25.609197326703,41.6501004695892,42.6501004695892,1,0,9,0,0.627333270770253,0,0.627333270770253,7.52799924924303e-05,0,-0.833408613325826,6.41616666666667,140.541666666667,19.9673922325936,18.6057527286193,9,0,0.627333270770253,2019-01-01 11:00:00
"135",2019-01-01 11:10:00,6.39033333333333,137.483333333333,0.00012,1,6,20.4591105634311,18.5872071643702,1,24.609197326703,25.609197326703,41.6501004695892,42.6501004695892,1,0,9,0,0.627411225591513,0,0.627411225591513,7.52893470709816e-05,0,-0.833408622680404,6.39033333333333,137.483333333333,20.4591105634311,18.5872071643702,9,0,0.627411225591513,2019-01-01 11:00:00
"136",2019-01-01 11:15:00,6.3645,134.425,0.00012,1,6,20.14561706845,18.5826012699532,1,5.39288120996207,6.39288120996207,29.5655907439068,30.5655907439068,0,0,0,0,0,0,0,0,0,-0.833333333333333,6.3645,134.425,20.14561706845,18.5826012699532,0,0,0,2019-01-01 11:15:00
"137",2019-01-01 11:20:00,6.33866666666667,131.366666666667,0.00012,1,6,19.8635632478773,18.5689331642751,1,5.39288120996207,6.39288120996207,29.5655907439068,30.5655907439068,0,0,0,0,0,0,0,0,0,-0.833333333333333,6.33866666666667,131.366666666667,19.8635632478773,18.5689331642751,0,0,0,2019-01-01 11:15:00
"138",2019-01-01 11:25:00,6.31283333333333,128.308333333333,0.00012,1,6,19.6087744393046,18.5473881285074,1,5.39288120996207,6.39288120996207,29.5655907439068,30.5655907439068,0,0,0,0,0,0,0,0,0,-0.833333333333333,6.31283333333333,128.308333333333,19.6087744393046,18.5473881285074,0,0,0,2019-01-01 11:15:00
"139",2019-01-01 11:30:00,6.287,125.25,0.00012,1,6,19.3776286306871,18.5189946661347,1,14.609516474884,15.609516474884,46.0993477567099,47.0993477567099,0,0,0,0,0,0,0,0,0,-0.833333333333333,6.287,125.25,19.3776286306871,18.5189946661347,0,0,0,2019-01-01 11:30:00
"140",2019-01-01 11:35:00,6.26116666666667,122.191666666667,0.00012,1,6,19.1669833116437,18.4846452530474,1,14.609516474884,15.609516474884,46.0993477567099,47.0993477567099,0,0,0,0,0,0,0,0,0,-0.833333333333333,6.26116666666667,122.191666666667,19.1669833116437,18.4846452530474,0,0,0,2019-01-01 11:30:00
"141",2019-01-01 11:40:00,6.23533333333333,119.133333333333,0.00012,1,6,18.974112006615,18.445114341188,1,14.609516474884,15.609516474884,46.0993477567099,47.0993477567099,0,0,0,0,0,0,0,0,0,-0.833333333333333,6.23533333333333,119.133333333333,18.974112006615,18.445114341188,0,0,0,2019-01-01 11:30:00
"142",2019-01-01 11:45:00,6.2095,116.075,0.00012,1,6,18.7966492084027,18.4010739792683,1,10.3851641037036,11.3851641037036,25.5260054259561,26.5260054259561,0,0,0,0,0,0,0,0,0,-0.833333333333333,6.2095,116.075,18.7966492084027,18.4010739792683,0,0,0,2019-01-01 11:45:00
"143",2019-01-01 11:50:00,6.18366666666667,113.016666666667,0.00012,1,6,18.6325426002297,18.3531073659564,1,10.3851641037036,11.3851641037036,25.5260054259561,26.5260054259561,0,0,0,0,0,0,0,0,0,-0.833333333333333,6.18366666666667,113.016666666667,18.6325426002297,18.3531073659564,0,0,0,2019-01-01 11:45:00
"144",2019-01-01 11:55:00,6.15783333333333,109.958333333333,0.00012,1,6,18.4800116016207,18.3017206091902,1,10.3851641037036,11.3851641037036,25.5260054259561,26.5260054259561,0,0,0,0,0,0,0,0,0,-0.833333333333333,6.15783333333333,109.958333333333,18.4800116016207,18.3017206091902,0,0,0,2019-01-01 11:45:00
"145",2019-01-01 12:00:00,6.132,106.9,-2e-05,1,6,18.3375114010948,18.2473529290513,1,15.4632154789288,16.4632154789288,25.6837661010213,26.6837661010213,0,0,0,0,0,0,0,0,0,-0.833333333333333,6.132,106.9,18.3375114010948,18.2473529290513,0,0,0,2019-01-01 12:00:00
"146",2019-01-01 12:05:00,6.09516666666667,103.715833333333,-2e-05,1,6,18.2035154128648,18.1903102494003,1,15.4632154789288,16.4632154789288,25.6837661010213,26.6837661010213,0,0,0,0,0,0,0,0,0,-0.833333333333333,6.09516666666667,103.715833333333,18.2035154128648,18.1903102494003,0,0,0,2019-01-01 12:00:00
"147",2019-01-01 12:10:00,6.05833333333333,100.531666666667,-2e-05,1,6,18.0768736344542,18.130920723347,1,15.4632154789288,16.4632154789288,25.6837661010213,26.6837661010213,0,0,0,0,0,0,0,0,0,-0.833333333333333,6.05833333333333,100.531666666667,18.0768736344542,18.130920723347,0,0,0,2019-01-01 12:00:00
"148",2019-01-01 12:15:00,6.0215,97.3475,-2e-05,1,6,18.7065884555581,18.0694692608074,1,22.7232291356195,23.7232291356195,39.8031683899462,40.8031683899462,1,0,9,0,0.628534720891352,0,0.628534720891352,-1.2570694417827e-05,0,-0.833320762638915,6.0215,97.3475,18.7065884555581,18.0694692608074,9,0,0.628534720891352,2019-01-01 12:15:00
"149",2019-01-01 12:20:00,5.98466666666667,94.1633333333333,-2e-05,1,6,19.2622907421844,18.0271902085691,1,22.7232291356195,23.7232291356195,39.8031683899462,40.8031683899462,1,0,9,0,0.628648007216639,0,0.628648007216639,-1.25729601443328e-05,0,-0.833320760373189,5.98466666666667,94.1633333333333,19.2622907421844,18.0271902085691,9,0,0.628648007216639,2019-01-01 12:15:00
"150",2019-01-01 12:25:00,5.94783333333333,90.9791666666667,-2e-05,1,6,19.753607352849,18.0013661375693,1,22.7232291356195,23.7232291356195,39.8031683899462,40.8031683899462,1,0,9,0,0.628761493411854,0,0.628761493411854,-1.25752298682371e-05,0,-0.833320758103465,5.94783333333333,90.9791666666667,19.753607352849,18.0013661375693,9,0,0.628761493411854,2019-01-01 12:15:00
"151",2019-01-01 12:30:00,5.911,87.795,-2e-05,1,6,19.4388921956864,17.9896406168672,1,6.78128456929699,7.78128456929699,33.7764490144327,34.7764490144327,0,0,0,0,0,0,0,0,0,-0.833333333333333,5.911,87.795,19.4388921956864,17.9896406168672,0,0,0,2019-01-01 12:30:00
"152",2019-01-01 12:35:00,5.87416666666667,84.6108333333333,-2e-05,1,6,19.1548984492252,17.9689834648674,1,6.78128456929699,7.78128456929699,33.7764490144327,34.7764490144327,0,0,0,0,0,0,0,0,0,-0.833333333333333,5.87416666666667,84.6108333333333,19.1548984492252,17.9689834648674,0,0,0,2019-01-01 12:30:00
"153",2019-01-01 12:40:00,5.83733333333333,81.4266666666667,-2e-05,1,6,18.8975397217702,17.9405554615669,1,6.78128456929699,7.78128456929699,33.7764490144327,34.7764490144327,0,0,0,0,0,0,0,0,0,-0.833333333333333,5.83733333333333,81.4266666666667,18.8975397217702,17.9405554615669,0,0,0,2019-01-01 12:30:00
"154",2019-01-01 12:45:00,5.8005,78.2425,-2e-05,1,6,18.663270638639,17.9053639053365,1,7.6898663691245,8.6898663691245,33.7319541773759,34.7319541773759,0,0,0,0,0,0,0,0,0,-0.833333333333333,5.8005,78.2425,18.663270638639,17.9053639053365,0,0,0,2019-01-01 12:45:00
"155",2019-01-01 12:50:00,5.76366666666667,75.0583333333333,-2e-05,1,6,18.4490152328666,17.8642829263598,1,7.6898663691245,8.6898663691245,33.7319541773759,34.7319541773759,0,0,0,0,0,0,0,0,0,-0.833333333333333,5.76366666666667,75.0583333333333,18.4490152328666,17.8642829263598,0,0,0,2019-01-01 12:45:00
"156",2019-01-01 12:55:00,5.72683333333333,71.8741666666667,-2e-05,1,6,18.2521048140177,17.818071111426,1,7.6898663691245,8.6898663691245,33.7319541773759,34.7319541773759,0,0,0,0,0,0,0,0,0,-0.833333333333333,5.72683333333333,71.8741666666667,18.2521048140177,17.818071111426,0,0,0,2019-01-01 12:45:00
"157",2019-01-01 13:00:00,5.69,68.69,0,1,6,18.0702240605981,17.7673867959382,1,4.80189641145989,5.80189641145989,48.4350338978693,49.4350338978693,0,0,0,0,0,0,0,0,0,-0.833333333333333,5.69,68.69,18.0702240605981,17.7673867959382,0,0,0,2019-01-01 13:00:00
"158",2019-01-01 13:05:00,5.65725,63.7385,0,1,6,17.9008249573412,17.7126530559974,1,4.80189641145989,5.80189641145989,48.4350338978693,49.4350338978693,0,0,0,0,0,0,0,0,0,-0.833333333333333,5.65725,63.7385,17.9008249573412,17.7126530559974,0,0,0,2019-01-01 13:00:00
"159",2019-01-01 13:10:00,5.6245,58.787,0,1,6,17.7422081863082,17.6543556802027,1,4.80189641145989,5.80189641145989,48.4350338978693,49.4350338978693,0,0,0,0,0,0,0,0,0,-0.833333333333333,5.6245,58.787,17.7422081863082,17.6543556802027,0,0,0,2019-01-01 13:00:00
"160",2019-01-01 13:15:00,5.59175,53.8355,0,1,6,17.592899696607,17.5929165282665,1,13.5285292295739,14.5285292295739,26.6134128584526,27.6134128584526,0,0,0,0,0,0,0,0,0,-0.833333333333333,5.59175,53.8355,17.592899696607,17.5929165282665,0,0,0,2019-01-01 13:15:00
"161",2019-01-01 13:20:00,5.559,48.884,0,1,6,17.4516208858225,17.5287019898279,1,13.5285292295739,14.5285292295739,26.6134128584526,27.6134128584526,0,0,0,0,0,0,0,0,0,-0.833333333333333,5.559,48.884,17.4516208858225,17.5287019898279,0,0,0,2019-01-01 13:15:00
"162",2019-01-01 13:25:00,5.52625,43.9325,0,1,6,17.3172627282064,17.4620303236905,1,13.5285292295739,14.5285292295739,26.6134128584526,27.6134128584526,0,0,0,0,0,0,0,0,0,-0.833333333333333,5.52625,43.9325,17.3172627282064,17.4620303236905,0,0,0,2019-01-01 13:15:00
"163",2019-01-01 13:30:00,5.4935,38.981,0,1,6,17.1888633272409,17.393178025669,1,7.52524312818423,8.52524312818423,43.9899506005459,44.9899506005459,0,0,0,0,0,0,0,0,0,-0.833333333333333,5.4935,38.981,17.1888633272409,17.393178025669,0,0,0,2019-01-01 13:30:00
"164",2019-01-01 13:35:00,5.46075,34.0295,0,1,6,17.0655884393284,17.3223853536176,1,7.52524312818423,8.52524312818423,43.9899506005459,44.9899506005459,0,0,0,0,0,0,0,0,0,-0.833333333333333,5.46075,34.0295,17.0655884393284,17.3223853536176,0,0,0,2019-01-01 13:30:00
"165",2019-01-01 13:40:00,5.428,29.078,0,1,6,16.9467145753571,17.2498611211924,1,7.52524312818423,8.52524312818423,43.9899506005459,44.9899506005459,0,0,0,0,0,0,0,0,0,-0.833333333333333,5.428,29.078,16.9467145753571,17.2498611211924,0,0,0,2019-01-01 13:30:00
"166",2019-01-01 13:45:00,5.39525,24.1265,0,1,6,16.8316143389347,17.1757868571394,1,7.2267406261526,8.2267406261526,39.4550001486205,40.4550001486205,0,0,0,0,0,0,0,0,0,-0.833333333333333,5.39525,24.1265,16.8316143389347,17.1757868571394,0,0,0,2019-01-01 13:45:00
"167",2019-01-01 13:50:00,5.3625,19.175,0,1,6,16.7197437052504,17.1003204140829,1,7.2267406261526,8.2267406261526,39.4550001486205,40.4550001486205,0,0,0,0,0,0,0,0,0,-0.833333333333333,5.3625,19.175,16.7197437052504,17.1003204140829,0,0,0,2019-01-01 13:45:00
"168",2019-01-01 13:55:00,5.32975,14.2235,0,1,6,16.610630983706,17.0235990996811,1,7.2267406261526,8.2267406261526,39.4550001486205,40.4550001486205,0,0,0,0,0,0,0,0,0,-0.833333333333333,5.32975,14.2235,16.610630983706,17.0235990996811,0,0,0,2019-01-01 13:45:00
"169",2019-01-01 14:00:00,5.297,9.272,-3e-05,1,6,16.5038672414542,16.9457423933638,1,14.5126886637881,15.5126886637881,46.0475720493123,47.0475720493123,0,0,0,0,0,0,0,0,0,-0.833333333333333,5.297,9.272,16.5038672414542,16.9457423933638,0,0,0,2019-01-01 14:00:00
"170",2019-01-01 14:05:00,5.2675,8.49933333333333,-3e-05,1,6,16.4005422286854,16.8672788540628,1,14.5126886637881,15.5126886637881,46.0475720493123,47.0475720493123,0,0,0,0,0,0,0,0,0,-0.833333333333333,5.2675,8.49933333333333,16.4005422286854,16.8672788540628,0,0,0,2019-01-01 14:00:00
"171",2019-01-01 14:10:00,5.238,7.72666666666667,-3e-05,1,6,16.3002350467478,16.7883251647455,1,14.5126886637881,15.5126886637881,46.0475720493123,47.0475720493123,0,0,0,0,0,0,0,0,0,-0.833333333333333,5.238,7.72666666666667,16.3002350467478,16.7883251647455,0,0,0,2019-01-01 14:00:00
"172",2019-01-01 14:15:00,5.2085,6.954,-3e-05,1,6,16.9525802544603,16.7089822967691,1,23.063259216724,24.063259216724,43.0397858242504,44.0397858242504,1,0,9,0,0.631082541234307,0,0.631082541234307,-1.89324762370292e-05,0,-0.833314400857096,5.2085,6.954,16.9525802544603,16.7089822967691,9,0,0.631082541234307,2019-01-01 14:15:00
"173",2019-01-01 14:20:00,5.179,6.18133333333333,-3e-05,1,6,17.5277567855623,16.6503245492802,1,23.063259216724,24.063259216724,43.0397858242504,44.0397858242504,1,0,9,0,0.631176890199958,0,0.631176890199958,-1.89353067059987e-05,0,-0.833314398026627,5.179,6.18133333333333,17.5277567855623,16.6503245492802,9,0,0.631176890199958,2019-01-01 14:15:00
"174",2019-01-01 14:25:00,5.1495,5.40866666666667,-3e-05,1,6,18.0358665995975,16.6094951776741,1,23.063259216724,24.063259216724,43.0397858242504,44.0397858242504,1,0,9,0,0.631271375082094,0,0.631271375082094,-1.89381412524628e-05,0,-0.833314395192081,5.1495,5.40866666666667,18.0358665995975,16.6094951776741,9,0,0.631271375082094,2019-01-01 14:15:00
"175",2019-01-01 14:30:00,5.12,4.636,-3e-05,1,6,17.7356753999171,16.584016426821,1,12.7622962777968,13.7622962777968,39.4601555988193,40.4601555988193,0,0,0,0,0,0,0,0,0,-0.833333333333333,5.12,4.636,17.7356753999171,16.584016426821,0,0,0,2019-01-01 14:30:00
"176",2019-01-01 14:35:00,5.0905,3.86333333333333,-3e-05,1,6,17.4642932366261,16.5507524042803,1,12.7622962777968,13.7622962777968,39.4601555988193,40.4601555988193,0,0,0,0,0,0,0,0,0,-0.833333333333333,5.0905,3.86333333333333,17.4642932366261,16.5507524042803,0,0,0,2019-01-01 14:30:00
"177",2019-01-01 14:40:00,5.061,3.09066666666667,-3e-05,1,6,17.2179429386596,16.510771729263,1,12.7622962777968,13.7622962777968,39.4601555988193,40.4601555988193,0,0,0,0,0,0,0,0,0,-0.833333333333333,5.061,3.09066666666667,17.2179429386596,16.510771729263,0,0,0,2019-01-01 14:30:00
"178",2019-01-01 14:45:00,5.0315,2.318,-3e-05,1,6,16.9933470110891,16.4650012991978,1,6.38978565833531,7.38978565833531,46.6059469599277,47.6059469599277,0,0,0,0,0,0,0,0,0,-0.833333333333333,5.0315,2.318,16.9933470110891,16.4650012991978,0,0,0,2019-01-01 14:45:00
"179",2019-01-01 14:50:00,5.002,1.54533333333333,-3e-05,1,6,16.7876615006826,16.4142450498823,1,6.38978565833531,7.38978565833531,46.6059469599277,47.6059469599277,0,0,0,0,0,0,0,0,0,-0.833333333333333,5.002,1.54533333333333,16.7876615006826,16.4142450498823,0,0,0,2019-01-01 14:45:00
"180",2019-01-01 14:55:00,4.9725,0.772666666666667,-3e-05,1,6,16.5984186149062,16.3592002325533,1,6.38978565833531,7.38978565833531,46.6059469599277,47.6059469599277,0,0,0,0,0,0,0,0,0,-0.833333333333333,4.9725,0.772666666666667,16.5984186149062,16.3592002325533,0,0,0,2019-01-01 14:45:00
"181",2019-01-01 15:00:00,4.943,0,0.00197,1,6,17.1734769357746,16.3004715365331,1,18.7208862206899,19.7208862206899,37.8023926033638,38.8023926033638,1,0,9,0,0.63193659971412,0,0.63193659971412,0.00124491510143682,0,-0.83457824843477,4.943,0,17.1734769357746,16.3004715365331,9,0,0.63193659971412,2019-01-01 15:00:00
"182",2019-01-01 15:05:00,5.00941666666667,0,0.00197,1,6,17.6829904141908,16.260195024428,1,18.7208862206899,19.7208862206899,37.8023926033638,38.8023926033638,1,0,9,0,0.631721908969228,0,0.631721908969228,0.00124449216066938,0,-0.834577825494003,5.00941666666667,0,17.6829904141908,16.260195024428,9,0,0.631721908969228,2019-01-01 15:00:00
"183",2019-01-01 15:10:00,5.07583333333333,0,0.00197,1,6,18.1356213803799,16.235914496508,1,18.7208862206899,19.7208862206899,37.8023926033638,38.8023926033638,1,0,9,0,0.631507915790221,0,0.631507915790221,0.00124407059410674,0,-0.83457740392744,5.07583333333333,0,18.1356213803799,16.235914496508,9,0,0.631507915790221,2019-01-01 15:00:00
"184",2019-01-01 15:15:00,5.14225,0,0.00197,1,6,17.7888857277966,16.2254989542439,1,13.0908228037879,14.0908228037879,27.7871305150911,28.7871305150911,0,0,0,0,0,0,0,0,0,-0.833333333333333,5.14225,0,17.7888857277966,16.2254989542439,0,0,0,2019-01-01 15:15:00
"185",2019-01-01 15:20:00,5.20866666666667,0,0.00197,1,6,17.4788083972114,16.2061125985441,1,13.0908228037879,14.0908228037879,27.7871305150911,28.7871305150911,0,0,0,0,0,0,0,0,0,-0.833333333333333,5.20866666666667,0,17.4788083972114,16.2061125985441,0,0,0,2019-01-01 15:15:00
"186",2019-01-01 15:25:00,5.27508333333333,0,0.00197,1,6,17.200670014584,16.179083660641,1,13.0908228037879,14.0908228037879,27.7871305150911,28.7871305150911,0,0,0,0,0,0,0,0,0,-0.833333333333333,5.27508333333333,0,17.200670014584,16.179083660641,0,0,0,2019-01-01 15:15:00
"187",2019-01-01 15:30:00,5.3415,0,0.00197,1,6,16.9503748787749,16.1455635323089,1,8.70840863906778,9.70840863906778,42.3905230457895,43.3905230457895,0,0,0,0,0,0,0,0,0,-0.833333333333333,5.3415,0,16.9503748787749,16.1455635323089,0,0,0,2019-01-01 15:30:00
"188",2019-01-01 15:35:00,5.40791666666667,0,0.00197,1,6,16.7243684203176,16.1065501797013,1,8.70840863906778,9.70840863906778,42.3905230457895,43.3905230457895,0,0,0,0,0,0,0,0,0,-0.833333333333333,5.40791666666667,0,16.7243684203176,16.1065501797013,0,0,0,2019-01-01 15:30:00
"189",2019-01-01 15:40:00,5.47433333333333,0,0.00197,1,6,16.5195655851721,16.0629084581104,1,8.70840863906778,9.70840863906778,42.3905230457895,43.3905230457895,0,0,0,0,0,0,0,0,0,-0.833333333333333,5.47433333333333,0,16.5195655851721,16.0629084581104,0,0,0,2019-01-01 15:30:00
"190",2019-01-01 15:45:00,5.54075,0,0.00197,1,6,17.0832886974446,16.0153877378409,1,21.8411007898394,22.8411007898394,21.177496873308,22.177496873308,1,0,9,0,0.630029213013142,0,0.630029213013142,0.00124115754963589,0,-0.834574490882969,5.54075,0,17.0832886974446,16.0153877378409,9,0,0.630029213013142,2019-01-01 15:45:00
"191",2019-01-01 15:50:00,5.60716666666667,0,0.00197,1,6,17.5837098023171,15.985624154958,1,21.8411007898394,22.8411007898394,21.177496873308,22.177496873308,1,0,9,0,0.629820679992932,0,0.629820679992932,0.00124074673958608,0,-0.834574080072919,5.60716666666667,0,17.5837098023171,15.985624154958,9,0,0.629820679992932,2019-01-01 15:45:00
"192",2019-01-01 15:55:00,5.67358333333333,0,0.00197,1,6,18.0291889069046,15.9712477024205,1,21.8411007898394,22.8411007898394,21.177496873308,22.177496873308,1,0,9,0,0.629612814767151,0,0.629612814767151,0.00124033724509129,0,-0.834573670578425,5.67358333333333,0,18.0291889069046,15.9712477024205,9,0,0.629612814767151,2019-01-01 15:45:00
"193",2019-01-01 16:00:00,5.74,0,0.00906,1,6,18.3035036517728,15.9702022087586,1,17.9057129218709,18.9057129218709,19.600799293723,20.600799293723,1,0,7.51828817959552,0,0.505929629099456,0,0.505929629099456,0.00458372243964108,0,-0.837917055772974,5.74,0,18.3035036517728,15.9702022087586,7.51828817959552,0,0.505929629099456,2019-01-01 16:00:00
"194",2019-01-01 16:05:00,5.77916666666667,0,0.00906,1,6,18.2748409807334,15.9770924566309,1,17.9057129218709,18.9057129218709,19.600799293723,20.600799293723,1,0,4.2265112411764,0,0.231493005880862,0,0.231493005880862,0.00209732663328061,0,-0.835430659966614,5.77916666666667,0,18.2748409807334,15.9770924566309,4.2265112411764,0,0.231493005880862,2019-01-01 16:00:00
"195",2019-01-01 16:10:00,5.81833333333333,0,0.00906,1,6,18.2790326766759,15.9831728070203,1,17.9057129218709,18.9057129218709,19.600799293723,20.600799293723,1,0,4.57046329365025,0,0.26003402793186,0,0.26003402793186,0.00235590829306265,0,-0.835689241626396,5.81833333333333,0,18.2790326766759,15.9831728070203,4.57046329365025,0,0.26003402793186,2019-01-01 16:00:00
"196",2019-01-01 16:15:00,5.8575,0,0.00906,1,6,18.6529861591965,15.9893899151943,1,20.7629059741739,21.7629059741739,40.6613267892972,41.6613267892972,1,0,9,0,0.629040666520851,0,0.629040666520851,0.00569910843867891,0,-0.839032441772012,5.8575,0,18.6529861591965,15.9893899151943,9,0,0.629040666520851,2019-01-01 16:15:00
"197",2019-01-01 16:20:00,5.89666666666667,0,0.00906,1,6,18.9883894792452,16.0060860706437,1,20.7629059741739,21.7629059741739,40.6613267892972,41.6613267892972,1,0,9,0,0.628919474317951,0,0.628919474317951,0.00569801043732064,0,-0.839031343770654,5.89666666666667,0,18.9883894792452,16.0060860706437,9,0,0.628919474317951,2019-01-01 16:15:00
"198",2019-01-01 16:25:00,5.93583333333333,0,0.00906,1,6,19.2903026737395,16.0318292559677,1,20.7629059741739,21.7629059741739,40.6613267892972,41.6613267892972,1,0,9,0,0.628798509543647,0,0.628798509543647,0.00569691449646545,0,-0.839030247829799,5.93583333333333,0,19.2903026737395,16.0318292559677,9,0,0.628798509543647,2019-01-01 16:15:00
"199",2019-01-01 16:30:00,5.975,0,0.00906,1,6,18.8131163527602,16.0653773248336,1,8.9776013426017,9.9776013426017,49.1582030388527,50.1582030388527,0,0,0,0,0,0,0,0,0,-0.833333333333333,5.975,0,18.8131163527602,16.0653773248336,0,0,0,2019-01-01 16:30:00
"200",2019-01-01 16:35:00,6.01416666666667,0,0.00906,1,6,18.3901440457276,16.0846659106221,1,8.9776013426017,9.9776013426017,49.1582030388527,50.1582030388527,0,0,0,0,0,0,0,0,0,-0.833333333333333,6.01416666666667,0,18.3901440457276,16.0846659106221,0,0,0,2019-01-01 16:30:00
"201",2019-01-01 16:40:00,6.05333333333333,0,0.00906,1,6,18.0143140582155,16.0916927971393,1,8.9776013426017,9.9776013426017,49.1582030388527,50.1582030388527,0,0,0,0,0,0,0,0,0,-0.833333333333333,6.05333333333333,0,18.0143140582155,16.0916927971393,0,0,0,2019-01-01 16:30:00
"202",2019-01-01 16:45:00,6.0925,0,0.00906,1,6,18.4294899293544,16.088190531844,1,18.5761936081108,19.5761936081108,28.4404903259128,29.4404903259128,1,0,9,0,0.628316911976523,0,0.628316911976523,0.0056925512225073,0,-0.839025884555841,6.0925,0,18.4294899293544,16.088190531844,9,0,0.628316911976523,2019-01-01 16:45:00
"203",2019-01-01 16:50:00,6.13166666666667,0,0.00906,1,6,18.800842907211,16.0966484959808,1,18.5761936081108,19.5761936081108,28.4404903259128,29.4404903259128,1,0,9,0,0.628197074799147,0,0.628197074799147,0.00569146549768027,0,-0.839024798831014,6.13166666666667,0,18.800842907211,16.0966484959808,9,0,0.628197074799147,2019-01-01 16:45:00
"204",2019-01-01 16:55:00,6.17083333333333,0,0.00906,1,6,18.9094802705707,16.1154371918442,1,18.5761936081108,19.5761936081108,28.4404903259128,29.4404903259128,1,0,6.30420841079705,0,0.403428162148317,0,0.403428162148317,0.00365505914906375,0,-0.836988392482397,6.17083333333333,0,18.9094802705707,16.1154371918442,6.30420841079705,0,0.403428162148317,2019-01-01 16:45:00
"205",2019-01-01 17:00:00,6.21,0,7e-05,1,6,18.48350953269,16.1368568677106,1,14.1139053620864,15.1139053620864,41.2908646026626,42.2908646026626,0,0,0,0,0,0,0,0,0,-0.833333333333333,6.21,0,18.48350953269,16.1368568677106,0,0,0,2019-01-01 17:00:00
"206",2019-01-01 17:05:00,6.23441666666667,0,7e-05,1,6,18.1050036808684,16.1457745667048,1,14.1139053620864,15.1139053620864,41.2908646026626,42.2908646026626,0,0,0,0,0,0,0,0,0,-0.833333333333333,6.23441666666667,0,18.1050036808684,16.1457745667048,0,0,0,2019-01-01 17:00:00
"207",2019-01-01 17:10:00,6.25883333333333,0,7e-05,1,6,17.767769738239,16.1439399630894,1,14.1139053620864,15.1139053620864,41.2908646026626,42.2908646026626,0,0,0,0,0,0,0,0,0,-0.833333333333333,6.25883333333333,0,17.767769738239,16.1439399630894,0,0,0,2019-01-01 17:00:00
"208",2019-01-01 17:15:00,6.28325,0,7e-05,1,6,18.2164337631048,16.1328704481815,1,20.8775841656607,21.8775841656607,40.5408155084588,41.5408155084588,1,0,9,0,0.627735381340249,0,0.627735381340249,4.39414766938175e-05,0,-0.833377274810027,6.28325,0,18.2164337631048,16.1328704481815,9,0,0.627735381340249,2019-01-01 17:15:00
"209",2019-01-01 17:20:00,6.30766666666667,0,7e-05,1,6,18.6168287033725,16.1348688379838,1,20.8775841656607,21.8775841656607,40.5408155084588,41.5408155084588,1,0,9,0,0.62766132369984,0,0.62766132369984,4.39362926589888e-05,0,-0.833377269625992,6.30766666666667,0,18.6168287033725,16.1348688379838,9,0,0.62766132369984,2019-01-01 17:15:00
"210",2019-01-01 17:25:00,6.33208333333333,0,7e-05,1,6,18.9752853609476,16.1481438753666,1,20.8775841656607,21.8775841656607,40.5408155084588,41.5408155084588,1,0,9,0,0.627587351883046,0,0.627587351883046,4.39311146318132e-05,0,-0.833377264447965,6.33208333333333,0,18.9752853609476,16.1481438753666,9,0,0.627587351883046,2019-01-01 17:15:00
"211",2019-01-01 17:30:00,6.3565,0,7e-05,1,6,18.5472970292815,16.1711418447455,1,7.61749657639302,8.61749657639302,35.825309893582,36.825309893582,0,0,0,0,0,0,0,0,0,-0.833333333333333,6.3565,0,18.5472970292815,16.1711418447455,0,0,0,2019-01-01 17:30:00
"212",2019-01-01 17:35:00,6.38091666666667,0,7e-05,1,6,18.1671340857329,16.1815281702352,1,7.61749657639302,8.61749657639302,35.825309893582,36.825309893582,0,0,0,0,0,0,0,0,0,-0.833333333333333,6.38091666666667,0,18.1671340857329,16.1815281702352,0,0,0,2019-01-01 17:30:00
"213",2019-01-01 17:40:00,6.40533333333333,0,7e-05,1,6,17.8285551501026,16.1810663111235,1,7.61749657639302,8.61749657639302,35.825309893582,36.825309893582,0,0,0,0,0,0,0,0,0,-0.833333333333333,6.40533333333333,0,17.8285551501026,16.1810663111235,0,0,0,2019-01-01 17:30:00
"214",2019-01-01 17:45:00,6.42975,0,7e-05,1,6,17.5261442890162,16.1712856245626,1,6.68040915462188,7.68040915462188,42.5847822641954,43.5847822641954,0,0,0,0,0,0,0,0,0,-0.833333333333333,6.42975,0,17.5261442890162,16.1712856245626,0,0,0,2019-01-01 17:45:00
"215",2019-01-01 17:50:00,6.45416666666667,0,7e-05,1,6,17.2552017658202,16.1535123560807,1,6.68040915462188,7.68040915462188,42.5847822641954,43.5847822641954,0,0,0,0,0,0,0,0,0,-0.833333333333333,6.45416666666667,0,17.2552017658202,16.1535123560807,0,0,0,2019-01-01 17:45:00
"216",2019-01-01 17:55:00,6.47858333333333,0,7e-05,1,6,17.0116492506245,16.1288965281982,1,6.68040915462188,7.68040915462188,42.5847822641954,43.5847822641954,0,0,0,0,0,0,0,0,0,-0.833333333333333,6.47858333333333,0,17.0116492506245,16.1288965281982,0,0,0,2019-01-01 17:45:00
"217",2019-01-01 18:00:00,6.503,0,-0.00497,1,6,17.6727522171446,16.0984352700689,0,23.7198244684841,24.7198244684841,27.395545817446,28.395545817446,1,0,9,0,0.627071939745536,0,0.627071939745536,-0.00311654754053531,0,-0.830216785792798,6.503,0,17.6727522171446,16.0984352700689,9,0,0.627071939745536,2019-01-01 18:00:00
"218",2019-01-01 18:05:00,6.46383333333333,0,-0.00497,1,6,18.2691483471061,16.0872758963078,0,23.7198244684841,24.7198244684841,27.395545817446,28.395545817446,1,0,9,0,0.627189681660761,0,0.627189681660761,-0.00311713271785398,0,-0.830216200615479,6.46383333333333,0,18.2691483471061,16.0872758963078,9,0,0.627189681660761,2019-01-01 18:00:00
"219",2019-01-01 18:10:00,6.42466666666667,0,-0.00497,1,6,18.808684649581,16.0929570105745,0,23.7198244684841,24.7198244684841,27.395545817446,28.395545817446,1,0,9,0,0.627307641972209,0,0.627307641972209,-0.00311771898060188,0,-0.830215614352731,6.42466666666667,0,18.808684649581,16.0929570105745,9,0,0.627307641972209,2019-01-01 18:00:00
"220",2019-01-01 18:15:00,6.3855,0,-0.00497,1,6,18.5482453165292,16.1133197781103,0,6.99233827390708,7.99233827390708,26.78894719854,27.78894719854,0,0,0,0,0,0,0,0,0,-0.833333333333333,6.3855,0,18.5482453165292,16.1133197781103,0,0,0,2019-01-01 18:15:00
"221",2019-01-01 18:20:00,6.34633333333333,0,-0.00497,1,6,18.3140381559024,16.1254838253881,0,6.99233827390708,7.99233827390708,26.78894719854,27.78894719854,0,0,0,0,0,0,0,0,0,-0.833333333333333,6.34633333333333,0,18.3140381559024,16.1254838253881,0,0,0,2019-01-01 18:15:00
"222",2019-01-01 18:25:00,6.30716666666667,0,-0.00497,1,6,18.1028472673163,16.1304596029523,0,6.99233827390708,7.99233827390708,26.78894719854,27.78894719854,0,0,0,0,0,0,0,0,0,-0.833333333333333,6.30716666666667,0,18.1028472673163,16.1304596029523,0,0,0,2019-01-01 18:15:00
"223",2019-01-01 18:30:00,6.268,0,-0.00497,1,6,17.9118514956498,16.1291335064412,0,11.8216276955791,12.8216276955791,33.397093674168,34.397093674168,0,0,0,0,0,0,0,0,0,-0.833333333333333,6.268,0,17.9118514956498,16.1291335064412,0,0,0,2019-01-01 18:30:00
"224",2019-01-01 18:35:00,6.22883333333333,0,-0.00497,1,6,17.7385759746193,16.1222831048901,0,11.8216276955791,12.8216276955791,33.397093674168,34.397093674168,0,0,0,0,0,0,0,0,0,-0.833333333333333,6.22883333333333,0,17.7385759746193,16.1222831048901,0,0,0,2019-01-01 18:30:00
"225",2019-01-01 18:40:00,6.18966666666667,0,-0.00497,1,6,17.5808496185675,16.1105904997,0,11.8216276955791,12.8216276955791,33.397093674168,34.397093674168,0,0,0,0,0,0,0,0,0,-0.833333333333333,6.18966666666667,0,17.5808496185675,16.1105904997,0,0,0,2019-01-01 18:30:00
"226",2019-01-01 18:45:00,6.1505,0,-0.00497,1,6,18.1867678322985,16.0946540437414,0,20.5016449454706,21.5016449454706,32.6341458647512,33.6341458647512,1,0,9,0,0.628139530622337,0,0.628139530622337,-0.00312185346719301,0,-0.83021147986614,6.1505,0,18.1867678322985,16.0946540437414,9,0,0.628139530622337,2019-01-01 18:45:00
"227",2019-01-01 18:50:00,6.11133333333333,0,-0.00497,1,6,18.7344915528954,16.0959855797571,0,20.5016449454706,21.5016449454706,32.6341458647512,33.6341458647512,1,0,9,0,0.628259260190326,0,0.628259260190326,-0.00312244852314592,0,-0.830210884810187,6.11133333333333,0,18.7344915528954,16.0959855797571,9,0,0.628259260190326,2019-01-01 18:45:00
"228",2019-01-01 18:55:00,6.07216666666667,0,-0.00497,1,6,19.2310695565996,16.1123745129921,0,20.5016449454706,21.5016449454706,32.6341458647512,33.6341458647512,1,0,9,0,0.628379213710694,0,0.628379213710694,-0.00312304469214215,0,-0.830210288641191,6.07216666666667,0,19.2310695565996,16.1123745129921,9,0,0.628379213710694,2019-01-01 18:45:00
"229",2019-01-01 19:00:00,6.033,0,-0.00698,0,6,19.6826857833728,16.1418820182863,0,20.8174980436452,21.8174980436452,47.3124317270704,48.3124317270704,1,0,9,0,0.628499391812378,0,0.628499391812378,-0.0043869257548504,0,0.0043869257548504,6.033,0,19.6826857833728,16.1418820182863,9,0,0.628499391812378,2019-01-01 19:00:00
"230",2019-01-01 19:05:00,6.01091666666667,0,-0.00698,0,6,20.0947766932798,16.1829055766561,0,20.8174980436452,21.8174980436452,47.3124317270704,48.3124317270704,1,0,9,0,0.628567251054107,0,0.628567251054107,-0.00438739941235767,0,0.00438739941235767,6.01091666666667,0,20.0947766932798,16.1829055766561,9,0,0.628567251054107,2019-01-01 19:00:00
"231",2019-01-01 19:10:00,5.98883333333333,0,-0.00698,0,6,20.472110049941,16.2339509224518,0,20.8174980436452,21.8174980436452,47.3124317270704,48.3124317270704,1,0,9,0,0.628635182005276,0,0.628635182005276,-0.00438787357039682,0,0.00438787357039682,5.98883333333333,0,20.472110049941,16.2339509224518,9,0,0.628635182005276,2019-01-01 19:00:00
"232",2019-01-01 19:15:00,5.96675,0,-0.00698,0,6,20.0688687354992,16.2937075811157,0,5.08125118771568,6.08125118771568,30.1281645339914,31.1281645339914,0,0,0,0,0,0,0,0,0,0,5.96675,0,20.0688687354992,16.2937075811157,0,0,0,2019-01-01 19:15:00
"233",2019-01-01 19:20:00,5.94466666666667,0,-0.00698,0,6,19.7088907909024,16.340039348603,0,5.08125118771568,6.08125118771568,30.1281645339914,31.1281645339914,0,0,0,0,0,0,0,0,0,0,5.94466666666667,0,19.7088907909024,16.340039348603,0,0,0,2019-01-01 19:15:00
"234",2019-01-01 19:25:00,5.92258333333333,0,-0.00698,0,6,19.3868813936515,16.3746094442678,0,5.08125118771568,6.08125118771568,30.1281645339914,31.1281645339914,0,0,0,0,0,0,0,0,0,0,5.92258333333333,0,19.3868813936515,16.3746094442678,0,0,0,2019-01-01 19:15:00
"235",2019-01-01 19:30:00,5.9005,0,-0.00698,0,6,19.0981956093027,16.3988768519022,0,16.9183094103355,17.9183094103355,36.1790365451016,37.1790365451016,0,0,0,0,0,0,0,0,0,0,5.9005,0,19.0981956093027,16.3988768519022,0,0,0,2019-01-01 19:30:00
"236",2019-01-01 19:35:00,5.87841666666667,0,-0.00698,0,6,18.8387586155141,16.414121390755,0,16.9183094103355,17.9183094103355,36.1790365451016,37.1790365451016,0,0,0,0,0,0,0,0,0,0,5.87841666666667,0,18.8387586155141,16.414121390755,0,0,0,2019-01-01 19:30:00
"237",2019-01-01 19:40:00,5.85633333333333,0,-0.00698,0,6,18.6049957188994,16.4214657089837,0,16.9183094103355,17.9183094103355,36.1790365451016,37.1790365451016,0,0,0,0,0,0,0,0,0,0,5.85633333333333,0,18.6049957188994,16.4214657089837,0,0,0,2019-01-01 19:30:00
"238",2019-01-01 19:45:00,5.83425,0,-0.00698,0,6,19.143770962582,16.4218945773237,0,23.8785665694159,24.8785665694159,46.8179480060935,47.8179480060935,1,0,9,0,0.629112716111285,0,0.629112716111285,-0.00439120675845677,0,0.00439120675845677,5.83425,0,19.143770962582,16.4218945773237,9,0,0.629112716111285,2019-01-01 19:45:00
"239",2019-01-01 19:50:00,5.81216666666667,0,-0.00698,0,6,19.632165024378,16.4372587722487,0,23.8785665694159,24.8785665694159,46.8179480060935,47.8179480060935,1,0,9,0,0.629181224852452,0,0.629181224852452,-0.00439168494947012,0,0.00439168494947012,5.81216666666667,0,19.632165024378,16.4372587722487,9,0,0.629181224852452,2019-01-01 19:45:00
"240",2019-01-01 19:55:00,5.79008333333333,0,-0.00698,0,6,20.0762789755036,16.4656449776871,0,23.8785665694159,24.8785665694159,46.8179480060935,47.8179480060935,1,0,9,0,0.629249806335321,0,0.629249806335321,-0.00439216364822054,0,0.00439216364822054,5.79008333333333,0,20.0762789755036,16.4656449776871,9,0,0.629249806335321,2019-01-01 19:45:00
"241",2019-01-01 20:00:00,5.768,0,-0.01601,0,6,20.4814653338243,16.5053751056577,0,23.1891141724773,24.1891141724773,24.3915633838624,25.3915633838624,1,0,9,0,0.629318460675808,0,0.629318460675808,-0.0100753885554197,0,0.0100753885554197,5.768,0,20.4814653338243,16.5053751056577,9,0,0.629318460675808,2019-01-01 20:00:00
"242",2019-01-01 20:05:00,5.76216666666667,0,-0.01601,0,6,20.8524306001285,16.5550705431142,0,23.1891141724773,24.1891141724773,24.3915633838624,25.3915633838624,1,0,9,0,0.629336607963798,0,0.629336607963798,-0.0100756790935004,0,0.0100756790935004,5.76216666666667,0,20.8524306001285,16.5550705431142,9,0,0.629336607963798,2019-01-01 20:00:00
"243",2019-01-01 20:10:00,5.75633333333333,0,-0.01601,0,6,21.1933022195727,16.6134377311421,0,23.1891141724773,24.1891141724773,24.3915633838624,25.3915633838624,1,0,9,0,0.629354760345729,0,0.629354760345729,-0.0100759697131351,1,0.0100759697131351,5.75633333333333,0,21.1933022195727,16.6134377311421,9,0,0.629354760345729,2019-01-01 20:00:00
"244",2019-01-01 20:15:00,5.7505,0,-0.01601,0,6,21.5077013086446,16.6793422176511,0,22.4607856487855,23.4607856487855,25.7197541864589,26.7197541864589,1,0,9,0,0.629372917823746,0,0.629372917823746,-0.0100762604143582,1,0.0100762604143582,5.7505,0,21.5077013086446,16.6793422176511,9,0,0.629372917823746,2019-01-01 20:15:00
"245",2019-01-01 20:20:00,5.74466666666667,0,-0.01601,0,6,21.7988048074736,16.7517891249621,0,22.4607856487855,23.4607856487855,25.7197541864589,26.7197541864589,1,0,9,0,0.629391080399994,0,0.629391080399994,-0.0100765511972039,1,0.0100765511972039,5.74466666666667,0,21.7988048074736,16.7517891249621,9,0,0.629391080399994,2019-01-01 20:15:00
"246",2019-01-01 20:25:00,5.73883333333333,0,-0.01601,0,6,22.0694000027103,16.8299060150797,0,22.4607856487855,23.4607856487855,25.7197541864589,26.7197541864589,1,0,9,0,0.629409248076623,0,0.629409248076623,-0.0100768420617067,1,0.0100768420617067,5.73883333333333,0,22.0694000027103,16.8299060150797,9,0,0.629409248076623,2019-01-01 20:15:00
"247",2019-01-01 20:30:00,5.733,0,-0.01601,0,6,21.5719323575196,16.9129278583252,0,18.9440658772364,19.9440658772364,41.5251095644198,42.5251095644198,0,0,0,0,0,0,0,0,1,0,5.733,0,21.5719323575196,16.9129278583252,0,0,0,2019-01-01 20:30:00
"248",2019-01-01 20:35:00,5.72716666666667,0,-0.01601,0,6,21.1287157157921,16.9791968892702,0,18.9440658772364,19.9440658772364,41.5251095644198,42.5251095644198,0,0,0,0,0,0,0,0,1,0,5.72716666666667,0,21.1287157157921,16.9791968892702,0,0,0,2019-01-01 20:30:00
"249",2019-01-01 20:40:00,5.72133333333333,0,-0.01601,0,6,20.7331181063144,17.0307959851294,0,18.9440658772364,19.9440658772364,41.5251095644198,42.5251095644198,0,0,0,0,0,0,0,0,0,0,5.72133333333333,0,20.7331181063144,17.0307959851294,0,0,0,2019-01-01 20:30:00
"250",2019-01-01 20:45:00,5.7155,0,-0.01601,0,6,20.1293215336007,17.0695522225946,0,5.59192154696211,6.59192154696211,19.5337493629195,20.5337493629195,0,1,0,3,0,0.1,0.1,-0.001601,0,0.001601,5.7155,0,20.1293215336007,17.0695522225946,0,3,0.1,2019-01-01 20:45:00
"251",2019-01-01 20:50:00,5.70966666666667,0,-0.01601,0,6,19.5856114749557,17.0900726262578,0,5.59192154696211,6.59192154696211,19.5337493629195,20.5337493629195,0,1,0,3,0,0.1,0.1,-0.001601,0,0.001601,5.70966666666667,0,19.5856114749557,17.0900726262578,0,3,0.1,2019-01-01 20:45:00
"252",2019-01-01 20:55:00,5.70383333333333,0,-0.01601,0,6,19.0946722263856,17.0946533636964,0,5.59192154696211,6.59192154696211,19.5337493629195,20.5337493629195,0,1,0,3,0,0.1,0.1,-0.001601,0,0.001601,5.70383333333333,0,19.0946722263856,17.0946533636964,0,3,0.1,2019-01-01 20:45:00
"253",2019-01-01 21:00:00,5.698,0,-0.00487,0,6,19.6500858432217,17.0853084786159,0,19.9688485781662,20.9688485781662,36.700277633965,37.700277633965,1,0,9,0,0.629536564804294,0,0.629536564804294,-0.00306584307059691,0,0.00306584307059691,5.698,0,19.6500858432217,17.0853084786159,9,0,0.629536564804294,2019-01-01 21:00:00
"254",2019-01-01 21:05:00,5.68691666666667,0,-0.00487,0,6,20.1526608363858,17.0917570482137,0,19.9688485781662,20.9688485781662,36.700277633965,37.700277633965,1,0,9,0,0.629571165440157,0,0.629571165440157,-0.00306601157569356,0,0.00306601157569356,5.68691666666667,0,20.1526608363858,17.0917570482137,9,0,0.629571165440157,2019-01-01 21:00:00
"255",2019-01-01 21:10:00,5.67583333333333,0,-0.00487,0,6,20.4249956534244,17.1119880604559,0,19.9688485781662,20.9688485781662,36.700277633965,37.700277633965,1,0,6.79425290136548,0,0.445793526345834,0,0.445793526345834,-0.00217101447330421,0,0.00217101447330421,5.67583333333333,0,20.4249956534244,17.1119880604559,6.79425290136548,0,0.445793526345834,2019-01-01 21:00:00
"256",2019-01-01 21:15:00,5.66475,0,-0.00487,0,6,20.1075359632196,17.13909414261,0,18.430617580656,19.430617580656,25.413623124361,26.413623124361,0,0,0,0,0,0,0,0,0,0,5.66475,0,20.1075359632196,17.13909414261,0,0,0,2019-01-01 21:15:00
"257",2019-01-01 21:20:00,5.65366666666667,0,-0.00487,0,6,19.8222880115268,17.1563395234473,0,18.430617580656,19.430617580656,25.413623124361,26.413623124361,0,0,0,0,0,0,0,0,0,0,5.65366666666667,0,19.8222880115268,17.1563395234473,0,0,0,2019-01-01 21:15:00
"258",2019-01-01 21:25:00,5.64258333333333,0,-0.00487,0,6,19.5653220619387,17.1649580082399,0,18.430617580656,19.430617580656,25.413623124361,26.413623124361,0,0,0,0,0,0,0,0,0,0,5.64258333333333,0,19.5653220619387,17.1649580082399,0,0,0,2019-01-01 21:15:00
"259",2019-01-01 21:30:00,5.6315,0,-0.00487,0,6,20.0831906583003,17.1660318423344,0,23.2494287879672,24.2494287879672,39.3258353630081,40.3258353630081,1,0,9,0,0.629744446256542,0,0.629744446256542,-0.00306685545326936,0,0.00306685545326936,5.6315,0,20.0831906583003,17.1660318423344,9,0,0.629744446256542,2019-01-01 21:30:00
"260",2019-01-01 21:35:00,5.62041666666667,0,-0.00487,0,6,20.5527011779052,17.1814972740622,0,23.2494287879672,24.2494287879672,39.3258353630081,40.3258353630081,1,0,9,0,0.629779158051223,0,0.629779158051223,-0.00306702449970946,0,0.00306702449970946,5.62041666666667,0,20.5527011779052,17.1814972740622,9,0,0.629779158051223,2019-01-01 21:30:00
"261",2019-01-01 21:40:00,5.60933333333333,0,-0.00487,0,6,20.9797149013344,17.2095159300098,0,23.2494287879672,24.2494287879672,39.3258353630081,40.3258353630081,1,0,9,0,0.629813888424444,0,0.629813888424444,-0.00306719363662704,0,0.00306719363662704,5.60933333333333,0,20.9797149013344,17.2095159300098,9,0,0.629813888424444,2019-01-01 21:30:00
"262",2019-01-01 21:45:00,5.59825,0,-0.00487,0,6,21.3693739524114,17.2484754283218,0,21.9893678301014,22.9893678301014,42.6152588222176,43.6152588222176,1,0,9,0,0.629848637391123,0,0.629848637391123,-0.00306736286409477,1,0.00306736286409477,5.59825,0,21.3693739524114,17.2484754283218,9,0,0.629848637391123,2019-01-01 21:45:00
"263",2019-01-01 21:50:00,5.58716666666667,0,-0.00487,0,6,21.7261895759545,17.2969616358969,0,21.9893678301014,22.9893678301014,42.6152588222176,43.6152588222176,1,0,9,0,0.629883404966196,0,0.629883404966196,-0.00306753218218537,1,0.00306753218218537,5.58716666666667,0,21.7261895759545,17.2969616358969,9,0,0.629883404966196,2019-01-01 21:45:00
"264",2019-01-01 21:55:00,5.57608333333333,0,-0.00487,0,6,22.0541195790993,17.3537343311283,0,21.9893678301014,22.9893678301014,42.6152588222176,43.6152588222176,1,0,9,0,0.629918191164615,0,0.629918191164615,-0.00306770159097167,1,0.00306770159097167,5.57608333333333,0,22.0541195790993,17.3537343311283,9,0,0.629918191164615,2019-01-01 21:45:00
"265",2019-01-01 22:00:00,5.565,0,-0.02893,0,6,21.6066362664054,17.4177058541423,0,8.65243981475942,9.65243981475942,23.8034636881202,24.8034636881202,0,0,0,0,0,0,0,0,1,0,5.565,0,21.6066362664054,17.4177058541423,0,0,0,2019-01-01 22:00:00
"266",2019-01-01 22:05:00,5.55066666666667,0,-0.02893,0,6,21.2069521511731,17.4669167952182,0,8.65243981475942,9.65243981475942,23.8034636881202,24.8034636881202,0,0,0,0,0,0,0,0,1,0,5.55066666666667,0,21.2069521511731,17.4669167952182,0,0,0,2019-01-01 22:00:00
"267",2019-01-01 22:10:00,5.53633333333333,0,-0.02893,0,6,20.8492239607827,17.503202328545,0,8.65243981475942,9.65243981475942,23.8034636881202,24.8034636881202,0,0,0,0,0,0,0,0,0,0,5.53633333333333,0,20.8492239607827,17.503202328545,0,0,0,2019-01-01 22:00:00
"268",2019-01-01 22:15:00,5.522,0,-0.02893,0,6,20.5283255973737,17.5281722485196,0,18.5141403309535,19.5141403309535,43.7622009012848,44.7622009012848,0,0,0,0,0,0,0,0,0,0,5.522,0,20.5283255973737,17.5281722485196,0,0,0,2019-01-01 22:15:00
"269",2019-01-01 22:20:00,5.50766666666667,0,-0.02893,0,6,20.2397601023587,17.5432386364648,0,18.5141403309535,19.5141403309535,43.7622009012848,44.7622009012848,0,0,0,0,0,0,0,0,0,0,5.50766666666667,0,20.2397601023587,17.5432386364648,0,0,0,2019-01-01 22:15:00
"270",2019-01-01 22:25:00,5.49333333333333,0,-0.02893,0,6,19.9795824276317,17.5496401311473,0,18.5141403309535,19.5141403309535,43.7622009012848,44.7622009012848,0,0,0,0,0,0,0,0,0,0,5.49333333333333,0,19.9795824276317,17.5496401311473,0,0,0,2019-01-01 22:15:00
"271",2019-01-01 22:30:00,5.479,0,-0.02893,0,6,19.7443316869083,17.5484632199943,0,16.6331853987649,17.6331853987649,20.4888812969439,21.4888812969439,0,0,0,0,0,0,0,0,0,0,5.479,0,19.7443316869083,17.5484632199943,0,0,0,2019-01-01 22:30:00
"272",2019-01-01 22:35:00,5.46466666666667,0,-0.02893,0,6,19.5309717234736,17.5406609167282,0,16.6331853987649,17.6331853987649,20.4888812969439,21.4888812969439,0,0,0,0,0,0,0,0,0,0,5.46466666666667,0,19.5309717234736,17.5406609167282,0,0,0,2019-01-01 22:30:00
"273",2019-01-01 22:40:00,5.45033333333333,0,-0.02893,0,6,19.3368389734674,17.527069146247,0,16.6331853987649,17.6331853987649,20.4888812969439,21.4888812969439,0,0,0,0,0,0,0,0,0,0,5.45033333333333,0,19.3368389734674,17.527069146247,0,0,0,2019-01-01 22:30:00
"274",2019-01-01 22:45:00,5.436,0,-0.02893,0,6,19.1595967291515,17.5084211181957,0,12.216893267585,13.216893267585,43.5118504338898,44.5118504338898,0,0,0,0,0,0,0,0,0,0,5.436,0,19.1595967291515,17.5084211181957,0,0,0,2019-01-01 22:45:00
"275",2019-01-01 22:50:00,5.42166666666667,0,-0.02893,0,6,18.9971950165356,17.4853599361227,0,12.216893267585,13.216893267585,43.5118504338898,44.5118504338898,0,0,0,0,0,0,0,0,0,0,5.42166666666667,0,18.9971950165356,17.4853599361227,0,0,0,2019-01-01 22:45:00
"276",2019-01-01 22:55:00,5.40733333333333,0,-0.02893,0,6,18.8478353981777,17.4584496588131,0,12.216893267585,13.216893267585,43.5118504338898,44.5118504338898,0,0,0,0,0,0,0,0,0,0,5.40733333333333,0,18.8478353981777,17.4584496588131,0,0,0,2019-01-01 22:45:00
"277",2019-01-01 23:00:00,5.393,0,-0.03357,0,6,18.7099400965757,17.4281850037965,0,14.6164050211664,15.6164050211664,45.662768646609,46.662768646609,0,0,0,0,0,0,0,0,0,0,5.393,0,18.7099400965757,17.4281850037965,0,0,0,2019-01-01 23:00:00
"278",2019-01-01 23:05:00,5.363,0,-0.03357,0,6,18.5821146399419,17.3949100789747,0,14.6164050211664,15.6164050211664,45.662768646609,46.662768646609,0,0,0,0,0,0,0,0,0,0,5.363,0,18.5821146399419,17.3949100789747,0,0,0,2019-01-01 23:00:00
"279",2019-01-01 23:10:00,5.333,0,-0.03357,0,6,18.4631372562487,17.3590081510134,0,14.6164050211664,15.6164050211664,45.662768646609,46.662768646609,0,0,0,0,0,0,0,0,0,0,5.333,0,18.4631372562487,17.3590081510134,0,0,0,2019-01-01 23:00:00
"280",2019-01-01 23:15:00,5.303,0,-0.03357,0,6,19.1019360859436,17.3208153770253,0,21.4598146355711,22.4598146355711,40.1271635438316,41.1271635438316,1,0,9,0,0.630781216364706,0,0.630781216364706,-0.0211753254333632,0,0.0211753254333632,5.303,0,19.1019360859436,17.3208153770253,9,0,0.630781216364706,2019-01-01 23:15:00
"281",2019-01-01 23:20:00,5.273,0,-0.03357,0,6,19.6774025343735,17.301613545595,0,21.4598146355711,22.4598146355711,40.1271635438316,41.1271635438316,1,0,9,0,0.630876724857076,0,0.630876724857076,-0.021178531653452,0,0.021178531653452,5.273,0,19.6774025343735,17.301613545595,9,0,0.630876724857076,2019-01-01 23:15:00
"282",2019-01-01 23:25:00,5.243,0,-0.03357,0,6,20.1972261325894,17.298990204103,0,21.4598146355711,22.4598146355711,40.1271635438316,41.1271635438316,1,0,9,0,0.630972372949595,0,0.630972372949595,-0.0211817425599179,0,0.0211817425599179,5.243,0,20.1972261325894,17.298990204103,9,0,0.630972372949595,2019-01-01 23:15:00
"283",2019-01-01 23:30:00,5.213,0,-0.03357,0,6,19.9181528747878,17.3108294048102,0,7.1611100952141,8.1611100952141,41.4476646417752,42.4476646417752,0,0,0,0,0,0,0,0,0,0,5.213,0,19.9181528747878,17.3108294048102,0,0,0,2019-01-01 23:30:00
"284",2019-01-01 23:35:00,5.183,0,-0.03357,0,6,19.6662692849183,17.3142883482129,0,7.1611100952141,8.1611100952141,41.4476646417752,42.4476646417752,0,0,0,0,0,0,0,0,0,0,5.183,0,19.6662692849183,17.3142883482129,0,0,0,2019-01-01 23:30:00
"285",2019-01-01 23:40:00,5.153,0,-0.03357,0,6,19.4382530163536,17.3104103982914,0,7.1611100952141,8.1611100952141,41.4476646417752,42.4476646417752,0,0,0,0,0,0,0,0,0,0,5.153,0,19.4382530163536,17.3104103982914,0,0,0,2019-01-01 23:30:00
"286",2019-01-01 23:45:00,5.123,0,-0.03357,0,6,19.2311894843239,17.3001107758558,0,6.4125263330061,7.4125263330061,47.8732783212326,48.8732783212326,0,0,0,0,0,0,0,0,0,0,5.123,0,19.2311894843239,17.3001107758558,0,0,0,2019-01-01 23:45:00
"287",2019-01-01 23:50:00,5.093,0,-0.03357,0,6,19.0425218118803,17.2841922889161,0,6.4125263330061,7.4125263330061,47.8732783212326,48.8732783212326,0,0,0,0,0,0,0,0,0,0,5.093,0,19.0425218118803,17.2841922889161,0,0,0,2019-01-01 23:45:00
"288",2019-01-01 23:55:00,5.063,0,-0.03357,0,6,18.8700069201839,17.2633591320868,0,6.4125263330061,7.4125263330061,47.8732783212326,48.8732783212326,0,0,0,0,0,0,0,0,0,0,5.063,0,18.8700069201839,17.2633591320868,0,0,0,2019-01-01 23:45:00
"289",2019-01-02,5.033,0,-0.045919998,0,6.20158333333333,18.7116770088806,17.2382289920594,0,17.2639684975147,18.2639684975147,21.6859753481112,22.6859753481112,0,0,0,0,0,0,0,0,0,0,5.033,0,18.7116770088806,17.2382289920594,0,0,0,2019-01-02
"290",2019-01-02 00:05:00,4.99833333333333,0,-0.045919998,0,6.20158333333333,19.3158027064032,17.2093169238824,0,20.2066952011082,21.2066952011082,20.2011227030307,21.2011227030307,1,0,9,0,0.631757687072858,0,0.631757687072858,-0.0290103117268703,0,0.0290103117268703,4.99833333333333,0,19.3158027064032,17.2093169238824,9,0,0.631757687072858,2019-01-02
"291",2019-01-02 00:10:00,4.96366666666667,0,-0.045919998,0,6.20158333333333,19.8606990998991,17.1980859271333,0,20.2066952011082,21.2066952011082,20.2011227030307,21.2011227030307,1,0,9,0,0.631869720101244,0,0.631869720101244,-0.0290154562833097,0,0.0290154562833097,4.96366666666667,0,19.8606990998991,17.1980859271333,9,0,0.631869720101244,2019-01-02
"292",2019-01-02 00:15:00,4.929,0,-0.045919998,0,6.20158333333333,20.3535501561136,17.2022825240773,0,22.2257679307368,23.2257679307368,42.8952480484731,43.8952480484731,1,0,9,0,0.631981943814231,0,0.631981943814231,-0.0290206095959856,0,0.0290206095959856,4.929,0,20.3535501561136,17.2022825240773,9,0,0.631981943814231,2019-01-02 00:15:00
"293",2019-01-02 00:20:00,4.89433333333333,0,-0.045919998,0,6.20158333333333,20.8006583734792,17.2199302352842,0,22.2257679307368,23.2257679307368,42.8952480484731,43.8952480484731,1,0,9,0,0.632094358699061,0,0.632094358699061,-0.0290257716872721,0,0.0290257716872721,4.89433333333333,0,20.8006583734792,17.2199302352842,9,0,0.632094358699061,2019-01-02 00:15:00
"294",2019-01-02 00:25:00,4.85966666666667,0,-0.045919998,0,6.20158333333333,21.2075529839988,17.249295575318,0,22.2257679307368,23.2257679307368,42.8952480484731,43.8952480484731,1,0,9,0,0.63220696524464,0,0.63220696524464,-0.0290309425796199,1,0.0290309425796199,4.85966666666667,0,21.2075529839988,17.249295575318,9,0,0.63220696524464,2019-01-02 00:15:00
"295",2019-01-02 00:30:00,4.825,0,-0.045919998,0,6.20158333333333,20.8290848729372,17.2888582225958,0,9.77476615109481,10.7747661510948,43.2214416638017,44.2214416638017,0,0,0,0,0,0,0,0,0,0,4.825,0,20.8290848729372,17.2888582225958,0,0,0,2019-01-02 00:30:00
"296",2019-01-02 00:35:00,4.79033333333333,0,-0.045919998,0,6.20158333333333,20.4896780922905,17.3162978931534,0,9.77476615109481,10.7747661510948,43.2214416638017,44.2214416638017,0,0,0,0,0,0,0,0,0,0,4.79033333333333,0,20.4896780922905,17.3162978931534,0,0,0,2019-01-02 00:30:00
"297",2019-01-02 00:40:00,4.75566666666667,0,-0.045919998,0,6.20158333333333,20.1845519033431,17.3331163304849,0,9.77476615109481,10.7747661510948,43.2214416638017,44.2214416638017,0,0,0,0,0,0,0,0,0,0,4.75566666666667,0,20.1845519033431,17.3331163304849,0,0,0,2019-01-02 00:30:00
"298",2019-01-02 00:45:00,4.721,0,-0.045919998,0,6.20158333333333,20.6595123574848,17.3406308718124,0,20.4401481749956,21.4401481749956,19.7683809329756,20.7683809329756,1,0,9,0,0.632659317871094,0,0.632659317871094,-0.029051714611322,0,0.029051714611322,4.721,0,20.6595123574848,17.3406308718124,9,0,0.632659317871094,2019-01-02 00:45:00
"299",2019-01-02 00:50:00,4.68633333333333,0,-0.045919998,0,6.20158333333333,20.8713478377213,17.3609840428133,0,20.4401481749956,21.4401481749956,19.7683809329756,20.7683809329756,1,0,6.36762981012852,0,0.413408707623352,0,0.413408707623352,-0.0189837270272469,0,0.0189837270272469,4.68633333333333,0,20.8713478377213,17.3609840428133,6.36762981012852,0,0.413408707623352,2019-01-02 00:45:00
"300",2019-01-02 00:55:00,4.65166666666667,0,-0.045919998,0,6.20158333333333,20.8533971411369,17.3863800873137,0,20.4401481749956,21.4401481749956,19.7683809329756,20.7683809329756,1,0,3.82560404729101,0,0.20168699425791,0,0.20168699425791,-0.00926146637294922,0,0.00926146637294922,4.65166666666667,0,20.8533971411369,17.3863800873137,3.82560404729101,0,0.20168699425791,2019-01-02 00:45:00
"301",2019-01-02 01:00:00,4.617,0,-0.048290001,0,6.08925,20.5206621622394,17.4102189763466,0,11.9347023060545,12.9347023060545,23.4498893846758,24.4498893846758,0,0,0,0,0,0,0,0,0,0,4.617,0,20.5206621622394,17.4102189763466,0,0,0,2019-01-02 01:00:00
"302",2019-01-02 01:05:00,4.57825,0,-0.048290001,0,6.08925,20.2212463799192,17.4237213204974,0,11.9347023060545,12.9347023060545,23.4498893846758,24.4498893846758,0,0,0,0,0,0,0,0,0,0,4.57825,0,20.2212463799192,17.4237213204974,0,0,0,2019-01-02 01:00:00
"303",2019-01-02 01:10:00,4.5395,0,-0.048290001,0,6.08925,19.9510722396372,17.4281679568605,0,11.9347023060545,12.9347023060545,23.4498893846758,24.4498893846758,0,0,0,0,0,0,0,0,0,0,4.5395,0,19.9510722396372,17.4281679568605,0,0,0,2019-01-02 01:00:00
"304",2019-01-02 01:15:00,4.50075,0,-0.048290001,0,6.08925,20.4565626659881,17.4246824406703,0,20.6417260207236,21.6417260207236,42.0233008456416,43.0233008456416,1,0,9,0,0.633384206069528,0,0.633384206069528,-0.0305861239444817,0,0.0305861239444817,4.50075,0,20.4565626659881,17.4246824406703,9,0,0.633384206069528,2019-01-02 01:15:00
"305",2019-01-02 01:20:00,4.462,0,-0.048290001,0,6.08925,20.9144113816714,17.4352373103683,0,20.6417260207236,21.6417260207236,42.0233008456416,43.0233008456416,1,0,9,0,0.633512560594676,0,0.633512560594676,-0.0305923221846294,0,0.0305923221846294,4.462,0,20.9144113816714,17.4352373103683,9,0,0.633512560594676,2019-01-02 01:15:00
"306",2019-01-02 01:25:00,4.42325,0,-0.048290001,0,6.08925,21.0576946564174,17.4580260788396,0,20.6417260207236,21.6417260207236,42.0233008456416,43.0233008456416,1,0,5.72777566862622,0,0.36095580143896,0,0.36095580143896,-0.0174305560124432,1,0.0174305560124432,4.42325,0,21.0576946564174,17.4580260788396,5.72777566862622,0,0.36095580143896,2019-01-02 01:15:00
"307",2019-01-02 01:30:00,4.3845,0,-0.048290001,0,6.08925,20.9623497758432,17.48383393883,0,20.1738958752248,21.1738958752248,37.951956238132,38.951956238132,1,0,3,0,0.133770012161032,0,0.133770012161032,-0.00645975402102624,0,0.00645975402102624,4.3845,0,20.9623497758432,17.48383393883,3,0,0.133770012161032,2019-01-02 01:30:00
"308",2019-01-02 01:35:00,4.34575,0,-0.048290001,0,6.08925,20.8782973514373,17.5058816680927,0,20.1738958752248,21.1738958752248,37.951956238132,38.951956238132,1,0,3,0,0.133899110635412,0,0.133899110635412,-0.00646598818648316,0,0.00646598818648316,4.34575,0,20.8782973514373,17.5058816680927,3,0,0.133899110635412,2019-01-02 01:30:00
"309",2019-01-02 01:40:00,4.307,0,-0.048290001,0,6.08925,20.8041315627489,17.5246120254295,0,20.1738958752248,21.1738958752248,37.951956238132,38.951956238132,1,0,3,0,0.134028458530657,0,0.134028458530657,-0.00647223439647387,0,0.00647223439647387,4.307,0,20.8041315627489,17.5246120254295,3,0,0.134028458530657,2019-01-02 01:30:00
"310",2019-01-02 01:45:00,4.26825,0,-0.048290001,0,6.08925,21.2386192478963,17.5404135042576,0,23.0938948758412,24.0938948758412,34.9440072574653,35.9440072574653,1,0,9,0,0.634158056570294,0,0.634158056570294,-0.0306234931859375,1,0.0306234931859375,4.26825,0,21.2386192478963,17.5404135042576,9,0,0.634158056570294,2019-01-02 01:45:00
"311",2019-01-02 01:50:00,4.2295,0,-0.048290001,0,6.08925,21.6338998783041,17.5676182987555,0,23.0938948758412,24.0938948758412,34.9440072574653,35.9440072574653,1,0,9,0,0.634287905480652,0,0.634287905480652,-0.0306297635899486,1,0.0306297635899486,4.2295,0,21.6338998783041,17.5676182987555,9,0,0.634287905480652,2019-01-02 01:45:00
"312",2019-01-02 01:55:00,4.19075,0,-0.048290001,0,6.08925,21.9947009681719,17.604744849828,0,23.0938948758412,24.0938948758412,34.9440072574653,35.9440072574653,1,0,9,0,0.634418005990876,0,0.634418005990876,-0.0306360461437174,1,0.0306360461437174,4.19075,0,21.9947009681719,17.604744849828,9,0,0.634418005990876,2019-01-02 01:45:00
"313",2019-01-02 02:00:00,4.152,0,-0.033599998,0,5.956,21.3251700963316,17.6504938348084,0,16.3549207972828,17.3549207972828,20.7272826698609,21.7272826698609,0,1,0,3,0,0.1,0.1,-0.0033599998,1,0.0033599998,4.152,0,21.3251700963316,17.6504938348084,0,3,0.1,2019-01-02 02:00:00
"314",2019-01-02 02:05:00,4.10616666666667,0,-0.033599998,0,5.956,20.7224991121542,17.6757025927213,0,16.3549207972828,17.3549207972828,20.7272826698609,21.7272826698609,0,1,0,3,0,0.1,0.1,-0.0033599998,0,0.0033599998,4.10616666666667,0,20.7224991121542,17.6757025927213,0,3,0.1,2019-01-02 02:00:00
"315",2019-01-02 02:10:00,4.06033333333333,0,-0.033599998,0,5.956,20.4285245272994,17.682934516511,0,16.3549207972828,17.3549207972828,20.7272826698609,21.7272826698609,0,0,0,0,0,0,0,0,0,0,4.06033333333333,0,20.4285245272994,17.682934516511,0,0,0,2019-01-02 02:00:00
"316",2019-01-02 02:15:00,4.0145,0,-0.033599998,0,5.956,20.1626953401378,17.6814337956045,0,17.4157167188823,18.4157167188823,25.3696064190008,26.3696064190008,0,0,0,0,0,0,0,0,0,0,4.0145,0,20.1626953401378,17.6814337956045,0,0,0,2019-01-02 02:15:00
"317",2019-01-02 02:20:00,3.96866666666667,0,-0.033599998,0,5.956,19.921567050614,17.672282417936,0,17.4157167188823,18.4157167188823,25.3696064190008,26.3696064190008,0,0,0,0,0,0,0,0,0,0,3.96866666666667,0,19.921567050614,17.672282417936,0,0,0,2019-01-02 02:15:00
"318",2019-01-02 02:25:00,3.92283333333333,0,-0.033599998,0,5.956,19.7021179371716,17.6564295079571,0,17.4157167188823,18.4157167188823,25.3696064190008,26.3696064190008,0,0,0,0,0,0,0,0,0,0,3.92283333333333,0,19.7021179371716,17.6564295079571,0,0,0,2019-01-02 02:15:00
"319",2019-01-02 02:30:00,3.877,0,-0.033599998,0,5.956,19.5016971592678,17.6347076363488,0,18.1969683982898,19.1969683982898,41.9739694129676,42.9739694129676,0,0,0,0,0,0,0,0,0,0,3.877,0,19.5016971592678,17.6347076363488,0,0,0,2019-01-02 02:30:00
"320",2019-01-02 02:35:00,3.83116666666667,0,-0.033599998,0,5.956,19.3179792305032,17.6078471276521,0,18.1969683982898,19.1969683982898,41.9739694129676,42.9739694129676,0,0,0,0,0,0,0,0,0,0,3.83116666666667,0,19.3179792305032,17.6078471276521,0,0,0,2019-01-02 02:30:00
"321",2019-01-02 02:40:00,3.78533333333333,0,-0.033599998,0,5.956,19.1489240803513,17.5764886115804,0,18.1969683982898,19.1969683982898,41.9739694129676,42.9739694129676,0,0,0,0,0,0,0,0,0,0,3.78533333333333,0,19.1489240803513,17.5764886115804,0,0,0,2019-01-02 02:30:00
"322",2019-01-02 02:45:00,3.7395,0,-0.033599998,0,5.956,19.7427420184644,17.5411940336096,0,20.0103527905885,21.0103527905885,24.8114426974207,25.8114426974207,1,0,9,0,0.635951819762691,0,0.635951819762691,-0.0213679798721228,0,0.0213679798721228,3.7395,0,19.7427420184644,17.5411940336096,9,0,0.635951819762691,2019-01-02 02:45:00
"323",2019-01-02 02:50:00,3.69366666666667,0,-0.033599998,0,5.956,20.2776947542152,17.523443271838,0,20.0103527905885,21.0103527905885,24.8114426974207,25.8114426974207,1,0,9,0,0.636109569292157,0,0.636109569292157,-0.0213732802559973,0,0.0213732802559973,3.69366666666667,0,20.2776947542152,17.523443271838,9,0,0.636109569292157,2019-01-02 02:45:00
"324",2019-01-02 02:55:00,3.64783333333333,0,-0.033599998,0,5.956,20.4935774749007,17.5209976643722,0,20.0103527905885,21.0103527905885,24.8114426974207,25.8114426974207,1,0,5.79189643647936,0,0.368925721704486,0,0.368925721704486,-0.0123959035114193,0,0.0123959035114193,3.64783333333333,0,20.4935774749007,17.5209976643722,5.79189643647936,0,0.368925721704486,2019-01-02 02:45:00
"325",2019-01-02 03:00:00,3.602,0,-0.033540001,0,5.79891666666666,20.2063474355145,17.5244128120685,0,16.7491888396908,17.7491888396908,20.6463830759749,21.6463830759749,0,0,0,0,0,0,0,0,0,0,3.602,0,20.2063474355145,17.5244128120685,0,0,0,2019-01-02 03:00:00
"326",2019-01-02 03:05:00,3.55708333333333,0,-0.033540001,0,5.79891666666666,19.9462778035515,17.5194179742869,0,16.7491888396908,17.7491888396908,20.6463830759749,21.6463830759749,0,0,0,0,0,0,0,0,0,0,3.55708333333333,0,19.9462778035515,17.5194179742869,0,0,0,2019-01-02 03:00:00
"327",2019-01-02 03:10:00,3.51216666666667,0,-0.033540001,0,5.79891666666666,19.7100462081147,17.5070566984569,0,16.7491888396908,17.7491888396908,20.6463830759749,21.6463830759749,0,0,0,0,0,0,0,0,0,0,3.51216666666667,0,19.7100462081147,17.5070566984569,0,0,0,2019-01-02 03:00:00
"328",2019-01-02 03:15:00,3.46725,0,-0.033540001,0,5.79891666666666,19.4947380594777,17.4882443819741,0,5.90221319161355,6.90221319161355,45.7324202083983,46.7324202083983,0,0,0,0,0,0,0,0,0,0,3.46725,0,19.4947380594777,17.4882443819741,0,0,0,2019-01-02 03:15:00
"329",2019-01-02 03:20:00,3.42233333333333,0,-0.033540001,0,5.79891666666666,19.2977964926042,17.4637840033422,0,5.90221319161355,6.90221319161355,45.7324202083983,46.7324202083983,0,0,0,0,0,0,0,0,0,0,3.42233333333333,0,19.2977964926042,17.4637840033422,0,0,0,2019-01-02 03:15:00
"330",2019-01-02 03:25:00,3.37741666666667,0,-0.033540001,0,5.79891666666666,19.1169784552922,17.4343799222543,0,5.90221319161355,6.90221319161355,45.7324202083983,46.7324202083983,0,0,0,0,0,0,0,0,0,0,3.37741666666667,0,19.1169784552922,17.4343799222543,0,0,0,2019-01-02 03:15:00
"331",2019-01-02 03:30:00,3.3325,0,-0.033540001,0,5.79891666666666,19.7003161866692,17.4006499856611,0,22.467387707904,23.467387707904,38.1442628013901,39.1442628013901,1,0,9,0,0.6373655620415,0,0.6373655620415,-0.0213772415882375,0,0.0213772415882375,3.3325,0,19.7003161866692,17.4006499856611,9,0,0.6373655620415,2019-01-02 03:30:00
"332",2019-01-02 03:35:00,3.28758333333333,0,-0.033540001,0,5.79891666666666,20.2259151788183,17.384123105635,0,22.467387707904,23.467387707904,38.1442628013901,39.1442628013901,1,0,9,0,0.637523386711431,0,0.637523386711431,-0.0213825350278248,0,0.0213825350278248,3.28758333333333,0,20.2259151788183,17.384123105635,9,0,0.637523386711431,2019-01-02 03:30:00
"333",2019-01-02 03:40:00,3.24266666666667,0,-0.033540001,0,5.79891666666666,20.7007755360652,17.3826036297917,0,22.467387707904,23.467387707904,38.1442628013901,39.1442628013901,1,0,9,0,0.637681574460398,0,0.637681574460398,-0.0213878406450833,0,0.0213878406450833,3.24266666666667,0,20.7007755360652,17.3826036297917,9,0,0.637681574460398,2019-01-02 03:30:00
"334",2019-01-02 03:45:00,3.19775,0,-0.033540001,0,5.79891666666666,20.3810384682664,17.3941658096179,0,9.93923177593388,10.9392317759339,48.0763908340596,49.0763908340596,0,0,0,0,0,0,0,0,0,0,3.19775,0,20.3810384682664,17.3941658096179,0,0,0,2019-01-02 03:45:00
"335",2019-01-02 03:50:00,3.15283333333333,0,-0.033540001,0,5.79891666666666,20.0922599671784,17.3961337091481,0,9.93923177593388,10.9392317759339,48.0763908340596,49.0763908340596,0,0,0,0,0,0,0,0,0,0,3.15283333333333,0,20.0922599671784,17.3961337091481,0,0,0,2019-01-02 03:45:00
"336",2019-01-02 03:55:00,3.10791666666667,0,-0.033540001,0,5.79891666666666,19.8306522913329,17.3896970847053,0,9.93923177593388,10.9392317759339,48.0763908340596,49.0763908340596,0,0,0,0,0,0,0,0,0,0,3.10791666666667,0,19.8306522913329,17.3896970847053,0,0,0,2019-01-02 03:45:00
"337",2019-01-02 04:00:00,3.063,0,-0.017790001,0,5.60975,19.5928926025522,17.3758995911113,0,5.76877886499278,6.76877886499278,43.9706744514406,44.9706744514406,0,0,0,0,0,0,0,0,0,0,3.063,0,19.5928926025522,17.3758995911113,0,0,0,2019-01-02 04:00:00
"338",2019-01-02 04:05:00,3.03833333333333,0,-0.017790001,0,5.60975,19.3760791692503,17.3557727628354,0,5.76877886499278,6.76877886499278,43.9706744514406,44.9706744514406,0,0,0,0,0,0,0,0,0,0,3.03833333333333,0,19.3760791692503,17.3557727628354,0,0,0,2019-01-02 04:00:00
"339",2019-01-02 04:10:00,3.01366666666667,0,-0.017790001,0,5.60975,19.1776642992248,17.3301161135181,0,5.76877886499278,6.76877886499278,43.9706744514406,44.9706744514406,0,0,0,0,0,0,0,0,0,0,3.01366666666667,0,19.1776642992248,17.3301161135181,0,0,0,2019-01-02 04:00:00
"340",2019-01-02 04:15:00,2.989,0,-0.017790001,0,5.60975,18.9954129330251,17.2996309114813,0,11.0957108605653,12.0957108605653,35.1104687252082,36.1104687252082,0,0,0,0,0,0,0,0,0,0,2.989,0,18.9954129330251,17.2996309114813,0,0,0,2019-01-02 04:15:00
"341",2019-01-02 04:20:00,2.96433333333333,0,-0.017790001,0,5.60975,18.8273642675516,17.2649322401828,0,11.0957108605653,12.0957108605653,35.1104687252082,36.1104687252082,0,0,0,0,0,0,0,0,0,0,2.96433333333333,0,18.8273642675516,17.2649322401828,0,0,0,2019-01-02 04:15:00
"342",2019-01-02 04:25:00,2.93966666666667,0,-0.017790001,0,5.60975,18.6717980905029,17.2265595782004,0,11.0957108605653,12.0957108605653,35.1104687252082,36.1104687252082,0,0,0,0,0,0,0,0,0,0,2.93966666666667,0,18.6717980905029,17.2265595782004,0,0,0,2019-01-02 04:15:00
"343",2019-01-02 04:30:00,2.915,0,-0.017790001,0,5.60975,19.2772052473995,17.1849860804801,0,18.8950569166336,19.8950569166336,44.3265468352474,45.3265468352474,1,0,9,0,0.638846656364245,0,0.638846656364245,-0.0113650826555666,0,0.0113650826555666,2.915,0,19.2772052473995,17.1849860804801,9,0,0.638846656364245,2019-01-02 04:30:00
"344",2019-01-02 04:35:00,2.89033333333333,0,-0.017790001,0,5.60975,19.4399451575953,17.1616136781386,0,18.8950569166336,19.8950569166336,44.3265468352474,45.3265468352474,1,0,4.41422003080919,0,0.25678683125056,0,0.25678683125056,-0.00456823798473429,0,0.00456823798473429,2.89033333333333,0,19.4399451575953,17.1616136781386,4.41422003080919,0,0.25678683125056,2019-01-02 04:30:00
"345",2019-01-02 04:40:00,2.86566666666667,0,-0.017790001,0,5.60975,19.4674203177144,17.1434417671239,0,18.8950569166336,19.8950569166336,44.3265468352474,45.3265468352474,1,0,3,0,0.139023780573762,0,0.139023780573762,-0.00247323319543101,0,0.00247323319543101,2.86566666666667,0,19.4674203177144,17.1434417671239,3,0,0.139023780573762,2019-01-02 04:30:00
"346",2019-01-02 04:45:00,2.841,0,-0.017790001,0,5.60975,19.2406205880168,17.1265099609199,0,13.2075327790808,14.2075327790808,41.0021716849878,42.0021716849878,0,0,0,0,0,0,0,0,0,0,2.841,0,19.2406205880168,17.1265099609199,0,0,0,2019-01-02 04:45:00
"347",2019-01-02 04:50:00,2.81633333333333,0,-0.017790001,0,5.60975,19.0334505409184,17.1036611763081,0,13.2075327790808,14.2075327790808,41.0021716849878,42.0021716849878,0,0,0,0,0,0,0,0,0,0,2.81633333333333,0,19.0334505409184,17.1036611763081,0,0,0,2019-01-02 04:45:00
"348",2019-01-02 04:55:00,2.79166666666667,0,-0.017790001,0,5.60975,18.8435239685281,17.0756441838937,0,13.2075327790808,14.2075327790808,41.0021716849878,42.0021716849878,0,0,0,0,0,0,0,0,0,0,2.79166666666667,0,18.8435239685281,17.0756441838937,0,0,0,2019-01-02 04:45:00
"349",2019-01-02 05:00:00,2.767,0,-1e-05,0,5.444625,19.4187474734694,17.0431157384313,0,24.5153910890222,25.5153910890222,27.7816761103459,28.7816761103459,1,0,9,0,0.639379388185813,0,0.639379388185813,-6.39379388185813e-06,0,6.39379388185813e-06,2.767,0,19.4187474734694,17.0431157384313,9,0,0.639379388185813,2019-01-02 05:00:00
"350",2019-01-02 05:05:00,2.74791666666667,0,-1e-05,0,5.444625,19.9371199394851,17.0276708287759,0,24.5153910890222,25.5153910890222,27.7816761103459,28.7816761103459,1,0,9,0,0.639448377082356,0,0.639448377082356,-6.39448377082357e-06,0,6.39448377082357e-06,2.74791666666667,0,19.9371199394851,17.0276708287759,9,0,0.639448377082356,2019-01-02 05:00:00
"351",2019-01-02 05:10:00,2.72883333333333,0,-1e-05,0,5.444625,20.4055473159877,17.0271426721538,0,24.5153910890222,25.5153910890222,27.7816761103459,28.7816761103459,1,0,9,0,0.639517434307867,0,0.639517434307867,-6.39517434307867e-06,0,6.39517434307867e-06,2.72883333333333,0,20.4055473159877,17.0271426721538,9,0,0.639517434307867,2019-01-02 05:00:00
"352",2019-01-02 05:15:00,2.70975,0,-1e-05,0,5.444625,20.080088148886,17.0396307816723,0,6.9230241975747,7.9230241975747,31.2252701567486,32.2252701567486,0,0,0,0,0,0,0,0,0,0,2.70975,0,20.080088148886,17.0396307816723,0,0,0,2019-01-02 05:15:00
"353",2019-01-02 05:20:00,2.69066666666667,0,-1e-05,0,5.444625,19.7862258466964,17.0424813181807,0,6.9230241975747,7.9230241975747,31.2252701567486,32.2252701567486,0,0,0,0,0,0,0,0,0,0,2.69066666666667,0,19.7862258466964,17.0424813181807,0,0,0,2019-01-02 05:15:00
"354",2019-01-02 05:25:00,2.67158333333333,0,-1e-05,0,5.444625,19.5201089282728,17.036903358792,0,6.9230241975747,7.9230241975747,31.2252701567486,32.2252701567486,0,0,0,0,0,0,0,0,0,0,2.67158333333333,0,19.5201089282728,17.036903358792,0,0,0,2019-01-02 05:15:00
"355",2019-01-02 05:30:00,2.6525,0,-1e-05,0,5.444625,19.2783585740399,17.0239574441481,0,5.34242804953828,6.34242804953828,24.4271057965234,25.4271057965234,0,0,0,0,0,0,0,0,0,0,2.6525,0,19.2783585740399,17.0239574441481,0,0,0,2019-01-02 05:30:00
"356",2019-01-02 05:35:00,2.63341666666667,0,-1e-05,0,5.444625,19.0580106055077,17.0045738123786,0,5.34242804953828,6.34242804953828,24.4271057965234,25.4271057965234,0,0,0,0,0,0,0,0,0,0,2.63341666666667,0,19.0580106055077,17.0045738123786,0,0,0,2019-01-02 05:30:00
"357",2019-01-02 05:40:00,2.61433333333333,0,-1e-05,0,5.444625,18.8564645870223,16.9795683947677,0,5.34242804953828,6.34242804953828,24.4271057965234,25.4271057965234,0,0,0,0,0,0,0,0,0,0,2.61433333333333,0,18.8564645870223,16.9795683947677,0,0,0,2019-01-02 05:30:00
"358",2019-01-02 05:45:00,2.59525,0,-1e-05,0,5.444625,18.6714391754724,16.9496568478886,0,10.6793125807308,11.6793125807308,26.3077452597208,27.3077452597208,0,0,0,0,0,0,0,0,0,0,2.59525,0,18.6714391754724,16.9496568478886,0,0,0,2019-01-02 05:45:00
"359",2019-01-02 05:50:00,2.57616666666667,0,-1e-05,0,5.444625,18.5009329509893,16.9154668632377,0,10.6793125807308,11.6793125807308,26.3077452597208,27.3077452597208,0,0,0,0,0,0,0,0,0,0,2.57616666666667,0,18.5009329509893,16.9154668632377,0,0,0,2019-01-02 05:45:00
"360",2019-01-02 05:55:00,2.55708333333333,0,-1e-05,0,5.444625,18.3431900558284,16.8775489658091,0,10.6793125807308,11.6793125807308,26.3077452597208,27.3077452597208,0,0,0,0,0,0,0,0,0,0,2.55708333333333,0,18.3431900558284,16.8775489658091,0,0,0,2019-01-02 05:45:00
"361",2019-01-02 06:00:00,2.538,0,0.03743,0,5.27870833333333,18.9466700512077,16.836385987102,0,18.8672193589155,19.8672193589155,29.0700693293475,30.0700693293475,1,0,9,0,0.640211787100179,0,0.640211787100179,0.0239631271911597,0,-0.0239631271911597,2.538,0,18.9466700512077,16.836385987102,9,0,0.640211787100179,2019-01-02 06:00:00
"362",2019-01-02 06:05:00,2.51166666666667,0.167916666666667,0.03743,0,5.27870833333333,19.4104541069557,16.8133630968545,0,18.8672193589155,19.8672193589155,29.0700693293475,30.0700693293475,1,0,8.04659169249315,0,0.560857452455257,0,0.560857452455257,0.0209928944454003,0,-0.0209928944454003,2.51166666666667,0.167916666666667,19.4104541069557,16.8133630968545,8.04659169249315,0,0.560857452455257,2019-01-02 06:00:00
"363",2019-01-02 06:10:00,2.48533333333333,0.335833333333333,0.03743,0,5.27870833333333,19.408198488317,16.8039596758338,0,18.8672193589155,19.8672193589155,29.0700693293475,30.0700693293475,1,0,3,0,0.140404634925484,0,0.140404634925484,0.00525534548526088,0,-0.00525534548526088,2.48533333333333,0.335833333333333,19.408198488317,16.8039596758338,3,0,0.140404634925484,2019-01-02 06:00:00
"364",2019-01-02 06:15:00,2.459,0.50375,0.03743,0,5.27870833333333,19.4053193642958,16.7946755601655,0,18.451091758674,19.451091758674,38.152406972833,39.152406972833,1,0,3,0,0.140501257907762,0,0.140501257907762,0.00525896208348753,0,-0.00525896208348753,2.459,0.50375,19.4053193642958,16.7946755601655,3,0,0.140501257907762,2019-01-02 06:15:00
"365",2019-01-02 06:20:00,2.43266666666667,0.671666666666667,0.03743,0,5.27870833333333,19.4018861523347,16.7854892803649,0,18.451091758674,19.451091758674,38.152406972833,39.152406972833,1,0,3,0,0.140598013968694,0,0.140598013968694,0.00526258366284821,0,-0.00526258366284821,2.43266666666667,0.671666666666667,19.4018861523347,16.7854892803649,3,0,0.140598013968694,2019-01-02 06:15:00
"366",2019-01-02 06:25:00,2.40633333333333,0.839583333333333,0.03743,0,5.27870833333333,19.3979597807792,16.7763820332354,0,18.451091758674,19.451091758674,38.152406972833,39.152406972833,1,0,3,0,0.140694903383403,0,0.140694903383403,0.00526621023364077,0,-0.00526621023364077,2.40633333333333,0.839583333333333,19.3979597807792,16.7763820332354,3,0,0.140694903383403,2019-01-02 06:15:00
"367",2019-01-02 06:30:00,2.38,1.0075,0.03743,0,5.27870833333333,19.8935937308014,16.7673373544323,0,24.8973895618692,25.8973895618692,20.6681360076182,21.6681360076182,1,0,9,0,0.640791926427771,0,0.640791926427771,0.0239848418061915,0,-0.0239848418061915,2.38,1.0075,19.8935937308014,16.7673373544323,9,0,0.640791926427771,2019-01-02 06:30:00
"368",2019-01-02 06:35:00,2.35366666666667,1.17541666666667,0.03743,0,5.27870833333333,20.342056120072,16.7723321364644,0,24.8973895618692,25.8973895618692,20.6681360076182,21.6681360076182,1,0,9,0,0.640889083378441,0,0.640889083378441,0.0239884783908551,0,-0.0239884783908551,2.35366666666667,1.17541666666667,20.342056120072,16.7723321364644,9,0,0.640889083378441,2019-01-02 06:30:00
"369",2019-01-02 06:40:00,2.32733333333333,1.34333333333333,0.03743,0,5.27870833333333,20.7490645072031,16.7895730794253,0,24.8973895618692,25.8973895618692,20.6681360076182,21.6681360076182,1,0,9,0,0.640986374512822,0,0.640986374512822,0.0239921199980149,0,-0.0239921199980149,2.32733333333333,1.34333333333333,20.7490645072031,16.7895730794253,9,0,0.640986374512822,2019-01-02 06:30:00
"370",2019-01-02 06:45:00,2.301,1.51125,0.03743,0,5.27870833333333,20.369634927772,16.8174873336745,0,10.6627650072332,11.6627650072332,49.1699708676897,50.1699708676897,0,0,0,0,0,0,0,0,0,0,2.301,1.51125,20.369634927772,16.8174873336745,0,0,0,2019-01-02 06:45:00
"371",2019-01-02 06:50:00,2.27466666666667,1.67916666666667,0.03743,0,5.27870833333333,20.0283362530346,16.8337084794213,0,10.6627650072332,11.6627650072332,49.1699708676897,50.1699708676897,0,0,0,0,0,0,0,0,0,0,2.27466666666667,1.67916666666667,20.0283362530346,16.8337084794213,0,0,0,2019-01-02 06:45:00
"372",2019-01-02 06:55:00,2.24833333333333,1.84708333333333,0.03743,0,5.27870833333333,19.720514728461,16.8396977321449,0,10.6627650072332,11.6627650072332,49.1699708676897,50.1699708676897,0,0,0,0,0,0,0,0,0,0,2.24833333333333,1.84708333333333,19.720514728461,16.8396977321449,0,0,0,2019-01-02 06:45:00
"373",2019-01-02 07:00:00,2.222,2.015,0.048060001,1,5.10358333333333,20.1920877441391,16.8367368207344,0,21.9497074414976,22.9497074414976,21.450240531005,22.450240531005,1,0,9,0,0.641376886462484,0,0.641376886462484,0.0308245738047639,0,-0.864157907138097,2.222,2.015,20.1920877441391,16.8367368207344,9,0,0.641376886462484,2019-01-02 07:00:00
"374",2019-01-02 07:05:00,2.21125,5.19375,0.048060001,1,5.10358333333333,20.6203255764808,16.847318749732,0,21.9497074414976,22.9497074414976,21.450240531005,22.450240531005,1,0,9,0,0.641416862617407,0,0.641416862617407,0.0308264950588094,0,-0.864159828392143,2.21125,5.19375,20.6203255764808,16.847318749732,9,0,0.641416862617407,2019-01-02 07:00:00
"375",2019-01-02 07:10:00,2.2005,8.3725,0.048060001,1,5.10358333333333,21.0105407244383,16.8697743137976,0,21.9497074414976,22.9497074414976,21.450240531005,22.450240531005,1,0,9,0,0.64145686138628,0,0.64145686138628,0.0308284173996815,1,-0.0308284173996815,2.2005,8.3725,21.0105407244383,16.8697743137976,9,0,0.64145686138628,2019-01-02 07:00:00
"376",2019-01-02 07:15:00,2.18975,11.55125,0.048060001,1,5.10358333333333,21.3673935890296,16.9026392395934,0,23.9607365524862,24.9607365524862,41.9326279107481,42.9326279107481,1,0,9,0,0.641496882788298,0,0.641496882788298,0.0308303408283025,1,-0.0308303408283025,2.18975,11.55125,21.3673935890296,16.9026392395934,9,0,0.641496882788298,2019-01-02 07:15:00
"377",2019-01-02 07:20:00,2.179,14.73,0.048060001,1,5.10358333333333,21.6949725207431,16.944629029448,0,23.9607365524862,24.9607365524862,41.9326279107481,42.9326279107481,1,0,9,0,0.641536926842676,0,0.641536926842676,0.0308322653455959,1,-0.0308322653455959,2.179,14.73,21.6949725207431,16.944629029448,9,0,0.641536926842676,2019-01-02 07:15:00
"378",2019-01-02 07:25:00,2.16825,17.90875,0.048060001,1,5.10358333333333,21.9968640408141,16.9946168930592,0,23.9607365524862,24.9607365524862,41.9326279107481,42.9326279107481,1,0,9,0,0.641576993568653,0,0.641576993568653,0.0308341909524864,1,-0.0308341909524864,2.16825,17.90875,21.9968640408141,16.9946168930592,9,0,0.641576993568653,2019-01-02 07:15:00
"379",2019-01-02 07:30:00,2.1575,21.0875,0.048060001,1,5.10358333333333,22.2335671129765,17.0516143881665,0,21.9542167112231,22.9542167112231,27.7205039542168,28.7205039542168,1,0,8.48823204490887,0,0.598969753394559,0,0.598969753394559,0.0287864869471122,1,-0.0287864869471122,2.1575,21.0875,22.2335671129765,17.0516143881665,8.48823204490887,0,0.598969753394559,2019-01-02 07:30:00
"380",2019-01-02 07:35:00,2.14675,24.26625,0.048060001,1,5.10358333333333,22.2177760840059,17.1135610540438,0,21.9542167112231,22.9542167112231,27.7205039542168,28.7205039542168,1,0,5.64779517895974,0,0.362306793359103,0,0.362306793359103,0.0174124648511453,1,-0.0174124648511453,2.14675,24.26625,22.2177760840059,17.1135610540438,5.64779517895974,0,0.362306793359103,2019-01-02 07:30:00
"381",2019-01-02 07:40:00,2.136,27.445,0.048060001,1,5.10358333333333,22.226067601663,17.1732245937509,0,21.9542167112231,22.9542167112231,27.7205039542168,28.7205039542168,1,0,5.83728752660686,0,0.37813795718611,0,0.37813795718611,0.0181733106005024,1,-0.0181733106005024,2.136,27.445,22.226067601663,17.1732245937509,5.83728752660686,0,0.37813795718611,2019-01-02 07:30:00
"382",2019-01-02 07:45:00,2.12525,30.62375,0.048060001,1,5.10358333333333,21.753744795437,17.2313558715175,0,9.65167739801109,10.6516773980111,26.4162651174702,27.4162651174702,0,0,0,0,0,0,0,0,1,0,2.12525,30.62375,21.753744795437,17.2313558715175,0,0,0,2019-01-02 07:45:00
"383",2019-01-02 07:50:00,2.1145,33.8025,0.048060001,1,5.10358333333333,21.3320710937824,17.2745577015241,0,9.65167739801109,10.6516773980111,26.4162651174702,27.4162651174702,0,0,0,0,0,0,0,0,1,0,2.1145,33.8025,21.3320710937824,17.2745577015241,0,0,0,2019-01-02 07:45:00
"384",2019-01-02 07:55:00,2.10375,36.98125,0.048060001,1,5.10358333333333,20.9549209054192,17.3047506988237,0,9.65167739801109,10.6516773980111,26.4162651174702,27.4162651174702,0,0,0,0,0,0,0,0,0,-0.833333333333333,2.10375,36.98125,20.9549209054192,17.3047506988237,0,0,0,2019-01-02 07:45:00
"385",2019-01-02 08:00:00,2.093,40.16,0.050740002,1,4.929,20.3821395827826,17.3236193181711,1,16.4803353266325,17.4803353266325,47.092987914104,48.092987914104,0,0,0,0,0,0,0,0,0,-0.833333333333333,2.093,40.16,20.3821395827826,17.3236193181711,0,0,0,2019-01-02 08:00:00
"386",2019-01-02 08:05:00,2.09316666666667,45.6466666666667,0.050740002,1,4.929,19.8736713805153,17.3263578195097,1,16.4803353266325,17.4803353266325,47.092987914104,48.092987914104,0,0,0,0,0,0,0,0,0,-0.833333333333333,2.09316666666667,45.6466666666667,19.8736713805153,17.3263578195097,0,0,0,2019-01-02 08:00:00
"387",2019-01-02 08:10:00,2.09333333333333,51.1333333333333,0.050740002,1,4.929,19.4212002622683,17.3153096512756,1,16.4803353266325,17.4803353266325,47.092987914104,48.092987914104,0,0,0,0,0,0,0,0,0,-0.833333333333333,2.09333333333333,51.1333333333333,19.4212002622683,17.3153096512756,0,0,0,2019-01-02 08:00:00
"388",2019-01-02 08:15:00,2.0935,56.62,0.050740002,1,4.929,19.7675094447326,17.2925065521284,1,21.4826849636156,22.4826849636156,38.9688270078041,39.9688270078041,1,0,9,0,0.641856225594523,0,0.641856225594523,0.0325677861703785,0,-0.865901119503712,2.0935,56.62,19.7675094447326,17.2925065521284,9,0,0.641856225594523,2019-01-02 08:15:00
"389",2019-01-02 08:20:00,2.09366666666667,62.1066666666667,0.050740002,1,4.929,20.076832168648,17.28069677755,1,21.4826849636156,22.4826849636156,38.9688270078041,39.9688270078041,1,0,9,0,0.641855601778415,0,0.641855601778415,0.032567754517948,0,-0.865901087851281,2.09366666666667,62.1066666666667,20.076832168648,17.28069677755,9,0,0.641855601778415,2019-01-02 08:15:00
"390",2019-01-02 08:25:00,2.09383333333333,67.5933333333333,0.050740002,1,4.929,20.3541104880361,17.2784747286748,1,21.4826849636156,22.4826849636156,38.9688270078041,39.9688270078041,1,0,9,0,0.641854977967794,0,0.641854977967794,0.0325677228657958,0,-0.865901056199129,2.09383333333333,67.5933333333333,20.3541104880361,17.2784747286748,9,0,0.641854977967794,2019-01-02 08:15:00
"391",2019-01-02 08:30:00,2.094,73.08,0.050740002,1,4.929,19.8536319911996,17.2846204855801,1,16.1972713109571,17.1972713109571,41.3030674802139,42.3030674802139,0,0,0,0,0,0,0,0,0,-0.833333333333333,2.094,73.08,19.8536319911996,17.2846204855801,0,0,0,2019-01-02 08:30:00
"392",2019-01-02 08:35:00,2.09416666666667,78.5666666666667,0.050740002,1,4.929,19.4086201714875,17.2770882759128,1,16.1972713109571,17.1972713109571,41.3030674802139,42.3030674802139,0,0,0,0,0,0,0,0,0,-0.833333333333333,2.09416666666667,78.5666666666667,19.4086201714875,17.2770882759128,0,0,0,2019-01-02 08:30:00
"393",2019-01-02 08:40:00,2.09433333333333,84.0533333333333,0.050740002,1,4.929,19.0119245701247,17.2578913314267,1,16.1972713109571,17.1972713109571,41.3030674802139,42.3030674802139,0,0,0,0,0,0,0,0,0,-0.833333333333333,2.09433333333333,84.0533333333333,19.0119245701247,17.2578913314267,0,0,0,2019-01-02 08:30:00
"394",2019-01-02 08:45:00,2.0945,89.54,0.050740002,1,4.929,18.6573397464564,17.2287749226953,1,14.774459118722,15.774459118722,24.416425680276,25.416425680276,0,0,0,0,0,0,0,0,0,-0.833333333333333,2.0945,89.54,18.6573397464564,17.2287749226953,0,0,0,2019-01-02 08:45:00
"395",2019-01-02 08:50:00,2.09466666666667,95.0266666666667,0.050740002,1,4.929,18.3394802071083,17.1912518370402,1,14.774459118722,15.774459118722,24.416425680276,25.416425680276,0,0,0,0,0,0,0,0,0,-0.833333333333333,2.09466666666667,95.0266666666667,18.3394802071083,17.1912518370402,0,0,0,2019-01-02 08:45:00
"396",2019-01-02 08:55:00,2.09483333333333,100.513333333333,0.050740002,1,4.929,18.0536718892606,17.1466331605732,1,14.774459118722,15.774459118722,24.416425680276,25.416425680276,0,0,0,0,0,0,0,0,0,-0.833333333333333,2.09483333333333,100.513333333333,18.0536718892606,17.1466331605732,0,0,0,2019-01-02 08:45:00
"397",2019-01-02 09:00:00,2.095,106,0.048110001,1,4.74983333333333,17.7958580069579,17.096054985893,1,16.5253215855919,17.5253215855919,34.1691674483009,35.1691674483009,0,0,0,0,0,0,0,0,0,-0.833333333333333,2.095,106,17.7958580069579,17.096054985893,0,0,0,2019-01-02 09:00:00
"398",2019-01-02 09:05:00,2.1075,110.4,0.048110001,1,4.74983333333333,17.5623144735543,17.0404667059343,1,16.5253215855919,17.5253215855919,34.1691674483009,35.1691674483009,0,0,0,0,0,0,0,0,0,-0.833333333333333,2.1075,110.4,17.5623144735543,17.0404667059343,0,0,0,2019-01-02 09:00:00
"399",2019-01-02 09:10:00,2.12,114.8,0.048110001,1,4.74983333333333,17.3500030607673,16.9807163755779,1,16.5253215855919,17.5253215855919,34.1691674483009,35.1691674483009,0,0,0,0,0,0,0,0,0,-0.833333333333333,2.12,114.8,17.3500030607673,16.9807163755779,0,0,0,2019-01-02 09:00:00
"400",2019-01-02 09:15:00,2.1325,119.2,0.048110001,1,4.74983333333333,17.9062863939003,16.917538441421,1,25.3778817916755,26.3778817916755,29.5762479985133,30.5762479985133,1,0,9,0,0.641710402039496,0,0.641710402039496,0.0308726880838306,0,-0.864206021417164,2.1325,119.2,17.9062863939003,16.917538441421,9,0,0.641710402039496,2019-01-02 09:15:00
"401",2019-01-02 09:20:00,2.145,123.6,0.048110001,1,4.74983333333333,18.3993711607581,16.8725557466814,1,25.3778817916755,26.3778817916755,29.5762479985133,30.5762479985133,1,0,9,0,0.641663727144328,0,0.641663727144328,0.0308704425545774,0,-0.864203775887911,2.145,123.6,18.3993711607581,16.8725557466814,9,0,0.641663727144328,2019-01-02 09:15:00
"402",2019-01-02 09:25:00,2.1575,128,0.048110001,1,4.74983333333333,18.8376471038515,16.8433864090074,1,25.3778817916755,26.3778817916755,29.5762479985133,30.5762479985133,1,0,9,0,0.641617082985486,0,0.641617082985486,0.0308681985040488,0,-0.864201531837382,2.1575,128,18.8376471038515,16.8433864090074,9,0,0.641617082985486,2019-01-02 09:15:00
"403",2019-01-02 09:30:00,2.17,132.4,0.048110001,1,4.74983333333333,19.2283933288327,16.8279636140482,1,21.2337939629797,22.2337939629797,36.1040453128517,37.1040453128517,1,0,9,0,0.641570469532619,0,0.641570469532619,0.0308659559307848,0,-0.864199289264118,2.17,132.4,19.2283933288327,16.8279636140482,9,0,0.641570469532619,2019-01-02 09:30:00
"404",2019-01-02 09:35:00,2.1825,136.8,0.048110001,1,4.74983333333333,19.5779253080776,16.8244939149548,1,21.2337939629797,22.2337939629797,36.1040453128517,37.1040453128517,1,0,9,0,0.641523886755416,0,0.641523886755416,0.030863714833327,0,-0.86419704816666,2.1825,136.8,19.5779253080776,16.8244939149548,9,0,0.641523886755416,2019-01-02 09:30:00
"405",2019-01-02 09:40:00,2.195,141.2,0.048110001,1,4.74983333333333,19.8917224270848,16.8314210512858,1,21.2337939629797,22.2337939629797,36.1040453128517,37.1040453128517,1,0,9,0,0.641477334623607,0,0.641477334623607,0.030861475210219,0,-0.864194808543552,2.195,141.2,19.8917224270848,16.8314210512858,9,0,0.641477334623607,2019-01-02 09:30:00
"406",2019-01-02 09:45:00,2.2075,145.6,0.048110001,1,4.74983333333333,20.1745386490128,16.8473945567785,1,19.8959689142648,20.8959689142648,23.8241351447068,24.8241351447068,1,0,9,0,0.641430813106959,0,0.641430813106959,0.0308592370600066,0,-0.86419257039334,2.2075,145.6,20.1745386490128,16.8473945567785,9,0,0.641430813106959,2019-01-02 09:45:00
"407",2019-01-02 09:50:00,2.22,150,0.048110001,1,4.74983333333333,20.1519287970681,16.8712425221381,1,19.8959689142648,20.8959689142648,23.8241351447068,24.8241351447068,1,0,5.65716318302357,0,0.362814587427247,0,0.362814587427247,0.0174550101639394,0,-0.850788343497273,2.22,150,20.1519287970681,16.8712425221381,5.65716318302357,0,0.362814587427247,2019-01-02 09:45:00
"408",2019-01-02 09:55:00,2.2325,154.4,0.048110001,1,4.74983333333333,20.158180701688,16.8941528545123,1,19.8959689142648,20.8959689142648,23.8241351447068,24.8241351447068,1,0,5.92848140636062,0,0.385377978995143,0,0.385377978995143,0.0185405349548343,0,-0.851873868288168,2.2325,154.4,20.158180701688,16.8941528545123,5.92848140636062,0,0.385377978995143,2019-01-02 09:45:00
"409",2019-01-02 10:00:00,2.245,158.8,0.04866,1,4.57670833333333,19.6734977952223,16.9169647918912,1,18.2570981683675,19.2570981683675,36.6196519606747,37.6196519606747,0,0,0,0,0,0,0,0,0,-0.833333333333333,2.245,158.8,19.6734977952223,16.9169647918912,0,0,0,2019-01-02 10:00:00
"410",2019-01-02 10:05:00,2.24233333333333,159.641666666667,0.04866,1,4.57670833333333,19.2425603455871,16.9255114471524,1,18.2570981683675,19.2570981683675,36.6196519606747,37.6196519606747,0,0,0,0,0,0,0,0,0,-0.833333333333333,2.24233333333333,159.641666666667,19.2425603455871,16.9255114471524,0,0,0,2019-01-02 10:00:00
"411",2019-01-02 10:10:00,2.23966666666667,160.483333333333,0.04866,1,4.57670833333333,18.8583457890057,16.9217776881552,1,18.2570981683675,19.2570981683675,36.6196519606747,37.6196519606747,0,0,0,0,0,0,0,0,0,-0.833333333333333,2.23966666666667,160.483333333333,18.8583457890057,16.9217776881552,0,0,0,2019-01-02 10:00:00
"412",2019-01-02 10:15:00,2.237,161.325,0.04866,1,4.57670833333333,18.5147603872433,16.9074849566552,1,11.1344142579474,12.1344142579474,26.6150889457203,27.6150889457203,0,0,0,0,0,0,0,0,0,-0.833333333333333,2.237,161.325,18.5147603872433,16.9074849566552,0,0,0,2019-01-02 10:15:00
"413",2019-01-02 10:20:00,2.23433333333333,162.166666666667,0.04866,1,4.57670833333333,18.20651629458,16.884126140229,1,11.1344142579474,12.1344142579474,26.6150889457203,27.6150889457203,0,0,0,0,0,0,0,0,0,-0.833333333333333,2.23433333333333,162.166666666667,18.20651629458,16.884126140229,0,0,0,2019-01-02 10:15:00
"414",2019-01-02 10:25:00,2.23166666666667,163.008333333333,0.04866,1,4.57670833333333,17.9290248959804,16.8529958285661,1,11.1344142579474,12.1344142579474,26.6150889457203,27.6150889457203,0,0,0,0,0,0,0,0,0,-0.833333333333333,2.23166666666667,163.008333333333,17.9290248959804,16.8529958285661,0,0,0,2019-01-02 10:15:00
"415",2019-01-02 10:30:00,2.229,163.85,0.04866,1,4.57670833333333,17.6783042628266,16.8152165650434,1,17.5514832171611,18.5514832171611,25.9867878751829,26.9867878751829,0,0,0,0,0,0,0,0,0,-0.833333333333333,2.229,163.85,17.6783042628266,16.8152165650434,0,0,0,2019-01-02 10:30:00
"416",2019-01-02 10:35:00,2.22633333333333,164.691666666667,0.04866,1,4.57670833333333,17.4508988576372,16.7717616236436,1,17.5514832171611,18.5514832171611,25.9867878751829,26.9867878751829,0,0,0,0,0,0,0,0,0,-0.833333333333333,2.22633333333333,164.691666666667,17.4508988576372,16.7717616236436,0,0,0,2019-01-02 10:30:00
"417",2019-01-02 10:40:00,2.22366666666667,165.533333333333,0.04866,1,4.57670833333333,17.9938098665134,16.7234747711163,1,17.5514832171611,18.5514832171611,25.9867878751829,26.9867878751829,1,0,9,0,0.64137069063258,0,0.64137069063258,0.0312090978061813,0,-0.864542431139515,2.22366666666667,165.533333333333,17.9938098665134,16.7234747711163,9,0,0.64137069063258,2019-01-02 10:30:00
"418",2019-01-02 10:45:00,2.221,166.375,0.04866,1,4.57670833333333,17.7249310085078,16.6920743712766,1,11.322289022617,12.322289022617,28.0606904234737,29.0606904234737,0,0,0,0,0,0,0,0,0,-0.833333333333333,2.221,166.375,17.7249310085078,16.6920743712766,0,0,0,2019-01-02 10:45:00
"419",2019-01-02 10:50:00,2.21833333333333,167.216666666667,0.04866,1,4.57670833333333,17.4818848518458,16.6542751265085,1,11.322289022617,12.322289022617,28.0606904234737,29.0606904234737,0,0,0,0,0,0,0,0,0,-0.833333333333333,2.21833333333333,167.216666666667,17.4818848518458,16.6542751265085,0,0,0,2019-01-02 10:45:00
"420",2019-01-02 10:55:00,2.21566666666667,168.058333333333,0.04866,1,4.57670833333333,17.2613385340245,16.6110156293833,1,11.322289022617,12.322289022617,28.0606904234737,29.0606904234737,0,0,0,0,0,0,0,0,0,-0.833333333333333,2.21566666666667,168.058333333333,17.2613385340245,16.6110156293833,0,0,0,2019-01-02 10:45:00
"421",2019-01-02 11:00:00,2.213,168.9,0.049939999,1,4.4005,17.0603996899823,16.56310956723,1,5.65757017373107,6.65757017373107,19.6844186615199,20.6844186615199,0,0,0,0,0,0,0,0,0,-0.833333333333333,2.213,168.9,17.0603996899823,16.56310956723,0,0,0,2019-01-02 11:00:00
"422",2019-01-02 11:05:00,2.22,166.575,0.049939999,1,4.4005,16.8756226600913,16.5110100505741,1,5.65757017373107,6.65757017373107,19.6844186615199,20.6844186615199,0,0,0,0,0,0,0,0,0,-0.833333333333333,2.22,166.575,16.8756226600913,16.5110100505741,0,0,0,2019-01-02 11:00:00
"423",2019-01-02 11:10:00,2.227,164.25,0.049939999,1,4.4005,16.7049046299395,16.4553107043376,1,5.65757017373107,6.65757017373107,19.6844186615199,20.6844186615199,0,0,0,0,0,0,0,0,0,-0.833333333333333,2.227,164.25,16.7049046299395,16.4553107043376,0,0,0,2019-01-02 11:00:00
"424",2019-01-02 11:15:00,2.234,161.925,0.049939999,1,4.4005,17.2964208430414,16.3965262981536,1,20.3190823558252,21.3190823558252,44.9318389110267,45.9318389110267,1,0,9,0,0.641332288605056,0,0.641332288605056,0.0320281338516042,0,-0.865361467184937,2.234,161.925,17.2964208430414,16.3965262981536,9,0,0.641332288605056,2019-01-02 11:15:00
"425",2019-01-02 11:20:00,2.241,159.6,0.049939999,1,4.4005,17.8190840553375,16.3560901434891,1,20.3190823558252,21.3190823558252,44.9318389110267,45.9318389110267,1,0,9,0,0.641306286179708,0,0.641306286179708,0.0320268352905083,0,-0.865360168623842,2.241,159.6,17.8190840553375,16.3560901434891,9,0,0.641306286179708,2019-01-02 11:15:00
"426",2019-01-02 11:25:00,2.248,157.275,0.049939999,1,4.4005,18.2818976227981,16.331456973611,1,20.3190823558252,21.3190823558252,44.9318389110267,45.9318389110267,1,0,9,0,0.641280293320494,0,0.641280293320494,0.0320255372071452,0,-0.865358870540478,2.248,157.275,18.2818976227981,16.331456973611,9,0,0.641280293320494,2019-01-02 11:15:00
"427",2019-01-02 11:30:00,2.255,154.95,0.049939999,1,4.4005,17.9426740396653,16.3204192685198,1,8.60254514124244,9.60254514124244,31.0697124623694,32.0697124623694,0,0,0,0,0,0,0,0,0,-0.833333333333333,2.255,154.95,17.9426740396653,16.3204192685198,0,0,0,2019-01-02 11:30:00
"428",2019-01-02 11:35:00,2.262,152.625,0.049939999,1,4.4005,17.6376962973147,16.300075587109,1,8.60254514124244,9.60254514124244,31.0697124623694,32.0697124623694,0,0,0,0,0,0,0,0,0,-0.833333333333333,2.262,152.625,17.6376962973147,16.300075587109,0,0,0,2019-01-02 11:30:00
"429",2019-01-02 11:40:00,2.269,150.3,0.049939999,1,4.4005,17.3624696193669,16.2716979525343,1,8.60254514124244,9.60254514124244,31.0697124623694,32.0697124623694,0,0,0,0,0,0,0,0,0,-0.833333333333333,2.269,150.3,17.3624696193669,16.2716979525343,0,0,0,2019-01-02 11:30:00
"430",2019-01-02 11:45:00,2.276,147.975,0.049939999,1,4.4005,17.1130938720119,16.2363897282816,1,16.8393891812302,17.8393891812302,25.0089105502702,26.0089105502702,0,0,0,0,0,0,0,0,0,-0.833333333333333,2.276,147.975,17.1130938720119,16.2363897282816,0,0,0,2019-01-02 11:45:00
"431",2019-01-02 11:50:00,2.283,145.65,0.049939999,1,4.4005,16.886184860063,16.1951079438923,1,16.8393891812302,17.8393891812302,25.0089105502702,26.0089105502702,0,0,0,0,0,0,0,0,0,-0.833333333333333,2.283,145.65,16.886184860063,16.1951079438923,0,0,0,2019-01-02 11:45:00
"432",2019-01-02 11:55:00,2.29,143.325,0.049939999,1,4.4005,16.6788060401315,16.148682665672,1,16.8393891812302,17.8393891812302,25.0089105502702,26.0089105502702,0,0,0,0,0,0,0,0,0,-0.833333333333333,2.29,143.325,16.6788060401315,16.148682665672,0,0,0,2019-01-02 11:45:00
"433",2019-01-02 12:00:00,2.297,141,0.047259998,1,4.24070833333333,17.2384092721289,16.0978338035054,1,19.1230866468977,20.1230866468977,29.1453468943946,30.1453468943946,1,0,9,0,0.641098610714859,0,0.641098610714859,0.030298319060187,0,-0.86363165239352,2.297,141,17.2384092721289,16.0978338035054,9,0,0.641098610714859,2019-01-02 12:00:00
"434",2019-01-02 12:05:00,2.29533333333333,136.005,0.047259998,1,4.24070833333333,17.7322705492074,16.0638636251168,1,19.1230866468977,20.1230866468977,29.1453468943946,30.1453468943946,1,0,9,0,0.641104782718389,0,0.641104782718389,0.0302986107490615,0,-0.863631944082395,2.29533333333333,136.005,17.7322705492074,16.0638636251168,9,0,0.641104782718389,2019-01-02 12:00:00
"435",2019-01-02 12:10:00,2.29366666666667,131.01,0.047259998,1,4.24070833333333,18.1689269147681,16.0443634629306,1,19.1230866468977,20.1230866468977,29.1453468943946,30.1453468943946,1,0,9,0,0.641110955261901,0,0.641110955261901,0.0302989024634555,0,-0.863632235796789,2.29366666666667,131.01,18.1689269147681,16.0443634629306,9,0,0.641110955261901,2019-01-02 12:00:00
"436",2019-01-02 12:15:00,2.292,126.015,0.047259998,1,4.24070833333333,17.8057866723153,16.0372447422534,1,8.08679781365208,9.08679781365208,44.9104035208002,45.9104035208002,0,0,0,0,0,0,0,0,0,-0.833333333333333,2.292,126.015,17.8057866723153,16.0372447422534,0,0,0,2019-01-02 12:15:00
"437",2019-01-02 12:20:00,2.29033333333333,121.02,0.047259998,1,4.24070833333333,17.4787825190113,16.0197096469351,1,8.08679781365208,9.08679781365208,44.9104035208002,45.9104035208002,0,0,0,0,0,0,0,0,0,-0.833333333333333,2.29033333333333,121.02,17.4787825190113,16.0197096469351,0,0,0,2019-01-02 12:15:00
"438",2019-01-02 12:25:00,2.28866666666667,116.025,0.047259998,1,4.24070833333333,17.1831161441924,15.9931205294019,1,8.08679781365208,9.08679781365208,44.9104035208002,45.9104035208002,0,0,0,0,0,0,0,0,0,-0.833333333333333,2.28866666666667,116.025,17.1831161441924,15.9931205294019,0,0,0,2019-01-02 12:15:00
"439",2019-01-02 12:30:00,2.287,111.03,0.047259998,1,4.24070833333333,17.6646244477077,15.9586595434318,1,24.4998090583831,25.4998090583831,45.6677235667594,46.6677235667594,1,0,9,0,0.641135650837174,0,0.641135650837174,0.0303000695762936,0,-0.863633402909627,2.287,111.03,17.6646244477077,15.9586595434318,9,0,0.641135650837174,2019-01-02 12:30:00
"440",2019-01-02 12:35:00,2.28533333333333,106.035,0.047259998,1,4.24070833333333,18.0901917194342,15.9383394519576,1,24.4998090583831,25.4998090583831,45.6677235667594,46.6677235667594,1,0,9,0,0.641141826081654,0,0.641141826081654,0.0303003614183353,0,-0.863633694751669,2.28533333333333,106.035,18.0901917194342,15.9383394519576,9,0,0.641141826081654,2019-01-02 12:30:00
"441",2019-01-02 12:40:00,2.28366666666667,101.04,0.047259998,1,4.24070833333333,18.4670617091629,15.9301181427177,1,24.4998090583831,25.4998090583831,45.6677235667594,46.6677235667594,1,0,9,0,0.641148001866541,0,0.641148001866541,0.0303006532859167,0,-0.86363398661925,2.28366666666667,101.04,18.4670617091629,15.9301181427177,9,0,0.641148001866541,2019-01-02 12:30:00
"442",2019-01-02 12:45:00,2.282,96.045,0.047259998,1,4.24070833333333,18.0515205761865,15.9322250488141,1,5.71729516144842,6.71729516144842,37.16457735328,38.16457735328,0,0,0,0,0,0,0,0,0,-0.833333333333333,2.282,96.045,18.0515205761865,15.9322250488141,0,0,0,2019-01-02 12:45:00
"443",2019-01-02 12:50:00,2.28033333333333,91.05,0.047259998,1,4.24070833333333,17.6785273699894,15.9221382402764,1,5.71729516144842,6.71729516144842,37.16457735328,38.16457735328,0,0,0,0,0,0,0,0,0,-0.833333333333333,2.28033333333333,91.05,17.6785273699894,15.9221382402764,0,0,0,2019-01-02 12:45:00
"444",2019-01-02 12:55:00,2.27866666666667,86.055,0.047259998,1,4.24070833333333,17.3424389741955,15.9014594094748,1,5.71729516144842,6.71729516144842,37.16457735328,38.16457735328,0,0,0,0,0,0,0,0,0,-0.833333333333333,2.27866666666667,86.055,17.3424389741955,15.9014594094748,0,0,0,2019-01-02 12:45:00
"445",2019-01-02 13:00:00,2.277,81.06,0.05093,1,4.0985,17.788359271788,15.8715783413235,1,21.3959157597274,22.3959157597274,49.1632597083226,50.1632597083226,1,0,9,0,0.641172710411572,0,0.641172710411572,0.0326549261412614,0,-0.865988259474595,2.277,81.06,17.788359271788,15.8715783413235,9,0,0.641172710411572,2019-01-02 13:00:00
"446",2019-01-02 13:05:00,2.25658333333333,75.6058333333333,0.05093,1,4.0985,18.1821368403753,15.8545358651007,1,21.3959157597274,22.3959157597274,49.1632597083226,50.1632597083226,1,0,9,0,0.641248434172827,0,0.641248434172827,0.0326587827524221,0,-0.865992116085755,2.25658333333333,75.6058333333333,18.1821368403753,15.8545358651007,9,0,0.641248434172827,2019-01-02 13:00:00
"447",2019-01-02 13:10:00,2.23616666666667,70.1516666666667,0.05093,1,4.0985,18.5304918038307,15.8484400598839,1,21.3959157597274,22.3959157597274,49.1632597083226,50.1632597083226,1,0,9,0,0.641324239212756,0,0.641324239212756,0.0326626435031057,0,-0.865995976836439,2.23616666666667,70.1516666666667,18.5304918038307,15.8484400598839,9,0,0.641324239212756,2019-01-02 13:00:00
"448",2019-01-02 13:15:00,2.21575,64.6975,0.05093,1,4.0985,18.0892561556067,15.8516508342489,1,7.31791278370656,8.31791278370656,28.9077069195919,29.9077069195919,0,0,0,0,0,0,0,0,0,-0.833333333333333,2.21575,64.6975,18.0892561556067,15.8516508342489,0,0,0,2019-01-02 13:15:00
"449",2019-01-02 13:20:00,2.19533333333333,59.2433333333333,0.05093,1,4.0985,17.6929950446609,15.8417596261951,1,7.31791278370656,8.31791278370656,28.9077069195919,29.9077069195919,0,0,0,0,0,0,0,0,0,-0.833333333333333,2.19533333333333,59.2433333333333,17.6929950446609,15.8417596261951,0,0,0,2019-01-02 13:15:00
"450",2019-01-02 13:25:00,2.17491666666667,53.7891666666667,0.05093,1,4.0985,17.3357237416542,15.8204666516895,1,7.31791278370656,8.31791278370656,28.9077069195919,29.9077069195919,0,0,0,0,0,0,0,0,0,-0.833333333333333,2.17491666666667,53.7891666666667,17.3357237416542,15.8204666516895,0,0,0,2019-01-02 13:15:00
"451",2019-01-02 13:30:00,2.1545,48.335,0.05093,1,4.0985,17.0122498823518,15.7892473384655,1,8.27151794359088,9.27151794359088,21.9983507534489,22.9983507534489,0,0,0,0,0,0,0,0,0,-0.833333333333333,2.1545,48.335,17.0122498823518,15.7892473384655,0,0,0,2019-01-02 13:30:00
"452",2019-01-02 13:35:00,2.13408333333333,42.8808333333333,0.05093,1,4.0985,16.71806858963,15.749382076819,1,8.27151794359088,9.27151794359088,21.9983507534489,22.9983507534489,0,0,0,0,0,0,0,0,0,-0.833333333333333,2.13408333333333,42.8808333333333,16.71806858963,15.749382076819,0,0,0,2019-01-02 13:30:00
"453",2019-01-02 13:40:00,2.11366666666667,37.4266666666667,0.05093,1,4.0985,16.4492714769902,15.7019820326474,1,8.27151794359088,9.27151794359088,21.9983507534489,22.9983507534489,0,0,0,0,0,0,0,0,0,-0.833333333333333,2.11366666666667,37.4266666666667,16.4492714769902,15.7019820326474,0,0,0,2019-01-02 13:30:00
"454",2019-01-02 13:45:00,2.09325,31.9725,0.05093,1,4.0985,16.9524676962446,15.6480115439262,1,24.45116183348,25.45116183348,39.4531190400012,40.4531190400012,1,0,9,0,0.641857161328972,0,0.641857161328972,0.0326897852264845,0,-0.866023118559818,2.09325,31.9725,16.9524676962446,15.6480115439262,9,0,0.641857161328972,2019-01-02 13:45:00
"455",2019-01-02 13:50:00,2.07283333333333,26.5183333333333,0.05093,1,4.0985,17.3952116910885,15.6092945107007,1,24.45116183348,25.45116183348,39.4531190400012,40.4531190400012,1,0,9,0,0.641933621335575,0,0.641933621335575,0.0326936793346209,0,-0.866027012667954,2.07283333333333,26.5183333333333,17.3952116910885,15.6092945107007,9,0,0.641933621335575,2019-01-02 13:45:00
"456",2019-01-02 13:55:00,2.05241666666667,21.0641666666667,0.05093,1,4.0985,17.7853287796902,15.5836250776653,1,24.45116183348,25.45116183348,39.4531190400012,40.4531190400012,1,0,9,0,0.642010163809434,0,0.642010163809434,0.0326975776428145,0,-0.866030910976148,2.05241666666667,21.0641666666667,17.7853287796902,15.5836250776653,9,0,0.642010163809434,2019-01-02 13:45:00
"457",2019-01-02 14:00:00,2.032,15.61,0.052380001,1,3.96245833333333,17.3796098284687,15.5690907289969,1,14.4449920104817,15.4449920104817,19.7608668222092,20.7608668222092,0,0,0,0,0,0,0,0,0,-0.833333333333333,2.032,15.61,17.3796098284687,15.5690907289969,0,0,0,2019-01-02 14:00:00
"458",2019-01-02 14:05:00,2.0395,14.3091666666667,0.052380001,1,3.96245833333333,17.0152107868214,15.5436099248156,1,14.4449920104817,15.4449920104817,19.7608668222092,20.7608668222092,0,0,0,0,0,0,0,0,0,-0.833333333333333,2.0395,14.3091666666667,17.0152107868214,15.5436099248156,0,0,0,2019-01-02 14:00:00
"459",2019-01-02 14:10:00,2.047,13.0083333333333,0.052380001,1,3.96245833333333,16.686734587526,15.5087079451489,1,14.4449920104817,15.4449920104817,19.7608668222092,20.7608668222092,0,0,0,0,0,0,0,0,0,-0.833333333333333,2.047,13.0083333333333,16.686734587526,15.5087079451489,0,0,0,2019-01-02 14:00:00
"460",2019-01-02 14:15:00,2.0545,11.7075,0.052380001,1,3.96245833333333,16.3894979814013,15.4657076237777,1,5.59882455132902,6.59882455132902,36.9980338616297,37.9980338616297,0,0,0,0,0,0,0,0,0,-0.833333333333333,2.0545,11.7075,16.3894979814013,15.4657076237777,0,0,0,2019-01-02 14:15:00
"461",2019-01-02 14:20:00,2.062,10.4066666666667,0.052380001,1,3.96245833333333,16.1194370613156,15.4157561478586,1,5.59882455132902,6.59882455132902,36.9980338616297,37.9980338616297,0,0,0,0,0,0,0,0,0,-0.833333333333333,2.062,10.4066666666667,16.1194370613156,15.4157561478586,0,0,0,2019-01-02 14:15:00
"462",2019-01-02 14:25:00,2.0695,9.10583333333333,0.052380001,1,3.96245833333333,15.8730252908683,15.3598483103581,1,5.59882455132902,6.59882455132902,36.9980338616297,37.9980338616297,0,0,0,0,0,0,0,0,0,-0.833333333333333,2.0695,9.10583333333333,15.8730252908683,15.3598483103581,0,0,0,2019-01-02 14:15:00
"463",2019-01-02 14:30:00,2.077,7.805,0.052380001,1,3.96245833333333,16.3972023826441,15.2988466847987,1,17.5639174582902,18.5639174582902,29.015155130066,30.015155130066,1,0,9,0,0.641918010559268,0,0.641918010559268,0.0336236660350125,0,-0.866956999368346,2.077,7.805,16.3972023826441,15.2988466847987,9,0,0.641918010559268,2019-01-02 14:30:00
"464",2019-01-02 14:35:00,2.0845,6.50416666666667,0.052380001,1,3.96245833333333,16.8598088458699,15.2544860875407,1,17.5639174582902,18.5639174582902,29.015155130066,30.015155130066,1,0,9,0,0.64188991981375,0,0.64188991981375,0.0336221946417341,0,-0.866955527975067,2.0845,6.50416666666667,16.8598088458699,15.2544860875407,9,0,0.64188991981375,2019-01-02 14:30:00
"465",2019-01-02 14:40:00,2.092,5.20333333333333,0.052380001,1,3.96245833333333,17.2689174637952,15.2244825877588,1,17.5639174582902,18.5639174582902,29.015155130066,30.015155130066,1,0,9,0,0.641861840186395,0,0.641861840186395,0.0336207238308252,0,-0.866954057164159,2.092,5.20333333333333,17.2689174637952,15.2244825877588,9,0,0.641861840186395,2019-01-02 14:30:00
"466",2019-01-02 14:45:00,2.0995,3.9025,0.052380001,1,3.96245833333333,16.8815330819932,15.2068551510121,1,7.56407236028463,8.56407236028463,31.047748236917,32.047748236917,0,0,0,0,0,0,0,0,0,-0.833333333333333,2.0995,3.9025,16.8815330819932,15.2068551510121,0,0,0,2019-01-02 14:45:00
"467",2019-01-02 14:50:00,2.107,2.60166666666667,0.052380001,1,3.96245833333333,16.5332376989834,15.1788985860603,1,7.56407236028463,8.56407236028463,31.047748236917,32.047748236917,0,0,0,0,0,0,0,0,0,-0.833333333333333,2.107,2.60166666666667,16.5332376989834,15.1788985860603,0,0,0,2019-01-02 14:45:00
"468",2019-01-02 14:55:00,2.1145,1.30083333333333,0.052380001,1,3.96245833333333,16.2189280863299,15.1420549340853,1,7.56407236028463,8.56407236028463,31.047748236917,32.047748236917,0,0,0,0,0,0,0,0,0,-0.833333333333333,2.1145,1.30083333333333,16.2189280863299,15.1420549340853,0,0,0,2019-01-02 14:45:00
"469",2019-01-02 15:00:00,2.122,0,0.056009998,1,3.84491666666667,15.9341759521821,15.0975748186546,1,8.74619045946747,9.74619045946747,39.7809871709906,40.7809871709906,0,0,0,0,0,0,0,0,0,-0.833333333333333,2.122,0,15.9341759521821,15.0975748186546,0,0,0,2019-01-02 15:00:00
"470",2019-01-02 15:05:00,2.12916666666667,0,0.056009998,1,3.84491666666667,15.6755705651018,15.0466672363681,1,8.74619045946747,9.74619045946747,39.7809871709906,40.7809871709906,0,0,0,0,0,0,0,0,0,-0.833333333333333,2.12916666666667,0,15.6755705651018,15.0466672363681,0,0,0,2019-01-02 15:00:00
"471",2019-01-02 15:10:00,2.13633333333333,0,0.056009998,1,3.84491666666667,15.4397431131299,14.9902805325559,1,8.74619045946747,9.74619045946747,39.7809871709906,40.7809871709906,0,0,0,0,0,0,0,0,0,-0.833333333333333,2.13633333333333,0,15.4397431131299,14.9902805325559,0,0,0,2019-01-02 15:00:00
"472",2019-01-02 15:15:00,2.1435,0,0.056009998,1,3.84491666666667,15.2237699986234,14.9292368125483,1,5.43998884689063,6.43998884689063,32.2003183518536,33.2003183518536,0,0,0,0,0,0,0,0,0,-0.833333333333333,2.1435,0,15.2237699986234,14.9292368125483,0,0,0,2019-01-02 15:15:00
"473",2019-01-02 15:20:00,2.15066666666667,0,0.056009998,1,3.84491666666667,15.0251139153332,14.8642486559017,1,5.43998884689063,6.43998884689063,32.2003183518536,33.2003183518536,0,0,0,0,0,0,0,0,0,-0.833333333333333,2.15066666666667,0,15.0251139153332,14.8642486559017,0,0,0,2019-01-02 15:15:00
"474",2019-01-02 15:25:00,2.15783333333333,0,0.056009998,1,3.84491666666667,14.8415727243957,14.7959336183144,1,5.43998884689063,6.43998884689063,32.2003183518536,33.2003183518536,0,0,0,0,0,0,0,0,0,-0.833333333333333,2.15783333333333,0,14.8415727243957,14.7959336183144,0,0,0,2019-01-02 15:15:00
"475",2019-01-02 15:30:00,2.165,0,0.056009998,1,3.84491666666667,14.6712350969844,14.7248268140529,1,10.2781196243595,11.2781196243595,27.9461741452105,28.9461741452105,0,0,0,0,0,0,0,0,0,-0.833333333333333,2.165,0,14.6712350969844,14.7248268140529,0,0,0,2019-01-02 15:30:00
"476",2019-01-02 15:35:00,2.17216666666667,0,0.056009998,1,3.84491666666667,14.5124420279983,14.6513918329481,1,10.2781196243595,11.2781196243595,27.9461741452105,28.9461741452105,0,0,0,0,0,0,0,0,0,-0.833333333333333,2.17216666666667,0,14.5124420279983,14.6513918329481,0,0,0,2019-01-02 15:30:00
"477",2019-01-02 15:40:00,2.17933333333333,0,0.056009998,1,3.84491666666667,14.3637534437057,14.5760302123961,1,10.2781196243595,11.2781196243595,27.9461741452105,28.9461741452105,0,0,0,0,0,0,0,0,0,-0.833333333333333,2.17933333333333,0,14.3637534437057,14.5760302123961,0,0,0,2019-01-02 15:30:00
"478",2019-01-02 15:45:00,2.1865,0,0.056009998,1,3.84491666666667,14.2239192291135,14.4990896556218,1,9.21859473315999,10.21859473316,44.656354769133,45.656354769133,0,0,0,0,0,0,0,0,0,-0.833333333333333,2.1865,0,14.2239192291135,14.4990896556218,0,0,0,2019-01-02 15:45:00
"479",2019-01-02 15:50:00,2.19366666666667,0,0.056009998,1,3.84491666666667,14.0918540900768,14.4208711621476,1,9.21859473315999,10.21859473316,44.656354769133,45.656354769133,0,0,0,0,0,0,0,0,0,-0.833333333333333,2.19366666666667,0,14.0918540900768,14.4208711621476,0,0,0,2019-01-02 15:45:00
"480",2019-01-02 15:55:00,2.20083333333333,0,0.056009998,1,3.84491666666667,13.9666157425856,14.3416352144465,1,9.21859473315999,10.21859473316,44.656354769133,45.656354769133,0,0,0,0,0,0,0,0,0,-0.833333333333333,2.20083333333333,0,13.9666157425856,14.3416352144465,0,0,0,2019-01-02 15:45:00
"481",2019-01-02 16:00:00,2.208,0,0.056950001,1,3.69775,14.5973859888517,14.2616071457026,1,23.626095904503,24.626095904503,29.2513790032826,30.2513790032826,1,0,9,0,0.641428952882661,0,0.641428952882661,0.0365293795080965,0,-0.86986271284143,2.208,0,14.5973859888517,14.2616071457026,9,0,0.641428952882661,2019-01-02 16:00:00
"482",2019-01-02 16:05:00,2.20341666666667,0,0.056950001,1,3.69775,15.1537965969404,14.2019014193781,1,23.626095904503,24.626095904503,29.2513790032826,30.2513790032826,1,0,9,0,0.641446006770596,0,0.641446006770596,0.0365303507270314,0,-0.869863684060365,2.20341666666667,0,15.1537965969404,14.2019014193781,9,0,0.641446006770596,2019-01-02 16:00:00
"483",2019-01-02 16:10:00,2.19883333333333,0,0.056950001,1,3.69775,15.6456180513933,14.159752125541,1,23.626095904503,24.626095904503,29.2513790032826,30.2513790032826,1,0,9,0,0.641463064771835,0,0.641463064771835,0.0365313221802191,0,-0.869864655513552,2.19883333333333,0,15.6456180513933,14.159752125541,9,0,0.641463064771835,2019-01-02 16:00:00
"484",2019-01-02 16:15:00,2.19425,0,0.056950001,1,3.69775,16.0813281573118,14.1327600058621,1,19.5970376471523,20.5970376471523,34.0771203981712,35.0771203981712,1,0,9,0,0.641480126887867,0,0.641480126887867,0.0365322938677441,0,-0.869865627201077,2.19425,0,16.0813281573118,14.1327600058621,9,0,0.641480126887867,2019-01-02 16:15:00
"485",2019-01-02 16:20:00,2.18966666666667,0,0.056950001,1,3.69775,16.4682831335965,14.1188439200357,1,19.5970376471523,20.5970376471523,34.0771203981712,35.0771203981712,1,0,9,0,0.64149719312018,0,0.64149719312018,0.0365332657896914,0,-0.869866599123025,2.18966666666667,0,16.4682831335965,14.1188439200357,9,0,0.64149719312018,2019-01-02 16:15:00
"486",2019-01-02 16:25:00,2.18508333333333,0,0.056950001,1,3.69775,16.8128660605688,14.1161987360633,1,19.5970376471523,20.5970376471523,34.0771203981712,35.0771203981712,1,0,9,0,0.641514263470265,0,0.641514263470265,0.0365342379461459,0,-0.869867571279479,2.18508333333333,0,16.8128660605688,14.1161987360633,9,0,0.641514263470265,2019-01-02 16:15:00
"487",2019-01-02 16:30:00,2.1805,0,0.056950001,1,3.69775,16.3706156793163,14.1232587941454,1,11.6765839084983,12.6765839084983,45.3175562904216,46.3175562904216,0,0,0,0,0,0,0,0,0,-0.833333333333333,2.1805,0,16.3706156793163,14.1232587941454,0,0,0,2019-01-02 16:30:00
"488",2019-01-02 16:35:00,2.17591666666667,0,0.056950001,1,3.69775,15.9758418875127,14.117679248604,1,11.6765839084983,12.6765839084983,45.3175562904216,46.3175562904216,0,0,0,0,0,0,0,0,0,-0.833333333333333,2.17591666666667,0,15.9758418875127,14.117679248604,0,0,0,2019-01-02 16:30:00
"489",2019-01-02 16:40:00,2.17133333333333,0,0.056950001,1,3.69775,15.6223376818364,14.1012147410445,1,11.6765839084983,12.6765839084983,45.3175562904216,46.3175562904216,0,0,0,0,0,0,0,0,0,-0.833333333333333,2.17133333333333,0,15.6223376818364,14.1012147410445,0,0,0,2019-01-02 16:30:00
"490",2019-01-02 16:45:00,2.16675,0,0.056950001,1,3.69775,15.3047170424871,14.0753870701646,1,12.7898654295132,13.7898654295132,27.0179939344525,28.0179939344525,0,0,0,0,0,0,0,0,0,-0.833333333333333,2.16675,0,15.3047170424871,14.0753870701646,0,0,0,2019-01-02 16:45:00
"491",2019-01-02 16:50:00,2.16216666666667,0,0.056950001,1,3.69775,15.0183062731996,14.0415160149182,1,12.7898654295132,13.7898654295132,27.0179939344525,28.0179939344525,0,0,0,0,0,0,0,0,0,-0.833333333333333,2.16216666666667,0,15.0183062731996,14.0415160149182,0,0,0,2019-01-02 16:45:00
"492",2019-01-02 16:55:00,2.15758333333333,0,0.056950001,1,3.69775,14.7590497233016,14.0007460779387,1,12.7898654295132,13.7898654295132,27.0179939344525,28.0179939344525,0,0,0,0,0,0,0,0,0,-0.833333333333333,2.15758333333333,0,14.7590497233016,14.0007460779387,0,0,0,2019-01-02 16:45:00
"493",2019-01-02 17:00:00,2.153,0,0.055389999,1,3.52870833333333,15.2734279882274,13.9540696892109,1,21.8386059463955,22.8386059463955,47.8314916281961,48.8314916281961,1,0,9,0,0.641633871343757,0,0.641633871343757,0.0355400994920968,0,-0.86887343282543,2.153,0,15.2734279882274,13.9540696892109,9,0,0.641633871343757,2019-01-02 17:00:00
"494",2019-01-02 17:05:00,2.13716666666667,0,0.055389999,1,3.52870833333333,15.7287357870633,13.9232698261621,1,21.8386059463955,22.8386059463955,47.8314916281961,48.8314916281961,1,0,9,0,0.641692973147906,0,0.641692973147906,0.0355433731409696,0,-0.868876706474303,2.13716666666667,0,15.7287357870633,13.9232698261621,9,0,0.641692973147906,2019-01-02 17:00:00
"495",2019-01-02 17:10:00,2.12133333333333,0,0.055389999,1,3.52870833333333,16.1327098493299,13.9061582929421,1,21.8386059463955,22.8386059463955,47.8314916281961,48.8314916281961,1,0,9,0,0.641752124297335,0,0.641752124297335,0.0355466495230772,0,-0.868879982856411,2.12133333333333,0,16.1327098493299,13.9061582929421,9,0,0.641752124297335,2019-01-02 17:00:00
"496",2019-01-02 17:15:00,2.1055,0,0.055389999,1,3.52870833333333,16.492063484241,13.9008371588834,1,24.9539094313513,25.9539094313513,34.6863534981385,35.6863534981385,1,0,9,0,0.641811324853867,0,0.641811324853867,0.0355499286418444,0,-0.868883261975178,2.1055,0,16.492063484241,13.9008371588834,9,0,0.641811324853867,2019-01-02 17:15:00
"497",2019-01-02 17:20:00,2.08966666666667,0,0.055389999,1,3.52870833333333,16.8126220346583,13.9056603347333,1,24.9539094313513,25.9539094313513,34.6863534981385,35.6863534981385,1,0,9,0,0.641870574879431,0,0.641870574879431,0.0355532105007011,0,-0.868886543834034,2.08966666666667,0,16.8126220346583,13.9056603347333,9,0,0.641870574879431,2019-01-02 17:15:00
"498",2019-01-02 17:25:00,2.07383333333333,0,0.055389999,1,3.52870833333333,17.0994404025961,13.919200234633,1,24.9539094313513,25.9539094313513,34.6863534981385,35.6863534981385,1,0,9,0,0.641929874436059,0,0.641929874436059,0.0355564951030835,0,-0.868889828436417,2.07383333333333,0,17.0994404025961,13.919200234633,9,0,0.641929874436059,2019-01-02 17:15:00
"499",2019-01-02 17:30:00,2.058,0,0.055389999,1,3.52870833333333,16.6069050192578,13.9402188507023,1,7.73599364329129,8.73599364329129,45.8678098353557,46.8678098353557,0,0,0,0,0,0,0,0,0,-0.833333333333333,2.058,0,16.6069050192578,13.9402188507023,0,0,0,2019-01-02 17:30:00
"500",2019-01-02 17:35:00,2.04216666666667,0,0.055389999,1,3.52870833333333,16.1683260626395,13.9466556983177,1,7.73599364329129,8.73599364329129,45.8678098353557,46.8678098353557,0,0,0,0,0,0,0,0,0,-0.833333333333333,2.04216666666667,0,16.1683260626395,13.9466556983177,0,0,0,2019-01-02 17:30:00
"501",2019-01-02 17:40:00,2.02633333333333,0,0.055389999,1,3.52870833333333,15.7766292028052,13.9405122186243,1,7.73599364329129,8.73599364329129,45.8678098353557,46.8678098353557,0,0,0,0,0,0,0,0,0,-0.833333333333333,2.02633333333333,0,15.7766292028052,13.9405122186243,0,0,0,2019-01-02 17:30:00
"502",2019-01-02 17:45:00,2.0105,0,0.055389999,1,3.52870833333333,16.1756759625274,13.9235244193709,1,18.4095708488021,19.4095708488021,20.2924508932047,21.2924508932047,1,0,9,0,0.64216756921748,0,0.64216756921748,0.0355696610167886,0,-0.868902994350122,2.0105,0,16.1756759625274,13.9235244193709,9,0,0.64216756921748,2019-01-02 17:45:00
"503",2019-01-02 17:50:00,1.99466666666667,0,0.055389999,1,3.52870833333333,16.5306361087278,13.9181849690111,1,18.4095708488021,19.4095708488021,20.2924508932047,21.2924508932047,1,0,9,0,0.642227117363542,0,0.642227117363542,0.0355729593885395,0,-0.868906292721873,1.99466666666667,0,16.5306361087278,13.9181849690111,9,0,0.642227117363542,2019-01-02 17:45:00
"504",2019-01-02 17:55:00,1.97883333333333,0,0.055389999,1,3.52870833333333,16.8472652005449,13.9228675047795,1,18.4095708488021,19.4095708488021,20.2924508932047,21.2924508932047,1,0,9,0,0.642286715415044,0,0.642286715415044,0.0355762605245526,0,-0.868909593857886,1.97883333333333,0,16.8472652005449,13.9228675047795,9,0,0.642286715415044,2019-01-02 17:45:00
"505",2019-01-02 18:00:00,1.963,0,0.054900002,1,3.33954166666667,16.5658269690435,13.9361615495289,0,14.175111616496,15.175111616496,41.6391309611499,42.6391309611499,0,0,0,0,0,0,0,0,0,-0.833333333333333,1.963,0,16.5658269690435,13.9361615495289,0,0,0,2019-01-02 18:00:00
"506",2019-01-02 18:05:00,1.94233333333333,0,0.054900002,1,3.33954166666667,16.3119409422002,13.9410135976446,0,14.175111616496,15.175111616496,41.6391309611499,42.6391309611499,0,0,0,0,0,0,0,0,0,-0.833333333333333,1.94233333333333,0,16.3119409422002,13.9410135976446,0,0,0,2019-01-02 18:00:00
"507",2019-01-02 18:10:00,1.92166666666667,0,0.054900002,1,3.33954166666667,16.0822451195761,13.938479239267,0,14.175111616496,15.175111616496,41.6391309611499,42.6391309611499,0,0,0,0,0,0,0,0,0,-0.833333333333333,1.92166666666667,0,16.0822451195761,13.938479239267,0,0,0,2019-01-02 18:00:00
"508",2019-01-02 18:15:00,1.901,0,0.054900002,1,3.33954166666667,16.6237901083456,13.9294843995653,0,24.543307489017,25.543307489017,38.9843194819987,39.9843194819987,1,0,9,0,0.642580414640955,0,0.642580414640955,0.0352776660489493,0,-0.868610999382283,1.901,0,16.6237901083456,13.9294843995653,9,0,0.642580414640955,2019-01-02 18:15:00
"509",2019-01-02 18:20:00,1.88033333333333,0,0.054900002,1,3.33954166666667,17.1138202289931,13.9358282138739,0,24.543307489017,25.543307489017,38.9843194819987,39.9843194819987,1,0,9,0,0.642658602841588,0,0.642658602841588,0.0352819585813204,0,-0.868615291914654,1.88033333333333,0,17.1138202289931,13.9358282138739,9,0,0.642658602841588,2019-01-02 18:15:00
"510",2019-01-02 18:25:00,1.85966666666667,0,0.054900002,1,3.33954166666667,17.5585800877994,13.9555520451242,0,24.543307489017,25.543307489017,38.9843194819987,39.9843194819987,1,0,9,0,0.642736876842911,0,0.642736876842911,0.0352862558241496,0,-0.868619589157483,1.85966666666667,0,17.5585800877994,13.9555520451242,9,0,0.642736876842911,2019-01-02 18:15:00
"511",2019-01-02 18:30:00,1.839,0,0.054900002,1,3.33954166666667,17.2135480984656,13.9869380287437,0,6.70426186965778,7.70426186965778,26.9485350446776,27.9485350446776,0,0,0,0,0,0,0,0,0,-0.833333333333333,1.839,0,17.2135480984656,13.9869380287437,0,0,0,2019-01-02 18:30:00
"512",2019-01-02 18:35:00,1.81833333333333,0,0.054900002,1,3.33954166666667,16.9036987791404,14.0074925574882,0,6.70426186965778,7.70426186965778,26.9485350446776,27.9485350446776,0,0,0,0,0,0,0,0,0,-0.833333333333333,1.81833333333333,0,16.9036987791404,14.0074925574882,0,0,0,2019-01-02 18:30:00
"513",2019-01-02 18:40:00,1.79766666666667,0,0.054900002,1,3.33954166666667,16.6247342548096,14.0185652983504,0,6.70426186965778,7.70426186965778,26.9485350446776,27.9485350446776,0,0,0,0,0,0,0,0,0,-0.833333333333333,1.79766666666667,0,16.6247342548096,14.0185652983504,0,0,0,2019-01-02 18:30:00
"514",2019-01-02 18:45:00,1.777,0,0.054900002,1,3.33954166666667,17.1228841367142,14.021340150838,0,19.9118743718136,20.9118743718136,36.3118208041415,37.3118208041415,1,0,9,0,0.643050833685954,0,0.643050833685954,0.0353034920554605,0,-0.868636825388794,1.777,0,17.1228841367142,14.021340150838,9,0,0.643050833685954,2019-01-02 18:45:00
"515",2019-01-02 18:50:00,1.75633333333333,0,0.054900002,1,3.33954166666667,17.5746725262654,14.0378425538494,0,19.9118743718136,20.9118743718136,36.3118208041415,37.3118208041415,1,0,9,0,0.643129538816588,0,0.643129538816588,0.0353078129672898,0,-0.868641146300623,1.75633333333333,0,17.5746725262654,14.0378425538494,9,0,0.643129538816588,2019-01-02 18:45:00
"516",2019-01-02 18:55:00,1.73566666666667,0,0.054900002,1,3.33954166666667,17.9857122167962,14.0663123908312,0,19.9118743718136,20.9118743718136,36.3118208041415,37.3118208041415,1,0,9,0,0.643208330600441,0,0.643208330600441,0.0353121386363809,0,-0.868645471969714,1.73566666666667,0,17.9857122167962,14.0663123908312,9,0,0.643208330600441,2019-01-02 18:45:00
"517",2019-01-02 19:00:00,1.715,0,0.053860001,0,3.159625,17.6109273630076,14.1052059451697,0,12.3353106121067,13.3353106121067,36.8916659946553,37.8916659946553,0,0,0,0,0,0,0,0,0,0,1.715,0,17.6109273630076,14.1052059451697,0,0,0,2019-01-02 19:00:00
"518",2019-01-02 19:05:00,1.67791666666667,0,0.053860001,0,3.159625,17.2747954985802,14.1320882981137,0,12.3353106121067,13.3353106121067,36.8916659946553,37.8916659946553,0,0,0,0,0,0,0,0,0,0,1.67791666666667,0,17.2747954985802,14.1320882981137,0,0,0,2019-01-02 19:00:00
"519",2019-01-02 19:10:00,1.64083333333333,0,0.053860001,0,3.159625,16.9725844724135,14.148445998394,0,12.3353106121067,13.3353106121067,36.8916659946553,37.8916659946553,0,0,0,0,0,0,0,0,0,0,1.64083333333333,0,16.9725844724135,14.148445998394,0,0,0,2019-01-02 19:00:00
"520",2019-01-02 19:15:00,1.60375,0,0.053860001,0,3.159625,16.7001429661405,14.1555830603433,0,6.03639755398035,7.03639755398035,48.3937312457711,49.3937312457711,0,0,0,0,0,0,0,0,0,0,1.60375,0,16.7001429661405,14.1555830603433,0,0,0,2019-01-02 19:15:00
"521",2019-01-02 19:20:00,1.56666666666667,0,0.053860001,0,3.159625,16.4538291949173,14.1546433709485,0,6.03639755398035,7.03639755398035,48.3937312457711,49.3937312457711,0,0,0,0,0,0,0,0,0,0,1.56666666666667,0,16.4538291949173,14.1546433709485,0,0,0,2019-01-02 19:15:00
"522",2019-01-02 19:25:00,1.52958333333333,0,0.053860001,0,3.159625,16.2304483604646,14.1466303463494,0,6.03639755398035,7.03639755398035,48.3937312457711,49.3937312457711,0,0,0,0,0,0,0,0,0,0,1.52958333333333,0,16.2304483604646,14.1466303463494,0,0,0,2019-01-02 19:15:00
"523",2019-01-02 19:30:00,1.4925,0,0.053860001,0,3.159625,16.7771977819907,14.132424175425,0,23.9970655480865,24.9970655480865,35.7104005669244,36.7104005669244,1,0,9,0,0.644141962536062,0,0.644141962536062,0.0346934867463343,0,-0.0346934867463343,1.4925,0,16.7771977819907,14.132424175425,9,0,0.644141962536062,2019-01-02 19:30:00
"524",2019-01-02 19:35:00,1.45541666666667,0,0.053860001,0,3.159625,17.271450516974,14.1337839045261,0,23.9970655480865,24.9970655480865,35.7104005669244,36.7104005669244,1,0,9,0,0.64428541386287,0,0.64428541386287,0.0347012130349396,0,-0.0347012130349396,1.45541666666667,0,17.271450516974,14.1337839045261,9,0,0.64428541386287,2019-01-02 19:30:00
"525",2019-01-02 19:40:00,1.41833333333333,0,0.053860001,0,3.159625,17.7195641399999,14.1487157615296,0,23.9970655480865,24.9970655480865,35.7104005669244,36.7104005669244,1,0,9,0,0.644429151002122,0,0.644429151002122,0.0347089547174034,0,-0.0347089547174034,1.41833333333333,0,17.7195641399999,14.1487157615296,9,0,0.644429151002122,2019-01-02 19:30:00
"526",2019-01-02 19:45:00,1.38125,0,0.053860001,0,3.159625,17.3771161998977,14.1754710924751,0,15.3615874322131,16.3615874322131,37.3974964655936,38.3974964655936,0,0,0,0,0,0,0,0,0,0,1.38125,0,17.3771161998977,14.1754710924751,0,0,0,2019-01-02 19:45:00
"527",2019-01-02 19:50:00,1.34416666666667,0,0.053860001,0,3.159625,17.0691682146895,14.1915293128016,0,15.3615874322131,16.3615874322131,37.3974964655936,38.3974964655936,0,0,0,0,0,0,0,0,0,0,1.34416666666667,0,17.0691682146895,14.1915293128016,0,0,0,2019-01-02 19:45:00
"528",2019-01-02 19:55:00,1.30708333333333,0,0.053860001,0,3.159625,16.7914986634761,14.1982164561632,0,15.3615874322131,16.3615874322131,37.3974964655936,38.3974964655936,0,0,0,0,0,0,0,0,0,0,1.30708333333333,0,16.7914986634761,14.1982164561632,0,0,0,2019-01-02 19:45:00
"529",2019-01-02 20:00:00,1.27,0,0.052709999,0,2.97220833333333,17.2904041725104,14.1966957220739,0,20.0761149013415,21.0761149013415,44.9150384897366,45.9150384897366,1,0,9,0,0.64500697483549,0,0.64500697483549,0.0339983169985717,0,-0.0339983169985717,1.27,0,17.2904041725104,14.1966957220739,9,0,0.64500697483549,2019-01-02 20:00:00
"530",2019-01-02 20:05:00,1.224025,0,0.052709999,0,2.97220833333333,17.7424618378273,14.2089234672151,0,20.0761149013415,21.0761149013415,44.9150384897366,45.9150384897366,1,0,9,0,0.645187007507976,0,0.645187007507976,0.0340078065205584,0,-0.0340078065205584,1.224025,0,17.7424618378273,14.2089234672151,9,0,0.645187007507976,2019-01-02 20:00:00
"531",2019-01-02 20:10:00,1.17805,0,0.052709999,0,2.97220833333333,18.1533318989799,14.2331252600769,0,20.0761149013415,21.0761149013415,44.9150384897366,45.9150384897366,1,0,9,0,0.645367487773468,0,0.645367487773468,0.034017319635172,0,-0.034017319635172,1.17805,0,18.1533318989799,14.2331252600769,9,0,0.645367487773468,2019-01-02 20:00:00
"532",2019-01-02 20:15:00,1.132075,0,0.052709999,0,2.97220833333333,18.5279801880403,14.2677448793628,0,23.7263279710896,24.7263279710896,26.1966440132819,27.1966440132819,1,0,9,0,0.645548417303235,0,0.645548417303235,0.0340268564305051,0,-0.0340268564305051,1.132075,0,18.5279801880403,14.2677448793628,9,0,0.645548417303235,2019-01-02 20:15:00
"533",2019-01-02 20:20:00,1.0861,0,0.052709999,0,2.97220833333333,18.870763368962,14.3114175260693,0,23.7263279710896,24.7263279710896,26.1966440132819,27.1966440132819,1,0,9,0,0.64572979777688,0,0.64572979777688,0.0340364169950896,0,-0.0340364169950896,1.0861,0,18.870763368962,14.3114175260693,9,0,0.64572979777688,2019-01-02 20:15:00
"534",2019-01-02 20:25:00,1.040125,0,0.052709999,0,2.97220833333333,19.1855037134897,14.3629463238962,0,23.7263279710896,24.7263279710896,26.1966440132819,27.1966440132819,1,0,9,0,0.645911630882386,0,0.645911630882386,0.034046001417899,0,-0.034046001417899,1.040125,0,19.1855037134897,14.3629463238962,9,0,0.645911630882386,2019-01-02 20:15:00
"535",2019-01-02 20:30:00,0.99415,0,0.052709999,0,2.97220833333333,18.7255546980434,14.4212817043293,0,11.5205607488751,12.5205607488751,24.0320344227366,25.0320344227366,0,0,0,0,0,0,0,0,0,0,0.99415,0,18.7255546980434,14.4212817043293,0,0,0,2019-01-02 20:30:00
"536",2019-01-02 20:35:00,0.948175,0,0.052709999,0,2.97220833333333,18.3140267938704,14.4645163644276,0,11.5205607488751,12.5205607488751,24.0320344227366,25.0320344227366,0,0,0,0,0,0,0,0,0,0,0.948175,0,18.3140267938704,14.4645163644276,0,0,0,2019-01-02 20:30:00
"537",2019-01-02 20:40:00,0.9022,0,0.052709999,0,2.97220833333333,17.9449869439214,14.4945143483384,0,11.5205607488751,12.5205607488751,24.0320344227366,25.0320344227366,0,0,0,0,0,0,0,0,0,0,0.9022,0,17.9449869439214,14.4945143483384,0,0,0,2019-01-02 20:30:00
"538",2019-01-02 20:45:00,0.856225,0,0.052709999,0,2.97220833333333,18.3632303480124,14.512910834713,0,21.0686915663537,22.0686915663537,22.4323853133246,23.4323853133246,1,0,9,0,0.646643523679047,0,0.646643523679047,0.034084579486479,0,-0.034084579486479,0.856225,0,18.3632303480124,14.512910834713,9,0,0.646643523679047,2019-01-02 20:45:00
"539",2019-01-02 20:50:00,0.81025,0,0.052709999,0,2.97220833333333,18.7440228211619,14.5421271889097,0,21.0686915663537,22.0686915663537,22.4323853133246,23.4323853133246,1,0,9,0,0.646827645560706,0,0.646827645560706,0.0340942845506772,0,-0.0340942845506772,0.81025,0,18.7440228211619,14.5421271889097,9,0,0.646827645560706,2019-01-02 20:45:00
"540",2019-01-02 20:55:00,0.764275,0,0.052709999,0,2.97220833333333,19.0918733751075,14.5807506627114,0,21.0686915663537,22.0686915663537,22.4323853133246,23.4323853133246,1,0,9,0,0.647012230381131,0,0.647012230381131,0.0341040140163772,0,-0.0341040140163772,0.764275,0,19.0918733751075,14.5807506627114,9,0,0.647012230381131,2019-01-02 20:45:00
"541",2019-01-02 21:00:00,0.7183,0,0.05209,0,2.76472083333333,18.6607379214846,14.6275423102185,0,7.54796415218152,8.54796415218152,33.0883638658561,34.0883638658561,0,0,0,0,0,0,0,0,0,0,0.7183,0,18.6607379214846,14.6275423102185,0,0,0,2019-01-02 21:00:00
"542",2019-01-02 21:05:00,0.743025,0,0.05209,0,2.76472083333333,18.2743017470859,14.6608338528014,0,7.54796415218152,8.54796415218152,33.0883638658561,34.0883638658561,0,0,0,0,0,0,0,0,0,0,0.743025,0,18.2743017470859,14.6608338528014,0,0,0,2019-01-02 21:00:00
"543",2019-01-02 21:10:00,0.76775,0,0.05209,0,2.76472083333333,17.9271287015623,14.6823312260098,0,7.54796415218152,8.54796415218152,33.0883638658561,34.0883638658561,0,0,0,0,0,0,0,0,0,0,0.76775,0,17.9271287015623,14.6823312260098,0,0,0,2019-01-02 21:00:00
"544",2019-01-02 21:15:00,0.792475,0,0.05209,0,2.76472083333333,17.614449713354,14.6935307350064,0,8.15858757658862,9.15858757658862,46.7154135536402,47.7154135536402,0,0,0,0,0,0,0,0,0,0,0.792475,0,17.614449713354,14.6935307350064,0,0,0,2019-01-02 21:15:00
"545",2019-01-02 21:20:00,0.8172,0,0.05209,0,2.76472083333333,17.3320809042217,14.6957447885032,0,8.15858757658862,9.15858757658862,46.7154135536402,47.7154135536402,0,0,0,0,0,0,0,0,0,0,0.8172,0,17.3320809042217,14.6957447885032,0,0,0,2019-01-02 21:15:00
"546",2019-01-02 21:25:00,0.841925,0,0.05209,0,2.76472083333333,17.0763517555311,14.6901244737541,0,8.15858757658862,9.15858757658862,46.7154135536402,47.7154135536402,0,0,0,0,0,0,0,0,0,0,0.841925,0,17.0763517555311,14.6901244737541,0,0,0,2019-01-02 21:15:00
"547",2019-01-02 21:30:00,0.86665,0,0.05209,0,2.76472083333333,17.5940420924001,14.6776793603747,0,24.6577562727034,25.6577562727034,39.5146460789256,40.5146460789256,1,0,9,0,0.646601837574869,0,0.646601837574869,0.0336814897192749,0,-0.0336814897192749,0.86665,0,17.5940420924001,14.6776793603747,9,0,0.646601837574869,2019-01-02 21:30:00
"548",2019-01-02 21:35:00,0.891375,0,0.05209,0,2.76472083333333,18.0621585577513,14.6802818310269,0,24.6577562727034,25.6577562727034,39.5146460789256,40.5146460789256,1,0,9,0,0.646503065228695,0,0.646503065228695,0.0336763446677627,0,-0.0336763446677627,0.891375,0,18.0621585577513,14.6802818310269,9,0,0.646503065228695,2019-01-02 21:30:00
"549",2019-01-02 21:40:00,0.9161,0,0.05209,0,2.76472083333333,18.4867371217027,14.6960373757225,0,24.6577562727034,25.6577562727034,39.5146460789256,40.5146460789256,1,0,9,0,0.646404425887781,0,0.646404425887781,0.0336712065444945,0,-0.0336712065444945,0.9161,0,18.4867371217027,14.6960373757225,9,0,0.646404425887781,2019-01-02 21:30:00
"550",2019-01-02 21:45:00,0.940825,0,0.05209,0,2.76472083333333,18.8730730388556,14.7232842568496,0,24.059135077754,25.059135077754,29.7251482964493,30.7251482964493,1,0,9,0,0.646305919283653,0,0.646305919283653,0.0336660753354855,0,-0.0336660753354855,0.940825,0,18.8730730388556,14.7232842568496,9,0,0.646305919283653,2019-01-02 21:45:00
"551",2019-01-02 21:50:00,0.96555,0,0.05209,0,2.76472083333333,19.2258117729868,14.7605649344946,0,24.059135077754,25.059135077754,29.7251482964493,30.7251482964493,1,0,9,0,0.646207545148561,0,0.646207545148561,0.0336609510267885,0,-0.0336609510267885,0.96555,0,19.2258117729868,14.7605649344946,9,0,0.646207545148561,2019-01-02 21:45:00
"552",2019-01-02 21:55:00,0.990275,0,0.05209,0,2.76472083333333,19.5490287603876,14.8066009994219,0,24.059135077754,25.059135077754,29.7251482964493,30.7251482964493,1,0,9,0,0.646109303215472,0,0.646109303215472,0.0336558336044939,0,-0.0336558336044939,0.990275,0,19.5490287603876,14.8066009994219,9,0,0.646109303215472,2019-01-02 21:45:00
"553",2019-01-02 22:00:00,1.015,0,0.050759998,0,2.5751375,19.0962993819473,14.8602711831305,0,12.9654410826042,13.9654410826042,26.3659960152581,27.3659960152581,0,0,0,0,0,0,0,0,0,0,1.015,0,19.0962993819473,14.8602711831305,0,0,0,2019-01-02 22:00:00
"554",2019-01-02 22:05:00,0.990833333333333,0,0.050759998,0,2.5751375,18.6908965481285,14.8993249266469,0,12.9654410826042,13.9654410826042,26.3659960152581,27.3659960152581,0,0,0,0,0,0,0,0,0,0,0.990833333333333,0,18.6908965481285,14.8993249266469,0,0,0,2019-01-02 22:00:00
"555",2019-01-02 22:10:00,0.966666666666667,0,0.050759998,0,2.5751375,18.3270345977003,14.9255793186063,0,12.9654410826042,13.9654410826042,26.3659960152581,27.3659960152581,0,0,0,0,0,0,0,0,0,0,0.966666666666667,0,18.3270345977003,14.9255793186063,0,0,0,2019-01-02 22:00:00
"556",2019-01-02 22:15:00,0.9425,0,0.050759998,0,2.5751375,17.9996379740157,14.9406282896929,0,8.14266857039183,9.14266857039183,42.7786161499098,43.7786161499098,0,0,0,0,0,0,0,0,0,0,0.9425,0,17.9996379740157,14.9406282896929,0,0,0,2019-01-02 22:15:00
"557",2019-01-02 22:20:00,0.918333333333333,0,0.050759998,0,2.5751375,17.7042540574079,14.9458700066094,0,8.14266857039183,9.14266857039183,42.7786161499098,43.7786161499098,0,0,0,0,0,0,0,0,0,0,0.918333333333333,0,17.7042540574079,14.9458700066094,0,0,0,2019-01-02 22:15:00
"558",2019-01-02 22:25:00,0.894166666666667,0,0.050759998,0,2.5751375,17.4369766977462,14.9425309033293,0,8.14266857039183,9.14266857039183,42.7786161499098,43.7786161499098,0,0,0,0,0,0,0,0,0,0,0.894166666666667,0,17.4369766977462,14.9425309033293,0,0,0,2019-01-02 22:15:00
"559",2019-01-02 22:30:00,0.87,0,0.050759998,0,2.5751375,17.1943791336648,14.9316867624171,0,14.8957628435455,15.8957628435455,35.5327469953336,36.5327469953336,0,0,0,0,0,0,0,0,0,0,0.87,0,17.1943791336648,14.9316867624171,0,0,0,2019-01-02 22:30:00
"560",2019-01-02 22:35:00,0.845833333333333,0,0.050759998,0,2.5751375,16.973455146214,14.914281208533,0,14.8957628435455,15.8957628435455,35.5327469953336,36.5327469953336,0,0,0,0,0,0,0,0,0,0,0.845833333333333,0,16.973455146214,14.914281208533,0,0,0,2019-01-02 22:30:00
"561",2019-01-02 22:40:00,0.821666666666667,0,0.050759998,0,2.5751375,16.7715674361264,14.8911419317859,0,14.8957628435455,15.8957628435455,35.5327469953336,36.5327469953336,0,0,0,0,0,0,0,0,0,0,0.821666666666667,0,16.7715674361264,14.8911419317859,0,0,0,2019-01-02 22:30:00
"562",2019-01-02 22:45:00,0.7975,0,0.050759998,0,2.5751375,16.5864023379722,14.8629949196052,0,13.8017462189309,14.8017462189309,41.972541409079,42.972541409079,0,0,0,0,0,0,0,0,0,0,0.7975,0,16.5864023379722,14.8629949196052,0,0,0,2019-01-02 22:45:00
"563",2019-01-02 22:50:00,0.773333333333333,0,0.050759998,0,2.5751375,16.4159300933244,14.8304769415929,0,13.8017462189309,14.8017462189309,41.972541409079,42.972541409079,0,0,0,0,0,0,0,0,0,0,0.773333333333333,0,16.4159300933244,14.8304769415929,0,0,0,2019-01-02 22:45:00
"564",2019-01-02 22:55:00,0.749166666666667,0,0.050759998,0,2.5751375,16.2583700005461,14.7941465018096,0,13.8017462189309,14.8017462189309,41.972541409079,42.972541409079,0,0,0,0,0,0,0,0,0,0,0.749166666666667,0,16.2583700005461,14.7941465018096,0,0,0,2019-01-02 22:45:00
"565",2019-01-02 23:00:00,0.725,0,0.04291,0,2.3806375,16.8621598425729,14.7544934466228,0,19.884965470992,20.884965470992,26.5846262667328,27.5846262667328,1,0,9,0,0.647170283376381,0,0.647170283376381,0.0277700768596805,0,-0.0277700768596805,0.725,0,16.8621598425729,14.7544934466228,9,0,0.647170283376381,2019-01-02 23:00:00
"566",2019-01-02 23:05:00,0.75275,0,0.04291,0,2.3806375,17.4057948478885,14.7332318690965,0,19.884965470992,20.884965470992,26.5846262667328,27.5846262667328,1,0,9,0,0.64705857482741,0,0.64705857482741,0.0277652834458442,0,-0.0277652834458442,0.75275,0,17.4057948478885,14.7332318690965,9,0,0.64705857482741,2019-01-02 23:00:00
"567",2019-01-02 23:10:00,0.7805,0,0.04291,0,2.3806375,17.8966115722606,14.7280584425399,0,19.884965470992,20.884965470992,26.5846262667328,27.5846262667328,1,0,9,0,0.646947035732964,0,0.646947035732964,0.0277604973033015,0,-0.0277604973033015,0.7805,0,17.8966115722606,14.7280584425399,9,0,0.646947035732964,2019-01-02 23:00:00
"568",2019-01-02 23:15:00,0.80825,0,0.04291,0,2.3806375,17.5910461961906,14.7369527889783,0,6.45574756641872,7.45574756641872,36.0126132080331,37.0126132080331,0,0,0,0,0,0,0,0,0,0,0.80825,0,17.5910461961906,14.7369527889783,0,0,0,2019-01-02 23:15:00
"569",2019-01-02 23:20:00,0.836,0,0.04291,0,2.3806375,17.3149132940254,14.7371557873048,0,6.45574756641872,7.45574756641872,36.0126132080331,37.0126132080331,0,0,0,0,0,0,0,0,0,0,0.836,0,17.3149132940254,14.7371557873048,0,0,0,2019-01-02 23:15:00
"570",2019-01-02 23:25:00,0.86375,0,0.04291,0,2.3806375,17.0646517864161,14.7297840489619,0,6.45574756641872,7.45574756641872,36.0126132080331,37.0126132080331,0,0,0,0,0,0,0,0,0,0,0.86375,0,17.0646517864161,14.7297840489619,0,0,0,2019-01-02 23:15:00
"571",2019-01-02 23:30:00,0.8915,0,0.04291,0,2.3806375,17.5871374960019,14.715816892444,0,18.0138042555191,19.0138042555191,32.9234587149695,33.9234587149695,1,0,9,0,0.646502566212201,0,0.646502566212201,0.0277414251161655,0,-0.0277414251161655,0.8915,0,17.5871374960019,14.715816892444,9,0,0.646502566212201,2019-01-02 23:30:00
"572",2019-01-02 23:35:00,0.91925,0,0.04291,0,2.3806375,18.0594612715249,14.7171001554182,0,18.0138042555191,19.0138042555191,32.9234587149695,33.9234587149695,1,0,9,0,0.646391868634378,0,0.646391868634378,0.0277366750831012,0,-0.0277366750831012,0.91925,0,18.0594612715249,14.7171001554182,9,0,0.646391868634378,2019-01-02 23:30:00
"573",2019-01-02 23:40:00,0.947,0,0.04291,0,2.3806375,18.4420759287276,14.7317160341192,0,18.0138042555191,19.0138042555191,32.9234587149695,33.9234587149695,1,0,8.45211580792979,0,0.600624322210938,0,0.600624322210938,0.0257727896660714,0,-0.0257727896660714,0.947,0,18.4420759287276,14.7317160341192,8.45211580792979,0,0.600624322210938,2019-01-02 23:30:00
"574",2019-01-02 23:45:00,0.97475,0,0.04291,0,2.3806375,18.8359271050993,14.7567047468143,0,21.3637405517511,22.3637405517511,28.4125745859928,29.4125745859928,1,0,9,0,0.646170974581087,0,0.646170974581087,0.0277271965192744,0,-0.0277271965192744,0.97475,0,18.8359271050993,14.7567047468143,9,0,0.646170974581087,2019-01-02 23:45:00
"575",2019-01-02 23:50:00,1.0025,0,0.04291,0,2.3806375,19.1952701819777,14.7920310182222,0,21.3637405517511,22.3637405517511,28.4125745859928,29.4125745859928,1,0,9,0,0.646060777350063,0,0.646060777350063,0.0277224679560912,0,-0.0277224679560912,1.0025,0,19.1952701819777,14.7920310182222,9,0,0.646060777350063,2019-01-02 23:45:00
"576",2019-01-02 23:55:00,1.03025,0,0.04291,0,2.3806375,19.5242940390644,14.8363807084615,0,21.3637405517511,22.3637405517511,28.4125745859928,29.4125745859928,1,0,9,0,0.645950746147648,0,0.645950746147648,0.0277177465171956,0,-0.0277177465171956,1.03025,0,19.5242940390644,14.8363807084615,9,0,0.645950746147648,2019-01-02 23:45:00
"577",2019-01-03,1.058,0,0.045220001,0,2.2150125,19.0766735677016,14.8886011974265,0,9.76798301632516,10.7679830163252,32.3637668606825,33.3637668606825,0,0,0,0,0,0,0,0,0,0,1.058,0,19.0766735677016,14.8886011974265,0,0,0,2019-01-03
"578",2019-01-03 00:05:00,1.1115,0,0.045220001,0,2.2150125,18.6758178858964,14.9268421639684,0,4.8289090662729,5.8289090662729,29.5404781778343,30.5404781778343,0,0,0,0,0,0,0,0,0,0,1.1115,0,18.6758178858964,14.9268421639684,0,0,0,2019-01-03
"579",2019-01-03 00:10:00,1.165,0,0.045220001,0,2.2150125,18.3160530600121,14.9528835047525,0,4.8289090662729,5.8289090662729,29.5404781778343,30.5404781778343,0,0,0,0,0,0,0,0,0,0,1.165,0,18.3160530600121,14.9528835047525,0,0,0,2019-01-03
"580",2019-01-03 00:15:00,1.2185,0,0.045220001,0,2.2150125,17.9924013528052,14.968286338786,0,6.85195302637294,7.85195302637294,30.0569104570895,31.0569104570895,0,0,0,0,0,0,0,0,0,0,1.2185,0,17.9924013528052,14.968286338786,0,0,0,2019-01-03 00:15:00
"581",2019-01-03 00:20:00,1.272,0,0.045220001,0,2.2150125,17.7004957639787,14.9744198645272,0,6.85195302637294,7.85195302637294,30.0569104570895,31.0569104570895,0,0,0,0,0,0,0,0,0,0,1.272,0,17.7004957639787,14.9744198645272,0,0,0,2019-01-03 00:15:00
"582",2019-01-03 00:25:00,1.3255,0,0.045220001,0,2.2150125,17.4365050612083,14.9724849201734,0,6.85195302637294,7.85195302637294,30.0569104570895,31.0569104570895,0,0,0,0,0,0,0,0,0,0,1.3255,0,17.4365050612083,14.9724849201734,0,0,0,2019-01-03 00:15:00
"583",2019-01-03 00:30:00,1.379,0,0.045220001,0,2.2150125,17.1970680138941,14.9635346518266,0,14.4695288662333,15.4695288662333,35.6989335017279,36.6989335017279,0,0,0,0,0,0,0,0,0,0,1.379,0,17.1970680138941,14.9635346518266,0,0,0,2019-01-03 00:30:00
"584",2019-01-03 00:35:00,1.4325,0,0.045220001,0,2.2150125,16.9792356999683,14.9484926445565,0,14.4695288662333,15.4695288662333,35.6989335017279,36.6989335017279,0,0,0,0,0,0,0,0,0,0,1.4325,0,16.9792356999683,14.9484926445565,0,0,0,2019-01-03 00:30:00
"585",2019-01-03 00:40:00,1.486,0,0.045220001,0,2.2150125,16.7804208947602,14.928168827798,0,14.4695288662333,15.4695288662333,35.6989335017279,36.6989335017279,0,0,0,0,0,0,0,0,0,0,1.486,0,16.7804208947602,14.928168827798,0,0,0,2019-01-03 00:30:00
"586",2019-01-03 00:45:00,1.5395,0,0.045220001,0,2.2150125,17.3483536725674,14.9032734282959,0,23.4379199990071,24.4379199990071,43.9629762740806,44.9629762740806,1,0,9,0,0.643960559413459,0,0.643960559413459,0.0291198971406372,0,-0.0291198971406372,1.5395,0,17.3483536725674,14.9032734282959,9,0,0.643960559413459,2019-01-03 00:45:00
"587",2019-01-03 00:50:00,1.593,0,0.045220001,0,2.2150125,17.8608742127702,14.8954161681281,0,23.4379199990071,24.4379199990071,43.9629762740806,44.9629762740806,1,0,9,0,0.643754623508079,0,0.643754623508079,0.0291105847187899,0,-0.0291105847187899,1.593,0,17.8608742127702,14.8954161681281,9,0,0.643754623508079,2019-01-03 00:45:00
"588",2019-01-03 00:55:00,1.6465,0,0.045220001,0,2.2150125,18.32474963646,14.9024720564028,0,23.4379199990071,24.4379199990071,43.9629762740806,44.9629762740806,1,0,9,0,0.64354927594463,0,0.64354927594463,0.0291012989017654,0,-0.0291012989017654,1.6465,0,18.32474963646,14.9024720564028,9,0,0.64354927594463,2019-01-03 00:45:00
"589",2019-01-03 01:00:00,1.7,0,0.048310001,0,2.09347083333333,18.7459165322382,14.9225771043879,0,20.6186302159913,21.6186302159913,29.554737534374,30.554737534374,1,0,9,0,0.643344514205441,0,0.643344514205441,0.0310799741246094,0,-0.0310799741246094,1.7,0,18.7459165322382,14.9225771043879,9,0,0.643344514205441,2019-01-03 01:00:00
"590",2019-01-03 01:05:00,1.75641666666667,0,0.048310001,0,2.09347083333333,19.1295848181511,14.9541130003002,0,20.6186302159913,21.6186302159913,29.554737534374,30.554737534374,1,0,9,0,0.643129221283287,0,0.643129221283287,0.0310695733233248,0,-0.0310695733233248,1.75641666666667,0,19.1295848181511,14.9541130003002,9,0,0.643129221283287,2019-01-03 01:00:00
"591",2019-01-03 01:10:00,1.81283333333333,0,0.048310001,0,2.09347083333333,19.4803247281016,14.9956450635887,0,20.6186302159913,21.6186302159913,29.554737534374,30.554737534374,1,0,9,0,0.642914574099563,0,0.642914574099563,0.0310592037176645,0,-0.0310592037176645,1.81283333333333,0,19.4803247281016,14.9956450635887,9,0,0.642914574099563,2019-01-03 01:00:00
"592",2019-01-03 01:15:00,1.86925,0,0.048310001,0,2.09347083333333,19.8021456305242,15.0459148685874,0,20.0874071395956,21.0874071395956,45.6340602859855,46.6340602859855,1,0,9,0,0.64270056975343,0,0.64270056975343,0.0310488651674888,0,-0.0310488651674888,1.86925,0,19.8021456305242,15.0459148685874,9,0,0.64270056975343,2019-01-03 01:15:00
"593",2019-01-03 01:20:00,1.92566666666667,0,0.048310001,0,2.09347083333333,20.0985648761251,15.1038186079024,0,20.0874071395956,21.0874071395956,45.6340602859855,46.6340602859855,1,0,9,0,0.642487205361395,0,0.642487205361395,0.0310385575334962,0,-0.0310385575334962,1.92566666666667,0,20.0985648761251,15.1038186079024,9,0,0.642487205361395,2019-01-03 01:15:00
"594",2019-01-03 01:25:00,1.98208333333333,0,0.048310001,0,2.09347083333333,20.3615104577676,15.1683881117794,0,20.0874071395956,21.0874071395956,45.6340602859855,46.6340602859855,1,0,8.8661071616465,0,0.631116741527726,0,0.631116741527726,0.0304892504143212,0,-0.0304892504143212,1.98208333333333,0,20.3615104577676,15.1683881117794,8.8661071616465,0,0.631116741527726,2019-01-03 01:15:00
"595",2019-01-03 01:30:00,2.0385,0,0.048310001,0,2.09347083333333,19.867048830844,15.238461974826,0,8.90165184158832,9.90165184158832,27.5225332989357,28.5225332989357,0,0,0,0,0,0,0,0,0,0,2.0385,0,19.867048830844,15.238461974826,0,0,0,2019-01-03 01:30:00
"596",2019-01-03 01:35:00,2.09491666666667,0,0.048310001,0,2.09347083333333,19.425394872905,15.2926603960564,0,8.90165184158832,9.90165184158832,27.5225332989357,28.5225332989357,0,0,0,0,0,0,0,0,0,0,2.09491666666667,0,19.425394872905,15.2926603960564,0,0,0,2019-01-03 01:30:00
"597",2019-01-03 01:40:00,2.15133333333333,0,0.048310001,0,2.09347083333333,19.0301331574416,15.3329962853683,0,8.90165184158832,9.90165184158832,27.5225332989357,28.5225332989357,0,0,0,0,0,0,0,0,0,0,2.15133333333333,0,19.0301331574416,15.3329962853683,0,0,0,2019-01-03 01:30:00
"598",2019-01-03 01:45:00,2.20775,0,0.048310001,0,2.09347083333333,19.4256354741338,15.3612351704512,0,20.0117979682982,21.0117979682982,40.2490450423211,41.2490450423211,1,0,9,0,0.641429882988693,0,0.641429882988693,0.0309874782886137,0,-0.0309874782886137,2.20775,0,19.4256354741338,15.3612351704512,9,0,0.641429882988693,2019-01-03 01:45:00
"599",2019-01-03 01:50:00,2.26416666666667,0,0.048310001,0,2.09347083333333,19.7867959508473,15.3999125230854,0,20.0117979682982,21.0117979682982,40.2490450423211,41.2490450423211,1,0,9,0,0.641220298723298,0,0.641220298723298,0.0309773532725428,0,-0.0309773532725428,2.26416666666667,0,19.7867959508473,15.3999125230854,9,0,0.641220298723298,2019-01-03 01:45:00
"600",2019-01-03 01:55:00,2.32058333333333,0,0.048310001,0,2.09347083333333,20.1177972870926,15.4477154537954,0,20.0117979682982,21.0117979682982,40.2490450423211,41.2490450423211,1,0,9,0,0.6410113347026,0,0.6410113347026,0.030967258220494,0,-0.030967258220494,2.32058333333333,0,20.1177972870926,15.4477154537954,9,0,0.6410113347026,2019-01-03 01:45:00
"601",2019-01-03 02:00:00,2.377,0,0.048400002,0,2.0195125,19.6723088883899,15.5034923777879,0,12.089766259538,13.089766259538,43.2508084718138,44.2508084718138,0,0,0,0,0,0,0,0,0,0,2.377,0,19.6723088883899,15.5034923777879,0,0,0,2019-01-03 02:00:00
"602",2019-01-03 02:05:00,2.3935,0,0.048400002,0,2.0195125,19.2736919588161,15.5450175058141,0,12.089766259538,13.089766259538,43.2508084718138,44.2508084718138,0,0,0,0,0,0,0,0,0,0,2.3935,0,19.2736919588161,15.5450175058141,0,0,0,2019-01-03 02:00:00
"603",2019-01-03 02:10:00,2.41,0,0.048400002,0,2.0195125,18.916237289214,15.5740828989504,0,12.089766259538,13.089766259538,43.2508084718138,44.2508084718138,0,0,0,0,0,0,0,0,0,0,2.41,0,18.916237289214,15.5740828989504,0,0,0,2019-01-03 02:00:00
"604",2019-01-03 02:15:00,2.4265,0,0.048400002,0,2.0195125,18.5949362972162,15.5922604434122,0,16.2172421109863,17.2172421109863,49.1790620684624,50.1790620684624,0,0,0,0,0,0,0,0,0,0,2.4265,0,18.5949362972162,15.5922604434122,0,0,0,2019-01-03 02:15:00
"605",2019-01-03 02:20:00,2.443,0,0.048400002,0,2.0195125,18.3053950234975,15.6009288787404,0,16.2172421109863,17.2172421109863,49.1790620684624,50.1790620684624,0,0,0,0,0,0,0,0,0,0,2.443,0,18.3053950234975,15.6009288787404,0,0,0,2019-01-03 02:15:00
"606",2019-01-03 02:25:00,2.4595,0,0.048400002,0,2.0195125,18.0437586853169,15.6012975081695,0,16.2172421109863,17.2172421109863,49.1790620684624,50.1790620684624,0,0,0,0,0,0,0,0,0,0,2.4595,0,18.0437586853169,15.6012975081695,0,0,0,2019-01-03 02:15:00
"607",2019-01-03 02:30:00,2.476,0,0.048400002,0,2.0195125,18.5566454914012,15.5944269984526,0,22.5529371423181,23.5529371423181,25.6876101745293,26.6876101745293,1,0,9,0,0.64043886583819,0,0.64043886583819,0.0309972423874461,0,-0.0309972423874461,2.476,0,18.5566454914012,15.5944269984526,9,0,0.64043886583819,2019-01-03 02:30:00
"608",2019-01-03 02:35:00,2.4925,0,0.048400002,0,2.0195125,19.0209203357732,15.6022345842877,0,22.5529371423181,23.5529371423181,25.6876101745293,26.6876101745293,1,0,9,0,0.640378361798556,0,0.640378361798556,0.0309943139918068,0,-0.0309943139918068,2.4925,0,19.0209203357732,15.6022345842877,9,0,0.640378361798556,2019-01-03 02:30:00
"609",2019-01-03 02:40:00,2.509,0,0.048400002,0,2.0195125,19.4424948682022,15.6228651291085,0,22.5529371423181,23.5529371423181,25.6876101745293,26.6876101745293,1,0,9,0,0.640317909869316,0,0.640317909869316,0.0309913881183107,0,-0.0309913881183107,2.509,0,19.4424948682022,15.6228651291085,9,0,0.640317909869316,2019-01-03 02:30:00
"610",2019-01-03 02:45:00,2.5255,0,0.048400002,0,2.0195125,19.0765553119422,15.6546914625089,0,4.66799432644621,5.66799432644621,26.5105673535727,27.5105673535727,0,0,0,0,0,0,0,0,0,0,2.5255,0,19.0765553119422,15.6546914625089,0,0,0,2019-01-03 02:45:00
"611",2019-01-03 02:50:00,2.542,0,0.048400002,0,2.0195125,18.7478197570426,15.6752994375606,0,4.66799432644621,5.66799432644621,26.5105673535727,27.5105673535727,0,0,0,0,0,0,0,0,0,0,2.542,0,18.7478197570426,15.6752994375606,0,0,0,2019-01-03 02:45:00
"612",2019-01-03 02:55:00,2.5585,0,0.048400002,0,2.0195125,18.4517652732466,15.6861083271754,0,4.66799432644621,5.66799432644621,26.5105673535727,27.5105673535727,0,0,0,0,0,0,0,0,0,0,2.5585,0,18.4517652732466,15.6861083271754,0,0,0,2019-01-03 02:45:00
"613",2019-01-03 03:00:00,2.575,0,0.048790001,0,1.97672083333333,18.9344239387426,15.6883629925021,0,23.0313014227431,24.0313014227431,45.0677775386721,46.0677775386721,1,0,9,0,0.640076621912186,0,0.640076621912186,0.0312293390231722,0,-0.0312293390231722,2.575,0,18.9344239387426,15.6883629925021,9,0,0.640076621912186,2019-01-03 03:00:00
"614",2019-01-03 03:05:00,2.61583333333333,0,0.048790001,0,1.97672083333333,19.3721624140118,15.7042816980473,0,23.0313014227431,24.0313014227431,45.0677775386721,46.0677775386721,1,0,9,0,0.639927755299939,0,0.639927755299939,0.0312220758210118,0,-0.0312220758210118,2.61583333333333,0,19.3721624140118,15.7042816980473,9,0,0.639927755299939,2019-01-03 03:00:00
"615",2019-01-03 03:10:00,2.65666666666667,0,0.048790001,0,1.97672083333333,19.7704527472805,15.7321467997954,0,23.0313014227431,24.0313014227431,45.0677775386721,46.0677775386721,1,0,9,0,0.639779204768148,0,0.639779204768148,0.0312148280404172,0,-0.0312148280404172,2.65666666666667,0,19.7704527472805,15.7321467997954,9,0,0.639779204768148,2019-01-03 03:00:00
"616",2019-01-03 03:15:00,2.6975,0,0.048790001,0,1.97672083333333,19.384095461721,15.7704516833656,0,17.8306572991423,18.8306572991423,21.7238487261347,22.7238487261347,0,0,0,0,0,0,0,0,0,0,2.6975,0,19.384095461721,15.7704516833656,0,0,0,2019-01-03 03:15:00
"617",2019-01-03 03:20:00,2.73833333333333,0,0.048790001,0,1.97672083333333,19.0374702324266,15.7968879006186,0,17.8306572991423,18.8306572991423,21.7238487261347,22.7238487261347,0,0,0,0,0,0,0,0,0,0,2.73833333333333,0,19.0374702324266,15.7968879006186,0,0,0,2019-01-03 03:15:00
"618",2019-01-03 03:25:00,2.77916666666667,0,0.048790001,0,1.97672083333333,18.7257571951532,15.8129673900668,0,17.8306572991423,18.8306572991423,21.7238487261347,22.7238487261347,0,0,0,0,0,0,0,0,0,0,2.77916666666667,0,18.7257571951532,15.8129673900668,0,0,0,2019-01-03 03:15:00
"619",2019-01-03 03:30:00,2.82,0,0.048790001,0,1.97672083333333,18.4447278833951,15.8200162454085,0,16.1889559077099,17.1889559077099,23.8865581671707,24.8865581671707,0,0,0,0,0,0,0,0,0,0,2.82,0,18.4447278833951,15.8200162454085,0,0,0,2019-01-03 03:30:00
"620",2019-01-03 03:35:00,2.86083333333333,0,0.048790001,0,1.97672083333333,18.1906726331921,15.8191975298219,0,16.1889559077099,17.1889559077099,23.8865581671707,24.8865581671707,0,0,0,0,0,0,0,0,0,0,2.86083333333333,0,18.1906726331921,15.8191975298219,0,0,0,2019-01-03 03:30:00
"621",2019-01-03 03:40:00,2.90166666666667,0,0.048790001,0,1.97672083333333,17.9603368992719,15.8115312897106,0,16.1889559077099,17.1889559077099,23.8865581671707,24.8865581671707,0,0,0,0,0,0,0,0,0,0,2.90166666666667,0,17.9603368992719,15.8115312897106,0,0,0,2019-01-03 03:30:00
"622",2019-01-03 03:45:00,2.9425,0,0.048790001,0,1.97672083333333,18.5008653886274,15.7979121116793,0,23.3560387229081,24.3560387229081,28.8887164676562,29.8887164676562,1,0,9,0,0.638748117361483,0,0.638748117361483,0.0311645212848148,0,-0.0311645212848148,2.9425,0,18.5008653886274,15.7979121116793,9,0,0.638748117361483,2019-01-03 03:45:00
"623",2019-01-03 03:50:00,2.98333333333333,0,0.048790001,0,1.97672083333333,18.9895848063793,15.8001114821829,0,23.3560387229081,24.3560387229081,28.8887164676562,29.8887164676562,1,0,9,0,0.638602059626606,0,0.638602059626606,0.0311573951277842,0,-0.0311573951277842,2.98333333333333,0,18.9895848063793,15.8001114821829,9,0,0.638602059626606,2019-01-03 03:45:00
"624",2019-01-03 03:55:00,3.02416666666667,0,0.048790001,0,1.97672083333333,19.4328118670869,15.8161463527453,0,23.3560387229081,24.3560387229081,28.8887164676562,29.8887164676562,1,0,9,0,0.63845630907325,0,0.63845630907325,0.0311502839581402,0,-0.0311502839581402,3.02416666666667,0,19.4328118670869,15.8161463527453,9,0,0.63845630907325,2019-01-03 03:45:00
"625",2019-01-03 04:00:00,3.065,0,0.045919998,0,1.97680416666667,19.0860880785731,15.8442772881534,0,15.6988554471172,16.6988554471172,47.6240818044171,48.6240818044171,0,0,0,0,0,0,0,0,0,0,3.065,0,19.0860880785731,15.8442772881534,0,0,0,2019-01-03 04:00:00
"626",2019-01-03 04:05:00,3.091,0,0.045919998,0,1.97680416666667,18.7744334245324,15.8619065981128,0,15.6988554471172,16.6988554471172,47.6240818044171,48.6240818044171,0,0,0,0,0,0,0,0,0,0,3.091,0,18.7744334245324,15.8619065981128,0,0,0,2019-01-03 04:00:00
"627",2019-01-03 04:10:00,3.117,0,0.045919998,0,1.97680416666667,18.4935912939711,15.8703696529585,0,15.6988554471172,16.6988554471172,47.6240818044171,48.6240818044171,0,0,0,0,0,0,0,0,0,0,3.117,0,18.4935912939711,15.8703696529585,0,0,0,2019-01-03 04:00:00
"628",2019-01-03 04:15:00,3.143,0,0.045919998,0,1.97680416666667,18.9898273733935,15.8708376922029,0,19.9904354957398,20.9904354957398,40.2543677114882,41.2543677114882,1,0,9,0,0.63803388400571,0,0.63803388400571,0.0292985146774744,0,-0.0292985146774744,3.143,0,18.9898273733935,15.8708376922029,9,0,0.63803388400571,2019-01-03 04:15:00
"629",2019-01-03 04:20:00,3.169,0,0.045919998,0,1.97680416666667,19.4396972882147,15.8853249310395,0,19.9904354957398,20.9904354957398,40.2543677114882,41.2543677114882,1,0,9,0,0.637941803456656,0,0.637941803456656,0.029294286338846,0,-0.029294286338846,3.169,0,19.4396972882147,15.8853249310395,9,0,0.637941803456656,2019-01-03 04:15:00
"630",2019-01-03 04:25:00,3.195,0,0.045919998,0,1.97680416666667,19.8488413637518,15.9120612897219,0,19.9904354957398,20.9904354957398,40.2543677114882,41.2543677114882,1,0,9,0,0.637849845677098,0,0.637849845677098,0.0292900636377926,0,-0.0292900636377926,3.195,0,19.8488413637518,15.9120612897219,9,0,0.637849845677098,2019-01-03 04:15:00
"631",2019-01-03 04:30:00,3.221,0,0.045919998,0,1.97680416666667,20.2222077852586,15.9494941947521,0,22.0211876244284,23.0211876244284,36.1391247301362,37.1391247301362,1,0,9,0,0.637758010421669,0,0.637758010421669,0.029285846563047,0,-0.029285846563047,3.221,0,20.2222077852586,15.9494941947521,9,0,0.637758010421669,2019-01-03 04:30:00
"632",2019-01-03 04:35:00,3.247,0,0.045919998,0,1.97680416666667,20.5641375597547,15.9962618781426,0,22.0211876244284,23.0211876244284,36.1391247301362,37.1391247301362,1,0,9,0,0.637666297445657,0,0.637666297445657,0.029281635103372,0,-0.029281635103372,3.247,0,20.5641375597547,15.9962618781426,9,0,0.637666297445657,2019-01-03 04:30:00
"633",2019-01-03 04:40:00,3.273,0,0.045919998,0,1.97680416666667,20.8784390484647,16.051169954301,0,22.0211876244284,23.0211876244284,36.1391247301362,37.1391247301362,1,0,9,0,0.637574706505,0,0.637574706505,0.0292774292475602,0,-0.0292774292475602,3.273,0,20.8784390484647,16.051169954301,9,0,0.637574706505,2019-01-03 04:30:00
"634",2019-01-03 04:45:00,3.299,0,0.045919998,0,1.97680416666667,21.168453350117,16.1131708721985,0,25.0967007789295,26.0967007789295,27.039005081635,28.039005081635,1,0,9,0,0.637483237356285,0,0.637483237356285,0.0292732289844341,1,-0.0292732289844341,3.299,0,21.168453350117,16.1131708721985,9,0,0.637483237356285,2019-01-03 04:45:00
"635",2019-01-03 04:50:00,3.325,0,0.045919998,0,1.97680416666667,21.4371116581936,16.1813458898684,0,25.0967007789295,26.0967007789295,27.039005081635,28.039005081635,1,0,9,0,0.637391889756748,0,0.637391889756748,0.0292690343028461,1,-0.0292690343028461,3.325,0,21.4371116581936,16.1813458898684,9,0,0.637391889756748,2019-01-03 04:45:00
"636",2019-01-03 04:55:00,3.351,0,0.045919998,0,1.97680416666667,21.68698557736,16.2548892616092,0,25.0967007789295,26.0967007789295,27.039005081635,28.039005081635,1,0,9,0,0.637300663464266,0,0.637300663464266,0.0292648451916778,1,-0.0292648451916778,3.351,0,21.68698557736,16.2548892616092,9,0,0.637300663464266,2019-01-03 04:45:00
"637",2019-01-03 05:00:00,3.377,0,0.05107,0,2.00222083333333,21.9203312633626,16.3330943662739,0,24.8008326014969,25.8008326014969,28.4127001399174,29.4127001399174,1,0,9,0,0.637209558237362,0,0.637209558237362,0.0325422921391821,1,-0.0325422921391821,3.377,0,21.9203312633626,16.3330943662739,9,0,0.637209558237362,2019-01-03 05:00:00
"638",2019-01-03 05:05:00,3.37891666666667,0,0.05107,0,2.00222083333333,22.1391123605182,16.4152035243668,0,24.8008326014969,25.8008326014969,28.4127001399174,29.4127001399174,1,0,9,0,0.637202846931633,0,0.637202846931633,0.0325419493927985,1,-0.0325419493927985,3.37891666666667,0,22.1391123605182,16.4152035243668,9,0,0.637202846931633,2019-01-03 05:00:00
"639",2019-01-03 05:10:00,3.38083333333333,0,0.05107,0,2.00222083333333,22.3450541931018,16.5006775621634,0,24.8008326014969,25.8008326014969,28.4127001399174,29.4127001399174,1,0,9,0,0.63719613628241,0,0.63719613628241,0.0325416066799427,1,-0.0325416066799427,3.38083333333333,0,22.3450541931018,16.5006775621634,9,0,0.63719613628241,2019-01-03 05:00:00
"640",2019-01-03 05:15:00,3.38275,0,0.05107,0,2.00222083333333,22.539670577624,16.5890437623393,0,24.1604951634072,25.1604951634072,42.19696486881,43.19696486881,1,0,9,0,0.637189426289596,0,0.637189426289596,0.0325412640006097,1,-0.0325412640006097,3.38275,0,22.539670577624,16.5890437623393,9,0,0.637189426289596,2019-01-03 05:15:00
"641",2019-01-03 05:20:00,3.38466666666667,0,0.05107,0,2.00222083333333,22.7242897849528,16.6798877049671,0,24.1604951634072,25.1604951634072,42.19696486881,43.19696486881,1,0,9,0,0.637182716953095,0,0.637182716953095,0.0325409213547946,1,-0.0325409213547946,3.38466666666667,0,22.7242897849528,16.6798877049671,9,0,0.637182716953095,2019-01-03 05:15:00
"642",2019-01-03 05:25:00,3.38658333333333,0,0.05107,0,2.00222083333333,22.9000773154905,16.7728461100675,0,24.1604951634072,25.1604951634072,42.19696486881,43.19696486881,1,0,9,0,0.637176008272811,0,0.637176008272811,0.0325405787424924,1,-0.0325405787424924,3.38658333333333,0,22.9000773154905,16.7728461100675,9,0,0.637176008272811,2019-01-03 05:15:00
"643",2019-01-03 05:30:00,3.3885,0,0.05107,0,2.00222083333333,22.5680558786146,16.8676005587698,0,22.3312835544348,23.3312835544348,23.2352657946758,24.2352657946758,1,0,3,0,0.137169300248647,0,0.137169300248647,0.00700523616369839,1,-0.00700523616369839,3.3885,0,22.5680558786146,16.8676005587698,3,0,0.137169300248647,2019-01-03 05:30:00
"644",2019-01-03 05:35:00,3.39041666666667,0,0.05107,0,2.00222083333333,22.5391294257445,16.9498806799884,0,22.3312835544348,23.3312835544348,23.2352657946758,24.2352657946758,1,0,6.15873210984211,0,0.400390268700683,0,0.400390268700683,0.0204479310225439,1,-0.0204479310225439,3.39041666666667,0,22.5391294257445,16.9498806799884,6.15873210984211,0,0.400390268700683,2019-01-03 05:30:00
"645",2019-01-03 05:40:00,3.39233333333333,0,0.05107,0,2.00222083333333,22.5494809829543,17.0285884132932,0,22.3312835544348,23.3312835544348,23.2352657946758,24.2352657946758,1,0,6.50584954428317,0,0.429310014858559,0,0.429310014858559,0.0219248624588266,1,-0.0219248624588266,3.39233333333333,0,22.5494809829543,17.0285884132932,6.50584954428317,0,0.429310014858559,2019-01-03 05:30:00
"646",2019-01-03 05:45:00,3.39425,0,0.05107,0,2.00222083333333,21.7740233270081,17.1049432969113,0,17.9638292631134,18.9638292631134,20.3855849644169,21.3855849644169,0,1,0,3,0,0.1,0.1,0.005107,1,-0.005107,3.39425,0,21.7740233270081,17.1049432969113,0,3,0.1,2019-01-03 05:45:00
"647",2019-01-03 05:50:00,3.39616666666667,0,0.05107,0,2.00222083333333,21.0782104732717,17.1570356600318,0,17.9638292631134,18.9638292631134,20.3855849644169,21.3855849644169,0,1,0,3,0,0.1,0.1,0.005107,1,-0.005107,3.39616666666667,0,21.0782104732717,17.1570356600318,0,3,0.1,2019-01-03 05:45:00
"648",2019-01-03 05:55:00,3.39808333333333,0,0.05107,0,2.00222083333333,20.4523369972101,17.1879121416621,0,17.9638292631134,18.9638292631134,20.3855849644169,21.3855849644169,0,1,0,3,0,0.1,0.1,0.005107,0,-0.005107,3.39808333333333,0,20.4523369972101,17.1879121416621,0,3,0.1,2019-01-03 05:45:00
"649",2019-01-03 06:00:00,3.4,0,0.05391,0,2.0381375,20.1378885307738,17.2002450854534,0,14.8240269916132,15.8240269916132,43.5391733497381,44.5391733497381,0,0,0,0,0,0,0,0,0,0,3.4,0,20.1378885307738,17.2002450854534,0,0,0,2019-01-03 06:00:00
"650",2019-01-03 06:05:00,3.38875,0.198083333333333,0.05391,0,2.0381375,19.854063952975,17.2033179274274,0,14.8240269916132,15.8240269916132,43.5391733497381,44.5391733497381,0,0,0,0,0,0,0,0,0,0,3.38875,0.198083333333333,19.854063952975,17.2033179274274,0,0,0,2019-01-03 06:00:00
"651",2019-01-03 06:10:00,3.3775,0.396166666666667,0.05391,0,2.0381375,19.5971378799813,17.198299792483,0,14.8240269916132,15.8240269916132,43.5391733497381,44.5391733497381,0,0,0,0,0,0,0,0,0,0,3.3775,0.396166666666667,19.5971378799813,17.198299792483,0,0,0,2019-01-03 06:00:00
"652",2019-01-03 06:15:00,3.36625,0.59425,0.05391,0,2.0381375,19.3638420805101,17.1862161445009,0,16.2439668166917,17.2439668166917,28.5479303151369,29.5479303151369,0,0,0,0,0,0,0,0,0,0,3.36625,0.59425,19.3638420805101,17.1862161445009,0,0,0,2019-01-03 06:15:00
"653",2019-01-03 06:20:00,3.355,0.792333333333333,0.05391,0,2.0381375,19.1513093592713,17.1679664219515,0,16.2439668166917,17.2439668166917,28.5479303151369,29.5479303151369,0,0,0,0,0,0,0,0,0,0,3.355,0.792333333333333,19.1513093592713,17.1679664219515,0,0,0,2019-01-03 06:15:00
"654",2019-01-03 06:25:00,3.34375,0.990416666666667,0.05391,0,2.0381375,18.9570243289319,17.1443395086615,0,16.2439668166917,17.2439668166917,28.5479303151369,29.5479303151369,0,0,0,0,0,0,0,0,0,0,3.34375,0.990416666666667,18.9570243289319,17.1443395086615,0,0,0,2019-01-03 06:15:00
"655",2019-01-03 06:30:00,3.3325,1.1885,0.05391,0,2.0381375,19.5287802250091,17.1160273054793,0,23.2519795177504,24.2519795177504,47.0411574798636,48.0411574798636,1,0,9,0,0.6373655620415,0,0.6373655620415,0.0343603774496572,0,-0.0343603774496572,3.3325,1.1885,19.5287802250091,17.1160273054793,9,0,0.6373655620415,2019-01-03 06:30:00
"656",2019-01-03 06:35:00,3.32125,1.38658333333333,0.05391,0,2.0381375,20.0444727763697,17.1046235938296,0,23.2519795177504,24.2519795177504,47.0411574798636,48.0411574798636,1,0,9,0,0.637405057399245,0,0.637405057399245,0.0343625066443933,0,-0.0343625066443933,3.32125,1.38658333333333,20.0444727763697,17.1046235938296,9,0,0.637405057399245,2019-01-03 06:30:00
"657",2019-01-03 06:40:00,3.31,1.58466666666667,0.05391,0,2.0381375,20.5109179755888,17.1079895339984,0,23.2519795177504,24.2519795177504,47.0411574798636,48.0411574798636,1,0,9,0,0.63744457547494,0,0.63744457547494,0.034364637063854,0,-0.034364637063854,3.31,1.58466666666667,20.5109179755888,17.1079895339984,9,0,0.63744457547494,2019-01-03 06:30:00
"658",2019-01-03 06:45:00,3.29875,1.78275,0.05391,0,2.0381375,20.9340954238626,17.1242491228727,0,22.943414404057,23.943414404057,20.4390914160758,21.4390914160758,1,0,9,0,0.63748411628819,0,0.63748411628819,0.0343667687090963,0,-0.0343667687090963,3.29875,1.78275,20.9340954238626,17.1242491228727,9,0,0.63748411628819,2019-01-03 06:45:00
"659",2019-01-03 06:50:00,3.2875,1.98083333333333,0.05391,0,2.0381375,21.319250999946,17.1517569284388,0,22.943414404057,23.943414404057,20.4390914160758,21.4390914160758,1,0,9,0,0.637523679858626,0,0.637523679858626,0.0343689015811785,1,-0.0343689015811785,3.2875,1.98083333333333,21.319250999946,17.1517569284388,9,0,0.637523679858626,2019-01-03 06:45:00
"660",2019-01-03 06:55:00,3.27625,2.17891666666667,0.05391,0,2.0381375,21.6709869260851,17.1890697850006,0,22.943414404057,23.943414404057,20.4390914160758,21.4390914160758,1,0,9,0,0.637563266205898,0,0.637563266205898,0.03437103568116,1,-0.03437103568116,3.27625,2.17891666666667,21.6709869260851,17.1890697850006,9,0,0.637563266205898,2019-01-03 06:45:00
"661",2019-01-03 07:00:00,3.265,2.377,0.061759998,1,2.08159583333333,21.993340778014,17.2349219629269,0,23.6763417134061,24.6763417134061,36.1624302137643,37.1624302137643,1,0,9,0,0.637602875349683,0,0.637602875349683,0.0393783523063907,1,-0.0393783523063907,3.265,2.377,21.993340778014,17.2349219629269,9,0,0.637602875349683,2019-01-03 07:00:00
"662",2019-01-03 07:05:00,3.2635,5.96725,0.061759998,1,2.08159583333333,22.290998975501,17.2885887707601,0,23.6763417134061,24.6763417134061,36.1624302137643,37.1624302137643,1,0,9,0,0.637608158292316,0,0.637608158292316,0.0393786785809171,1,-0.0393786785809171,3.2635,5.96725,22.290998975501,17.2885887707601,9,0,0.637608158292316,2019-01-03 07:00:00
"663",2019-01-03 07:10:00,3.262,9.5575,0.061759998,1,2.08159583333333,22.5669979830379,17.3491157026917,0,23.6763417134061,24.6763417134061,36.1624302137643,37.1624302137643,1,0,9,0,0.637613441640616,0,0.637613441640616,0.0393790048804976,1,-0.0393790048804976,3.262,9.5575,22.5669979830379,17.3491157026917,9,0,0.637613441640616,2019-01-03 07:00:00
"664",2019-01-03 07:15:00,3.2605,13.14775,0.061759998,1,2.08159583333333,22.0740015048487,17.415665400653,0,8.22433905280195,9.22433905280195,30.8301617838442,31.8301617838442,0,0,0,0,0,0,0,0,1,0,3.2605,13.14775,22.0740015048487,17.415665400653,0,0,0,2019-01-03 07:15:00
"665",2019-01-03 07:20:00,3.259,16.738,0.061759998,1,2.08159583333333,21.6345144882889,17.4665163162085,0,8.22433905280195,9.22433905280195,30.8301617838442,31.8301617838442,0,0,0,0,0,0,0,0,1,0,3.259,16.738,21.6345144882889,17.4665163162085,0,0,0,2019-01-03 07:15:00
"666",2019-01-03 07:25:00,3.2575,20.32825,0.061759998,1,2.08159583333333,21.2420722608309,17.503695041475,0,8.22433905280195,9.22433905280195,30.8301617838442,31.8301617838442,0,0,0,0,0,0,0,0,1,0,3.2575,20.32825,21.2420722608309,17.503695041475,0,0,0,2019-01-03 07:15:00
"667",2019-01-03 07:30:00,3.256,23.9185,0.061759998,1,2.08159583333333,21.6410032445877,17.5289789470566,0,23.2159535600804,24.2159535600804,41.8328868462704,42.8328868462704,1,0,9,0,0.637634579091436,0,0.637634579091436,0.0393803103294179,1,-0.0393803103294179,3.256,23.9185,21.6410032445877,17.5289789470566,9,0,0.637634579091436,2019-01-03 07:30:00
"668",2019-01-03 07:35:00,3.2545,27.50875,0.061759998,1,2.08159583333333,22.0061633574599,17.5649137348466,0,23.2159535600804,24.2159535600804,41.8328868462704,42.8328868462704,1,0,9,0,0.637639864468778,0,0.637639864468778,0.039380636754312,1,-0.039380636754312,3.2545,27.50875,22.0061633574599,17.5649137348466,9,0,0.637639864468778,2019-01-03 07:30:00
"669",2019-01-03 07:40:00,3.253,31.099,0.061759998,1,2.08159583333333,22.341701614228,17.6101953313768,0,23.2159535600804,24.2159535600804,41.8328868462704,42.8328868462704,1,0,9,0,0.637645150252069,0,0.637645150252069,0.0393809632042775,1,-0.0393809632042775,3.253,31.099,22.341701614228,17.6101953313768,9,0,0.637645150252069,2019-01-03 07:30:00
"670",2019-01-03 07:45:00,3.2515,34.68925,0.061759998,1,2.08159583333333,21.6512577061746,17.6636797280585,0,19.5708391531371,20.5708391531371,20.035727518145,21.035727518145,0,1,0,3,0,0.1,0.1,0.0061759998,1,-0.0061759998,3.2515,34.68925,21.6512577061746,17.6636797280585,0,3,0.1,2019-01-03 07:45:00
"671",2019-01-03 07:50:00,3.25,38.2795,0.061759998,1,2.08159583333333,21.0315821832957,17.6963807221794,0,19.5708391531371,20.5708391531371,20.035727518145,21.035727518145,0,1,0,3,0,0.1,0.1,0.0061759998,1,-0.0061759998,3.25,38.2795,21.0315821832957,17.6963807221794,0,3,0.1,2019-01-03 07:45:00
"672",2019-01-03 07:55:00,3.2485,41.86975,0.061759998,1,2.08159583333333,20.4741232958124,17.7109792748946,0,19.5708391531371,20.5708391531371,20.035727518145,21.035727518145,0,1,0,3,0,0.1,0.1,0.0061759998,0,-0.839509333133333,3.2485,41.86975,20.4741232958124,17.7109792748946,0,3,0.1,2019-01-03 07:45:00
"673",2019-01-03 08:00:00,3.247,45.46,0.060029999,1,2.12967916666667,20.7569467289923,17.7098266630397,1,23.4875557178166,24.4875557178166,30.9737582858652,31.9737582858652,1,0,9,0,0.637666297445657,0,0.637666297445657,0.0382791071979965,0,-0.87161244053133,3.247,45.46,20.7569467289923,17.7098266630397,9,0,0.637666297445657,2019-01-03 08:00:00
"674",2019-01-03 08:05:00,3.26375,51.755,0.060029999,1,2.12967916666667,21.0120133046615,17.7173345236739,1,23.4875557178166,24.4875557178166,30.9737582858652,31.9737582858652,1,0,9,0,0.637607277773707,0,0.637607277773707,0.0382755642471483,1,-0.0382755642471483,3.26375,51.755,21.0120133046615,17.7173345236739,9,0,0.637607277773707,2019-01-03 08:00:00
"675",2019-01-03 08:10:00,3.2805,58.05,0.060029999,1,2.12967916666667,21.2430699658093,17.7324341743944,1,23.4875557178166,24.4875557178166,30.9737582858652,31.9737582858652,1,0,9,0,0.637548308685364,0,0.637548308685364,0.0382720243328341,1,-0.0382720243328341,3.2805,58.05,21.2430699658093,17.7324341743944,9,0,0.637548308685364,2019-01-03 08:00:00
"676",2019-01-03 08:15:00,3.29725,64.345,0.060029999,1,2.12967916666667,21.4533671777452,17.7541978108508,1,22.312814879464,23.312814879464,46.7515035630204,47.7515035630204,1,0,9,0,0.637489390115626,0,0.637489390115626,0.0382684874511517,1,-0.0382684874511517,3.29725,64.345,21.4533671777452,17.7541978108508,9,0,0.637489390115626,2019-01-03 08:15:00
"677",2019-01-03 08:20:00,3.314,70.64,0.060029999,1,2.12967916666667,21.6457246451013,17.7818198645394,1,22.312814879464,23.312814879464,46.7515035630204,47.7515035630204,1,0,9,0,0.637430521999603,0,0.637430521999603,0.0382649535982056,1,-0.0382649535982056,3.314,70.64,21.6457246451013,17.7818198645394,9,0,0.637430521999603,2019-01-03 08:15:00
"678",2019-01-03 08:25:00,3.33075,76.935,0.060029999,1,2.12967916666667,21.8225883306026,17.8146008280226,1,22.312814879464,23.312814879464,46.7515035630204,47.7515035630204,1,0,9,0,0.637371704272514,0,0.637371704272514,0.0382614227701073,1,-0.0382614227701073,3.33075,76.935,21.8225883306026,17.8146008280226,9,0,0.637371704272514,2019-01-03 08:15:00
"679",2019-01-03 08:30:00,3.3475,83.23,0.060029999,1,2.12967916666667,21.2360799268874,17.851933220986,1,20.5026312097907,21.5026312097907,26.2679736530408,27.2679736530408,0,0,0,0,0,0,0,0,1,0,3.3475,83.23,21.2360799268874,17.851933220986,0,0,0,2019-01-03 08:30:00
"680",2019-01-03 08:35:00,3.36425,89.525,0.060029999,1,2.12967916666667,20.7175435244214,17.8723024559123,1,20.5026312097907,21.5026312097907,26.2679736530408,27.2679736530408,0,0,0,0,0,0,0,0,0,-0.833333333333333,3.36425,89.525,20.7175435244214,17.8723024559123,0,0,0,2019-01-03 08:30:00
"681",2019-01-03 08:40:00,3.381,95.82,0.060029999,1,2.12967916666667,20.2581978359095,17.8781824508008,1,20.5026312097907,21.5026312097907,26.2679736530408,27.2679736530408,0,0,0,0,0,0,0,0,0,-0.833333333333333,3.381,95.82,20.2581978359095,17.8781824508008,0,0,0,2019-01-03 08:30:00
"682",2019-01-03 08:45:00,3.39775,102.115,0.060029999,1,2.12967916666667,20.6004222669378,17.8717179963797,1,21.370243022684,22.370243022684,25.7256787111983,26.7256787111983,1,0,9,0,0.637136935961782,0,0.637136935961782,0.0382473296286488,0,-0.871580662961982,3.39775,102.115,20.6004222669378,17.8717179963797,9,0,0.637136935961782,2019-01-03 08:45:00
"683",2019-01-03 08:50:00,3.4145,108.41,0.060029999,1,2.12967916666667,20.9080995559275,17.8757552891526,1,21.370243022684,22.370243022684,25.7256787111983,26.7256787111983,1,0,9,0,0.63707836921154,0,0.63707836921154,0.0382438138666904,0,-0.871577147200024,3.4145,108.41,20.9080995559275,17.8757552891526,9,0,0.63707836921154,2019-01-03 08:45:00
"684",2019-01-03 08:55:00,3.43125,114.705,0.060029999,1,2.12967916666667,21.1858675085202,17.888973561391,1,21.370243022684,22.370243022684,25.7256787111983,26.7256787111983,1,0,9,0,0.637019852463874,0,0.637019852463874,0.0382403011063865,1,-0.0382403011063865,3.43125,114.705,21.1858675085202,17.888973561391,9,0,0.637019852463874,2019-01-03 08:45:00
"685",2019-01-03 09:00:00,3.448,121,0.058189999,1,2.18605416666667,21.4377495974907,17.9102263507082,1,23.8452539448626,24.8452539448626,41.9447177303955,42.9447177303955,1,0,9,0,0.636961385654774,0,0.636961385654774,0.0370647823942899,1,-0.0370647823942899,3.448,121,21.4377495974907,17.9102263507082,9,0,0.636961385654774,2019-01-03 09:00:00
"686",2019-01-03 09:05:00,3.4675,126.85,0.058189999,1,2.18605416666667,21.6671230505374,17.9384909657426,1,23.8452539448626,24.8452539448626,41.9447177303955,42.9447177303955,1,0,9,0,0.63689338264233,0,0.63689338264233,0.0370608252990638,1,-0.0370608252990638,3.4675,126.85,21.6671230505374,17.9384909657426,9,0,0.63689338264233,2019-01-03 09:00:00
"687",2019-01-03 09:10:00,3.487,132.7,0.058189999,1,2.18605416666667,21.8770253099391,17.9729011643481,1,23.8452539448626,24.8452539448626,41.9447177303955,42.9447177303955,1,0,9,0,0.636825447125037,0,0.636825447125037,0.0370568721313805,1,-0.0370568721313805,3.487,132.7,21.8770253099391,17.9729011643481,9,0,0.636825447125037,2019-01-03 09:00:00
"688",2019-01-03 09:15:00,3.5065,138.55,0.058189999,1,2.18605416666667,21.3200913580706,18.0127049038206,1,6.85025834525004,7.85025834525004,25.832184264902,26.832184264902,0,0,0,0,0,0,0,0,1,0,3.5065,138.55,21.3200913580706,18.0127049038206,0,0,0,2019-01-03 09:15:00
"689",2019-01-03 09:20:00,3.526,144.4,0.058189999,1,2.18605416666667,20.8281107336853,18.0362622711145,1,6.85025834525004,7.85025834525004,25.832184264902,26.832184264902,0,0,0,0,0,0,0,0,0,-0.833333333333333,3.526,144.4,20.8281107336853,18.0362622711145,0,0,0,2019-01-03 09:15:00
"690",2019-01-03 09:25:00,3.5455,150.25,0.058189999,1,2.18605416666667,20.3926887350082,18.0459385486434,1,6.85025834525004,7.85025834525004,25.832184264902,26.832184264902,0,0,0,0,0,0,0,0,0,-0.833333333333333,3.5455,150.25,20.3926887350082,18.0459385486434,0,0,0,2019-01-03 09:15:00
"691",2019-01-03 09:30:00,3.565,156.1,0.058189999,1,2.18605416666667,20.0065402806582,18.043784371685,1,9.70575652085245,10.7057565208524,35.8050385541283,36.8050385541283,0,0,0,0,0,0,0,0,0,-0.833333333333333,3.565,156.1,20.0065402806582,18.043784371685,0,0,0,2019-01-03 09:30:00
"692",2019-01-03 09:35:00,3.5845,161.95,0.058189999,1,2.18605416666667,19.6633430529149,18.0315773862491,1,9.70575652085245,10.7057565208524,35.8050385541283,36.8050385541283,0,0,0,0,0,0,0,0,0,-0.833333333333333,3.5845,161.95,19.6633430529149,18.0315773862491,0,0,0,2019-01-03 09:30:00
"693",2019-01-03 09:40:00,3.604,167.8,0.058189999,1,2.18605416666667,19.3576100786421,18.0108583930852,1,9.70575652085245,10.7057565208524,35.8050385541283,36.8050385541283,0,0,0,0,0,0,0,0,0,-0.833333333333333,3.604,167.8,19.3576100786421,18.0108583930852,0,0,0,2019-01-03 09:30:00
"694",2019-01-03 09:45:00,3.6235,173.65,0.058189999,1,2.18605416666667,19.8345791751306,17.9829627076398,1,21.2465916315559,22.2465916315559,38.0498316655867,39.0498316655867,1,0,9,0,0.636351779956588,0,0.636351779956588,0.0370293094393221,0,-0.870362642772655,3.6235,173.65,19.8345791751306,17.9829627076398,9,0,0.636351779956588,2019-01-03 09:45:00
"695",2019-01-03 09:50:00,3.643,179.5,0.058189999,1,2.18605416666667,20.260613284507,17.9700343270356,1,21.2465916315559,22.2465916315559,38.0498316655867,39.0498316655867,1,0,9,0,0.636284380801456,0,0.636284380801456,0.0370253874825523,0,-0.870358720815886,3.643,179.5,20.260613284507,17.9700343270356,9,0,0.636284380801456,2019-01-03 09:45:00
"696",2019-01-03 09:55:00,3.6625,185.35,0.058189999,1,2.18605416666667,20.6425022662299,17.9701433601928,1,21.2465916315559,22.2465916315559,38.0498316655867,39.0498316655867,1,0,9,0,0.636217048244673,0,0.636217048244673,0.0370214694011405,0,-0.870354802734474,3.6625,185.35,20.6425022662299,17.9701433601928,9,0,0.636217048244673,2019-01-03 09:45:00
"697",2019-01-03 10:00:00,3.682,191.2,0.061470001,1,2.24592916666667,20.986136929503,17.9816149770131,1,20.9161114110611,21.9161114110611,21.5735371531919,22.5735371531919,1,0,9,0,0.636149782187578,0,0.636149782187578,0.0391041277472202,0,-0.872437461080554,3.682,191.2,20.986136929503,17.9816149770131,9,0,0.636149782187578,2019-01-03 10:00:00
"698",2019-01-03 10:05:00,3.65833333333333,184.65,0.061470001,1,2.24592916666667,21.2218777467467,18.0015437590056,1,20.9161114110611,21.9161114110611,21.5735371531919,22.5735371531919,1,0,8.15969377869786,0,0.566205911511359,0,0.566205911511359,0.0348046779468092,1,-0.0348046779468092,3.65833333333333,184.65,21.2218777467467,18.0015437590056,8.15969377869786,0,0.566205911511359,2019-01-03 10:00:00
"699",2019-01-03 10:10:00,3.63466666666667,178.1,0.061470001,1,2.24592916666667,21.1962323952794,18.026625435792,1,20.9161114110611,21.9161114110611,21.5735371531919,22.5735371531919,1,0,5.33080397177343,0,0.330546840018865,0,0.330546840018865,0.0203187145865065,1,-0.0203187145865065,3.63466666666667,178.1,21.1962323952794,18.026625435792,5.33080397177343,0,0.330546840018865,2019-01-03 10:00:00
"700",2019-01-03 10:15:00,3.611,171.55,0.061470001,1,2.24592916666667,20.728894982408,18.0493720189604,1,10.1600088528357,11.1600088528357,25.9301036205143,26.9301036205143,0,0,0,0,0,0,0,0,0,-0.833333333333333,3.611,171.55,20.728894982408,18.0493720189604,0,0,0,2019-01-03 10:15:00
"701",2019-01-03 10:20:00,3.58733333333333,165,0.061470001,1,2.24592916666667,20.3107038004729,18.0575025353033,1,10.1600088528357,11.1600088528357,25.9301036205143,26.9301036205143,0,0,0,0,0,0,0,0,0,-0.833333333333333,3.58733333333333,165,20.3107038004729,18.0575025353033,0,0,0,2019-01-03 10:15:00
"702",2019-01-03 10:25:00,3.56366666666667,158.45,0.061470001,1,2.24592916666667,19.9350912379077,18.0528849804421,1,10.1600088528357,11.1600088528357,25.9301036205143,26.9301036205143,0,0,0,0,0,0,0,0,0,-0.833333333333333,3.56366666666667,158.45,19.9350912379077,18.0528849804421,0,0,0,2019-01-03 10:15:00
"703",2019-01-03 10:30:00,3.54,151.9,0.061470001,1,2.24592916666667,19.5963594237866,18.0371405947927,1,13.8472306437325,14.8472306437325,25.3176617184654,26.3176617184654,0,0,0,0,0,0,0,0,0,-0.833333333333333,3.54,151.9,19.5963594237866,18.0371405947927,0,0,0,2019-01-03 10:30:00
"704",2019-01-03 10:35:00,3.51633333333333,145.35,0.061470001,1,2.24592916666667,19.2895651068566,18.0116765201109,1,13.8472306437325,14.8472306437325,25.3176617184654,26.3176617184654,0,0,0,0,0,0,0,0,0,-0.833333333333333,3.51633333333333,145.35,19.2895651068566,18.0116765201109,0,0,0,2019-01-03 10:30:00
"705",2019-01-03 10:40:00,3.49266666666667,138.8,0.061470001,1,2.24592916666667,19.0104197718336,17.9777141336917,1,13.8472306437325,14.8472306437325,25.3176617184654,26.3176617184654,0,0,0,0,0,0,0,0,0,-0.833333333333333,3.49266666666667,138.8,19.0104197718336,17.9777141336917,0,0,0,2019-01-03 10:30:00
"706",2019-01-03 10:45:00,3.469,132.25,0.061470001,1,2.24592916666667,18.7552029761822,17.9363136323235,1,5.66540804947726,6.66540804947726,39.0176482270472,40.0176482270472,0,0,0,0,0,0,0,0,0,-0.833333333333333,3.469,132.25,18.7552029761822,17.9363136323235,0,0,0,2019-01-03 10:45:00
"707",2019-01-03 10:50:00,3.44533333333333,125.7,0.061470001,1,2.24592916666667,18.5206871575339,17.8883953623724,1,5.66540804947726,6.66540804947726,39.0176482270472,40.0176482270472,0,0,0,0,0,0,0,0,0,-0.833333333333333,3.44533333333333,125.7,18.5206871575339,17.8883953623724,0,0,0,2019-01-03 10:45:00
"708",2019-01-03 10:55:00,3.42166666666667,119.15,0.061470001,1,2.24592916666667,18.3040723935074,17.8347583266746,1,5.66540804947726,6.66540804947726,39.0176482270472,40.0176482270472,0,0,0,0,0,0,0,0,0,-0.833333333333333,3.42166666666667,119.15,18.3040723935074,17.8347583266746,0,0,0,2019-01-03 10:45:00
"709",2019-01-03 11:00:00,3.398,112.6,0.062,1,2.29530416666667,18.852929796646,17.7760962419101,1,20.9625121469144,21.9625121469144,43.7683586594649,44.7683586594649,1,0,9,0,0.637136061463286,0,0.637136061463286,0.0395024358107237,0,-0.872835769144057,3.398,112.6,18.852929796646,17.7760962419101,9,0,0.637136061463286,2019-01-03 11:00:00
"710",2019-01-03 11:05:00,3.40108333333333,111.858333333333,0.062,1,2.29530416666667,19.3379473671139,17.7347159374706,1,20.9625121469144,21.9625121469144,43.7683586594649,44.7683586594649,1,0,9,0,0.637125276898786,0,0.637125276898786,0.0395017671677247,0,-0.872835100501058,3.40108333333333,111.858333333333,19.3379473671139,17.7347159374706,9,0,0.637125276898786,2019-01-03 11:00:00
"711",2019-01-03 11:10:00,3.40416666666667,111.116666666667,0.062,1,2.29530416666667,19.7674979624409,17.7082483824131,1,20.9625121469144,21.9625121469144,43.7683586594649,44.7683586594649,1,0,9,0,0.637114494030378,0,0.637114494030378,0.0395010986298834,0,-0.872834431963217,3.40416666666667,111.116666666667,19.7674979624409,17.7082483824131,9,0,0.637114494030378,2019-01-03 11:00:00
"712",2019-01-03 11:15:00,3.40725,110.375,0.062,1,2.29530416666667,19.3988467871154,17.6946387080466,1,17.1214731519576,18.1214731519576,19.9303192882799,20.9303192882799,0,0,0,0,0,0,0,0,0,-0.833333333333333,3.40725,110.375,19.3988467871154,17.6946387080466,0,0,0,2019-01-03 11:15:00
"713",2019-01-03 11:20:00,3.41033333333333,109.633333333333,0.062,1,2.29530416666667,19.0678017398576,17.6711176635983,1,17.1214731519576,18.1214731519576,19.9303192882799,20.9303192882799,0,0,0,0,0,0,0,0,0,-0.833333333333333,3.41033333333333,109.633333333333,19.0678017398576,17.6711176635983,0,0,0,2019-01-03 11:15:00
"714",2019-01-03 11:25:00,3.41341666666667,108.891666666667,0.062,1,2.29530416666667,18.769455594608,17.639071711653,1,17.1214731519576,18.1214731519576,19.9303192882799,20.9303192882799,0,0,0,0,0,0,0,0,0,-0.833333333333333,3.41341666666667,108.891666666667,18.769455594608,17.639071711653,0,0,0,2019-01-03 11:15:00
"715",2019-01-03 11:30:00,3.4165,108.15,0.062,1,2.29530416666667,19.249550121284,17.599703255577,1,19.8933085582685,20.8933085582685,43.3170659495518,44.3170659495518,1,0,9,0,0.637071379509665,0,0.637071379509665,0.0394984255295993,0,-0.872831758862933,3.4165,108.15,19.249550121284,17.599703255577,9,0,0.637071379509665,2019-01-03 11:30:00
"716",2019-01-03 11:35:00,3.41958333333333,107.408333333333,0.062,1,2.29530416666667,19.6748864453113,17.5750419632272,1,19.8933085582685,20.8933085582685,43.3170659495518,44.3170659495518,1,0,9,0,0.637060605115718,0,0.637060605115718,0.0394977575171745,0,-0.872831090850508,3.41958333333333,107.408333333333,19.6748864453113,17.5750419632272,9,0,0.637060605115718,2019-01-03 11:30:00
"717",2019-01-03 11:40:00,3.42266666666667,106.666666666667,0.062,1,2.29530416666667,20.0526355383822,17.5630597301872,1,19.8933085582685,20.8933085582685,43.3170659495518,44.3170659495518,1,0,9,0,0.637049832415465,0,0.637049832415465,0.0394970896097588,0,-0.872830422943092,3.42266666666667,106.666666666667,20.0526355383822,17.5630597301872,9,0,0.637049832415465,2019-01-03 11:30:00
"718",2019-01-03 11:45:00,3.42575,105.925,0.062,1,2.29530416666667,19.6390197978931,17.5619974886322,1,7.60296769277193,8.60296769277193,42.2545443666168,43.2545443666168,0,0,0,0,0,0,0,0,0,-0.833333333333333,3.42575,105.925,19.6390197978931,17.5619974886322,0,0,0,2019-01-03 11:45:00
"719",2019-01-03 11:50:00,3.42883333333333,105.183333333333,0.062,1,2.29530416666667,19.2689423388013,17.549342635769,1,7.60296769277193,8.60296769277193,42.2545443666168,43.2545443666168,0,0,0,0,0,0,0,0,0,-0.833333333333333,3.42883333333333,105.183333333333,19.2689423388013,17.549342635769,0,0,0,2019-01-03 11:45:00
"720",2019-01-03 11:55:00,3.43191666666667,104.441666666667,0.062,1,2.29530416666667,18.936710906059,17.5267043115012,1,7.60296769277193,8.60296769277193,42.2545443666168,43.2545443666168,0,0,0,0,0,0,0,0,0,-0.833333333333333,3.43191666666667,104.441666666667,18.936710906059,17.5267043115012,0,0,0,2019-01-03 11:45:00
"721",2019-01-03 12:00:00,3.435,103.7,0.063119999,1,2.34272083333333,19.3873861448146,17.4954781221669,1,22.5816891628783,23.5816891628783,23.416079623159,24.416079623159,1,0,9,0,0.637006758543399,0,0.637006758543399,0.0402078659622526,0,-0.873541199295586,3.435,103.7,19.3873861448146,17.4954781221669,9,0,0.637006758543399,2019-01-03 12:00:00
"722",2019-01-03 12:05:00,3.39833333333333,99.1958333333333,0.063119999,1,2.34272083333333,19.7853953688031,17.4772680868864,1,22.5816891628783,23.5816891628783,23.416079623159,24.416079623159,1,0,9,0,0.637134895482639,0,0.637134895482639,0.0402159539657293,0,-0.873549287299063,3.39833333333333,99.1958333333333,19.7853953688031,17.4772680868864,9,0,0.637134895482639,2019-01-03 12:00:00
"723",2019-01-03 12:10:00,3.36166666666667,94.6916666666667,0.063119999,1,2.34272083333333,20.137530668725,17.4701616556309,1,22.5816891628783,23.5816891628783,23.416079623159,24.416079623159,1,0,9,0,0.63726327232896,0,0.63726327232896,0.0402240571121407,0,-0.873557390445474,3.36166666666667,94.6916666666667,20.137530668725,17.4701616556309,9,0,0.63726327232896,2019-01-03 12:00:00
"724",2019-01-03 12:15:00,3.325,90.1875,0.063119999,1,2.34272083333333,20.4496864595262,17.472500817165,1,22.8706985902973,23.8706985902973,28.467536422424,29.467536422424,1,0,9,0,0.637391889756748,0,0.637391889756748,0.040232175444054,0,-0.873565508777387,3.325,90.1875,20.4496864595262,17.472500817165,9,0,0.637391889756748,2019-01-03 12:15:00
"725",2019-01-03 12:20:00,3.28833333333333,85.6833333333333,0.063119999,1,2.34272083333333,20.7269782857399,17.482848398394,1,22.8706985902973,23.8706985902973,28.467536422424,29.467536422424,1,0,9,0,0.637520748442921,0,0.637520748442921,0.0402403090041964,0,-0.87357364233753,3.28833333333333,85.6833333333333,20.7269782857399,17.482848398394,9,0,0.637520748442921,2019-01-03 12:15:00
"726",2019-01-03 12:25:00,3.25166666666667,81.1791666666667,0.063119999,1,2.34272083333333,20.973845902003,17.4999588243549,1,22.8706985902973,23.8706985902973,28.467536422424,29.467536422424,1,0,9,0,0.63764984906694,0,0.63764984906694,0.0402484578354554,0,-0.873581791168789,3.25166666666667,81.1791666666667,20.973845902003,17.4999588243549,9,0,0.63764984906694,2019-01-03 12:15:00
"727",2019-01-03 12:30:00,3.215,76.675,0.063119999,1,2.34272083333333,20.4441427100591,17.5227527484464,1,12.9668028268497,13.9668028268497,34.0221456256695,35.0221456256695,0,0,0,0,0,0,0,0,0,-0.833333333333333,3.215,76.675,20.4441427100591,17.5227527484464,0,0,0,2019-01-03 12:30:00
"728",2019-01-03 12:35:00,3.17833333333333,72.1708333333333,0.063119999,1,2.34272083333333,19.9707171022209,17.5293080827737,1,12.9668028268497,13.9668028268497,34.0221456256695,35.0221456256695,0,0,0,0,0,0,0,0,0,-0.833333333333333,3.17833333333333,72.1708333333333,19.9707171022209,17.5293080827737,0,0,0,2019-01-03 12:30:00
"729",2019-01-03 12:40:00,3.14166666666667,67.6666666666667,0.063119999,1,2.34272083333333,19.5460947718263,17.5217470774318,1,12.9668028268497,13.9668028268497,34.0221456256695,35.0221456256695,0,0,0,0,0,0,0,0,0,-0.833333333333333,3.14166666666667,67.6666666666667,19.5460947718263,17.5217470774318,0,0,0,2019-01-03 12:30:00
"730",2019-01-03 12:45:00,3.105,63.1625,0.063119999,1,2.34272083333333,19.163790887877,17.5019112838585,1,10.2444437777158,11.2444437777158,43.8954771780409,44.8954771780409,0,0,0,0,0,0,0,0,0,-0.833333333333333,3.105,63.1625,19.163790887877,17.5019112838585,0,0,0,2019-01-03 12:45:00
"731",2019-01-03 12:50:00,3.06833333333333,58.6583333333333,0.063119999,1,2.34272083333333,18.8181791281371,17.4713987062236,1,10.2444437777158,11.2444437777158,43.8954771780409,44.8954771780409,0,0,0,0,0,0,0,0,0,-0.833333333333333,3.06833333333333,58.6583333333333,18.8181791281371,17.4713987062236,0,0,0,2019-01-03 12:45:00
"732",2019-01-03 12:55:00,3.03166666666667,54.1541666666667,0.063119999,1,2.34272083333333,18.5043780468249,17.4315960355256,1,10.2444437777158,11.2444437777158,43.8954771780409,44.8954771780409,0,0,0,0,0,0,0,0,0,-0.833333333333333,3.03166666666667,54.1541666666667,18.5043780468249,17.4315960355256,0,0,0,2019-01-03 12:45:00
"733",2019-01-03 13:00:00,2.995,49.65,0.063669998,1,2.3726375,18.9681524825179,17.3837066172438,1,23.697960549267,24.697960549267,28.4676412031986,29.4676412031986,1,0,9,0,0.638560385308719,0,0.638560385308719,0.0406571384554854,0,-0.873990471788819,2.995,49.65,18.9681524825179,17.3837066172438,9,0,0.638560385308719,2019-01-03 13:00:00
"734",2019-01-03 13:05:00,2.93941666666667,45.93625,0.063669998,1,2.3726375,19.3763415304686,17.3497300495762,1,23.697960549267,24.697960549267,28.4676412031986,29.4676412031986,1,0,9,0,0.638759158711546,0,0.638759158711546,0.0406697943576458,0,-0.874003127690979,2.93941666666667,45.93625,19.3763415304686,17.3497300495762,9,0,0.638759158711546,2019-01-03 13:00:00
"735",2019-01-03 13:10:00,2.88383333333333,42.2225,0.063669998,1,2.3726375,19.7361300546301,17.3276418602209,1,23.697960549267,24.697960549267,28.4676412031986,29.4676412031986,1,0,9,0,0.638958503239053,0,0.638958503239053,0.0406824866233135,0,-0.874015819956647,2.88383333333333,42.2225,19.7361300546301,17.3276418602209,9,0,0.638958503239053,2019-01-03 13:00:00
"736",2019-01-03 13:15:00,2.82825,38.50875,0.063669998,1,2.3726375,19.3037532094422,17.3156868797589,1,8.15780530474149,9.15780530474149,37.3966619982384,38.3966619982384,0,0,0,0,0,0,0,0,0,-0.833333333333333,2.82825,38.50875,19.3037532094422,17.3156868797589,0,0,0,2019-01-03 13:15:00
"737",2019-01-03 13:20:00,2.77266666666667,34.795,0.063669998,1,2.3726375,18.914125876766,17.2913566293502,1,8.15780530474149,9.15780530474149,37.3966619982384,38.3966619982384,0,0,0,0,0,0,0,0,0,-0.833333333333333,2.77266666666667,34.795,18.914125876766,17.2913566293502,0,0,0,2019-01-03 13:15:00
"738",2019-01-03 13:25:00,2.71708333333333,31.08125,0.063669998,1,2.3726375,18.5615667042315,17.256264563088,1,8.15780530474149,9.15780530474149,37.3966619982384,38.3966619982384,0,0,0,0,0,0,0,0,0,-0.833333333333333,2.71708333333333,31.08125,18.5615667042315,17.256264563088,0,0,0,2019-01-03 13:15:00
"739",2019-01-03 13:30:00,2.6615,27.3675,0.063669998,1,2.3726375,18.9911464847249,17.21181076114,1,24.531452275347,25.531452275347,46.3340690340847,47.3340690340847,1,0,9,0,0.639761642109847,0,0.639761642109847,0.0407336224736107,0,-0.874066955806944,2.6615,27.3675,18.9911464847249,17.21181076114,9,0,0.639761642109847,2019-01-03 13:30:00
"740",2019-01-03 13:35:00,2.60591666666667,23.65375,0.063669998,1,2.3726375,19.3690848581784,17.1801971281393,1,24.531452275347,25.531452275347,46.3340690340847,47.3340690340847,1,0,9,0,0.639963879521612,0,0.639963879521612,0.0407464989292133,0,-0.874079832262546,2.60591666666667,23.65375,19.3690848581784,17.1801971281393,9,0,0.639963879521612,2019-01-03 13:30:00
"741",2019-01-03 13:40:00,2.55033333333333,19.94,0.063669998,1,2.3726375,19.7020489523431,17.1595457182943,1,24.531452275347,25.531452275347,46.3340690340847,47.3340690340847,1,0,9,0,0.640166703063287,0,0.640166703063287,0.0407594127037061,0,-0.874092746037039,2.55033333333333,19.94,19.7020489523431,17.1595457182943,9,0,0.640166703063287,2019-01-03 13:30:00
"742",2019-01-03 13:45:00,2.49475,16.22625,0.063669998,1,2.3726375,19.9958246807239,17.1482284611938,1,24.6348897290882,25.6348897290882,21.3822602927685,22.3822602927685,1,0,9,0,0.640370115286678,0,0.640370115286678,0.0407723639595625,0,-0.874105697292896,2.49475,16.22625,19.9958246807239,17.1482284611938,9,0,0.640370115286678,2019-01-03 13:45:00
"743",2019-01-03 13:50:00,2.43916666666667,12.5125,0.063669998,1,2.3726375,20.2554333696781,17.1448340790102,1,24.6348897290882,25.6348897290882,21.3822602927685,22.3822602927685,1,0,9,0,0.640574118758421,0,0.640574118758421,0.0407853528602004,0,-0.874118686193534,2.43916666666667,12.5125,20.2554333696781,17.1448340790102,9,0,0.640574118758421,2019-01-03 13:45:00
"744",2019-01-03 13:55:00,2.38358333333333,8.79875,0.063669998,1,2.3726375,20.4852329489926,17.1481393825623,1,24.6348897290882,25.6348897290882,21.3822602927685,22.3822602927685,1,0,9,0,0.640778716060099,0,0.640778716060099,0.0407983795699891,0,-0.874131712903322,2.38358333333333,8.79875,20.4852329489926,17.1481393825623,9,0,0.640778716060099,2019-01-03 13:45:00
"745",2019-01-03 14:00:00,2.328,5.085,0.066129997,1,2.38497083333333,19.9390057490934,17.1570843666591,1,10.685468595475,11.685468595475,45.7548600230366,46.7548600230366,0,0,0,0,0,0,0,0,0,-0.833333333333333,2.328,5.085,19.9390057490934,17.1570843666591,0,0,0,2019-01-03 14:00:00
"746",2019-01-03 14:05:00,2.29591666666667,4.66125,0.066129997,1,2.38497083333333,19.4509498566304,17.1502179009403,1,10.685468595475,11.685468595475,45.7548600230366,46.7548600230366,0,0,0,0,0,0,0,0,0,-0.833333333333333,2.29591666666667,4.66125,19.4509498566304,17.1502179009403,0,0,0,2019-01-03 14:00:00
"747",2019-01-03 14:10:00,2.26383333333333,4.2375,0.066129997,1,2.38497083333333,19.0134299030841,17.1297008265278,1,10.685468595475,11.685468595475,45.7548600230366,46.7548600230366,0,0,0,0,0,0,0,0,0,-0.833333333333333,2.26383333333333,4.2375,19.0134299030841,17.1297008265278,0,0,0,2019-01-03 14:00:00
"748",2019-01-03 14:15:00,2.23175,3.81375,0.066129997,1,2.38497083333333,18.6198206541537,17.0974074779244,1,17.6508597240318,18.6508597240318,26.6352023002692,27.6352023002692,0,0,0,0,0,0,0,0,0,-0.833333333333333,2.23175,3.81375,18.6198206541537,17.0974074779244,0,0,0,2019-01-03 14:15:00
"749",2019-01-03 14:20:00,2.19966666666667,3.39,0.066129997,1,2.38497083333333,18.2643733133726,17.0549636082887,1,17.6508597240318,18.6508597240318,26.6352023002692,27.6352023002692,0,0,0,0,0,0,0,0,0,-0.833333333333333,2.19966666666667,3.39,18.2643733133726,17.0549636082887,0,0,0,2019-01-03 14:15:00
"750",2019-01-03 14:25:00,2.16758333333333,2.96625,0.066129997,1,2.38497083333333,17.9420995215526,17.0037792949497,1,17.6508597240318,18.6508597240318,26.6352023002692,27.6352023002692,0,0,0,0,0,0,0,0,0,-0.833333333333333,2.16758333333333,2.96625,17.9420995215526,17.0037792949497,0,0,0,2019-01-03 14:15:00
"751",2019-01-03 14:30:00,2.1355,2.5425,0.066129997,1,2.38497083333333,17.6486707098625,16.9450774895703,1,9.05144592840225,10.0514459284022,46.8443791712634,47.8443791712634,0,0,0,0,0,0,0,0,0,-0.833333333333333,2.1355,2.5425,17.6486707098625,16.9450774895703,0,0,0,2019-01-03 14:30:00
"752",2019-01-03 14:35:00,2.10341666666667,2.11875,0.066129997,1,2.38497083333333,17.3803307743576,16.8799187894267,1,9.05144592840225,10.0514459284022,46.8443791712634,47.8443791712634,0,0,0,0,0,0,0,0,0,-0.833333333333333,2.10341666666667,2.11875,17.3803307743576,16.8799187894267,0,0,0,2019-01-03 14:30:00
"753",2019-01-03 14:40:00,2.07133333333333,1.695,0.066129997,1,2.38497083333333,17.133820308754,16.8092229299718,1,9.05144592840225,10.0514459284022,46.8443791712634,47.8443791712634,0,0,0,0,0,0,0,0,0,-0.833333333333333,2.07133333333333,1.695,17.133820308754,16.8092229299718,0,0,0,2019-01-03 14:30:00
"754",2019-01-03 14:45:00,2.03925,1.27125,0.066129997,1,2.38497083333333,17.6563108656137,16.7337874326486,1,19.6984417524654,20.6984417524654,19.9781818413176,20.9781818413176,1,0,9,0,0.642059569697302,0,0.642059569697302,0.0424593974179039,0,-0.875792730751237,2.03925,1.27125,17.6563108656137,16.7337874326486,9,0,0.642059569697302,2019-01-03 14:45:00
"755",2019-01-03 14:50:00,2.00716666666667,0.8475,0.066129997,1,2.38497083333333,18.1158441744606,16.6752907423459,1,19.6984417524654,20.6984417524654,19.9781818413176,20.9781818413176,1,0,9,0,0.642180101525123,0,0.642180101525123,0.0424673681873161,0,-0.875800701520649,2.00716666666667,0.8475,18.1158441744606,16.6752907423459,9,0,0.642180101525123,2019-01-03 14:45:00
"756",2019-01-03 14:55:00,1.97508333333333,0.42375,0.066129997,1,2.38497083333333,18.5206676714473,16.6314000879038,1,19.6984417524654,20.6984417524654,19.9781818413176,20.9781818413176,1,0,9,0,0.642300838059441,0,0.642300838059441,0.0424753524939683,0,-0.875808685827302,1.97508333333333,0.42375,18.5206676714473,16.6314000879038,9,0,0.642300838059441,2019-01-03 14:45:00
"757",2019-01-03 15:00:00,1.943,0,0.068410004,1,2.3775125,18.8779378035931,16.6000921283601,1,24.8071741950698,25.8071741950698,19.5536132161506,20.5536132161506,1,0,9,0,0.642421779822195,0,0.642421779822195,0.0439480765273235,0,-0.877281409860657,1.943,0,18.8779378035931,16.6000921283601,9,0,0.642421779822195,2019-01-03 15:00:00
"758",2019-01-03 15:05:00,1.88508333333333,0,0.068410004,1,2.3775125,19.1936680715854,16.579505112073,1,24.8071741950698,25.8071741950698,19.5536132161506,20.5536132161506,1,0,9,0,0.64264062457765,0,0.64264062457765,0.0439630476979195,0,-0.877296381031253,1.88508333333333,0,19.1936680715854,16.579505112073,9,0,0.64264062457765,2019-01-03 15:00:00
"759",2019-01-03 15:10:00,1.82716666666667,0,0.068410004,1,2.3775125,19.47325790833,16.5681152068731,1,24.8071741950698,25.8071741950698,19.5536132161506,20.5536132161506,1,0,9,0,0.642860142920144,0,0.642860142920144,0.0439780649486076,0,-0.877311398281941,1.82716666666667,0,19.47325790833,16.5681152068731,9,0,0.642860142920144,2019-01-03 15:00:00
"760",2019-01-03 15:15:00,1.76925,0,0.068410004,1,2.3775125,19.7213928124268,16.5646010442237,1,20.3801335366443,21.3801335366443,20.5227991081774,21.5227991081774,1,0,9,0,0.643080337964343,0,0.643080337964343,0.0439931284924621,0,-0.877326461825795,1.76925,0,19.7213928124268,16.5646010442237,9,0,0.643080337964343,2019-01-03 15:15:00
"761",2019-01-03 15:20:00,1.71133333333333,0,0.068410004,1,2.3775125,19.9421388381012,16.5678169157584,1,20.3801335366443,21.3801335366443,20.5227991081774,21.5227991081774,1,0,9,0,0.643301212844145,0,0.643301212844145,0.0440082385438728,0,-0.877341571877206,1.71133333333333,0,19.9421388381012,16.5678169157584,9,0,0.643301212844145,2019-01-03 15:15:00
"762",2019-01-03 15:25:00,1.65341666666667,0,0.068410004,1,2.3775125,20.1390245786275,16.5767695175275,1,20.3801335366443,21.3801335366443,20.5227991081774,21.5227991081774,1,0,9,0,0.643522770712829,0,0.643522770712829,0.0440233953185557,0,-0.877356728651889,1.65341666666667,0,20.1390245786275,16.5767695175275,9,0,0.643522770712829,2019-01-03 15:15:00
"763",2019-01-03 15:30:00,1.5955,0,0.068410004,1,2.3775125,19.5651122985893,16.5905977723824,1,17.0737543150317,18.0737543150317,23.5029082819819,24.5029082819819,0,0,0,0,0,0,0,0,0,-0.833333333333333,1.5955,0,19.5651122985893,16.5905977723824,0,0,0,2019-01-03 15:30:00
"764",2019-01-03 15:35:00,1.53758333333333,0,0.068410004,1,2.3775125,19.0525633953545,16.5875683652153,1,17.0737543150317,18.0737543150317,23.5029082819819,24.5029082819819,0,0,0,0,0,0,0,0,0,-0.833333333333333,1.53758333333333,0,19.0525633953545,16.5875683652153,0,0,0,2019-01-03 15:30:00
"765",2019-01-03 15:40:00,1.47966666666667,0,0.068410004,1,2.3775125,18.5933069296296,16.5699667308434,1,17.0737543150317,18.0737543150317,23.5029082819819,24.5029082819819,0,0,0,0,0,0,0,0,0,-0.833333333333333,1.47966666666667,0,18.5933069296296,16.5699667308434,0,0,0,2019-01-03 15:30:00
"766",2019-01-03 15:45:00,1.42175,0,0.068410004,1,2.3775125,18.1803398440532,16.5397754085933,1,11.5896447817795,12.5896447817795,45.3038454595953,46.3038454595953,0,0,0,0,0,0,0,0,0,-0.833333333333333,1.42175,0,18.1803398440532,16.5397754085933,0,0,0,2019-01-03 15:45:00
"767",2019-01-03 15:50:00,1.36383333333333,0,0.068410004,1,2.3775125,17.8075856227022,16.4987141360307,1,11.5896447817795,12.5896447817795,45.3038454595953,46.3038454595953,0,0,0,0,0,0,0,0,0,-0.833333333333333,1.36383333333333,0,17.8075856227022,16.4987141360307,0,0,0,2019-01-03 15:45:00
"768",2019-01-03 15:55:00,1.30591666666667,0,0.068410004,1,2.3775125,17.4697716581944,16.4482746359219,1,11.5896447817795,12.5896447817795,45.3038454595953,46.3038454595953,0,0,0,0,0,0,0,0,0,-0.833333333333333,1.30591666666667,0,17.4697716581944,16.4482746359219,0,0,0,2019-01-03 15:45:00
"769",2019-01-03 16:00:00,1.248,0,0.069550003,1,2.3375125,17.1623228502787,16.3897507988236,1,16.8449618560262,17.8449618560262,32.7849743077531,33.7849743077531,0,0,0,0,0,0,0,0,0,-0.833333333333333,1.248,0,17.1623228502787,16.3897507988236,0,0,0,2019-01-03 16:00:00
"770",2019-01-03 16:05:00,1.23458333333333,0,0.069550003,1,2.3375125,16.8818523588147,16.3245198862249,1,16.8449618560262,17.8449618560262,32.7849743077531,33.7849743077531,0,0,0,0,0,0,0,0,0,-0.833333333333333,1.23458333333333,0,16.8818523588147,16.3245198862249,0,0,0,2019-01-03 16:00:00
"771",2019-01-03 16:10:00,1.22116666666667,0,0.069550003,1,2.3375125,16.6248772450601,16.253562939467,1,16.8449618560262,17.8449618560262,32.7849743077531,33.7849743077531,0,0,0,0,0,0,0,0,0,-0.833333333333333,1.22116666666667,0,16.6248772450601,16.253562939467,0,0,0,2019-01-03 16:00:00
"772",2019-01-03 16:15:00,1.20775,0,0.069550003,1,2.3375125,16.3883749201314,16.1777304640357,1,14.4058452334721,15.4058452334721,28.8767698318698,29.8767698318698,0,0,0,0,0,0,0,0,0,-0.833333333333333,1.20775,0,16.3883749201314,16.1777304640357,0,0,0,2019-01-03 16:15:00
"773",2019-01-03 16:20:00,1.19433333333333,0,0.069550003,1,2.3375125,16.1697222185433,16.0977597121467,1,14.4058452334721,15.4058452334721,28.8767698318698,29.8767698318698,0,0,0,0,0,0,0,0,0,-0.833333333333333,1.19433333333333,0,16.1697222185433,16.0977597121467,0,0,0,2019-01-03 16:15:00
"774",2019-01-03 16:25:00,1.18091666666667,0,0.069550003,1,2.3375125,15.9666425358496,16.0142896777955,1,14.4058452334721,15.4058452334721,28.8767698318698,29.8767698318698,0,0,0,0,0,0,0,0,0,-0.833333333333333,1.18091666666667,0,15.9666425358496,16.0142896777955,0,0,0,2019-01-03 16:15:00
"775",2019-01-03 16:30:00,1.1675,0,0.069550003,1,2.3375125,16.5271599630311,15.9278741070486,1,16.9868031993974,17.9868031993974,40.761833331082,41.761833331082,1,0,9,0,0.645408966353092,0,0.645408966353092,0.0448881955460845,0,-0.878221528879418,1.1675,0,16.5271599630311,15.9278741070486,9,0,0.645408966353092,2019-01-03 16:30:00
"776",2019-01-03 16:35:00,1.15408333333333,0,0.069550003,1,2.3375125,17.0200557474171,15.85997974414,1,16.9868031993974,17.9868031993974,40.761833331082,41.761833331082,1,0,9,0,0.645461749778298,0,0.645461749778298,0.0448918666334659,0,-0.878225199966799,1.15408333333333,0,17.0200557474171,15.85997974414,9,0,0.645461749778298,2019-01-03 16:30:00
"777",2019-01-03 16:40:00,1.14066666666667,0,0.069550003,1,2.3375125,17.4209662348961,15.8080899480208,1,16.9868031993974,17.9868031993974,40.761833331082,41.761833331082,1,0,8.60096942376313,0,0.612262023518426,0,0.612262023518426,0.0425828255724926,0,-0.875916158905826,1.14066666666667,0,17.4209662348961,15.8080899480208,8.60096942376313,0,0.612262023518426,2019-01-03 16:30:00
"778",2019-01-03 16:45:00,1.12725,0,0.069550003,1,2.3375125,17.807634282721,15.769091163263,1,21.1408062377013,22.1408062377013,21.9162453459576,22.9162453459576,1,0,9,0,0.645567431674469,0,0.645567431674469,0.0448992168096616,0,-0.878232550142995,1.12725,0,17.807634282721,15.769091163263,9,0,0.645567431674469,2019-01-03 16:45:00
"779",2019-01-03 16:50:00,1.11383333333333,0,0.069550003,1,2.3375125,18.1495147167535,15.7421502507464,1,21.1408062377013,22.1408062377013,21.9162453459576,22.9162453459576,1,0,9,0,0.645620330229048,0,0.645620330229048,0.0449028959042913,0,-0.878236229237624,1.11383333333333,0,18.1495147167535,15.7421502507464,9,0,0.645620330229048,2019-01-03 16:45:00
"780",2019-01-03 16:55:00,1.10041666666667,0,0.069550003,1,2.3375125,18.4524754513076,15.7256074255064,1,21.1408062377013,22.1408062377013,21.9162453459576,22.9162453459576,1,0,9,0,0.6456732672438,0,0.6456732672438,0.0449065776738261,0,-0.878239911007159,1.10041666666667,0,18.4524754513076,15.7256074255064,9,0,0.6456732672438,2019-01-03 16:45:00
"781",2019-01-03 17:00:00,1.087,0,0.065669998,1,2.29309583333333,17.9716081747007,15.7180230589601,1,9.6457294144202,10.6457294144202,24.8208479750901,25.8208479750901,0,0,0,0,0,0,0,0,0,-0.833333333333333,1.087,0,17.9716081747007,15.7180230589601,0,0,0,2019-01-03 17:00:00
"782",2019-01-03 17:05:00,1.11708333333333,0,0.065669998,1,2.29309583333333,17.5414047988016,15.6974108628255,1,9.6457294144202,10.6457294144202,24.8208479750901,25.8208479750901,0,0,0,0,0,0,0,0,0,-0.833333333333333,1.11708333333333,0,17.5414047988016,15.6974108628255,0,0,0,2019-01-03 17:00:00
"783",2019-01-03 17:10:00,1.14716666666667,0,0.065669998,1,2.29309583333333,17.1552843823112,15.6656277563743,1,9.6457294144202,10.6457294144202,24.8208479750901,25.8208479750901,0,0,0,0,0,0,0,0,0,-0.833333333333333,1.14716666666667,0,17.1552843823112,15.6656277563743,0,0,0,2019-01-03 17:00:00
"784",2019-01-03 17:15:00,1.17725,0,0.065669998,1,2.29309583333333,16.8075361085712,15.6242839040923,1,5.55343856080435,6.55343856080435,45.4487776528113,46.4487776528113,0,0,0,0,0,0,0,0,0,-0.833333333333333,1.17725,0,16.8075361085712,15.6242839040923,0,0,0,2019-01-03 17:15:00
"785",2019-01-03 17:20:00,1.20733333333333,0,0.065669998,1,2.29309583333333,16.4932041239294,15.5747753829559,1,5.55343856080435,6.55343856080435,45.4487776528113,46.4487776528113,0,0,0,0,0,0,0,0,0,-0.833333333333333,1.20733333333333,0,16.4932041239294,15.5747753829559,0,0,0,2019-01-03 17:15:00
"786",2019-01-03 17:25:00,1.23741666666667,0,0.065669998,1,2.29309583333333,16.2079876186767,15.5183125258627,1,5.55343856080435,6.55343856080435,45.4487776528113,46.4487776528113,0,0,0,0,0,0,0,0,0,-0.833333333333333,1.23741666666667,0,16.2079876186767,15.5183125258627,0,0,0,2019-01-03 17:15:00
"787",2019-01-03 17:30:00,1.2675,0,0.065669998,1,2.29309583333333,15.9481541330735,15.4559445135168,1,6.22269508684985,7.22269508684985,20.0822899891064,21.0822899891064,0,0,0,0,0,0,0,0,0,-0.833333333333333,1.2675,0,15.9481541330735,15.4559445135168,0,0,0,2019-01-03 17:30:00
"788",2019-01-03 17:35:00,1.29758333333333,0,0.065669998,1,2.29309583333333,15.7104643380114,15.3885807113157,1,6.22269508684985,7.22269508684985,20.0822899891064,21.0822899891064,0,0,0,0,0,0,0,0,0,-0.833333333333333,1.29758333333333,0,15.7104643380114,15.3885807113157,0,0,0,2019-01-03 17:30:00
"789",2019-01-03 17:40:00,1.32766666666667,0,0.065669998,1,2.29309583333333,15.4921067715456,15.3170091820676,1,6.22269508684985,7.22269508684985,20.0822899891064,21.0822899891064,0,0,0,0,0,0,0,0,0,-0.833333333333333,1.32766666666667,0,15.4921067715456,15.3170091820676,0,0,0,2019-01-03 17:30:00
"790",2019-01-03 17:45:00,1.35775,0,0.065669998,1,2.29309583333333,15.2906412135542,15.2419127483417,1,10.8964781239629,11.8964781239629,33.7954731895588,34.7954731895588,0,0,0,0,0,0,0,0,0,-0.833333333333333,1.35775,0,15.2906412135542,15.2419127483417,0,0,0,2019-01-03 17:45:00
"791",2019-01-03 17:50:00,1.38783333333333,0,0.065669998,1,2.29309583333333,15.1039495551946,15.1638829287787,1,10.8964781239629,11.8964781239629,33.7954731895588,34.7954731895588,0,0,0,0,0,0,0,0,0,-0.833333333333333,1.38783333333333,0,15.1039495551946,15.1638829287787,0,0,0,2019-01-03 17:45:00
"792",2019-01-03 17:55:00,1.41791666666667,0,0.065669998,1,2.29309583333333,14.930193171158,15.0834320297617,1,10.8964781239629,11.8964781239629,33.7954731895588,34.7954731895588,0,0,0,0,0,0,0,0,0,-0.833333333333333,1.41791666666667,0,14.930193171158,15.0834320297617,0,0,0,2019-01-03 17:45:00
"793",2019-01-03 18:00:00,1.448,0,0.061509998,1,2.2716375,15.685593261435,15.0010036366015,0,19.013307482237,20.013307482237,21.3241896014661,22.3241896014661,1,0,9,0,0.644314138398413,0,0.644314138398413,0.0396317613642581,0,-0.872965094697591,1.448,0,15.685593261435,15.0010036366015,9,0,0.644314138398413,2019-01-03 18:00:00
"794",2019-01-03 18:05:00,1.42816666666667,0,0.061509998,1,2.2716375,16.3626491031477,14.9423785841369,0,19.013307482237,20.013307482237,21.3241896014661,22.3241896014661,1,0,9,0,0.644391008540873,0,0.644391008540873,0.0396364896465671,0,-0.8729698229799,1.42816666666667,0,16.3626491031477,14.9423785841369,9,0,0.644391008540873,2019-01-03 18:00:00
"795",2019-01-03 18:10:00,1.40833333333333,0,0.061509998,1,2.2716375,16.9709017852301,14.904562106711,0,19.013307482237,20.013307482237,21.3241896014661,22.3241896014661,1,0,9,0,0.644467960618034,0,0.644467960618034,0.0396412229686793,0,-0.872974556302013,1.40833333333333,0,16.9709017852301,14.904562106711,9,0,0.644467960618034,2019-01-03 18:00:00
"796",2019-01-03 18:15:00,1.3885,0,0.061509998,1,2.2716375,16.7687215341368,14.8849273866624,0,7.76735537010245,8.76735537010245,20.0084907263517,21.0084907263517,0,0,0,0,0,0,0,0,0,-0.833333333333333,1.3885,0,16.7687215341368,14.8849273866624,0,0,0,2019-01-03 18:15:00
"797",2019-01-03 18:20:00,1.36866666666667,0,0.061509998,1,2.2716375,16.5836196857306,14.8601834279323,0,7.76735537010245,8.76735537010245,20.0084907263517,21.0084907263517,0,0,0,0,0,0,0,0,0,-0.833333333333333,1.36866666666667,0,16.5836196857306,14.8601834279323,0,0,0,2019-01-03 18:15:00
"798",2019-01-03 18:25:00,1.34883333333333,0,0.061509998,1,2.2716375,16.4135237647523,14.8309803780858,0,7.76735537010245,8.76735537010245,20.0084907263517,21.0084907263517,0,0,0,0,0,0,0,0,0,-0.833333333333333,1.34883333333333,0,16.4135237647523,14.8309803780858,0,0,0,2019-01-03 18:15:00
"799",2019-01-03 18:30:00,1.329,0,0.061509998,1,2.2716375,17.0066155920623,14.7978884728027,0,21.9122857677285,22.9122857677285,31.5458047580905,32.5458047580905,1,0,9,0,0.644776590899286,0,0.644776590899286,0.0396602068166619,0,-0.872993540149995,1.329,0,17.0066155920623,14.7978884728027,9,0,0.644776590899286,2019-01-03 18:30:00
"800",2019-01-03 18:35:00,1.30916666666667,0,0.061509998,1,2.2716375,17.5411318237652,14.7823948037051,0,21.9122857677285,22.9122857677285,31.5458047580905,32.5458047580905,1,0,9,0,0.644853954621602,0,0.644853954621602,0.0396649654590668,0,-0.8729982987924,1.30916666666667,0,17.5411318237652,14.7823948037051,9,0,0.644853954621602,2019-01-03 18:30:00
"801",2019-01-03 18:40:00,1.28933333333333,0,0.061509998,1,2.2716375,18.0241875715941,14.7822669781753,0,21.9122857677285,22.9122857677285,31.5458047580905,32.5458047580905,1,0,9,0,0.644931401069246,0,0.644931401069246,0.0396697291899065,0,-0.87300306252324,1.28933333333333,0,18.0241875715941,14.7822669781753,9,0,0.644931401069246,2019-01-03 18:30:00
"802",2019-01-03 18:45:00,1.2695,0,0.061509998,1,2.2716375,17.712024879738,14.7955469643084,0,15.1886350535788,16.1886350535788,33.7872457369231,34.7872457369231,0,0,0,0,0,0,0,0,0,-0.833333333333333,1.2695,0,17.712024879738,14.7955469643084,0,0,0,2019-01-03 18:45:00
"803",2019-01-03 18:50:00,1.24966666666667,0,0.061509998,1,2.2716375,17.4302881412615,14.7995304527347,0,15.1886350535788,16.1886350535788,33.7872457369231,34.7872457369231,0,0,0,0,0,0,0,0,0,-0.833333333333333,1.24966666666667,0,17.4302881412615,14.7995304527347,0,0,0,2019-01-03 18:45:00
"804",2019-01-03 18:55:00,1.22983333333333,0,0.061509998,1,2.2716375,17.1752671094312,14.795382256633,0,15.1886350535788,16.1886350535788,33.7872457369231,34.7872457369231,0,0,0,0,0,0,0,0,0,-0.833333333333333,1.22983333333333,0,17.1752671094312,14.795382256633,0,0,0,2019-01-03 18:45:00
"805",2019-01-03 19:00:00,1.21,0,0.057599998,0,2.25059583333333,16.9437068733035,14.7841240971022,0,4.78693006932735,5.78693006932735,34.3183157946914,35.3183157946914,0,0,0,0,0,0,0,0,0,0,1.21,0,16.9437068733035,14.7841240971022,0,0,0,2019-01-03 19:00:00
"806",2019-01-03 19:05:00,1.20858333333333,0,0.057599998,0,2.25059583333333,16.7327640341654,14.7667577088711,0,4.78693006932735,5.78693006932735,34.3183157946914,35.3183157946914,0,0,0,0,0,0,0,0,0,0,1.20858333333333,0,16.7327640341654,14.7667577088711,0,0,0,2019-01-03 19:00:00
"807",2019-01-03 19:10:00,1.20716666666667,0,0.057599998,0,2.25059583333333,16.5399422082922,14.7440659490498,0,4.78693006932735,5.78693006932735,34.3183157946914,35.3183157946914,0,0,0,0,0,0,0,0,0,0,1.20716666666667,0,16.5399422082922,14.7440659490498,0,0,0,2019-01-03 19:00:00
"808",2019-01-03 19:15:00,1.20575,0,0.057599998,0,2.25059583333333,16.3630512969809,14.7167354267216,0,7.08014648454264,8.08014648454264,33.3064524438232,34.3064524438232,0,0,0,0,0,0,0,0,0,0,1.20575,0,16.3630512969809,14.7167354267216,0,0,0,2019-01-03 19:15:00
"809",2019-01-03 19:20:00,1.20433333333333,0,0.057599998,0,2.25059583333333,16.2001698895799,14.685368318436,0,7.08014648454264,8.08014648454264,33.3064524438232,34.3064524438232,0,0,0,0,0,0,0,0,0,0,1.20433333333333,0,16.2001698895799,14.685368318436,0,0,0,2019-01-03 19:15:00
"810",2019-01-03 19:25:00,1.20291666666667,0,0.057599998,0,2.25059583333333,16.0496122816903,14.6504927333002,0,7.08014648454264,8.08014648454264,33.3064524438232,34.3064524438232,0,0,0,0,0,0,0,0,0,0,1.20291666666667,0,16.0496122816903,14.6504927333002,0,0,0,2019-01-03 19:15:00
"811",2019-01-03 19:30:00,1.2015,0,0.057599998,0,2.25059583333333,16.6598995420061,14.6125718057137,0,17.4449877147563,18.4449877147563,47.4804275440983,48.4804275440983,1,0,9,0,0.645275376012624,0,0.645275376012624,0.0371678603677764,0,-0.0371678603677764,1.2015,0,16.6598995420061,14.6125718057137,9,0,0.645275376012624,2019-01-03 19:30:00
"812",2019-01-03 19:35:00,1.20008333333333,0,0.057599998,0,2.25059583333333,17.2095658852803,14.5929986297947,0,17.4449877147563,18.4449877147563,47.4804275440983,48.4804275440983,1,0,9,0,0.645280937375853,0,0.645280937375853,0.0371681807022872,0,-0.0371681807022872,1.20008333333333,0,17.2095658852803,14.5929986297947,9,0,0.645280937375853,2019-01-03 19:30:00
"813",2019-01-03 19:40:00,1.19866666666667,0,0.057599998,0,2.25059583333333,17.705987410422,14.5894583108556,0,17.4449877147563,18.4449877147563,47.4804275440983,48.4804275440983,1,0,9,0,0.645286499164893,0,0.645286499164893,0.0371685010613248,0,-0.0371685010613248,1.19866666666667,0,17.705987410422,14.5894583108556,9,0,0.645286499164893,2019-01-03 19:30:00
"814",2019-01-03 19:45:00,1.19725,0,0.057599998,0,2.25059583333333,18.1556350668174,14.5999203994403,0,23.7171169489156,24.7171169489156,26.481408172287,27.481408172287,1,0,9,0,0.645292061379794,0,0.645292061379794,0.037168821444892,0,-0.037168821444892,1.19725,0,18.1556350668174,14.5999203994403,9,0,0.645292061379794,2019-01-03 19:45:00
"815",2019-01-03 19:50:00,1.19583333333333,0,0.057599998,0,2.25059583333333,18.5641857636086,14.6226039732923,0,23.7171169489156,24.7171169489156,26.481408172287,27.481408172287,1,0,9,0,0.645297624020603,0,0.645297624020603,0.0371691418529915,0,-0.0371691418529915,1.19583333333333,0,18.5641857636086,14.6226039732923,9,0,0.645297624020603,2019-01-03 19:45:00
"816",2019-01-03 19:55:00,1.19441666666667,0,0.057599998,0,2.25059583333333,18.9366198398834,14.6559470056511,0,23.7171169489156,24.7171169489156,26.481408172287,27.481408172287,1,0,9,0,0.645303187087371,0,0.645303187087371,0.0371694622856262,0,-0.0371694622856262,1.19441666666667,0,18.9366198398834,14.6559470056511,9,0,0.645303187087371,2019-01-03 19:45:00
"817",2019-01-03 20:00:00,1.193,0,0.054439999,0,2.2473875,18.5273065700283,14.698579493715,0,7.26459987089038,8.26459987089038,22.4019682039507,23.4019682039507,0,0,0,0,0,0,0,0,0,0,1.193,0,18.5273065700283,14.698579493715,0,0,0,2019-01-03 20:00:00
"818",2019-01-03 20:05:00,1.20591666666667,0,0.054439999,0,2.2473875,18.1602568124827,14.7283950676533,0,7.26459987089038,8.26459987089038,22.4019682039507,23.4019682039507,0,0,0,0,0,0,0,0,0,0,1.20591666666667,0,18.1602568124827,14.7283950676533,0,0,0,2019-01-03 20:00:00
"819",2019-01-03 20:10:00,1.21883333333333,0,0.054439999,0,2.2473875,17.8303257715259,14.7470084712855,0,7.26459987089038,8.26459987089038,22.4019682039507,23.4019682039507,0,0,0,0,0,0,0,0,0,0,1.21883333333333,0,17.8303257715259,14.7470084712855,0,0,0,2019-01-03 20:00:00
"820",2019-01-03 20:15:00,1.23175,0,0.054439999,0,2.2473875,17.5329999998506,14.7558360452808,0,12.7944994631689,13.7944994631689,25.1148443394341,26.1148443394341,0,0,0,0,0,0,0,0,0,0,1.23175,0,17.5329999998506,14.7558360452808,0,0,0,2019-01-03 20:15:00
"821",2019-01-03 20:20:00,1.24466666666667,0,0.054439999,0,2.2473875,17.2643198989803,14.7561200827584,0,12.7944994631689,13.7944994631689,25.1148443394341,26.1148443394341,0,0,0,0,0,0,0,0,0,0,1.24466666666667,0,17.2643198989803,14.7561200827584,0,0,0,2019-01-03 20:15:00
"822",2019-01-03 20:25:00,1.25758333333333,0,0.054439999,0,2.2473875,17.0208117330559,14.74895019514,0,12.7944994631689,13.7944994631689,25.1148443394341,26.1148443394341,0,0,0,0,0,0,0,0,0,0,1.25758333333333,0,17.0208117330559,14.74895019514,0,0,0,2019-01-03 20:15:00
"823",2019-01-03 20:30:00,1.2705,0,0.054439999,0,2.2473875,16.7994279881903,14.7352820552581,0,14.3625960568897,15.3625960568897,43.4714996377006,44.4714996377006,0,0,0,0,0,0,0,0,0,0,1.2705,0,16.7994279881903,14.7352820552581,0,0,0,2019-01-03 20:30:00
"824",2019-01-03 20:35:00,1.28341666666667,0,0.054439999,0,2.2473875,16.5974950529392,14.71595383967,0,14.3625960568897,15.3625960568897,43.4714996377006,44.4714996377006,0,0,0,0,0,0,0,0,0,0,1.28341666666667,0,16.5974950529392,14.71595383967,0,0,0,2019-01-03 20:30:00
"825",2019-01-03 20:40:00,1.29633333333333,0,0.054439999,0,2.2473875,16.4126673211927,14.6917006526112,0,14.3625960568897,15.3625960568897,43.4714996377006,44.4714996377006,0,0,0,0,0,0,0,0,0,0,1.29633333333333,0,16.4126673211927,14.6917006526112,0,0,0,2019-01-03 20:30:00
"826",2019-01-03 20:45:00,1.30925,0,0.054439999,0,2.2473875,16.9928869291113,14.6631671793487,0,18.6715205654036,19.6715205654036,38.5907988720573,39.5907988720573,1,0,9,0,0.644853629390975,0,0.644853629390975,0.0351058309391911,0,-0.0351058309391911,1.30925,0,16.9928869291113,14.6631671793487,9,0,0.644853629390975,2019-01-03 20:45:00
"827",2019-01-03 20:50:00,1.32216666666667,0,0.054439999,0,2.2473875,17.516180188975,14.6519057441469,0,18.6715205654036,19.6715205654036,38.5907988720573,39.5907988720573,1,0,9,0,0.64480323629441,0,0.64480323629441,0.0351030875390644,0,-0.0351030875390644,1.32216666666667,0,17.516180188975,14.6519057441469,9,0,0.64480323629441,2019-01-03 20:45:00
"828",2019-01-03 20:55:00,1.33508333333333,0,0.054439999,0,2.2473875,17.9894776082286,14.6557411018537,0,18.6715205654036,19.6715205654036,38.5907988720573,39.5907988720573,1,0,9,0,0.644752878248137,0,0.644752878248137,0.0351003460470757,0,-0.0351003460470757,1.33508333333333,0,17.9894776082286,14.6557411018537,9,0,0.644752878248137,2019-01-03 20:45:00
"829",2019-01-03 21:00:00,1.348,0,0.05209,0,2.273625,17.6688592070477,14.6727652756908,0,8.6550453111995,9.6550453111995,36.5628366409801,37.5628366409801,0,0,0,0,0,0,0,0,0,0,1.348,0,17.6688592070477,14.6727652756908,0,0,0,2019-01-03 21:00:00
"830",2019-01-03 21:05:00,1.34216666666667,0,0.05209,0,2.273625,17.3798148746699,14.6802103396871,0,8.6550453111995,9.6550453111995,36.5628366409801,37.5628366409801,0,0,0,0,0,0,0,0,0,0,1.34216666666667,0,17.3798148746699,14.6802103396871,0,0,0,2019-01-03 21:00:00
"831",2019-01-03 21:10:00,1.33633333333333,0,0.05209,0,2.273625,17.1185006940609,14.679282762075,0,8.6550453111995,9.6550453111995,36.5628366409801,37.5628366409801,0,0,0,0,0,0,0,0,0,0,1.33633333333333,0,17.1185006940609,14.679282762075,0,0,0,2019-01-03 21:00:00
"832",2019-01-03 21:15:00,1.3305,0,0.05209,0,2.273625,16.8815444597053,14.6710407742331,0,6.74575290014036,7.74575290014036,39.4424683093093,40.4424683093093,0,0,0,0,0,0,0,0,0,0,1.3305,0,16.8815444597053,14.6710407742331,0,0,0,2019-01-03 21:15:00
"833",2019-01-03 21:20:00,1.32466666666667,0,0.05209,0,2.273625,16.6659877738414,14.6564125679593,0,6.74575290014036,7.74575290014036,39.4424683093093,40.4424683093093,0,0,0,0,0,0,0,0,0,0,1.32466666666667,0,16.6659877738414,14.6564125679593,0,0,0,2019-01-03 21:15:00
"834",2019-01-03 21:25:00,1.31883333333333,0,0.05209,0,2.273625,16.4692352506034,14.6362122589545,0,6.74575290014036,7.74575290014036,39.4424683093093,40.4424683093093,0,0,0,0,0,0,0,0,0,0,1.31883333333333,0,16.4692352506034,14.6362122589545,0,0,0,2019-01-03 21:15:00
"835",2019-01-03 21:30:00,1.313,0,0.05209,0,2.273625,16.2890099555498,14.6111538907246,0,12.4757517166436,13.4757517166436,49.058794554323,50.058794554323,0,0,0,0,0,0,0,0,0,0,1.313,0,16.2890099555498,14.6111538907246,0,0,0,2019-01-03 21:30:00
"836",2019-01-03 21:35:00,1.30716666666667,0,0.05209,0,2.273625,16.1233143151593,14.5818637194458,0,12.4757517166436,13.4757517166436,49.058794554323,50.058794554323,0,0,0,0,0,0,0,0,0,0,1.30716666666667,0,16.1233143151593,14.5818637194458,0,0,0,2019-01-03 21:30:00
"837",2019-01-03 21:40:00,1.30133333333333,0,0.05209,0,2.273625,15.9703958248349,14.5488909908129,0,12.4757517166436,13.4757517166436,49.058794554323,50.058794554323,0,0,0,0,0,0,0,0,0,0,1.30133333333333,0,15.9703958248349,14.5488909908129,0,0,0,2019-01-03 21:30:00
"838",2019-01-03 21:45:00,1.2955,0,0.05209,0,2.273625,16.57871696638,14.5127173939848,0,17.7351295666303,18.7351295666303,29.513805271592,30.513805271592,1,0,9,0,0.644907312211354,0,0.644907312211354,0.0335932218930894,0,-0.0335932218930894,1.2955,0,16.57871696638,14.5127173939848,9,0,0.644907312211354,2019-01-03 21:45:00
"839",2019-01-03 21:50:00,1.28966666666667,0,0.05209,0,2.273625,17.1267605726883,14.4947523128832,0,17.7351295666303,18.7351295666303,29.513805271592,30.513805271592,1,0,9,0,0.644930098764065,0,0.644930098764065,0.0335944088446202,0,-0.0335944088446202,1.28966666666667,0,17.1267605726883,14.4947523128832,9,0,0.644930098764065,2019-01-03 21:45:00
"840",2019-01-03 21:55:00,1.28383333333333,0,0.05209,0,2.273625,17.621857681336,14.4926951556419,0,17.7351295666303,18.7351295666303,29.513805271592,30.513805271592,1,0,9,0,0.644952892484236,0,0.644952892484236,0.0335955961695039,0,-0.0335955961695039,1.28383333333333,0,17.621857681336,14.4926951556419,9,0,0.644952892484236,2019-01-03 21:45:00
"841",2019-01-03 22:00:00,1.278,0,0.04998,0,2.28458333333333,17.3204397249738,14.5045280324979,0,16.229715814814,17.229715814814,27.669113737531,28.669113737531,0,0,0,0,0,0,0,0,0,0,1.278,0,17.3204397249738,14.5045280324979,0,0,0,2019-01-03 22:00:00
"842",2019-01-03 22:05:00,1.2715,0,0.04998,0,2.28458333333333,17.0483167685266,14.5074902733555,0,16.229715814814,17.229715814814,27.669113737531,28.669113737531,0,0,0,0,0,0,0,0,0,0,1.2715,0,17.0483167685266,14.5074902733555,0,0,0,2019-01-03 22:00:00
"843",2019-01-03 22:10:00,1.265,0,0.04998,0,2.28458333333333,16.8019239381395,14.5027006871617,0,16.229715814814,17.229715814814,27.669113737531,28.669113737531,0,0,0,0,0,0,0,0,0,0,1.265,0,16.8019239381395,14.5027006871617,0,0,0,2019-01-03 22:00:00
"844",2019-01-03 22:15:00,1.2585,0,0.04998,0,2.28458333333333,16.5781338211036,14.4911406096502,0,13.282893571537,14.282893571537,45.9811708428897,46.9811708428897,0,0,0,0,0,0,0,0,0,0,1.2585,0,16.5781338211036,14.4911406096502,0,0,0,2019-01-03 22:15:00
"845",2019-01-03 22:20:00,1.252,0,0.04998,0,2.28458333333333,16.3742027664412,14.4736707793209,0,13.282893571537,14.282893571537,45.9811708428897,46.9811708428897,0,0,0,0,0,0,0,0,0,0,1.252,0,16.3742027664412,14.4736707793209,0,0,0,2019-01-03 22:15:00
"846",2019-01-03 22:25:00,1.2455,0,0.04998,0,2.28458333333333,16.1877237772998,14.4510461418256,0,13.282893571537,14.282893571537,45.9811708428897,46.9811708428897,0,0,0,0,0,0,0,0,0,0,1.2455,0,16.1877237772998,14.4510461418256,0,0,0,2019-01-03 22:15:00
"847",2019-01-03 22:30:00,1.239,0,0.04998,0,2.28458333333333,16.016585185984,14.4239288370547,0,14.4742249127012,15.4742249127012,40.0495847621933,41.0495847621933,0,0,0,0,0,0,0,0,0,0,1.239,0,16.016585185984,14.4239288370547,0,0,0,2019-01-03 22:30:00
"848",2019-01-03 22:35:00,1.2325,0,0.04998,0,2.28458333333333,15.858934401785,14.392899592006,0,14.4742249127012,15.4742249127012,40.0495847621933,41.0495847621933,0,0,0,0,0,0,0,0,0,0,1.2325,0,15.858934401785,14.392899592006,0,0,0,2019-01-03 22:30:00
"849",2019-01-03 22:40:00,1.226,0,0.04998,0,2.28458333333333,15.7131461089014,14.3584677151321,0,14.4742249127012,15.4742249127012,40.0495847621933,41.0495847621933,0,0,0,0,0,0,0,0,0,0,1.226,0,15.7131461089014,14.3584677151321,0,0,0,2019-01-03 22:30:00
"850",2019-01-03 22:45:00,1.2195,0,0.04998,0,2.28458333333333,15.5777943681858,14.3210798638399,0,14.6103052448016,15.6103052448016,49.4324509128928,50.4324509128928,0,0,0,0,0,0,0,0,0,0,1.2195,0,15.5777943681858,14.3210798638399,0,0,0,2019-01-03 22:45:00
"851",2019-01-03 22:50:00,1.213,0,0.04998,0,2.28458333333333,15.4516281435076,14.2811277357435,0,14.6103052448016,15.6103052448016,49.4324509128928,50.4324509128928,0,0,0,0,0,0,0,0,0,0,1.213,0,15.4516281435076,14.2811277357435,0,0,0,2019-01-03 22:45:00
"852",2019-01-03 22:55:00,1.2065,0,0.04998,0,2.28458333333333,15.3335498323459,14.2389548157827,0,14.6103052448016,15.6103052448016,49.4324509128928,50.4324509128928,0,0,0,0,0,0,0,0,0,0,1.2065,0,15.3335498323459,14.2389548157827,0,0,0,2019-01-03 22:45:00
"853",2019-01-03 23:00:00,1.2,0,0.049869999,0,2.304375,15.9725964318339,14.1948622951041,0,24.6794414778706,25.6794414778706,37.9128781990148,38.9128781990148,1,0,9,0,0.645281264528126,0,0.645281264528126,0.0321801760167364,0,-0.0321801760167364,1.2,0,15.9725964318339,14.1948622951041,9,0,0.645281264528126,2019-01-03 23:00:00
"854",2019-01-03 23:05:00,1.20483333333333,0,0.049869999,0,2.304375,16.5477621990075,14.1701661690055,0,24.6794414778706,25.6794414778706,37.9128781990148,38.9128781990148,1,0,9,0,0.645262292131476,0,0.645262292131476,0.0321792298633344,0,-0.0321792298633344,1.20483333333333,0,16.5477621990075,14.1701661690055,9,0,0.645262292131476,2019-01-03 23:00:00
"855",2019-01-03 23:10:00,1.20966666666667,0,0.049869999,0,2.304375,17.0668256441265,14.1624249686511,0,24.6794414778706,25.6794414778706,37.9128781990148,38.9128781990148,1,0,9,0,0.645243324689419,0,0.645243324689419,0.032178283957018,0,-0.032178283957018,1.20966666666667,0,17.0668256441265,14.1624249686511,9,0,0.645243324689419,2019-01-03 23:00:00
"856",2019-01-03 23:15:00,1.2145,0,0.049869999,0,2.304375,17.5366107202381,14.1694971981888,0,18.7522186988499,19.7522186988499,30.1570479506627,31.1570479506627,1,0,9,0,0.645224362200015,0,0.645224362200015,0.0321773382976904,0,-0.0321773382976904,1.2145,0,17.5366107202381,14.1694971981888,9,0,0.645224362200015,2019-01-03 23:15:00
"857",2019-01-03 23:20:00,1.21933333333333,0,0.049869999,0,2.304375,17.9631039974862,14.1895045106697,0,18.7522186988499,19.7522186988499,30.1570479506627,31.1570479506627,1,0,9,0,0.645205404661326,0,0.645205404661326,0.0321763928852549,0,-0.0321763928852549,1.21933333333333,0,17.9631039974862,14.1895045106697,9,0,0.645205404661326,2019-01-03 23:15:00
"858",2019-01-03 23:25:00,1.22416666666667,0,0.049869999,0,2.304375,18.3515574538272,14.2207994042718,0,18.7522186988499,19.7522186988499,30.1570479506627,31.1570479506627,1,0,9,0,0.645186452071411,0,0.645186452071411,0.0321754477196148,0,-0.0321754477196148,1.22416666666667,0,18.3515574538272,14.2207994042718,9,0,0.645186452071411,2019-01-03 23:15:00
"859",2019-01-03 23:30:00,1.229,0,0.049869999,0,2.304375,17.9565786477919,14.2619368839425,0,10.3202980519272,11.3202980519272,35.6843470134772,36.6843470134772,0,0,0,0,0,0,0,0,0,0,1.229,0,17.9565786477919,14.2619368839425,0,0,0,2019-01-03 23:30:00
"860",2019-01-03 23:35:00,1.23383333333333,0,0.049869999,0,2.304375,17.6023780677278,14.2906626438258,0,10.3202980519272,11.3202980519272,35.6843470134772,36.6843470134772,0,0,0,0,0,0,0,0,0,0,1.23383333333333,0,17.6023780677278,14.2906626438258,0,0,0,2019-01-03 23:30:00
"861",2019-01-03 23:40:00,1.23866666666667,0,0.049869999,0,2.304375,17.2839875213018,14.3085362051157,0,10.3202980519272,11.3202980519272,35.6843470134772,36.6843470134772,0,0,0,0,0,0,0,0,0,0,1.23866666666667,0,17.2839875213018,14.3085362051157,0,0,0,2019-01-03 23:30:00
"862",2019-01-03 23:45:00,1.2435,0,0.049869999,0,2.304375,17.7470485116877,14.3169254894162,0,20.0878726830706,21.0878726830706,20.9004193525761,21.9004193525761,1,0,9,0,0.645110691160771,0,0.645110691160771,0.0321716695230769,0,-0.0321716695230769,1.2435,0,17.7470485116877,14.3169254894162,9,0,0.645110691160771,2019-01-03 23:45:00
"863",2019-01-03 23:50:00,1.24833333333333,0,0.049869999,0,2.304375,18.167569150314,14.3380172969313,0,20.0878726830706,21.0878726830706,20.9004193525761,21.9004193525761,1,0,9,0,0.64509176328569,0,0.64509176328569,0.0321707255899656,0,-0.0321707255899656,1.24833333333333,0,18.167569150314,14.3380172969313,9,0,0.64509176328569,2019-01-03 23:45:00
"864",2019-01-03 23:55:00,1.25316666666667,0,0.049869999,0,2.304375,18.5507095061779,14.3701929936456,0,20.0878726830706,21.0878726830706,20.9004193525761,21.9004193525761,1,0,9,0,0.645072840347774,0,0.645072840347774,0.0321697819030707,0,-0.0321697819030707,1.25316666666667,0,18.5507095061779,14.3701929936456,9,0,0.645072840347774,2019-01-03 23:45:00
"865",2019-01-04,1.258,0,0.047970001,0,2.31270833333333,18.1509965095231,14.4120329072316,0,15.882022963604,16.882022963604,43.1078386916779,44.1078386916779,0,0,0,0,0,0,0,0,0,0,1.258,0,18.1509965095231,14.4120329072316,0,0,0,2019-01-04
"866",2019-01-04 00:05:00,1.35375,0,0.047970001,0,2.31270833333333,17.79262950257,14.4418259594607,0,6.42001751065254,7.42001751065254,20.4067784100771,21.4067784100771,0,0,0,0,0,0,0,0,0,0,1.35375,0,17.79262950257,14.4418259594607,0,0,0,2019-01-04
"867",2019-01-04 00:10:00,1.4495,0,0.047970001,0,2.31270833333333,17.4706210705147,14.4611352584582,0,6.42001751065254,7.42001751065254,20.4067784100771,21.4067784100771,0,0,0,0,0,0,0,0,0,0,1.4495,0,17.4706210705147,14.4611352584582,0,0,0,2019-01-04
"868",2019-01-04 00:15:00,1.54525,0,0.047970001,0,2.31270833333333,17.930595625703,14.471331653937,0,25.3217362463474,26.3217362463474,26.6343602836132,27.6343602836132,1,0,9,0,0.643938397820254,0,0.643938397820254,0.030889725587376,0,-0.030889725587376,1.54525,0,17.930595625703,14.471331653937,9,0,0.643938397820254,2019-01-04 00:15:00
"869",2019-01-04 00:20:00,1.641,0,0.047970001,0,2.31270833333333,18.3485460597416,14.4946042972479,0,25.3217362463474,26.3217362463474,26.6343602836132,27.6343602836132,1,0,9,0,0.643570359382452,0,0.643570359382452,0.0308720707831466,0,-0.0308720707831466,1.641,0,18.3485460597416,14.4946042972479,9,0,0.643570359382452,2019-01-04 00:15:00
"870",2019-01-04 00:25:00,1.73675,0,0.047970001,0,2.31270833333333,18.7296188641635,14.5293364003668,0,25.3217362463474,26.3217362463474,26.6343602836132,27.6343602836132,1,0,9,0,0.643204198231557,0,0.643204198231557,0.030854506032372,0,-0.030854506032372,1.73675,0,18.7296188641635,14.5293364003668,9,0,0.643204198231557,2019-01-04 00:15:00
"871",2019-01-04 00:30:00,1.8325,0,0.047970001,0,2.31270833333333,18.3283288335208,14.5741096947906,0,13.0767288058996,14.0767288058996,30.4402645379305,31.4402645379305,0,0,0,0,0,0,0,0,0,0,1.8325,0,18.3283288335208,14.5741096947906,0,0,0,2019-01-04 00:30:00
"872",2019-01-04 00:35:00,1.92825,0,0.047970001,0,2.31270833333333,17.96880485392,14.6066931043938,0,13.0767288058996,14.0767288058996,30.4402645379305,31.4402645379305,0,0,0,0,0,0,0,0,0,0,1.92825,0,17.96880485392,14.6066931043938,0,0,0,2019-01-04 00:30:00
"873",2019-01-04 00:40:00,2.024,0,0.047970001,0,2.31270833333333,17.6460069233966,14.628666313507,0,13.0767288058996,14.0767288058996,30.4402645379305,31.4402645379305,0,0,0,0,0,0,0,0,0,0,2.024,0,17.6460069233966,14.628666313507,0,0,0,2019-01-04 00:30:00
"874",2019-01-04 00:45:00,2.11975,0,0.047970001,0,2.31270833333333,17.3555133270349,14.6414147176837,0,6.24811893701553,7.24811893701553,40.4863231778145,41.4863231778145,0,0,0,0,0,0,0,0,0,0,2.11975,0,17.3555133270349,14.6414147176837,0,0,0,2019-01-04 00:45:00
"875",2019-01-04 00:50:00,2.2155,0,0.047970001,0,2.31270833333333,17.0934447416107,14.646153275101,0,6.24811893701553,7.24811893701553,40.4863231778145,41.4863231778145,0,0,0,0,0,0,0,0,0,0,2.2155,0,17.0934447416107,14.646153275101,0,0,0,2019-01-04 00:45:00
"876",2019-01-04 00:55:00,2.31125,0,0.047970001,0,2.31270833333333,16.8563976566742,14.6439474301012,0,6.24811893701553,7.24811893701553,40.4863231778145,41.4863231778145,0,0,0,0,0,0,0,0,0,0,2.31125,0,16.8563976566742,14.6439474301012,0,0,0,2019-01-04 00:45:00
"877",2019-01-04 01:00:00,2.407,0,0.04707,0,2.34216666666667,17.3913859684461,14.6357314682788,0,21.1899655461311,22.1899655461311,36.1935564875603,37.1935564875603,1,0,9,0,0.640692448839301,0,0.640692448839301,0.0301573935668659,0,-0.0301573935668659,2.407,0,17.3913859684461,14.6357314682788,9,0,0.640692448839301,2019-01-04 01:00:00
"878",2019-01-04 01:05:00,2.48033333333333,0.00141416666666667,0.04707,0,2.34216666666667,17.8756072803396,14.643183250776,0,21.1899655461311,22.1899655461311,36.1935564875603,37.1935564875603,1,0,9,0,0.640422970838923,0,0.640422970838923,0.0301447092373881,0,-0.0301447092373881,2.48033333333333,0.00141416666666667,17.8756072803396,14.643183250776,9,0,0.640422970838923,2019-01-04 01:00:00
"879",2019-01-04 01:10:00,2.55366666666667,0.00282833333333333,0.04707,0,2.34216666666667,18.3152668030673,14.6643539731111,0,21.1899655461311,22.1899655461311,36.1935564875603,37.1935564875603,1,0,9,0,0.64015452316488,0,0.64015452316488,0.0301320734053709,0,-0.0301320734053709,2.55366666666667,0.00282833333333333,18.3152668030673,14.6643539731111,9,0,0.64015452316488,2019-01-04 01:00:00
"880",2019-01-04 01:15:00,2.627,0.0042425,0.04707,0,2.34216666666667,17.96580815399,14.6975341694186,0,4.57322213053703,5.57322213053703,44.6604109853506,45.6604109853506,0,0,0,0,0,0,0,0,0,0,2.627,0.0042425,17.96580815399,14.6975341694186,0,0,0,2019-01-04 01:15:00
"881",2019-01-04 01:20:00,2.70033333333333,0.00565666666666667,0.04707,0,2.34216666666667,17.6521750906382,14.7202373743208,0,4.57322213053703,5.57322213053703,44.6604109853506,45.6604109853506,0,0,0,0,0,0,0,0,0,0,2.70033333333333,0.00565666666666667,17.6521750906382,14.7202373743208,0,0,0,2019-01-04 01:15:00
"882",2019-01-04 01:25:00,2.77366666666667,0.00707083333333333,0.04707,0,2.34216666666667,17.3700425187673,14.7338192951387,0,4.57322213053703,5.57322213053703,44.6604109853506,45.6604109853506,0,0,0,0,0,0,0,0,0,0,2.77366666666667,0.00707083333333333,17.3700425187673,14.7338192951387,0,0,0,2019-01-04 01:15:00
"883",2019-01-04 01:30:00,2.847,0.008485,0.04707,0,2.34216666666667,17.1156159381153,14.7394689064039,0,6.59092932939529,7.59092932939529,42.1152964532375,43.1152964532375,0,0,0,0,0,0,0,0,0,0,2.847,0.008485,17.1156159381153,14.7394689064039,0,0,0,2019-01-04 01:30:00
"884",2019-01-04 01:35:00,2.92033333333333,0.00989916666666667,0.04707,0,2.34216666666667,16.8855663114178,14.7382289183749,0,6.59092932939529,7.59092932939529,42.1152964532375,43.1152964532375,0,0,0,0,0,0,0,0,0,0,2.92033333333333,0.00989916666666667,16.8855663114178,14.7382289183749,0,0,0,2019-01-04 01:30:00
"885",2019-01-04 01:40:00,2.99366666666667,0.0113133333333333,0.04707,0,2.34216666666667,16.6769729284957,14.7310137329579,0,6.59092932939529,7.59092932939529,42.1152964532375,43.1152964532375,0,0,0,0,0,0,0,0,0,0,2.99366666666667,0.0113133333333333,16.6769729284957,14.7310137329579,0,0,0,2019-01-04 01:30:00
"886",2019-01-04 01:45:00,3.067,0.0127275,0.04707,0,2.34216666666667,16.4872732839919,14.718625195462,0,8.7558301538229,9.7558301538229,35.0120957195759,36.0120957195759,0,0,0,0,0,0,0,0,0,0,3.067,0.0127275,16.4872732839919,14.718625195462,0,0,0,2019-01-04 01:45:00
"887",2019-01-04 01:50:00,3.14033333333333,0.0141416666666667,0.04707,0,2.34216666666667,16.3142191078026,14.7017664127588,0,8.7558301538229,9.7558301538229,35.0120957195759,36.0120957195759,0,0,0,0,0,0,0,0,0,0,3.14033333333333,0.0141416666666667,16.3142191078026,14.7017664127588,0,0,0,2019-01-04 01:45:00
"888",2019-01-04 01:55:00,3.21366666666667,0.0155558333333333,0.04707,0,2.34216666666667,16.1558377929382,14.6810538752033,0,8.7558301538229,9.7558301538229,35.0120957195759,36.0120957195759,0,0,0,0,0,0,0,0,0,0,3.21366666666667,0.0155558333333333,16.1558377929382,14.6810538752033,0,0,0,2019-01-04 01:45:00
"889",2019-01-04 02:00:00,3.287,0.01697,0.046939999,0,2.38008333333333,16.7603985582555,14.6570280905361,0,24.6600044071674,25.6600044071674,25.1877550631762,26.1877550631762,1,0,9,0,0.637525438768036,0,0.637525438768036,0.0299254434582462,0,-0.0299254434582462,3.287,0.01697,16.7603985582555,14.6570280905361,9,0,0.637525438768036,2019-01-04 02:00:00
"890",2019-01-04 02:05:00,3.35875,0.0155558333333333,0.046939999,0,2.38008333333333,17.3062125329336,14.6511405219651,0,24.6600044071674,25.6600044071674,25.1877550631762,26.1877550631762,1,0,9,0,0.63727349444437,0,0.63727349444437,0.0299136171919452,0,-0.0299136171919452,3.35875,0.0155558333333333,17.3062125329336,14.6511405219651,9,0,0.63727349444437,2019-01-04 02:00:00
"891",2019-01-04 02:10:00,3.4305,0.0141416666666667,0.046939999,0,2.38008333333333,17.80046101067,14.6611357818864,0,24.6600044071674,25.6600044071674,25.1877550631762,26.1877550631762,1,0,9,0,0.637022471548311,0,0.637022471548311,0.0299018341774553,0,-0.0299018341774553,3.4305,0.0141416666666667,17.80046101067,14.6611357818864,9,0,0.637022471548311,2019-01-04 02:00:00
"892",2019-01-04 02:15:00,3.50225,0.0127275,0.046939999,0,2.38008333333333,17.4994438895021,14.6850354705896,0,15.4590204805136,16.4590204805136,38.2368616908789,39.2368616908789,0,0,0,0,0,0,0,0,0,0,3.50225,0.0127275,17.4994438895021,14.6850354705896,0,0,0,2019-01-04 02:15:00
"893",2019-01-04 02:20:00,3.574,0.0113133333333333,0.046939999,0,2.38008333333333,17.2288561114568,14.700117216467,0,15.4590204805136,16.4590204805136,38.2368616908789,39.2368616908789,0,0,0,0,0,0,0,0,0,0,3.574,0.0113133333333333,17.2288561114568,14.700117216467,0,0,0,2019-01-04 02:15:00
"894",2019-01-04 02:25:00,3.64575,0.00989916666666667,0.046939999,0,2.38008333333333,16.9850315714975,14.7075297938894,0,15.4590204805136,16.4590204805136,38.2368616908789,39.2368616908789,0,0,0,0,0,0,0,0,0,0,3.64575,0.00989916666666667,16.9850315714975,14.7075297938894,0,0,0,2019-01-04 02:15:00
"895",2019-01-04 02:30:00,3.7175,0.008485,0.046939999,0,2.38008333333333,16.7647538805419,14.7082806610678,0,14.1608771234751,15.1608771234751,47.656805574894,48.656805574894,0,0,0,0,0,0,0,0,0,0,3.7175,0.008485,16.7647538805419,14.7082806610678,0,0,0,2019-01-04 02:30:00
"896",2019-01-04 02:35:00,3.78925,0.00707083333333333,0.046939999,0,2.38008333333333,16.5652011624978,14.7032533085141,0,14.1608771234751,15.1608771234751,47.656805574894,48.656805574894,0,0,0,0,0,0,0,0,0,0,3.78925,0.00707083333333333,16.5652011624978,14.7032533085141,0,0,0,2019-01-04 02:30:00
"897",2019-01-04 02:40:00,3.861,0.00565666666666667,0.046939999,0,2.38008333333333,16.3838976276699,14.6932224779036,0,14.1608771234751,15.1608771234751,47.656805574894,48.656805574894,0,0,0,0,0,0,0,0,0,0,3.861,0.00565666666666667,16.3838976276699,14.6932224779036,0,0,0,2019-01-04 02:30:00
"898",2019-01-04 02:45:00,3.93275,0.0042425,0.046939999,0,2.38008333333333,16.9686710907133,14.6788675127575,0,23.0183085948229,24.0183085948229,37.9616601318121,38.9616601318121,1,0,9,0,0.635290692007154,0,0.635290692007154,0.0298205444475251,0,-0.0298205444475251,3.93275,0.0042425,16.9686710907133,14.6788675127575,9,0,0.635290692007154,2019-01-04 02:45:00
"899",2019-01-04 02:50:00,4.0045,0.00282833333333333,0.046939999,0,2.38008333333333,17.4974474578853,14.6817710281366,0,23.0183085948229,24.0183085948229,37.9616601318121,38.9616601318121,1,0,9,0,0.635046861936326,0,0.635046861936326,0.0298090990642443,0,-0.0298090990642443,4.0045,0.00282833333333333,17.4974474578853,14.6817710281366,9,0,0.635046861936326,2019-01-04 02:45:00
"900",2019-01-04 02:55:00,4.07625,0.00141416666666667,0.046939999,0,2.38008333333333,17.9770690384447,14.6997842388601,0,23.0183085948229,24.0183085948229,37.9616601318121,38.9616601318121,1,0,9,0,0.634803909178562,0,0.634803909178562,0.0297976948620378,0,-0.0297976948620378,4.07625,0.00141416666666667,17.9770690384447,14.6997842388601,9,0,0.634803909178562,2019-01-04 02:45:00
"901",2019-01-04 03:00:00,4.148,0,0.047,0,2.445625,17.6635383641879,14.7310222680522,0,13.8224424421787,14.8224424421787,21.2406007796526,22.2406007796526,0,0,0,0,0,0,0,0,0,0,4.148,0,17.6635383641879,14.7310222680522,0,0,0,2019-01-04 03:00:00
"902",2019-01-04 03:05:00,4.16341666666667,0,0.047,0,2.445625,17.3822530740863,14.7525221016581,0,13.8224424421787,14.8224424421787,21.2406007796526,22.2406007796526,0,0,0,0,0,0,0,0,0,0,4.16341666666667,0,17.3822530740863,14.7525221016581,0,0,0,2019-01-04 03:00:00
"903",2019-01-04 03:10:00,4.17883333333333,0,0.047,0,2.445625,17.1292916649853,14.7655143563708,0,13.8224424421787,14.8224424421787,21.2406007796526,22.2406007796526,0,0,0,0,0,0,0,0,0,0,4.17883333333333,0,17.1292916649853,14.7655143563708,0,0,0,2019-01-04 03:00:00
"904",2019-01-04 03:15:00,4.19425,0,0.047,0,2.445625,17.6512138474719,14.7710784268435,0,24.2416544258595,25.2416544258595,27.3880432993174,28.3880432993174,1,0,9,0,0.63440624462165,0,0.63440624462165,0.0298170934972176,0,-0.0298170934972176,4.19425,0,17.6512138474719,14.7710784268435,9,0,0.63440624462165,2019-01-04 03:15:00
"905",2019-01-04 03:20:00,4.20966666666667,0,0.047,0,2.445625,18.1248332302428,14.7911480073644,0,24.2416544258595,25.2416544258595,27.3880432993174,28.3880432993174,1,0,9,0,0.634354463080603,0,0.634354463080603,0.0298146597647883,0,-0.0298146597647883,4.20966666666667,0,18.1248332302428,14.7911480073644,9,0,0.634354463080603,2019-01-04 03:15:00
"906",2019-01-04 03:25:00,4.22508333333333,0,0.047,0,2.445625,18.5560165050097,14.8238824309529,0,24.2416544258595,25.2416544258595,27.3880432993174,28.3880432993174,1,0,9,0,0.63430272142305,0,0.63430272142305,0.0298122279068834,0,-0.0298122279068834,4.22508333333333,0,18.5560165050097,14.8238824309529,9,0,0.63430272142305,2019-01-04 03:15:00
"907",2019-01-04 03:30:00,4.2405,0,0.047,0,2.445625,18.1999104873968,14.8676672509277,0,13.8831713944674,14.8831713944674,22.956587344408,23.956587344408,0,0,0,0,0,0,0,0,0,0,4.2405,0,18.1999104873968,14.8676672509277,0,0,0,2019-01-04 03:30:00
"908",2019-01-04 03:35:00,4.25591666666667,0,0.047,0,2.445625,17.8811987287724,14.9000995123981,0,13.8831713944674,14.8831713944674,22.956587344408,23.956587344408,0,0,0,0,0,0,0,0,0,0,4.25591666666667,0,17.8811987287724,14.9000995123981,0,0,0,2019-01-04 03:30:00
"909",2019-01-04 03:40:00,4.27133333333333,0,0.047,0,2.445625,17.5953280313225,14.9226083365105,0,13.8831713944674,14.8831713944674,22.956587344408,23.956587344408,0,0,0,0,0,0,0,0,0,0,4.27133333333333,0,17.5953280313225,14.9226083365105,0,0,0,2019-01-04 03:30:00
"910",2019-01-04 03:45:00,4.28675,0,0.047,0,2.445625,18.0883039523632,14.9364472536666,0,21.7341975420713,22.7341975420713,48.9772451519966,49.9772451519966,1,0,9,0,0.634096152707626,0,0.634096152707626,0.0298025191772584,0,-0.0298025191772584,4.28675,0,18.0883039523632,14.9364472536666,9,0,0.634096152707626,2019-01-04 03:45:00
"911",2019-01-04 03:50:00,4.30216666666667,0,0.047,0,2.445625,18.5364539702097,14.963702716558,0,21.7341975420713,22.7341975420713,48.9772451519966,49.9772451519966,1,0,9,0,0.634044609778045,0,0.634044609778045,0.0298000966595681,0,-0.0298000966595681,4.30216666666667,0,18.5364539702097,14.963702716558,9,0,0.634044609778045,2019-01-04 03:45:00
"912",2019-01-04 03:55:00,4.31758333333333,0,0.047,0,2.445625,18.9452183190155,15.0026680634211,0,21.7341975420713,22.7341975420713,48.9772451519966,49.9772451519966,1,0,9,0,0.633993106456652,0,0.633993106456652,0.0297976760034626,0,-0.0297976760034626,4.31758333333333,0,18.9452183190155,15.0026680634211,9,0,0.633993106456652,2019-01-04 03:45:00
"913",2019-01-04 04:00:00,4.333,0,0.04691,0,2.49845833333333,18.5693697046066,15.0518464016386,0,4.52682675421238,5.52682675421238,21.7443370521069,22.7443370521069,0,0,0,0,0,0,0,0,0,0,4.333,0,18.5693697046066,15.0518464016386,0,0,0,2019-01-04 04:00:00
"914",2019-01-04 04:05:00,4.33233333333333,0,0.04691,0,2.49845833333333,18.2332529495111,15.0888457301577,0,4.52682675421238,5.52682675421238,21.7443370521069,22.7443370521069,0,0,0,0,0,0,0,0,0,0,4.33233333333333,0,18.2332529495111,15.0888457301577,0,0,0,2019-01-04 04:00:00
"915",2019-01-04 04:10:00,4.33166666666667,0,0.04691,0,2.49845833333333,17.9320193763077,15.1151884446779,0,4.52682675421238,5.52682675421238,21.7443370521069,22.7443370521069,0,0,0,0,0,0,0,0,0,0,4.33166666666667,0,17.9320193763077,15.1151884446779,0,0,0,2019-01-04 04:00:00
"916",2019-01-04 04:15:00,4.331,0,0.04691,0,2.49845833333333,18.4114153725033,15.1322099372704,0,22.9236934483051,23.9236934483051,48.1069469004869,49.1069469004869,1,0,9,0,0.633948316845635,0,0.633948316845635,0.0297385155432287,0,-0.0297385155432287,4.331,0,18.4114153725033,15.1322099372704,9,0,0.633948316845635,2019-01-04 04:15:00
"917",2019-01-04 04:20:00,4.33033333333333,0,0.04691,0,2.49845833333333,18.8475410990596,15.162068510222,0,22.9236934483051,23.9236934483051,48.1069469004869,49.1069469004869,1,0,9,0,0.633950541709386,0,0.633950541709386,0.0297386199115873,0,-0.0297386199115873,4.33033333333333,0,18.8475410990596,15.162068510222,9,0,0.633950541709386,2019-01-04 04:15:00
"918",2019-01-04 04:25:00,4.32966666666667,0,0.04691,0,2.49845833333333,19.245637415047,15.2031205681444,0,22.9236934483051,23.9236934483051,48.1069469004869,49.1069469004869,1,0,9,0,0.633952766647047,0,0.633952766647047,0.029738724283413,0,-0.029738724283413,4.32966666666667,0,19.245637415047,15.2031205681444,9,0,0.633952766647047,2019-01-04 04:15:00
"919",2019-01-04 04:30:00,4.329,0,0.04691,0,2.49845833333333,19.142136931345,15.2539245795851,0,18.7774721831083,19.7774721831083,20.9310955107212,21.9310955107212,1,0,3.38201721673536,0,0.165789759719903,0,0.165789759719903,0.00777719762846065,0,-0.00777719762846065,4.329,0,19.142136931345,15.2539245795851,3.38201721673536,0,0.165789759719903,2019-01-04 04:30:00
"920",2019-01-04 04:35:00,4.32833333333333,0,0.04691,0,2.49845833333333,19.1565395653791,15.3001157861835,0,18.7774721831083,19.7774721831083,20.9310955107212,21.9310955107212,1,0,4.62402302115949,0,0.269292468507407,0,0.269292468507407,0.0126325096976825,0,-0.0126325096976825,4.32833333333333,0,19.1565395653791,15.3001157861835,4.62402302115949,0,0.269292468507407,2019-01-04 04:30:00
"921",2019-01-04 04:40:00,4.32766666666667,0,0.04691,0,2.49845833333333,19.1594829195016,15.3451489378125,0,18.7774721831083,19.7774721831083,20.9310955107212,21.9310955107212,1,0,4.45119141275039,0,0.254892059632731,0,0.254892059632731,0.0119569865173714,0,-0.0119569865173714,4.32766666666667,0,19.1594829195016,15.3451489378125,4.45119141275039,0,0.254892059632731,2019-01-04 04:30:00
"922",2019-01-04 04:45:00,4.327,0,0.04691,0,2.49845833333333,19.5454015275074,15.3887424157556,0,23.7410352379084,24.7410352379084,48.7390045672655,49.7390045672655,1,0,9,0,0.633961667136872,0,0.633961667136872,0.0297391418053907,0,-0.0297391418053907,4.327,0,19.5454015275074,15.3887424157556,9,0,0.633961667136872,2019-01-04 04:45:00
"923",2019-01-04 04:50:00,4.32633333333333,0,0.04691,0,2.49845833333333,19.8992639893148,15.441661403513,0,23.7410352379084,24.7410352379084,48.7390045672655,49.7390045672655,1,0,9,0,0.633963892444142,0,0.633963892444142,0.0297392461945547,0,-0.0297392461945547,4.32633333333333,0,19.8992639893148,15.441661403513,9,0,0.633963892444142,2019-01-04 04:45:00
"924",2019-01-04 04:55:00,4.32566666666667,0,0.04691,0,2.49845833333333,20.2249357639746,15.5026944927612,0,23.7410352379084,24.7410352379084,48.7390045672655,49.7390045672655,1,0,9,0,0.633966117825344,0,0.633966117825344,0.0297393505871869,0,-0.0297393505871869,4.32566666666667,0,20.2249357639746,15.5026944927612,9,0,0.633966117825344,2019-01-04 04:45:00
"925",2019-01-04 05:00:00,4.325,0,0.050869999,0,2.53795833333333,20.5258081246514,15.5707792813788,0,22.6958568543196,23.6958568543196,36.5865348577499,37.5865348577499,1,0,9,0,0.633968343280483,0,0.633968343280483,0.0322499689887098,0,-0.0322499689887098,4.325,0,20.5258081246514,15.5707792813788,9,0,0.633968343280483,2019-01-04 05:00:00
"926",2019-01-04 05:05:00,4.32816666666667,0,0.050869999,0,2.53795833333333,20.8048588777042,15.6450060486244,0,22.6958568543196,23.6958568543196,36.5865348577499,37.5865348577499,1,0,9,0,0.63395777302704,0,0.63395777302704,0.0322494312799277,0,-0.0322494312799277,4.32816666666667,0,20.8048588777042,15.6450060486244,9,0,0.63395777302704,2019-01-04 05:00:00
"927",2019-01-04 05:10:00,4.33133333333333,0,0.050869999,0,2.53795833333333,21.0647002054322,15.7245571026094,0,22.6958568543196,23.6958568543196,36.5865348577499,37.5865348577499,1,0,9,0,0.633947204441475,0,0.633947204441475,0.0322488936559906,1,-0.0322488936559906,4.33133333333333,0,21.0647002054322,15.7245571026094,9,0,0.633947204441475,2019-01-04 05:00:00
"928",2019-01-04 05:15:00,4.3345,0,0.050869999,0,2.53795833333333,20.5576239350398,15.8087154142137,0,17.1494308263063,18.1494308263063,31.9441921114922,32.9441921114922,0,0,0,0,0,0,0,0,0,0,4.3345,0,20.5576239350398,15.8087154142137,0,0,0,2019-01-04 05:15:00
"929",2019-01-04 05:20:00,4.33766666666667,0,0.050869999,0,2.53795833333333,20.1058091076387,15.8758653011749,0,17.1494308263063,18.1494308263063,31.9441921114922,32.9441921114922,0,0,0,0,0,0,0,0,0,0,4.33766666666667,0,20.1058091076387,15.8758653011749,0,0,0,2019-01-04 05:15:00
"930",2019-01-04 05:25:00,4.34083333333333,0,0.050869999,0,2.53795833333333,19.7025054706911,15.9281265329779,0,17.1494308263063,18.1494308263063,31.9441921114922,32.9441921114922,0,0,0,0,0,0,0,0,0,0,4.34083333333333,0,19.7025054706911,15.9281265329779,0,0,0,2019-01-04 05:15:00
"931",2019-01-04 05:30:00,4.344,0,0.050869999,0,2.53795833333333,19.341791240886,15.9673585250047,0,18.316434904933,19.316434904933,31.6982249170542,32.6982249170542,0,0,0,0,0,0,0,0,0,0,4.344,0,19.341791240886,15.9673585250047,0,0,0,2019-01-04 05:30:00
"932",2019-01-04 05:35:00,4.34716666666667,0,0.050869999,0,2.53795833333333,19.0184714070102,15.9951922986606,0,18.316434904933,19.316434904933,31.6982249170542,32.6982249170542,0,0,0,0,0,0,0,0,0,0,4.34716666666667,0,19.0184714070102,15.9951922986606,0,0,0,2019-01-04 05:30:00
"933",2019-01-04 05:40:00,4.35033333333333,0,0.050869999,0,2.53795833333333,18.7279885165326,16.0130585182686,0,18.316434904933,19.316434904933,31.6982249170542,32.6982249170542,0,0,0,0,0,0,0,0,0,0,4.35033333333333,0,18.7279885165326,16.0130585182686,0,0,0,2019-01-04 05:30:00
"934",2019-01-04 05:45:00,4.3535,0,0.050869999,0,2.53795833333333,19.2163444134785,16.0222120863232,0,20.1813456118107,21.1813456118107,31.4395287036896,32.4395287036896,1,0,9,0,0.633873271009971,0,0.633873271009971,0.0322451326624039,0,-0.0322451326624039,4.3535,0,19.2163444134785,16.0222120863232,9,0,0.633873271009971,2019-01-04 05:45:00
"935",2019-01-04 05:50:00,4.35666666666667,0,0.050869999,0,2.53795833333333,19.6598633377494,16.0447406774438,0,20.1813456118107,21.1813456118107,31.4395287036896,32.4395287036896,1,0,9,0,0.633862715753232,0,0.633862715753232,0.0322445957165042,0,-0.0322445957165042,4.35666666666667,0,19.6598633377494,16.0447406774438,9,0,0.633862715753232,2019-01-04 05:45:00
"936",2019-01-04 05:55:00,4.35983333333333,0,0.050869999,0,2.53795833333333,20.0639827015835,16.0789387199796,0,20.1813456118107,21.1813456118107,31.4395287036896,32.4395287036896,1,0,9,0,0.633852162160824,0,0.633852162160824,0.0322440588552689,0,-0.0322440588552689,4.35983333333333,0,20.0639827015835,16.0789387199796,9,0,0.633852162160824,2019-01-04 05:45:00
"937",2019-01-04 06:00:00,4.363,0,0.053990002,0,2.57808333333333,20.433472754177,16.1233102957105,0,20.2671052962542,21.2671052962542,36.1906711757183,37.1906711757183,1,0,9,0,0.633841610232352,0,0.633841610232352,0.0342211098041279,0,-0.0342211098041279,4.363,0,20.433472754177,16.1233102957105,9,0,0.633841610232352,2019-01-04 06:00:00
"938",2019-01-04 06:05:00,4.3655,0.079475,0.053990002,0,2.57808333333333,20.6061772395644,16.1765473024046,0,20.2671052962542,21.2671052962542,36.1906711757183,37.1906711757183,1,0,7.00359050492581,0,0.467465823014755,0,0.467465823014755,0.0252384807194982,0,-0.0252384807194982,4.3655,0.079475,20.6061772395644,16.1765473024046,7.00359050492581,0,0.467465823014755,2019-01-04 06:00:00
"939",2019-01-04 06:10:00,4.368,0.15895,0.053990002,0,2.57808333333333,20.5949935462426,16.232844283289,0,20.2671052962542,21.2671052962542,36.1906711757183,37.1906711757183,1,0,4.93113668027711,0,0.294753009369256,0,0.294753009369256,0.0159137155653521,0,-0.0159137155653521,4.368,0.15895,20.5949935462426,16.232844283289,4.93113668027711,0,0.294753009369256,2019-01-04 06:00:00
"940",2019-01-04 06:15:00,4.3705,0.238425,0.053990002,0,2.57808333333333,20.1791865292796,16.2869524052709,0,9.04368202388287,10.0436820238829,23.2035230100155,24.2035230100155,0,0,0,0,0,0,0,0,0,0,4.3705,0.238425,20.1791865292796,16.2869524052709,0,0,0,2019-01-04 06:15:00
"941",2019-01-04 06:20:00,4.373,0.3179,0.053990002,0,2.57808333333333,19.8073365070388,16.3276230451387,0,9.04368202388287,10.0436820238829,23.2035230100155,24.2035230100155,0,0,0,0,0,0,0,0,0,0,4.373,0.3179,19.8073365070388,16.3276230451387,0,0,0,2019-01-04 06:15:00
"942",2019-01-04 06:25:00,4.3755,0.397375,0.053990002,0,2.57808333333333,19.4740825933736,16.3565392561629,0,9.04368202388287,10.0436820238829,23.2035230100155,24.2035230100155,0,0,0,0,0,0,0,0,0,0,4.3755,0.397375,19.4740825933736,16.3565392561629,0,0,0,2019-01-04 06:15:00
"943",2019-01-04 06:30:00,4.378,0.47685,0.053990002,0,2.57808333333333,19.1747218135685,16.3751773387525,0,16.9631648212671,17.9631648212671,21.8151746094227,22.8151746094227,0,0,0,0,0,0,0,0,0,0,4.378,0.47685,19.1747218135685,16.3751773387525,0,0,0,2019-01-04 06:30:00
"944",2019-01-04 06:35:00,4.3805,0.556325,0.053990002,0,2.57808333333333,18.9051283438754,16.3848322208545,0,16.9631648212671,17.9631648212671,21.8151746094227,22.8151746094227,0,0,0,0,0,0,0,0,0,0,4.3805,0.556325,18.9051283438754,16.3848322208545,0,0,0,2019-01-04 06:30:00
"945",2019-01-04 06:40:00,4.383,0.6358,0.053990002,0,2.57808333333333,18.6616826647061,16.3866397228081,0,16.9631648212671,17.9631648212671,21.8151746094227,22.8151746094227,0,0,0,0,0,0,0,0,0,0,4.383,0.6358,18.6616826647061,16.3866397228081,0,0,0,2019-01-04 06:30:00
"946",2019-01-04 06:45:00,4.3855,0.715275,0.053990002,0,2.57808333333333,18.4412094105422,16.3815960890988,0,9.58017489314079,10.5801748931408,28.1070975661278,29.1070975661278,0,0,0,0,0,0,0,0,0,0,4.3855,0.715275,18.4412094105422,16.3815960890988,0,0,0,2019-01-04 06:45:00
"947",2019-01-04 06:50:00,4.388,0.79475,0.053990002,0,2.57808333333333,18.2409228490061,16.3705751225104,0,9.58017489314079,10.5801748931408,28.1070975661278,29.1070975661278,0,0,0,0,0,0,0,0,0,0,4.388,0.79475,18.2409228490061,16.3705751225104,0,0,0,2019-01-04 06:45:00
"948",2019-01-04 06:55:00,4.3905,0.874225,0.053990002,0,2.57808333333333,18.0583790525841,16.3543432149911,0,9.58017489314079,10.5801748931408,28.1070975661278,29.1070975661278,0,0,0,0,0,0,0,0,0,0,4.3905,0.874225,18.0583790525841,16.3543432149911,0,0,0,2019-01-04 06:45:00
"949",2019-01-04 07:00:00,4.393,0.9537,0.054439999,1,2.62508333333333,17.891433941453,16.333572533419,0,12.8923006951809,13.8923006951809,29.6740071028471,30.6740071028471,0,0,0,0,0,0,0,0,0,-0.833333333333333,4.393,0.9537,17.891433941453,16.333572533419,0,0,0,2019-01-04 07:00:00
"950",2019-01-04 07:05:00,4.39025,2.29839166666667,0.054439999,1,2.62508333333333,17.7386274106477,16.3089454019808,0,12.8923006951809,13.8923006951809,29.6740071028471,30.6740071028471,0,0,0,0,0,0,0,0,0,-0.833333333333333,4.39025,2.29839166666667,17.7386274106477,16.3089454019808,0,0,0,2019-01-04 07:00:00
"951",2019-01-04 07:10:00,4.3875,3.64308333333333,0.054439999,1,2.62508333333333,17.5982784147329,16.2809874686976,0,12.8923006951809,13.8923006951809,29.6740071028471,30.6740071028471,0,0,0,0,0,0,0,0,0,-0.833333333333333,4.3875,3.64308333333333,17.5982784147329,16.2809874686976,0,0,0,2019-01-04 07:00:00
"952",2019-01-04 07:15:00,4.38475,4.987775,0.054439999,1,2.62508333333333,17.4689120168443,16.2501596202236,0,10.8632837086916,11.8632837086916,30.4964815825224,31.4964815825224,0,0,0,0,0,0,0,0,0,-0.833333333333333,4.38475,4.987775,17.4689120168443,16.2501596202236,0,0,0,2019-01-04 07:15:00
"953",2019-01-04 07:20:00,4.382,6.33246666666667,0.054439999,1,2.62508333333333,17.3492340891753,16.2168659326212,0,10.8632837086916,11.8632837086916,30.4964815825224,31.4964815825224,0,0,0,0,0,0,0,0,0,-0.833333333333333,4.382,6.33246666666667,17.3492340891753,16.2168659326212,0,0,0,2019-01-04 07:15:00
"954",2019-01-04 07:25:00,4.37925,7.67715833333333,0.054439999,1,2.62508333333333,17.2381091190718,16.1814606461428,0,10.8632837086916,11.8632837086916,30.4964815825224,31.4964815825224,0,0,0,0,0,0,0,0,0,-0.833333333333333,4.37925,7.67715833333333,17.2381091190718,16.1814606461428,0,0,0,2019-01-04 07:15:00
"955",2019-01-04 07:30:00,4.3765,9.02185,0.054439999,1,2.62508333333333,17.8845407395095,16.1442542838258,0,24.8485317081213,25.8485317081213,24.4748324602842,25.4748324602842,1,0,9,0,0.6337966443534,0,0.6337966443534,0.0345038886848025,0,-0.867837222018136,4.3765,9.02185,17.8845407395095,16.1442542838258,9,0,0.6337966443534,2019-01-04 07:30:00
"956",2019-01-04 07:35:00,4.37375,10.3665416666667,0.054439999,1,2.62508333333333,18.4674864039961,16.1265059768674,0,24.8485317081213,25.8485317081213,24.4748324602842,25.4748324602842,1,0,9,0,0.633805801618849,0,0.633805801618849,0.0345043872063244,0,-0.867837720539658,4.37375,10.3665416666667,18.4674864039961,16.1265059768674,9,0,0.633805801618849,2019-01-04 07:30:00
"957",2019-01-04 07:40:00,4.371,11.7112333333333,0.054439999,1,2.62508333333333,18.9946934075087,16.1257832273151,0,24.8485317081213,25.8485317081213,24.4748324602842,25.4748324602842,1,0,9,0,0.633814960137862,0,0.633814960137862,0.0345048857960902,0,-0.867838219129423,4.371,11.7112333333333,18.9946934075087,16.1257832273151,9,0,0.633814960137862,2019-01-04 07:30:00
"958",2019-01-04 07:45:00,4.36825,13.055925,0.054439999,1,2.62508333333333,18.722958241656,16.1399523342771,0,12.037961140275,13.037961140275,25.5237249135971,26.5237249135971,0,0,0,0,0,0,0,0,0,-0.833333333333333,4.36825,13.055925,18.722958241656,16.1399523342771,0,0,0,2019-01-04 07:45:00
"959",2019-01-04 07:50:00,4.3655,14.4006166666667,0.054439999,1,2.62508333333333,18.4784115540711,16.1461547566633,0,12.037961140275,13.037961140275,25.5237249135971,26.5237249135971,0,0,0,0,0,0,0,0,0,-0.833333333333333,4.3655,14.4006166666667,18.4784115540711,16.1461547566633,0,0,0,2019-01-04 07:45:00
"960",2019-01-04 07:55:00,4.36275,15.7453083333333,0.054439999,1,2.62508333333333,18.257769531273,16.1454198822643,0,12.037961140275,13.037961140275,25.5237249135971,26.5237249135971,0,0,0,0,0,0,0,0,0,-0.833333333333333,4.36275,15.7453083333333,18.257769531273,16.1454198822643,0,0,0,2019-01-04 07:45:00
"961",2019-01-04 08:00:00,4.36,17.09,0.05418,1,2.67145833333333,18.6351610740265,16.1386505051422,1,19.3263288885355,20.3263288885355,35.2514093518257,36.2514093518257,1,0,9,0,0.633851606754687,0,0.633851606754687,0.034342080053969,0,-0.867675413387302,4.36,17.09,18.6351610740265,16.1386505051422,9,0,0.633851606754687,2019-01-04 08:00:00
"962",2019-01-04 08:05:00,4.35858333333333,20.7408333333333,0.05418,1,2.67145833333333,18.9731243269142,16.143016264776,1,19.3263288885355,20.3263288885355,35.2514093518257,36.2514093518257,1,0,9,0,0.633856327853768,0,0.633856327853768,0.0343423358431172,0,-0.86767566917645,4.35858333333333,20.7408333333333,18.9731243269142,16.143016264776,9,0,0.633856327853768,2019-01-04 08:00:00
"963",2019-01-04 08:10:00,4.35716666666667,24.3916666666667,0.05418,1,2.67145833333333,19.2768733649409,16.157038452529,1,19.3263288885355,20.3263288885355,35.2514093518257,36.2514093518257,1,0,9,0,0.633861049285898,0,0.633861049285898,0.03434259165031,0,-0.867675924983643,4.35716666666667,24.3916666666667,19.2768733649409,16.157038452529,9,0,0.633861049285898,2019-01-04 08:00:00
"964",2019-01-04 08:15:00,4.35575,28.0425,0.05418,1,2.67145833333333,19.5509321697472,16.1794341153364,1,24.9586368352175,25.9586368352175,37.5044850111008,38.5044850111008,1,0,9,0,0.633865771051112,0,0.633865771051112,0.0343428474755492,0,-0.867676180808883,4.35575,28.0425,19.5509321697472,16.1794341153364,9,0,0.633865771051112,2019-01-04 08:15:00
"965",2019-01-04 08:20:00,4.35433333333333,31.6933333333333,0.05418,1,2.67145833333333,19.7992259690871,16.2090901455255,1,24.9586368352175,25.9586368352175,37.5044850111008,38.5044850111008,1,0,9,0,0.633870493149445,0,0.633870493149445,0.0343431033188369,0,-0.86767643665217,4.35433333333333,31.6933333333333,19.7992259690871,16.2090901455255,9,0,0.633870493149445,2019-01-04 08:15:00
"966",2019-01-04 08:25:00,4.35291666666667,35.3441666666667,0.05418,1,2.67145833333333,20.0251604867514,16.2450408000709,1,24.9586368352175,25.9586368352175,37.5044850111008,38.5044850111008,1,0,9,0,0.633875215580933,0,0.633875215580933,0.034343359180175,0,-0.867676692513508,4.35291666666667,35.3441666666667,20.0251604867514,16.2450408000709,9,0,0.633875215580933,2019-01-04 08:15:00
"967",2019-01-04 08:30:00,4.3515,38.995,0.05418,1,2.67145833333333,20.1326651603014,16.2864481953701,1,19.9261349439621,20.9261349439621,21.1818188428879,22.1818188428879,1,0,7.8116934865282,0,0.534854395556294,0,0.534854395556294,0.02897841115124,0,-0.862311744484573,4.3515,38.995,20.1326651603014,16.2864481953701,7.8116934865282,0,0.534854395556294,2019-01-04 08:30:00
"968",2019-01-04 08:35:00,4.35008333333333,42.6458333333333,0.05418,1,2.67145833333333,20.1263219572614,16.3298143905102,1,19.9261349439621,20.9261349439621,21.1818188428879,22.1818188428879,1,0,6.52163740392837,0,0.427354445104211,0,0.427354445104211,0.0231540638357461,0,-0.856487397169079,4.35008333333333,42.6458333333333,20.1263219572614,16.3298143905102,6.52163740392837,0,0.427354445104211,2019-01-04 08:30:00
"969",2019-01-04 08:40:00,4.34866666666667,46.2966666666667,0.05418,1,2.67145833333333,20.1322291744346,16.3718875871074,1,19.9261349439621,20.9261349439621,21.1818188428879,22.1818188428879,1,0,6.59775584040892,0,0.43370237157542,0,0.43370237157542,0.0234979944919563,0,-0.856831327825289,4.34866666666667,46.2966666666667,20.1322291744346,16.3718875871074,6.59775584040892,0,0.43370237157542,2019-01-04 08:30:00
"970",2019-01-04 08:45:00,4.34725,49.9475,0.05418,1,2.67145833333333,20.3428118938859,16.4130541751412,1,24.7828791737556,25.7828791737556,47.4885104447603,48.4885104447603,1,0,9,0,0.633894108639136,0,0.633894108639136,0.0343443828060684,0,-0.867677716139402,4.34725,49.9475,20.3428118938859,16.4130541751412,9,0,0.633894108639136,2019-01-04 08:45:00
"971",2019-01-04 08:50:00,4.34583333333333,53.5983333333333,0.05418,1,2.67145833333333,20.5361022513064,16.4590720742306,1,24.7828791737556,25.7828791737556,47.4885104447603,48.4885104447603,1,0,9,0,0.633898832736926,0,0.633898832736926,0.0343446387576866,0,-0.86767797209102,4.34583333333333,53.5983333333333,20.5361022513064,16.4590720742306,9,0,0.633898832736926,2019-01-04 08:45:00
"972",2019-01-04 08:55:00,4.34441666666667,57.2491666666667,0.05418,1,2.67145833333333,20.7143840211921,16.50929384526,1,24.7828791737556,25.7828791737556,47.4885104447603,48.4885104447603,1,0,9,0,0.633903557168082,0,0.633903557168082,0.0343448947273667,0,-0.8676782280607,4.34441666666667,57.2491666666667,20.7143840211921,16.50929384526,9,0,0.633903557168082,2019-01-04 08:45:00
"973",2019-01-04 09:00:00,4.343,60.9,0.053900002,1,2.70875,20.8796387379798,16.5631577823922,1,23.7373175024986,24.7373175024986,46.0878430008888,47.0878430008888,1,0,9,0,0.633908281932639,0,0.633908281932639,0.0341676576639858,0,-0.867500990997319,4.343,60.9,20.8796387379798,16.5631577823922,9,0,0.633908281932639,2019-01-04 09:00:00
"974",2019-01-04 09:05:00,4.35708333333333,63.7425,0.053900002,1,2.70875,21.0335176635896,16.6201868705423,1,23.7373175024986,24.7373175024986,46.0878430008888,47.0878430008888,1,0,9,0,0.633861327027572,0,0.633861327027572,0.0341651267945088,1,-0.0341651267945088,4.35708333333333,63.7425,21.0335176635896,16.6201868705423,9,0,0.633861327027572,2019-01-04 09:00:00
"975",2019-01-04 09:10:00,4.37116666666667,66.585,0.053900002,1,2.70875,21.1775207383805,16.6799560777044,1,23.7373175024986,24.7373175024986,46.0878430008888,47.0878430008888,1,0,9,0,0.633814405040414,0,0.633814405040414,0.0341625976993071,1,-0.0341625976993071,4.37116666666667,66.585,21.1775207383805,16.6799560777044,9,0,0.633814405040414,2019-01-04 09:00:00
"976",2019-01-04 09:15:00,4.38525,69.4275,0.053900002,1,2.70875,21.312949415109,16.7420966733489,1,22.2428975999355,23.2428975999355,27.845628157258,28.845628157258,1,0,9,0,0.63376751593656,0,0.63376751593656,0.0341600703765156,1,-0.0341600703765156,4.38525,69.4275,21.312949415109,16.7420966733489,9,0,0.63376751593656,2019-01-04 09:15:00
"977",2019-01-04 09:20:00,4.39933333333333,72.27,0.053900002,1,2.70875,21.4409329301402,16.8062887761135,1,22.2428975999355,23.2428975999355,27.845628157258,28.845628157258,1,0,9,0,0.633720659681456,0,0.633720659681456,0.0341575448242718,1,-0.0341575448242718,4.39933333333333,72.27,21.4409329301402,16.8062887761135,9,0,0.633720659681456,2019-01-04 09:15:00
"978",2019-01-04 09:25:00,4.41341666666667,75.1125,0.053900002,1,2.70875,21.5624510974435,16.872254887872,1,22.2428975999355,23.2428975999355,27.845628157258,28.845628157258,1,0,9,0,0.633673836240594,0,0.633673836240594,0.0341550210407157,1,-0.0341550210407157,4.41341666666667,75.1125,21.5624510974435,16.872254887872,9,0,0.633673836240594,2019-01-04 09:15:00
"979",2019-01-04 09:30:00,4.4275,77.955,0.053900002,1,2.70875,21.6783540856111,16.9397542836274,1,23.39314211905,24.39314211905,29.6674217134714,30.6674217134714,1,0,9,0,0.633627045579517,0,0.633627045579517,0.0341524990239901,1,-0.0341524990239901,4.4275,77.955,21.6783540856111,16.9397542836274,9,0,0.633627045579517,2019-01-04 09:30:00
"980",2019-01-04 09:35:00,4.44158333333333,80.7975,0.053900002,1,2.70875,21.7893795772223,17.0085781439521,1,23.39314211905,24.39314211905,29.6674217134714,30.6674217134714,1,0,9,0,0.633580287663814,0,0.633580287663814,0.0341499787722401,1,-0.0341499787722401,4.44158333333333,80.7975,21.7893795772223,17.0085781439521,9,0,0.633580287663814,2019-01-04 09:30:00
"981",2019-01-04 09:40:00,4.45566666666667,83.64,0.053900002,1,2.70875,21.8961676570223,17.0785453316941,1,23.39314211905,24.39314211905,29.6674217134714,30.6674217134714,1,0,9,0,0.633533562459122,0,0.633533562459122,0.0341474602836138,1,-0.0341474602836138,4.45566666666667,83.64,21.8961676570223,17.0785453316941,9,0,0.633533562459122,2019-01-04 09:30:00
"982",2019-01-04 09:45:00,4.46975,86.4825,0.053900002,1,2.70875,21.2492737295259,17.1494987276738,1,13.1115714907646,14.1115714907646,31.858221039176,32.858221039176,0,0,0,0,0,0,0,0,1,0,4.46975,86.4825,21.2492737295259,17.1494987276738,0,0,0,2019-01-04 09:45:00
"983",2019-01-04 09:50:00,4.48383333333333,89.325,0.053900002,1,2.70875,20.678683471005,17.2003150935204,1,13.1115714907646,14.1115714907646,31.858221039176,32.858221039176,0,0,0,0,0,0,0,0,0,-0.833333333333333,4.48383333333333,89.325,20.678683471005,17.2003150935204,0,0,0,2019-01-04 09:45:00
"984",2019-01-04 09:55:00,4.49791666666667,92.1675,0.053900002,1,2.70875,20.1744375358803,17.2338084907345,1,13.1115714907646,14.1115714907646,31.858221039176,32.858221039176,0,0,0,0,0,0,0,0,0,-0.833333333333333,4.49791666666667,92.1675,20.1744375358803,17.2338084907345,0,0,0,2019-01-04 09:45:00
"985",2019-01-04 10:00:00,4.512,95.01,0.053009998,1,2.74333333333333,20.4778937516148,17.252419421041,1,25.4622127562761,26.4622127562761,32.7325813472271,33.7325813472271,1,0,9,0,0.633346988064911,0,0.633346988064911,0.033573722570627,0,-0.86690705590396,4.512,95.01,20.4778937516148,17.252419421041,9,0,0.633346988064911,2019-01-04 10:00:00
"986",2019-01-04 10:05:00,4.55141666666667,97.8008333333333,0.053009998,1,2.74333333333333,20.7523636489579,17.2793913946612,1,25.4622127562761,26.4622127562761,32.7325813472271,33.7325813472271,1,0,9,0,0.63321675091405,0,0.63321675091405,0.0335668186995203,0,-0.866900152032854,4.55141666666667,97.8008333333333,20.7523636489579,17.2793913946612,9,0,0.63321675091405,2019-01-04 10:00:00
"987",2019-01-04 10:10:00,4.59083333333333,100.591666666667,0.053009998,1,2.74333333333333,21.0016966822407,17.3136314204117,1,25.4622127562761,26.4622127562761,32.7325813472271,33.7325813472271,1,0,9,0,0.633086767914643,0,0.633086767914643,0.0335599283009817,1,-0.0335599283009817,4.59083333333333,100.591666666667,21.0016966822407,17.3136314204117,9,0,0.633086767914643,2019-01-04 10:00:00
"988",2019-01-04 10:15:00,4.63025,103.3825,0.053009998,1,2.74333333333333,21.2292327030598,17.3541910732254,1,25.0490194112062,26.0490194112062,48.6579969972372,49.6579969972372,1,0,9,0,0.63295703832347,0,0.63295703832347,0.0335530513356131,1,-0.0335530513356131,4.63025,103.3825,21.2292327030598,17.3541910732254,9,0,0.63295703832347,2019-01-04 10:15:00
"989",2019-01-04 10:20:00,4.66966666666667,106.173333333333,0.053009998,1,2.74333333333333,21.4378694112306,17.4002473603364,1,25.0490194112062,26.0490194112062,48.6579969972372,49.6579969972372,1,0,9,0,0.632827561400204,0,0.632827561400204,0.0335461877641697,1,-0.0335461877641697,4.66966666666667,106.173333333333,21.4378694112306,17.4002473603364,9,0,0.632827561400204,2019-01-04 10:15:00
"990",2019-01-04 10:25:00,4.70908333333333,108.964166666667,0.053009998,1,2.74333333333333,21.6301208780285,17.4510861199824,1,25.0490194112062,26.0490194112062,48.6579969972372,49.6579969972372,1,0,9,0,0.632698336407401,0,0.632698336407401,0.0335393375475596,1,-0.0335393375475596,4.70908333333333,108.964166666667,21.6301208780285,17.4510861199824,9,0,0.632698336407401,2019-01-04 10:15:00
"991",2019-01-04 10:30:00,4.7485,111.755,0.053009998,1,2.74333333333333,21.0581683233769,17.5060876174252,1,17.8327982276678,18.8327982276678,25.8321460485458,26.8321460485458,0,0,0,0,0,0,0,0,1,0,4.7485,111.755,21.0581683233769,17.5060876174252,0,0,0,2019-01-04 10:30:00
"992",2019-01-04 10:35:00,4.78791666666667,114.545833333333,0.053009998,1,2.74333333333333,20.5534079163724,17.5437270895898,1,17.8327982276678,18.8327982276678,25.8321460485458,26.8321460485458,0,0,0,0,0,0,0,0,0,-0.833333333333333,4.78791666666667,114.545833333333,20.5534079163724,17.5437270895898,0,0,0,2019-01-04 10:30:00
"993",2019-01-04 10:40:00,4.82733333333333,117.336666666667,0.053009998,1,2.74333333333333,20.1071039824243,17.566470079265,1,17.8327982276678,18.8327982276678,25.8321460485458,26.8321460485458,0,0,0,0,0,0,0,0,0,-0.833333333333333,4.82733333333333,117.336666666667,20.1071039824243,17.566470079265,0,0,0,2019-01-04 10:30:00
"994",2019-01-04 10:45:00,4.86675,120.1275,0.053009998,1,2.74333333333333,19.7116759265723,17.5764545606873,1,15.850497096777,16.850497096777,37.3769296258688,38.3769296258688,0,0,0,0,0,0,0,0,0,-0.833333333333333,4.86675,120.1275,19.7116759265723,17.5764545606873,0,0,0,2019-01-04 10:45:00
"995",2019-01-04 10:50:00,4.90616666666667,122.918333333333,0.053009998,1,2.74333333333333,19.3605453574187,17.5755343050991,1,15.850497096777,16.850497096777,37.3769296258688,38.3769296258688,0,0,0,0,0,0,0,0,0,-0.833333333333333,4.90616666666667,122.918333333333,19.3605453574187,17.5755343050991,0,0,0,2019-01-04 10:45:00
"996",2019-01-04 10:55:00,4.94558333333333,125.709166666667,0.053009998,1,2.74333333333333,19.048003445445,17.5653165064403,1,15.850497096777,16.850497096777,37.3769296258688,38.3769296258688,0,0,0,0,0,0,0,0,0,-0.833333333333333,4.94558333333333,125.709166666667,19.048003445445,17.5653165064403,0,0,0,2019-01-04 10:45:00
"997",2019-01-04 11:00:00,4.985,128.5,0.051740002,1,2.80945833333333,19.5190958375216,17.5471944268938,1,19.2065352648497,20.2065352648497,41.3702633082867,42.3702633082867,1,0,9,0,0.631800754163915,0,0.631800754163915,0.0326893722840425,0,-0.866022705617376,4.985,128.5,19.5190958375216,17.5471944268938,9,0,0.631800754163915,2019-01-04 11:00:00
"998",2019-01-04 11:05:00,5.03683333333333,127.775,0.051740002,1,2.80945833333333,19.626441910166,17.5430923123554,1,19.2065352648497,20.2065352648497,41.3702633082867,42.3702633082867,1,0,5.24927312793662,0,0.319072915993289,0,0.319072915993289,0.0165088333116386,0,-0.849842166644972,5.03683333333333,127.775,19.626441910166,17.5430923123554,5.24927312793662,0,0.319072915993289,2019-01-04 11:00:00
"999",2019-01-04 11:10:00,5.08866666666667,127.05,0.051740002,1,2.80945833333333,19.6151175756833,17.5423589320253,1,19.2065352648497,20.2065352648497,41.3702633082867,42.3702633082867,1,0,3.96112025620428,0,0.211560001858235,0,0.211560001858235,0.0109461149192651,0,-0.844279448252598,5.08866666666667,127.05,19.6151175756833,17.5423589320253,3.96112025620428,0,0.211560001858235,2019-01-04 11:00:00
"1000",2019-01-04 11:15:00,5.1405,126.325,0.051740002,1,2.80945833333333,19.2752681706584,17.5415600069918,1,12.2028468549252,13.2028468549252,21.178858473897,22.178858473897,0,0,0,0,0,0,0,0,0,-0.833333333333333,5.1405,126.325,19.2752681706584,17.5415600069918,0,0,0,2019-01-04 11:15:00
"1001",2019-01-04 11:20:00,5.19233333333333,125.6,0.051740002,1,2.80945833333333,18.9718062580578,17.531504757899,1,12.2028468549252,13.2028468549252,21.178858473897,22.178858473897,0,0,0,0,0,0,0,0,0,-0.833333333333333,5.19233333333333,125.6,18.9718062580578,17.531504757899,0,0,0,2019-01-04 11:15:00
"1002",2019-01-04 11:25:00,5.24416666666667,124.875,0.051740002,1,2.80945833333333,18.7000146485441,17.5135234629646,1,12.2028468549252,13.2028468549252,21.178858473897,22.178858473897,0,0,0,0,0,0,0,0,0,-0.833333333333333,5.24416666666667,124.875,18.7000146485441,17.5135234629646,0,0,0,2019-01-04 11:15:00
"1003",2019-01-04 11:30:00,5.296,124.15,0.051740002,1,2.80945833333333,19.2057997842606,17.4887695530719,1,22.7349631339312,23.7349631339312,38.0691972076893,39.0691972076893,1,0,9,0,0.630803489209235,0,0.630803489209235,0.0326377737932928,0,-0.865971107126626,5.296,124.15,19.2057997842606,17.4887695530719,9,0,0.630803489209235,2019-01-04 11:30:00
"1004",2019-01-04 11:35:00,5.34783333333333,123.425,0.051740002,1,2.80945833333333,19.6561054571262,17.4792299825774,1,22.7349631339312,23.7349631339312,38.0691972076893,39.0691972076893,1,0,9,0,0.630638743767389,0,0.630638743767389,0.0326292498638022,0,-0.865962583197135,5.34783333333333,123.425,19.6561054571262,17.4792299825774,9,0,0.630638743767389,2019-01-04 11:30:00
"1005",2019-01-04 11:40:00,5.39966666666667,122.7,0.051740002,1,2.80945833333333,20.0582262137849,17.4828393657578,1,22.7349631339312,23.7349631339312,38.0691972076893,39.0691972076893,1,0,9,0,0.630474412793381,0,0.630474412793381,0.0326207473788784,0,-0.865954080712212,5.39966666666667,122.7,20.0582262137849,17.4828393657578,9,0,0.630474412793381,2019-01-04 11:30:00
"1006",2019-01-04 11:45:00,5.4515,121.975,0.051740002,1,2.80945833333333,19.6684914635051,17.497806068307,1,10.31298430264,11.31298430264,28.9184505492449,29.9184505492449,0,0,0,0,0,0,0,0,0,-0.833333333333333,5.4515,121.975,19.6684914635051,17.497806068307,0,0,0,2019-01-04 11:45:00
"1007",2019-01-04 11:50:00,5.50333333333333,121.25,0.051740002,1,2.80945833333333,19.3218969638237,17.5015890133457,1,10.31298430264,11.31298430264,28.9184505492449,29.9184505492449,0,0,0,0,0,0,0,0,0,-0.833333333333333,5.50333333333333,121.25,19.3218969638237,17.5015890133457,0,0,0,2019-01-04 11:45:00
"1008",2019-01-04 11:55:00,5.55516666666667,120.525,0.051740002,1,2.80945833333333,19.0128306363888,17.4957724190274,1,10.31298430264,11.31298430264,28.9184505492449,29.9184505492449,0,0,0,0,0,0,0,0,0,-0.833333333333333,5.55516666666667,120.525,19.0128306363888,17.4957724190274,0,0,0,2019-01-04 11:45:00
"1009",2019-01-04 12:00:00,5.607,119.8,0.051599998,1,2.89995833333333,19.4864224886284,17.4817300536882,1,24.4729127585888,25.4729127585888,32.2647498548031,33.2647498548031,1,0,9,0,0.629821202450713,0,0.629821202450713,0.0324987727868144,0,-0.865832106120148,5.607,119.8,19.4864224886284,17.4817300536882,9,0,0.629821202450713,2019-01-04 12:00:00
"1010",2019-01-04 12:05:00,5.58916666666667,114.236666666667,0.051599998,1,2.89995833333333,19.906406972711,17.4807708277182,1,24.4729127585888,25.4729127585888,32.2647498548031,33.2647498548031,1,0,9,0,0.629877129741408,0,0.629877129741408,0.0325016586349024,0,-0.865834991968236,5.58916666666667,114.236666666667,19.906406972711,17.4807708277182,9,0,0.629877129741408,2019-01-04 12:00:00
"1011",2019-01-04 12:10:00,5.57133333333333,108.673333333333,0.051599998,1,2.89995833333333,20.2796821905835,17.4909535912678,1,24.4729127585888,25.4729127585888,32.2647498548031,33.2647498548031,1,0,9,0,0.629933105240098,0,0.629933105240098,0.0325045469705229,0,-0.865837880303856,5.57133333333333,108.673333333333,20.2796821905835,17.4909535912678,9,0,0.629933105240098,2019-01-04 12:00:00
"1012",2019-01-04 12:15:00,5.5535,103.11,0.051599998,1,2.89995833333333,19.8622346737286,17.5105956639462,1,8.7150451540947,9.7150451540947,31.6093296259642,32.6093296259642,0,0,0,0,0,0,0,0,0,-0.833333333333333,5.5535,103.11,19.8622346737286,17.5105956639462,0,0,0,2019-01-04 12:15:00
"1013",2019-01-04 12:20:00,5.53566666666667,97.5466666666667,0.051599998,1,2.89995833333333,19.4887637707199,17.517251654978,1,8.7150451540947,9.7150451540947,31.6093296259642,32.6093296259642,0,0,0,0,0,0,0,0,0,-0.833333333333333,5.53566666666667,97.5466666666667,19.4887637707199,17.517251654978,0,0,0,2019-01-04 12:15:00
"1014",2019-01-04 12:25:00,5.51783333333333,91.9833333333333,0.051599998,1,2.89995833333333,19.1534013045283,17.5125899484307,1,8.7150451540947,9.7150451540947,31.6093296259642,32.6093296259642,0,0,0,0,0,0,0,0,0,-0.833333333333333,5.51783333333333,91.9833333333333,19.1534013045283,17.5125899484307,0,0,0,2019-01-04 12:15:00
"1015",2019-01-04 12:30:00,5.5,86.42,0.051599998,1,2.89995833333333,18.8510561508469,17.498058474734,1,8.81223154067993,9.81223154067993,29.4250510036945,30.4250510036945,0,0,0,0,0,0,0,0,0,-0.833333333333333,5.5,86.42,18.8510561508469,17.498058474734,0,0,0,2019-01-04 12:30:00
"1016",2019-01-04 12:35:00,5.48216666666667,80.8566666666667,0.051599998,1,2.89995833333333,18.57731138598,17.4749138868626,1,8.81223154067993,9.81223154067993,29.4250510036945,30.4250510036945,0,0,0,0,0,0,0,0,0,-0.833333333333333,5.48216666666667,80.8566666666667,18.57731138598,17.4749138868626,0,0,0,2019-01-04 12:30:00
"1017",2019-01-04 12:40:00,5.46433333333333,75.2933333333333,0.051599998,1,2.89995833333333,18.3283350481036,17.4442468748221,1,8.81223154067993,9.81223154067993,29.4250510036945,30.4250510036945,0,0,0,0,0,0,0,0,0,-0.833333333333333,5.46433333333333,75.2933333333333,18.3283350481036,17.4442468748221,0,0,0,2019-01-04 12:30:00
"1018",2019-01-04 12:45:00,5.4465,69.73,0.051599998,1,2.89995833333333,18.1008027100511,17.4070041295684,1,12.5781174302101,13.5781174302101,29.5656953006983,30.5656953006983,0,0,0,0,0,0,0,0,0,-0.833333333333333,5.4465,69.73,18.1008027100511,17.4070041295684,0,0,0,2019-01-04 12:45:00
"1019",2019-01-04 12:50:00,5.42866666666667,64.1666666666667,0.051599998,1,2.89995833333333,17.8918303002673,17.3640073998347,1,12.5781174302101,13.5781174302101,29.5656953006983,30.5656953006983,0,0,0,0,0,0,0,0,0,-0.833333333333333,5.42866666666667,64.1666666666667,17.8918303002673,17.3640073998347,0,0,0,2019-01-04 12:45:00
"1020",2019-01-04 12:55:00,5.41083333333333,58.6033333333333,0.051599998,1,2.89995833333333,17.6989158154998,17.3159700266451,1,12.5781174302101,13.5781174302101,29.5656953006983,30.5656953006983,0,0,0,0,0,0,0,0,0,-0.833333333333333,5.41083333333333,58.6033333333333,17.6989158154998,17.3159700266451,0,0,0,2019-01-04 12:45:00
"1021",2019-01-04 13:00:00,5.393,53.04,0.05141,1,2.999875,18.2698887483294,17.2635112893643,1,21.3796823620796,22.3796823620796,21.2105477303267,22.2105477303267,1,0,9,0,0.630495525438928,0,0.630495525438928,0.0324137749628153,0,-0.865747108296149,5.393,53.04,18.2698887483294,17.2635112893643,9,0,0.630495525438928,2019-01-04 13:00:00
"1022",2019-01-04 13:05:00,5.32758333333333,49.2168333333333,0.05141,1,2.999875,18.7733226738333,17.2280521629753,1,21.3796823620796,22.3796823620796,21.2105477303267,22.2105477303267,1,0,9,0,0.630703056314523,0,0.630703056314523,0.0324244441251296,0,-0.865757777458463,5.32758333333333,49.2168333333333,18.7733226738333,17.2280521629753,9,0,0.630703056314523,2019-01-04 13:00:00
"1023",2019-01-04 13:10:00,5.26216666666667,45.3936666666667,0.05141,1,2.999875,19.217956366342,17.2071296168331,1,21.3796823620796,22.3796823620796,21.2105477303267,22.2105477303267,1,0,9,0,0.630911248326463,0,0.630911248326463,0.0324351472764635,0,-0.865768480609797,5.26216666666667,45.3936666666667,19.217956366342,17.2071296168331,9,0,0.630911248326463,2019-01-04 13:00:00
"1024",2019-01-04 13:15:00,5.19675,41.5705,0.05141,1,2.999875,19.6113734253509,17.1986081908917,1,19.5215627253056,20.5215627253056,31.0568231344223,32.0568231344223,1,0,9,0,0.631120104639088,0,0.631120104639088,0.0324458845794955,0,-0.865779217912829,5.19675,41.5705,19.6113734253509,17.1986081908917,9,0,0.631120104639088,2019-01-04 13:15:00
"1025",2019-01-04 13:20:00,5.13133333333333,37.7473333333333,0.05141,1,2.999875,19.8703444618263,17.2006366274122,1,19.5215627253056,20.5215627253056,31.0568231344223,32.0568231344223,1,0,7.92227159945583,0,0.541518928391614,0,0.541518928391614,0.0278394881086129,0,-0.861172821441946,5.13133333333333,37.7473333333333,19.8703444618263,17.2006366274122,7.92227159945583,0,0.541518928391614,2019-01-04 13:15:00
"1026",2019-01-04 13:25:00,5.06591666666667,33.9241666666667,0.05141,1,2.999875,19.8409411950429,17.2090971050808,1,19.5215627253056,20.5215627253056,31.0568231344223,32.0568231344223,1,0,4.81461916175127,0,0.282758086404309,0,0.282758086404309,0.0145365932220455,0,-0.847869926555379,5.06591666666667,33.9241666666667,19.8409411950429,17.2090971050808,4.81461916175127,0,0.282758086404309,2019-01-04 13:15:00
"1027",2019-01-04 13:30:00,5.0005,30.101,0.05141,1,2.999875,20.1620830649624,17.2157033127894,1,24.7430290877819,25.7430290877819,25.3962474763393,26.3962474763393,1,0,9,0,0.631750691328815,0,0.631750691328815,0.0324783030412144,0,-0.865811636374548,5.0005,30.101,20.1620830649624,17.2157033127894,9,0,0.631750691328815,2019-01-04 13:30:00
"1028",2019-01-04 13:35:00,4.93508333333333,26.2778333333333,0.05141,1,2.999875,20.4476565347056,17.2303269321079,1,24.7430290877819,25.7430290877819,25.3962474763393,26.3962474763393,1,0,9,0,0.631962236894517,0,0.631962236894517,0.0324891785987471,0,-0.86582251193208,4.93508333333333,26.2778333333333,20.4476565347056,17.2303269321079,9,0,0.631962236894517,2019-01-04 13:30:00
"1029",2019-01-04 13:40:00,4.86966666666667,22.4546666666667,0.05141,1,2.999875,20.7021768679679,17.2517023729796,1,24.7430290877819,25.7430290877819,25.3962474763393,26.3962474763393,1,0,9,0,0.632174462889244,0,0.632174462889244,0.032500089137136,0,-0.865833422470469,4.86966666666667,22.4546666666667,20.7021768679679,17.2517023729796,9,0,0.632174462889244,2019-01-04 13:30:00
"1030",2019-01-04 13:45:00,4.80425,18.6315,0.05141,1,2.999875,20.1795631117664,17.2787330614247,1,15.0008554756641,16.0008554756641,36.2226905077696,37.2226905077696,0,0,0,0,0,0,0,0,0,-0.833333333333333,4.80425,18.6315,20.1795631117664,17.2787330614247,0,0,0,2019-01-04 13:45:00
"1031",2019-01-04 13:50:00,4.73883333333333,14.8083333333333,0.05141,1,2.999875,19.7127207444983,17.2894820998879,1,15.0008554756641,16.0008554756641,36.2226905077696,37.2226905077696,0,0,0,0,0,0,0,0,0,-0.833333333333333,4.73883333333333,14.8083333333333,19.7127207444983,17.2894820998879,0,0,0,2019-01-04 13:45:00
"1032",2019-01-04 13:55:00,4.67341666666667,10.9851666666667,0.05141,1,2.999875,19.2942251183248,17.2860590255036,1,15.0008554756641,16.0008554756641,36.2226905077696,37.2226905077696,0,0,0,0,0,0,0,0,0,-0.833333333333333,4.67341666666667,10.9851666666667,19.2942251183248,17.2860590255036,0,0,0,2019-01-04 13:45:00
"1033",2019-01-04 14:00:00,4.608,7.162,0.051689999,1,3.094875,18.9176346159252,17.2702944949285,1,17.3992144316435,18.3992144316435,25.1003205180168,26.1003205180168,0,0,0,0,0,0,0,0,0,-0.833333333333333,4.608,7.162,18.9176346159252,17.2702944949285,0,0,0,2019-01-04 14:00:00
"1034",2019-01-04 14:05:00,4.56708333333333,6.56516666666667,0.051689999,1,3.094875,18.5787637184692,17.2442309972268,1,17.3992144316435,18.3992144316435,25.1003205180168,26.1003205180168,0,0,0,0,0,0,0,0,0,-0.833333333333333,4.56708333333333,6.56516666666667,18.5787637184692,17.2442309972268,0,0,0,2019-01-04 14:00:00
"1035",2019-01-04 14:10:00,4.52616666666667,5.96833333333333,0.051689999,1,3.094875,18.2726571621376,17.2092712375364,1,17.3992144316435,18.3992144316435,25.1003205180168,26.1003205180168,0,0,0,0,0,0,0,0,0,-0.833333333333333,4.52616666666667,5.96833333333333,18.2726571621376,17.2092712375364,0,0,0,2019-01-04 14:00:00
"1036",2019-01-04 14:15:00,4.48525,5.3715,0.051689999,1,3.094875,18.7450152803009,17.1666319699645,1,20.1360195875168,21.1360195875168,25.142026335001,26.142026335001,1,0,9,0,0.633435518253212,0,0.633435518253212,0.032742281305073,0,-0.866075614638406,4.48525,5.3715,18.7450152803009,17.1666319699645,9,0,0.633435518253212,2019-01-04 14:15:00
"1037",2019-01-04 14:20:00,4.44433333333333,4.77466666666667,0.051689999,1,3.094875,19.1626034875348,17.1383555697958,1,20.1360195875168,21.1360195875168,25.142026335001,26.142026335001,1,0,9,0,0.63357116123829,0,0.63357116123829,0.0327492926908361,0,-0.866082626024169,4.44433333333333,4.77466666666667,19.1626034875348,17.1383555697958,9,0,0.63357116123829,2019-01-04 14:15:00
"1038",2019-01-04 14:25:00,4.40341666666667,4.17783333333333,0.051689999,1,3.094875,19.532562010759,17.1224252123493,1,20.1360195875168,21.1360195875168,25.142026335001,26.142026335001,1,0,9,0,0.633707080277932,0,0.633707080277932,0.0327563183458592,0,-0.866089651679192,4.40341666666667,4.17783333333333,19.532562010759,17.1224252123493,9,0,0.633707080277932,2019-01-04 14:15:00
"1039",2019-01-04 14:30:00,4.3625,3.581,0.051689999,1,3.094875,19.8610868096096,17.1170918689397,1,20.2470521628857,21.2470521628857,34.2355913370848,35.2355913370848,1,0,9,0,0.633843276215715,0,0.633843276215715,0.032763358313747,0,-0.86609669164708,4.3625,3.581,19.8610868096096,17.1170918689397,9,0,0.633843276215715,2019-01-04 14:30:00
"1040",2019-01-04 14:35:00,4.32158333333333,2.98416666666667,0.051689999,1,3.094875,20.1535545523405,17.1208388555281,1,20.2470521628857,21.2470521628857,34.2355913370848,35.2355913370848,1,0,9,0,0.633979749898661,0,0.633979749898661,0.032770412638282,0,-0.866103745971615,4.32158333333333,2.98416666666667,20.1535545523405,17.1208388555281,9,0,0.633979749898661,2019-01-04 14:30:00
"1041",2019-01-04 14:40:00,4.28066666666667,2.38733333333333,0.051689999,1,3.094875,20.4146310501439,17.1323510737069,1,20.2470521628857,21.2470521628857,34.2355913370848,35.2355913370848,1,0,9,0,0.634116502177247,0,0.634116502177247,0.0327774813634254,0,-0.866110814696759,4.28066666666667,2.38733333333333,20.4146310501439,17.1323510737069,9,0,0.634116502177247,2019-01-04 14:30:00
"1042",2019-01-04 14:45:00,4.23975,1.7905,0.051689999,1,3.094875,19.8983653393101,17.1504883229471,1,7.51299977302551,8.51299977302551,27.6751253753901,28.6751253753901,0,0,0,0,0,0,0,0,0,-0.833333333333333,4.23975,1.7905,19.8983653393101,17.1504883229471,0,0,0,2019-01-04 14:45:00
"1043",2019-01-04 14:50:00,4.19883333333333,1.19366666666667,0.051689999,1,3.094875,19.437775054992,17.1532751873778,1,7.51299977302551,8.51299977302551,27.6751253753901,28.6751253753901,0,0,0,0,0,0,0,0,0,-0.833333333333333,4.19883333333333,1.19366666666667,19.437775054992,17.1532751873778,0,0,0,2019-01-04 14:45:00
"1044",2019-01-04 14:55:00,4.15791666666667,0.596833333333333,0.051689999,1,3.094875,19.0255322384916,17.1427871228365,1,7.51299977302551,8.51299977302551,27.6751253753901,28.6751253753901,0,0,0,0,0,0,0,0,0,-0.833333333333333,4.15791666666667,0.596833333333333,19.0255322384916,17.1427871228365,0,0,0,2019-01-04 14:45:00
"1045",2019-01-04 15:00:00,4.117,0,0.05259,1,3.18545833333333,19.4052785458676,17.1208245592901,1,20.8276799619198,21.8276799619198,30.5398287177086,31.5398287177086,1,0,9,0,0.634666314379588,0,0.634666314379588,0.0333771014732225,0,-0.866710434806556,4.117,0,19.4052785458676,17.1208245592901,9,0,0.634666314379588,2019-01-04 15:00:00
"1046",2019-01-04 15:05:00,4.13533333333333,0,0.05259,1,3.18545833333333,19.7429696935922,17.1103337817115,1,20.8276799619198,21.8276799619198,30.5398287177086,31.5398287177086,1,0,9,0,0.634604502359079,0,0.634604502359079,0.0333738507790639,0,-0.866707184112397,4.13533333333333,0,19.7429696935922,17.1103337817115,9,0,0.634604502359079,2019-01-04 15:00:00
"1047",2019-01-04 15:10:00,4.15366666666667,0,0.05259,1,3.18545833333333,20.0441294934563,17.1097512252358,1,20.8276799619198,21.8276799619198,30.5398287177086,31.5398287177086,1,0,9,0,0.634542747056137,0,0.634542747056137,0.0333706030676823,0,-0.866703936401016,4.15366666666667,0,20.0441294934563,17.1097512252358,9,0,0.634542747056137,2019-01-04 15:00:00
"1048",2019-01-04 15:15:00,4.172,0,0.05259,1,3.18545833333333,20.3135509469047,17.1177206085964,1,21.3319022357464,22.3319022357464,45.6316011101007,46.6316011101007,1,0,9,0,0.634481048392736,0,0.634481048392736,0.033367358334974,0,-0.866700691668307,4.172,0,20.3135509469047,17.1177206085964,9,0,0.634481048392736,2019-01-04 15:15:00
"1049",2019-01-04 15:20:00,4.19033333333333,0,0.05259,1,3.18545833333333,20.5553929716977,17.133065495931,1,21.3319022357464,22.3319022357464,45.6316011101007,46.6316011101007,1,0,9,0,0.634419406290989,0,0.634419406290989,0.0333641165768431,0,-0.866697449910176,4.19033333333333,0,20.5553929716977,17.133065495931,9,0,0.634419406290989,2019-01-04 15:15:00
"1050",2019-01-04 15:25:00,4.20866666666667,0,0.05259,1,3.18545833333333,20.7732643259924,17.1547654902829,1,21.3319022357464,22.3319022357464,45.6316011101007,46.6316011101007,1,0,9,0,0.634357820673154,0,0.634357820673154,0.0333608777892012,0,-0.866694211122534,4.20866666666667,0,20.7732643259924,17.1547654902829,9,0,0.634357820673154,2019-01-04 15:15:00
"1051",2019-01-04 15:30:00,4.227,0,0.05259,1,3.18545833333333,20.2202964243752,17.1819355781139,1,14.4950439929962,15.4950439929962,41.7198298573494,42.7198298573494,0,0,0,0,0,0,0,0,0,-0.833333333333333,4.227,0,20.2202964243752,17.1819355781139,0,0,0,2019-01-04 15:30:00
"1052",2019-01-04 15:35:00,4.24533333333333,0,0.05259,1,3.18545833333333,19.7287102602267,17.1928212498986,1,14.4950439929962,15.4950439929962,41.7198298573494,42.7198298573494,0,0,0,0,0,0,0,0,0,-0.833333333333333,4.24533333333333,0,19.7287102602267,17.1928212498986,0,0,0,2019-01-04 15:30:00
"1053",2019-01-04 15:40:00,4.26366666666667,0,0.05259,1,3.18545833333333,19.290486203782,17.1896891282225,1,14.4950439929962,15.4950439929962,41.7198298573494,42.7198298573494,0,0,0,0,0,0,0,0,0,-0.833333333333333,4.26366666666667,0,19.290486203782,17.1896891282225,0,0,0,2019-01-04 15:30:00
"1054",2019-01-04 15:45:00,4.282,0,0.05259,1,3.18545833333333,18.8986653204429,17.1745050101774,1,13.6627067029476,14.6627067029476,42.0702155381441,43.0702155381441,0,0,0,0,0,0,0,0,0,-0.833333333333333,4.282,0,18.8986653204429,17.1745050101774,0,0,0,2019-01-04 15:45:00
"1055",2019-01-04 15:50:00,4.30033333333333,0,0.05259,1,3.18545833333333,18.5472089844246,17.1489736902,1,13.6627067029476,14.6627067029476,42.0702155381441,43.0702155381441,0,0,0,0,0,0,0,0,0,-0.833333333333333,4.30033333333333,0,18.5472089844246,17.1489736902,0,0,0,2019-01-04 15:45:00
"1056",2019-01-04 15:55:00,4.31866666666667,0,0.05259,1,3.18545833333333,18.2308770736894,17.1145735119748,1,13.6627067029476,14.6627067029476,42.0702155381441,43.0702155381441,0,0,0,0,0,0,0,0,0,-0.833333333333333,4.31866666666667,0,18.2308770736894,17.1145735119748,0,0,0,2019-01-04 15:45:00
"1057",2019-01-04 16:00:00,4.337,0,0.05334,1,3.31416666666667,18.6951222867744,17.0725863470543,1,20.0635249465704,21.0635249465704,22.5052418112755,23.5052418112755,1,0,9,0,0.633928296397248,0,0.633928296397248,0.0338137353298292,0,-0.867147068663162,4.337,0,18.6951222867744,17.0725863470543,9,0,0.633928296397248,2019-01-04 16:00:00
"1058",2019-01-04 16:05:00,4.36708333333333,0,0.05334,1,3.31416666666667,19.1066486605323,17.045177898928,1,20.0635249465704,21.0635249465704,22.5052418112755,23.5052418112755,1,0,9,0,0.633828006253783,0,0.633828006253783,0.0338083858535768,0,-0.86714171918691,4.36708333333333,0,19.1066486605323,17.045177898928,9,0,0.633828006253783,2019-01-04 16:00:00
"1059",2019-01-04 16:10:00,4.39716666666667,0,0.05334,1,3.31416666666667,19.4723990509511,17.0303814602583,1,20.0635249465704,21.0635249465704,22.5052418112755,23.5052418112755,1,0,9,0,0.633727866199386,0,0.633727866199386,0.0338030443830752,0,-0.867136377716409,4.39716666666667,0,19.4723990509511,17.0303814602583,9,0,0.633727866199386,2019-01-04 16:00:00
"1060",2019-01-04 16:15:00,4.42725,0,0.05334,1,3.31416666666667,19.7983976250546,17.0264909071285,1,20.4601664096117,21.4601664096117,23.0042400062084,24.0042400062084,1,0,9,0,0.633627875897386,0,0.633627875897386,0.0337977109003666,0,-0.8671310442337,4.42725,0,19.7983976250546,17.0264909071285,9,0,0.633627875897386,2019-01-04 16:15:00
"1061",2019-01-04 16:20:00,4.45733333333333,0,0.05334,1,3.31416666666667,20.0898714553086,17.0320262066014,1,20.4601664096117,21.4601664096117,23.0042400062084,24.0042400062084,1,0,9,0,0.633528035012119,0,0.633528035012119,0.0337923853875464,0,-0.86712571872088,4.45733333333333,0,20.0898714553086,17.0320262066014,9,0,0.633528035012119,2019-01-04 16:15:00
"1062",2019-01-04 16:25:00,4.48741666666667,0,0.05334,1,3.31416666666667,20.3513560199886,17.0457034896611,1,20.4601664096117,21.4601664096117,23.0042400062084,24.0042400062084,1,0,9,0,0.633428343208921,0,0.633428343208921,0.0337870678267638,0,-0.867120401160097,4.48741666666667,0,20.3513560199886,17.0457034896611,9,0,0.633428343208921,2019-01-04 16:15:00
"1063",2019-01-04 16:30:00,4.5175,0,0.05334,1,3.31416666666667,19.8367867396889,17.0664090852691,1,15.3491725474596,16.3491725474596,28.3158762156963,29.3158762156963,0,0,0,0,0,0,0,0,0,-0.833333333333333,4.5175,0,19.8367867396889,17.0664090852691,0,0,0,2019-01-04 16:30:00
"1064",2019-01-04 16:35:00,4.54758333333333,0,0.05334,1,3.31416666666667,19.379082142347,17.0721900333851,1,15.3491725474596,16.3491725474596,28.3158762156963,29.3158762156963,0,0,0,0,0,0,0,0,0,-0.833333333333333,4.54758333333333,0,19.379082142347,17.0721900333851,0,0,0,2019-01-04 16:30:00
"1065",2019-01-04 16:40:00,4.57766666666667,0,0.05334,1,3.31416666666667,18.9708277541072,17.0651407153381,1,15.3491725474596,16.3491725474596,28.3158762156963,29.3158762156963,0,0,0,0,0,0,0,0,0,-0.833333333333333,4.57766666666667,0,18.9708277541072,17.0651407153381,0,0,0,2019-01-04 16:30:00
"1066",2019-01-04 16:45:00,4.60775,0,0.05334,1,3.31416666666667,19.3555896451299,17.0470774276261,1,24.6912288069725,25.6912288069725,49.3591653704643,50.3591653704643,1,0,9,0,0.633031060158441,0,0.633031060158441,0.0337658767488513,0,-0.867099210082184,4.60775,0,19.3555896451299,17.0470774276261,9,0,0.633031060158441,2019-01-04 16:45:00
"1067",2019-01-04 16:50:00,4.63783333333333,0,0.05334,1,3.31416666666667,19.6982809081828,17.0405621531181,1,24.6912288069725,25.6912288069725,49.3591653704643,50.3591653704643,1,0,9,0,0.632932108780472,0,0.632932108780472,0.0337605986823504,0,-0.867093932015684,4.63783333333333,0,19.6982809081828,17.0405621531181,9,0,0.632932108780472,2019-01-04 16:45:00
"1068",2019-01-04 16:55:00,4.66791666666667,0,0.05334,1,3.31416666666667,20.0044340764591,17.0440283242339,1,24.6912288069725,25.6912288069725,49.3591653704643,50.3591653704643,1,0,9,0,0.632833304497437,0,0.632833304497437,0.0337553284618933,0,-0.867088661795227,4.66791666666667,0,20.0044340764591,17.0440283242339,9,0,0.632833304497437,2019-01-04 16:45:00
"1069",2019-01-04 17:00:00,4.698,0,0.052810001,1,3.464625,19.5288496693342,17.0561170022708,1,15.0228453576565,16.0228453576565,48.5732222795486,49.5732222795486,0,0,0,0,0,0,0,0,0,-0.833333333333333,4.698,0,19.5288496693342,17.0561170022708,0,0,0,2019-01-04 17:00:00
"1070",2019-01-04 17:05:00,4.70916666666667,0,0.052810001,1,3.464625,19.1049489629276,17.0545540305638,1,15.0228453576565,16.0228453576565,48.5732222795486,49.5732222795486,0,0,0,0,0,0,0,0,0,-0.833333333333333,4.70916666666667,0,19.1049489629276,17.0545540305638,0,0,0,2019-01-04 17:00:00
"1071",2019-01-04 17:10:00,4.72033333333333,0,0.052810001,1,3.464625,18.7259849577418,17.0412458960845,1,15.0228453576565,16.0228453576565,48.5732222795486,49.5732222795486,0,0,0,0,0,0,0,0,0,-0.833333333333333,4.72033333333333,0,18.7259849577418,17.0412458960845,0,0,0,2019-01-04 17:00:00
"1072",2019-01-04 17:15:00,4.7315,0,0.052810001,1,3.464625,18.3861029868693,17.0178460131862,1,17.8759155869484,18.8759155869484,38.345005095005,39.345005095005,0,0,0,0,0,0,0,0,0,-0.833333333333333,4.7315,0,18.3861029868693,17.0178460131862,0,0,0,2019-01-04 17:15:00
"1073",2019-01-04 17:20:00,4.74266666666667,0,0.052810001,1,3.464625,18.0802226132642,16.9857882253115,1,17.8759155869484,18.8759155869484,38.345005095005,39.345005095005,0,0,0,0,0,0,0,0,0,-0.833333333333333,4.74266666666667,0,18.0802226132642,16.9857882253115,0,0,0,2019-01-04 17:15:00
"1074",2019-01-04 17:25:00,4.75383333333333,0,0.052810001,1,3.464625,17.8039351588758,16.9463158724241,1,17.8759155869484,18.8759155869484,38.345005095005,39.345005095005,0,0,0,0,0,0,0,0,0,-0.833333333333333,4.75383333333333,0,17.8039351588758,16.9463158724241,0,0,0,2019-01-04 17:15:00
"1075",2019-01-04 17:30:00,4.765,0,0.052810001,1,3.464625,18.3034147966366,16.9005070110789,1,25.3305399417877,26.3305399417877,44.340024292469,45.340024292469,1,0,9,0,0.632515447988349,0,0.632515447988349,0.0334031414407802,0,-0.866736474774113,4.765,0,18.3034147966366,16.9005070110789,9,0,0.632515447988349,2019-01-04 17:30:00
"1076",2019-01-04 17:35:00,4.77616666666667,0,0.052810001,1,3.464625,18.7458376660089,16.8702832542278,1,25.3305399417877,26.3305399417877,44.340024292469,45.340024292469,1,0,9,0,0.632478985189777,0,0.632478985189777,0.0334012158403511,0,-0.866734549173684,4.77616666666667,0,18.7458376660089,16.8702832542278,9,0,0.632478985189777,2019-01-04 17:30:00
"1077",2019-01-04 17:40:00,4.78733333333333,0,0.052810001,1,3.464625,19.1386999608156,16.8535225793075,1,25.3305399417877,26.3305399417877,44.340024292469,45.340024292469,1,0,9,0,0.632442542451808,0,0.632442542451808,0.0333992912993225,0,-0.866732624632656,4.78733333333333,0,19.1386999608156,16.8535225793075,9,0,0.632442542451808,2019-01-04 17:30:00
"1078",2019-01-04 17:45:00,4.7985,0,0.052810001,1,3.464625,19.4885061002057,16.8483842672014,1,25.0509862601757,26.0509862601757,41.9017908424139,42.9017908424139,1,0,9,0,0.632406119757893,0,0.632406119757893,0.0333973678168204,0,-0.866730701150154,4.7985,0,19.4885061002057,16.8483842672014,9,0,0.632406119757893,2019-01-04 17:45:00
"1079",2019-01-04 17:50:00,4.80966666666667,0,0.052810001,1,3.464625,19.8008999954489,16.8532716661279,1,25.0509862601757,26.0509862601757,41.9017908424139,42.9017908424139,1,0,9,0,0.632369717091498,0,0.632369717091498,0.0333954453919717,0,-0.866728778725305,4.80966666666667,0,19.8008999954489,16.8532716661279,9,0,0.632369717091498,2019-01-04 17:45:00
"1080",2019-01-04 17:55:00,4.82083333333333,0,0.052810001,1,3.464625,20.0807789424748,16.8667998840703,1,25.0509862601757,26.0509862601757,41.9017908424139,42.9017908424139,1,0,9,0,0.632333334436111,0,0.632333334436111,0.0333935240239044,0,-0.866726857357238,4.82083333333333,0,20.0807789424748,16.8667998840703,9,0,0.632333334436111,2019-01-04 17:45:00
"1081",2019-01-04 18:00:00,4.832,0,0.051790001,1,3.605625,19.7721990458768,16.8877677574103,0,13.014654904604,14.014654904604,40.2954141497612,41.2954141497612,0,0,0,0,0,0,0,0,0,-0.833333333333333,4.832,0,19.7721990458768,16.8877677574103,0,0,0,2019-01-04 18:00:00
"1082",2019-01-04 18:05:00,4.88433333333333,0,0.051790001,1,3.605625,19.4944714244564,16.8996937694478,0,13.014654904604,14.014654904604,40.2954141497612,41.2954141497612,0,0,0,0,0,0,0,0,0,-0.833333333333333,4.88433333333333,0,19.4944714244564,16.8996937694478,0,0,0,2019-01-04 18:00:00
"1083",2019-01-04 18:10:00,4.93666666666667,0,0.051790001,1,3.605625,19.2438696021091,16.9037460783263,0,13.014654904604,14.014654904604,40.2954141497612,41.2954141497612,0,0,0,0,0,0,0,0,0,-0.833333333333333,4.93666666666667,0,19.2438696021091,16.9037460783263,0,0,0,2019-01-04 18:00:00
"1084",2019-01-04 18:15:00,4.989,0,0.051790001,1,3.605625,19.0171242676573,16.9009491831991,0,19.2128181308508,20.2128181308508,30.5395743399858,31.5395743399858,0,0,0,0,0,0,0,0,0,-0.833333333333333,4.989,0,19.0171242676573,16.9009491831991,0,0,0,2019-01-04 18:15:00
"1085",2019-01-04 18:20:00,5.04133333333333,0,0.051790001,1,3.605625,19.5613671573226,16.8922015601148,0,19.2128181308508,20.2128181308508,30.5395743399858,31.5395743399858,1,0,9,0,0.631618987249805,0,0.631618987249805,0.0327115479812864,0,-0.86604488131462,5.04133333333333,0,19.5613671573226,16.8922015601148,9,0,0.631618987249805,2019-01-04 18:15:00
"1086",2019-01-04 18:25:00,5.09366666666667,0,0.051790001,1,3.605625,19.7053645538358,16.8992780908905,0,19.2128181308508,20.2128181308508,30.5395743399858,31.5395743399858,1,0,4.81741168233852,0,0.282901549031974,0,0.282901549031974,0.0146514715072675,0,-0.847984804840601,5.09366666666667,0,19.7053645538358,16.8992780908905,4.81741168233852,0,0.282901549031974,2019-01-04 18:15:00
"1087",2019-01-04 18:30:00,5.146,0,0.051790001,1,3.605625,19.4351306419524,16.9104453774127,0,8.79699572920799,9.79699572920799,36.7418723404408,37.7418723404408,0,0,0,0,0,0,0,0,0,-0.833333333333333,5.146,0,19.4351306419524,16.9104453774127,0,0,0,2019-01-04 18:30:00
"1088",2019-01-04 18:35:00,5.19833333333333,0,0.051790001,1,3.605625,19.1912509478876,16.9139742334687,0,8.79699572920799,9.79699572920799,36.7418723404408,37.7418723404408,0,0,0,0,0,0,0,0,0,-0.833333333333333,5.19833333333333,0,19.1912509478876,16.9139742334687,0,0,0,2019-01-04 18:30:00
"1089",2019-01-04 18:40:00,5.25066666666667,0,0.051790001,1,3.605625,18.9705502051673,16.9108596355361,0,8.79699572920799,9.79699572920799,36.7418723404408,37.7418723404408,0,0,0,0,0,0,0,0,0,-0.833333333333333,5.25066666666667,0,18.9705502051673,16.9108596355361,0,0,0,2019-01-04 18:30:00
"1090",2019-01-04 18:45:00,5.303,0,0.051790001,1,3.605625,18.7702426533911,16.9019741639111,0,6.06324900686741,7.06324900686741,47.5127585232258,48.5127585232258,0,0,0,0,0,0,0,0,0,-0.833333333333333,5.303,0,18.7702426533911,16.9019741639111,0,0,0,2019-01-04 18:45:00
"1091",2019-01-04 18:50:00,5.35533333333333,0,0.051790001,1,3.605625,18.5878842260723,16.8880830284843,0,6.06324900686741,7.06324900686741,47.5127585232258,48.5127585232258,0,0,0,0,0,0,0,0,0,-0.833333333333333,5.35533333333333,0,18.5878842260723,16.8880830284843,0,0,0,2019-01-04 18:45:00
"1092",2019-01-04 18:55:00,5.40766666666667,0,0.051790001,1,3.605625,18.4213306076009,16.8698572500383,0,6.06324900686741,7.06324900686741,47.5127585232258,48.5127585232258,0,0,0,0,0,0,0,0,0,-0.833333333333333,5.40766666666667,0,18.4213306076009,16.8698572500383,0,0,0,2019-01-04 18:45:00
"1093",2019-01-04 19:00:00,5.46,0,0.051040001,0,3.78270833333333,18.2687004388709,16.847885223485,0,8.10765947401524,9.10765947401524,47.1971463114023,48.1971463114023,0,0,0,0,0,0,0,0,0,0,5.46,0,18.2687004388709,16.847885223485,0,0,0,2019-01-04 19:00:00
"1094",2019-01-04 19:05:00,5.48516666666667,0,0.051040001,0,3.78270833333333,18.1283252346869,16.8225271780486,0,8.10765947401524,9.10765947401524,47.1971463114023,48.1971463114023,0,0,0,0,0,0,0,0,0,0,5.48516666666667,0,18.1283252346869,16.8225271780486,0,0,0,2019-01-04 19:00:00
"1095",2019-01-04 19:10:00,5.51033333333333,0,0.051040001,0,3.78270833333333,17.9987438804041,16.7942401934845,0,8.10765947401524,9.10765947401524,47.1971463114023,48.1971463114023,0,0,0,0,0,0,0,0,0,0,5.51033333333333,0,17.9987438804041,16.7942401934845,0,0,0,2019-01-04 19:00:00
"1096",2019-01-04 19:15:00,5.5355,0,0.051040001,0,3.78270833333333,17.8786744235915,16.7634250540813,0,17.5511499941349,18.5511499941349,34.0854183584452,35.0854183584452,0,0,0,0,0,0,0,0,0,0,5.5355,0,17.8786744235915,16.7634250540813,0,0,0,2019-01-04 19:15:00
"1097",2019-01-04 19:20:00,5.56066666666667,0,0.051040001,0,3.78270833333333,17.7669920820575,16.7304331599928,0,17.5511499941349,18.5511499941349,34.0854183584452,35.0854183584452,0,0,0,0,0,0,0,0,0,0,5.56066666666667,0,17.7669920820575,16.7304331599928,0,0,0,2019-01-04 19:15:00
"1098",2019-01-04 19:25:00,5.58583333333333,0,0.051040001,0,3.78270833333333,17.662709951472,16.6955725901736,0,17.5511499941349,18.5511499941349,34.0854183584452,35.0854183584452,0,0,0,0,0,0,0,0,0,0,5.58583333333333,0,17.662709951472,16.6955725901736,0,0,0,2019-01-04 19:15:00
"1099",2019-01-04 19:30:00,5.611,0,0.051040001,0,3.78270833333333,17.5649620811985,16.6591134210616,0,10.9198401421309,11.9198401421309,46.0679381787777,47.0679381787777,0,0,0,0,0,0,0,0,0,0,5.611,0,17.5649620811985,16.6591134210616,0,0,0,2019-01-04 19:30:00
"1100",2019-01-04 19:35:00,5.63616666666667,0,0.051040001,0,3.78270833333333,17.4729886276298,16.621292392369,0,10.9198401421309,11.9198401421309,46.0679381787777,47.0679381787777,0,0,0,0,0,0,0,0,0,0,5.63616666666667,0,17.4729886276298,16.621292392369,0,0,0,2019-01-04 19:30:00
"1101",2019-01-04 19:40:00,5.66133333333333,0,0.051040001,0,3.78270833333333,17.3861228300049,16.5823170001239,0,10.9198401421309,11.9198401421309,46.0679381787777,47.0679381787777,0,0,0,0,0,0,0,0,0,0,5.66133333333333,0,17.3861228300049,16.5823170001239,0,0,0,2019-01-04 19:30:00
"1102",2019-01-04 19:45:00,5.6865,0,0.051040001,0,3.78270833333333,18.0537795849913,16.542369087273,0,18.569153830409,19.569153830409,48.1849297583103,49.1849297583103,1,0,9,0,0.629572466576458,0,0.629572466576458,0.0321333793236349,0,-0.0321333793236349,5.6865,0,18.0537795849913,16.542369087273,9,0,0.629572466576458,2019-01-04 19:45:00
"1103",2019-01-04 19:50:00,5.71166666666667,0,0.051040001,0,3.78270833333333,18.6552771782471,16.5225949513842,0,18.569153830409,19.569153830409,48.1849297583103,49.1849297583103,1,0,9,0,0.629493924792518,0,0.629493924792518,0.0321293705509041,0,-0.0321293705509041,5.71166666666667,0,18.6552771782471,16.5225949513842,9,0,0.629493924792518,2019-01-04 19:45:00
"1104",2019-01-04 19:55:00,5.73683333333333,0,0.051040001,0,3.78270833333333,19.1125561479502,16.5204631618948,0,18.569153830409,19.569153830409,48.1849297583103,49.1849297583103,1,0,7.96651982594339,0,0.543292130330788,0,0.543292130330788,0.0277296308753755,0,-0.0277296308753755,5.73683333333333,0,19.1125561479502,16.5204631618948,7.96651982594339,0,0.543292130330788,2019-01-04 19:45:00
"1105",2019-01-04 20:00:00,5.762,0,0.04543,0,3.97308333333333,18.862994960799,16.5313433235946,0,6.22376349568367,7.22376349568367,40.4066244661808,41.4066244661808,0,0,0,0,0,0,0,0,0,0,5.762,0,18.862994960799,16.5313433235946,0,0,0,2019-01-04 20:00:00
"1106",2019-01-04 20:05:00,5.772,0,0.04543,0,3.97308333333333,18.6377994801451,16.5349306125453,0,6.22376349568367,7.22376349568367,40.4066244661808,41.4066244661808,0,0,0,0,0,0,0,0,0,0,5.772,0,18.6377994801451,16.5349306125453,0,0,0,2019-01-04 20:00:00
"1107",2019-01-04 20:10:00,5.782,0,0.04543,0,3.97308333333333,18.4340125830772,16.5321527115969,0,6.22376349568367,7.22376349568367,40.4066244661808,41.4066244661808,0,0,0,0,0,0,0,0,0,0,5.782,0,18.4340125830772,16.5321527115969,0,0,0,2019-01-04 20:00:00
"1108",2019-01-04 20:15:00,5.792,0,0.04543,0,3.97308333333333,18.2490399920255,16.523823280335,0,8.25131522119045,9.25131522119045,26.0236055105925,27.0236055105925,0,0,0,0,0,0,0,0,0,0,5.792,0,18.2490399920255,16.523823280335,0,0,0,2019-01-04 20:15:00
"1109",2019-01-04 20:20:00,5.802,0,0.04543,0,3.97308333333333,18.0806057347809,16.5106559525399,0,8.25131522119045,9.25131522119045,26.0236055105925,27.0236055105925,0,0,0,0,0,0,0,0,0,0,5.802,0,18.0806057347809,16.5106559525399,0,0,0,2019-01-04 20:15:00
"1110",2019-01-04 20:25:00,5.812,0,0.04543,0,3.97308333333333,17.9267130719659,16.4932766154013,0,8.25131522119045,9.25131522119045,26.0236055105925,27.0236055105925,0,0,0,0,0,0,0,0,0,0,5.812,0,17.9267130719659,16.4932766154013,0,0,0,2019-01-04 20:15:00
"1111",2019-01-04 20:30:00,5.822,0,0.04543,0,3.97308333333333,18.5356102208068,16.4722341814088,0,21.5749963819981,22.5749963819981,43.6910348087549,44.6910348087549,1,0,9,0,0.629150710096434,0,0.629150710096434,0.028582316759681,0,-0.028582316759681,5.822,0,18.5356102208068,16.4722341814088,9,0,0.629150710096434,2019-01-04 20:30:00
"1112",2019-01-04 20:35:00,5.832,0,0.04543,0,3.97308333333333,19.0855920409127,16.468996995813,0,21.5749963819981,22.5749963819981,43.6910348087549,44.6910348087549,1,0,9,0,0.629119692922381,0,0.629119692922381,0.0285809076494638,0,-0.0285809076494638,5.832,0,19.0855920409127,16.468996995813,9,0,0.629119692922381,2019-01-04 20:30:00
"1113",2019-01-04 20:40:00,5.842,0,0.04543,0,3.97308333333333,19.5838246605571,16.4813161803124,0,21.5749963819981,22.5749963819981,43.6910348087549,44.6910348087549,1,0,9,0,0.629088690643084,0,0.629088690643084,0.0285794992159153,0,-0.0285794992159153,5.842,0,19.5838246605571,16.4813161803124,9,0,0.629088690643084,2019-01-04 20:30:00
"1114",2019-01-04 20:45:00,5.852,0,0.04543,0,3.97308333333333,19.2865948359238,16.5072192006811,0,17.6710258573294,18.6710258573294,41.0871695578098,42.0871695578098,0,0,0,0,0,0,0,0,0,0,5.852,0,19.2865948359238,16.5072192006811,0,0,0,2019-01-04 20:45:00
"1115",2019-01-04 20:50:00,5.862,0,0.04543,0,3.97308333333333,19.0195861416241,16.5239889853076,0,17.6710258573294,18.6710258573294,41.0871695578098,42.0871695578098,0,0,0,0,0,0,0,0,0,0,5.862,0,19.0195861416241,16.5239889853076,0,0,0,2019-01-04 20:45:00
"1116",2019-01-04 20:55:00,5.872,0,0.04543,0,3.97308333333333,18.7791226610963,16.5327791117887,0,17.6710258573294,18.6710258573294,41.0871695578098,42.0871695578098,0,0,0,0,0,0,0,0,0,0,5.872,0,18.7791226610963,16.5327791117887,0,0,0,2019-01-04 20:45:00
"1117",2019-01-04 21:00:00,5.882,0,0.043959999,0,4.162,18.5619795579067,16.5346014050769,0,4.84360398352146,5.84360398352146,26.3667637705803,27.3667637705803,0,0,0,0,0,0,0,0,0,0,5.882,0,18.5619795579067,16.5346014050769,0,0,0,2019-01-04 21:00:00
"1118",2019-01-04 21:05:00,5.90958333333333,0,0.043959999,0,4.162,18.3653392286157,16.5304441033788,0,4.84360398352146,5.84360398352146,26.3667637705803,27.3667637705803,0,0,0,0,0,0,0,0,0,0,5.90958333333333,0,18.3653392286157,16.5304441033788,0,0,0,2019-01-04 21:00:00
"1119",2019-01-04 21:10:00,5.93716666666667,0,0.043959999,0,4.162,18.1867279637303,16.5210825196849,0,4.84360398352146,5.84360398352146,26.3667637705803,27.3667637705803,0,0,0,0,0,0,0,0,0,0,5.93716666666667,0,18.1867279637303,16.5210825196849,0,0,0,2019-01-04 21:00:00
"1120",2019-01-04 21:15:00,5.96475,0,0.043959999,0,4.162,18.7739755165656,16.5071966077801,0,20.6590984910727,21.6590984910727,44.2812557518482,45.2812557518482,1,0,9,0,0.628709347072284,0,0.628709347072284,0.0276380622685883,0,-0.0276380622685883,5.96475,0,18.7739755165656,16.5071966077801,9,0,0.628709347072284,2019-01-04 21:15:00
"1121",2019-01-04 21:20:00,5.99233333333333,0,0.043959999,0,4.162,19.3050096073572,16.5103696266636,0,20.6590984910727,21.6590984910727,44.2812557518482,45.2812557518482,1,0,9,0,0.62862441080373,0,0.62862441080373,0.0276343284703076,0,-0.0276343284703076,5.99233333333333,0,19.3050096073572,16.5103696266636,9,0,0.62862441080373,2019-01-04 21:15:00
"1122",2019-01-04 21:25:00,6.01991666666667,0,0.043959999,0,4.162,19.7866742494537,16.5284534641434,0,20.6590984910727,21.6590984910727,44.2812557518482,45.2812557518482,1,0,9,0,0.628539586561418,0,0.628539586561418,0.0276305995967003,0,-0.0276305995967003,6.01991666666667,0,19.7866742494537,16.5284534641434,9,0,0.628539586561418,2019-01-04 21:15:00
"1123",2019-01-04 21:30:00,6.0475,0,0.043959999,0,4.162,20.2249735818331,16.559563941329,0,23.8515014499426,24.8515014499426,31.5012207776308,32.5012207776308,1,0,9,0,0.628454874123857,0,0.628454874123857,0.0276268756380299,0,-0.0276268756380299,6.0475,0,20.2249735818331,16.559563941329,9,0,0.628454874123857,2019-01-04 21:30:00
"1124",2019-01-04 21:35:00,6.07508333333333,0,0.043959999,0,4.162,20.6251749657861,16.6020484126926,0,23.8515014499426,24.8515014499426,31.5012207776308,32.5012207776308,1,0,9,0,0.628370273270145,0,0.628370273270145,0.0276231565845853,0,-0.0276231565845853,6.07508333333333,0,20.6251749657861,16.6020484126926,9,0,0.628370273270145,2019-01-04 21:30:00
"1125",2019-01-04 21:40:00,6.10266666666667,0,0.043959999,0,4.162,20.991899426087,16.654457343353,0,23.8515014499426,24.8515014499426,31.5012207776308,32.5012207776308,1,0,9,0,0.628285783779956,0,0.628285783779956,0.0276194424266811,0,-0.0276194424266811,6.10266666666667,0,20.991899426087,16.654457343353,9,0,0.628285783779956,2019-01-04 21:30:00
"1126",2019-01-04 21:45:00,6.13025,0,0.043959999,0,4.162,20.579200990166,16.7155193753635,0,19.8029166013002,20.8029166013002,20.6447975039482,21.6447975039482,0,0,0,0,0,0,0,0,0,0,6.13025,0,20.579200990166,16.7155193753635,0,0,0,2019-01-04 21:45:00
"1127",2019-01-04 21:50:00,6.15783333333333,0,0.043959999,0,4.162,20.2108045336256,16.7631324968497,0,19.8029166013002,20.8029166013002,20.6447975039482,21.6447975039482,0,0,0,0,0,0,0,0,0,0,6.15783333333333,0,20.2108045336256,16.7631324968497,0,0,0,2019-01-04 21:45:00
"1128",2019-01-04 21:55:00,6.18541666666667,0,0.043959999,0,4.162,19.8813158326362,16.7989897999429,0,19.8029166013002,20.8029166013002,20.6447975039482,21.6447975039482,0,0,0,0,0,0,0,0,0,0,6.18541666666667,0,19.8813158326362,16.7989897999429,0,0,0,2019-01-04 21:45:00
"1129",2019-01-04 22:00:00,6.213,0,0.03141,0,4.367625,19.5860026264282,16.8245763525941,0,8.53168511390686,9.53168511390686,36.9460879415274,37.9460879415274,0,0,0,0,0,0,0,0,0,0,6.213,0,19.5860026264282,16.8245763525941,0,0,0,2019-01-04 22:00:00
"1130",2019-01-04 22:05:00,6.19675,0,0.03141,0,4.367625,19.3206846315595,16.8409435401707,0,8.53168511390686,9.53168511390686,36.9460879415274,37.9460879415274,0,0,0,0,0,0,0,0,0,0,6.19675,0,19.3206846315595,16.8409435401707,0,0,0,2019-01-04 22:00:00
"1131",2019-01-04 22:10:00,6.1805,0,0.03141,0,4.367625,19.0816990663107,16.8492415221698,0,8.53168511390686,9.53168511390686,36.9460879415274,37.9460879415274,0,0,0,0,0,0,0,0,0,0,6.1805,0,19.0816990663107,16.8492415221698,0,0,0,2019-01-04 22:00:00
"1132",2019-01-04 22:15:00,6.16425,0,0.03141,0,4.367625,19.6158326826763,16.850479188227,0,21.1210342347622,22.1210342347622,39.3196115940809,40.3196115940809,1,0,9,0,0.62809755089652,0,0.62809755089652,0.0197285440736597,0,-0.0197285440736597,6.16425,0,19.6158326826763,16.850479188227,9,0,0.62809755089652,2019-01-04 22:15:00
"1133",2019-01-04 22:20:00,6.148,0,0.03141,0,4.367625,20.1000983392212,16.8665284577807,0,21.1210342347622,22.1210342347622,39.3196115940809,40.3196115940809,1,0,9,0,0.628147166256083,0,0.628147166256083,0.0197301024921036,0,-0.0197301024921036,6.148,0,20.1000983392212,16.8665284577807,9,0,0.628147166256083,2019-01-04 22:15:00
"1134",2019-01-04 22:25:00,6.13175,0,0.03141,0,4.367625,20.5405375971506,16.8954945471659,0,21.1210342347622,22.1210342347622,39.3196115940809,40.3196115940809,1,0,9,0,0.628196820065059,0,0.628196820065059,0.0197316621182435,0,-0.0197316621182435,6.13175,0,20.5405375971506,16.8954945471659,9,0,0.628196820065059,2019-01-04 22:15:00
"1135",2019-01-04 22:30:00,6.1155,0,0.03141,0,4.367625,20.1924507536385,16.9357156107734,0,8.22996225953102,9.22996225953102,28.4706800580025,29.4706800580025,0,0,0,0,0,0,0,0,0,0,6.1155,0,20.1924507536385,16.9357156107734,0,0,0,2019-01-04 22:30:00
"1136",2019-01-04 22:35:00,6.09925,0,0.03141,0,4.367625,19.8806560787604,16.9647471875731,0,8.22996225953102,9.22996225953102,28.4706800580025,29.4706800580025,0,0,0,0,0,0,0,0,0,0,6.09925,0,19.8806560787604,16.9647471875731,0,0,0,2019-01-04 22:30:00
"1137",2019-01-04 22:40:00,6.083,0,0.03141,0,4.367625,19.600718633428,16.9839820616621,0,8.22996225953102,9.22996225953102,28.4706800580025,29.4706800580025,0,0,0,0,0,0,0,0,0,0,6.083,0,19.600718633428,16.9839820616621,0,0,0,2019-01-04 22:30:00
"1138",2019-01-04 22:45:00,6.06675,0,0.03141,0,4.367625,19.3487477938792,16.9946419606222,0,8.45774045586586,9.45774045586586,23.7626187354326,24.7626187354326,0,0,0,0,0,0,0,0,0,0,6.06675,0,19.3487477938792,16.9946419606222,0,0,0,2019-01-04 22:45:00
"1139",2019-01-04 22:50:00,6.0505,0,0.03141,0,4.367625,19.1213304352717,16.9977985537624,0,8.45774045586586,9.45774045586586,23.7626187354326,24.7626187354326,0,0,0,0,0,0,0,0,0,0,6.0505,0,19.1213304352717,16.9977985537624,0,0,0,2019-01-04 22:45:00
"1140",2019-01-04 22:55:00,6.03425,0,0.03141,0,4.367625,18.9154723172471,16.9943918727445,0,8.45774045586586,9.45774045586586,23.7626187354326,24.7626187354326,0,0,0,0,0,0,0,0,0,0,6.03425,0,18.9154723172471,16.9943918727445,0,0,0,2019-01-04 22:45:00
"1141",2019-01-04 23:00:00,6.018,0,0.0269,0,4.568375,18.7285466646427,16.9852464710031,0,5.83313065767288,6.83313065767288,33.0162505209446,34.0162505209446,0,0,0,0,0,0,0,0,0,0,6.018,0,18.7285466646427,16.9852464710031,0,0,0,2019-01-04 23:00:00
"1142",2019-01-04 23:05:00,6.02066666666667,0,0.0269,0,4.568375,18.5582614579865,16.9711940049964,0,5.83313065767288,6.83313065767288,33.0162505209446,34.0162505209446,0,0,0,0,0,0,0,0,0,0,6.02066666666667,0,18.5582614579865,16.9711940049964,0,0,0,2019-01-04 23:00:00
"1143",2019-01-04 23:10:00,6.02333333333333,0,0.0269,0,4.568375,18.4026039786888,16.9528655511507,0,5.83313065767288,6.83313065767288,33.0162505209446,34.0162505209446,0,0,0,0,0,0,0,0,0,0,6.02333333333333,0,18.4026039786888,16.9528655511507,0,0,0,2019-01-04 23:00:00
"1144",2019-01-04 23:15:00,6.026,0,0.0269,0,4.568375,18.2598084418333,16.9308145891057,0,17.0353768765926,18.0353768765926,40.5976047664881,41.5976047664881,0,0,0,0,0,0,0,0,0,0,6.026,0,18.2598084418333,16.9308145891057,0,0,0,2019-01-04 23:15:00
"1145",2019-01-04 23:20:00,6.02866666666667,0,0.0269,0,4.568375,18.1283256847229,16.9055265276068,0,17.0353768765926,18.0353768765926,40.5976047664881,41.5976047664881,0,0,0,0,0,0,0,0,0,0,6.02866666666667,0,18.1283256847229,16.9055265276068,0,0,0,2019-01-04 23:15:00
"1146",2019-01-04 23:25:00,6.03133333333333,0,0.0269,0,4.568375,18.0067965762716,16.8774270610547,0,17.0353768765926,18.0353768765926,40.5976047664881,41.5976047664881,0,0,0,0,0,0,0,0,0,0,6.03133333333333,0,18.0067965762716,16.8774270610547,0,0,0,2019-01-04 23:15:00
"1147",2019-01-04 23:30:00,6.034,0,0.0269,0,4.568375,18.6440286904929,16.8468895002527,0,25.39628867805,26.39628867805,43.7278460860252,44.7278460860252,1,0,9,0,0.628496320636355,0,0.628496320636355,0.0169065510251179,0,-0.0169065510251179,6.034,0,18.6440286904929,16.8468895002527,9,0,0.628496320636355,2019-01-04 23:30:00
"1148",2019-01-04 23:35:00,6.03666666666667,0,0.0269,0,4.568375,19.2188075978757,16.8352281611399,0,25.39628867805,26.39628867805,43.7278460860252,44.7278460860252,1,0,9,0,0.628488131551289,0,0.628488131551289,0.0169063307387297,0,-0.0169063307387297,6.03666666666667,0,19.2188075978757,16.8352281611399,9,0,0.628488131551289,2019-01-04 23:30:00
"1149",2019-01-04 23:40:00,6.03933333333333,0,0.0269,0,4.568375,19.7387299181394,16.8400590603104,0,25.39628867805,26.39628867805,43.7278460860252,44.7278460860252,1,0,9,0,0.628479943509938,0,0.628479943509938,0.0169061104804173,0,-0.0169061104804173,6.03933333333333,0,19.7387299181394,16.8400590603104,9,0,0.628479943509938,2019-01-04 23:30:00
"1150",2019-01-04 23:45:00,6.042,0,0.0269,0,4.568375,20.2104600715706,16.8592911595469,0,24.6784990131855,25.6784990131855,29.2574950009584,30.2574950009584,1,0,9,0,0.628471756512105,0,0.628471756512105,0.0169058902501756,0,-0.0169058902501756,6.042,0,20.2104600715706,16.8592911595469,9,0,0.628471756512105,2019-01-04 23:45:00
"1151",2019-01-04 23:50:00,6.04466666666667,0,0.0269,0,4.568375,20.6398447086935,16.891090404299,0,24.6784990131855,25.6784990131855,29.2574950009584,30.2574950009584,1,0,9,0,0.628463570557588,0,0.628463570557588,0.0169056700479991,0,-0.0169056700479991,6.04466666666667,0,20.6398447086935,16.891090404299,9,0,0.628463570557588,2019-01-04 23:45:00
"1152",2019-01-04 23:55:00,6.04733333333333,0,0.0269,0,4.568375,21.0320130932612,16.933848176584,0,24.6784990131855,25.6784990131855,29.2574950009584,30.2574950009584,1,0,9,0,0.62845538564619,0,0.62845538564619,0.0169054498738825,1,-0.0169054498738825,6.04733333333333,0,21.0320130932612,16.933848176584,9,0,0.62845538564619,2019-01-04 23:45:00
"1153",2019-01-05,6.05,0,0.025120001,0,4.76804166666667,21.2382526703577,16.9861536204228,0,20.8788006007671,21.8788006007671,21.8798402696848,22.8798402696848,1,0,0,0,0,0,0,0,0,0,6.05,0,21.2382526703577,16.9861536204228,0,0,0,2019-01-05
"1154",2019-01-05 00:05:00,6.06308333333333,0,0.025120001,0,4.76804166666667,20.8332773166061,17.0425417735811,0,16.3618851570658,17.3618851570658,35.7550414908112,36.7550414908112,0,0,0,0,0,0,0,0,0,0,6.06308333333333,0,20.8332773166061,17.0425417735811,0,0,0,2019-01-05
"1155",2019-01-05 00:10:00,6.07616666666667,0,0.025120001,0,4.76804166666667,20.4714376715822,17.0857716051386,0,16.3618851570658,17.3618851570658,35.7550414908112,36.7550414908112,0,0,0,0,0,0,0,0,0,0,6.07616666666667,0,20.4714376715822,17.0857716051386,0,0,0,2019-01-05
"1156",2019-01-05 00:15:00,6.08925,0,0.025120001,0,4.76804166666667,20.1474756213802,17.1174937752187,0,17.3157674760868,18.3157674760868,35.0669840851068,36.0669840851068,0,0,0,0,0,0,0,0,0,0,6.08925,0,20.1474756213802,17.1174937752187,0,0,0,2019-01-05 00:15:00
"1157",2019-01-05 00:20:00,6.10233333333333,0,0.025120001,0,4.76804166666667,19.8567783389985,17.1391561589987,0,17.3157674760868,18.3157674760868,35.0669840851068,36.0669840851068,0,0,0,0,0,0,0,0,0,0,6.10233333333333,0,19.8567783389985,17.1391561589987,0,0,0,2019-01-05 00:15:00
"1158",2019-01-05 00:25:00,6.11541666666667,0,0.025120001,0,4.76804166666667,19.5952990736249,17.1520287400705,0,17.3157674760868,18.3157674760868,35.0669840851068,36.0669840851068,0,0,0,0,0,0,0,0,0,0,6.11541666666667,0,19.5952990736249,17.1520287400705,0,0,0,2019-01-05 00:15:00
"1159",2019-01-05 00:30:00,6.1285,0,0.025120001,0,4.76804166666667,19.3594876633411,17.1572254480419,0,12.8562780905671,13.8562780905671,29.0252008619492,30.0252008619492,0,0,0,0,0,0,0,0,0,0,6.1285,0,19.3594876633411,17.1572254480419,0,0,0,2019-01-05 00:30:00
"1160",2019-01-05 00:35:00,6.14158333333333,0,0.025120001,0,4.76804166666667,19.1462295776588,17.1557233154841,0,12.8562780905671,13.8562780905671,29.0252008619492,30.0252008619492,0,0,0,0,0,0,0,0,0,0,6.14158333333333,0,19.1462295776588,17.1557233154841,0,0,0,2019-01-05 00:30:00
"1161",2019-01-05 00:40:00,6.15466666666667,0,0.025120001,0,4.76804166666667,18.9527924428168,17.1483792832867,0,12.8562780905671,13.8562780905671,29.0252008619492,30.0252008619492,0,0,0,0,0,0,0,0,0,0,6.15466666666667,0,18.9527924428168,17.1483792832867,0,0,0,2019-01-05 00:30:00
"1162",2019-01-05 00:45:00,6.16775,0,0.025120001,0,4.76804166666667,18.7767791313025,17.1359449430871,0,16.7102785929375,17.7102785929375,41.6865705748953,42.6865705748953,0,0,0,0,0,0,0,0,0,0,6.16775,0,18.7767791313025,17.1359449430871,0,0,0,2019-01-05 00:45:00
"1163",2019-01-05 00:50:00,6.18083333333333,0,0.025120001,0,4.76804166666667,18.6160866098127,17.119079470006,0,16.7102785929375,17.7102785929375,41.6865705748953,42.6865705748953,0,0,0,0,0,0,0,0,0,0,6.18083333333333,0,18.6160866098127,17.119079470006,0,0,0,2019-01-05 00:45:00
"1164",2019-01-05 00:55:00,6.19391666666667,0,0.025120001,0,4.76804166666667,18.4688698387832,17.0983609678365,0,16.7102785929375,17.7102785929375,41.6865705748953,42.6865705748953,0,0,0,0,0,0,0,0,0,0,6.19391666666667,0,18.4688698387832,17.0983609678365,0,0,0,2019-01-05 00:45:00
"1165",2019-01-05 01:00:00,6.207,0,0.024120001,0,4.926375,18.3335101033883,17.074296421564,0,11.0293144276969,12.0293144276969,37.8008429539536,38.8008429539536,0,0,0,0,0,0,0,0,0,0,6.207,0,18.3335101033883,17.074296421564,0,0,0,2019-01-05 01:00:00
"1166",2019-01-05 01:05:00,6.187,0,0.024120001,0,4.926375,18.2085655494144,17.0471408380008,0,11.0293144276969,12.0293144276969,37.8008429539536,38.8008429539536,0,0,0,0,0,0,0,0,0,0,6.187,0,18.2085655494144,17.0471408380008,0,0,0,2019-01-05 01:00:00
"1167",2019-01-05 01:10:00,6.167,0,0.024120001,0,4.926375,18.0927745924808,17.0172898701663,0,11.0293144276969,12.0293144276969,37.8008429539536,38.8008429539536,0,0,0,0,0,0,0,0,0,0,6.167,0,18.0927745924808,17.0172898701663,0,0,0,2019-01-05 01:00:00
"1168",2019-01-05 01:15:00,6.147,0,0.024120001,0,4.926375,17.9850304361527,16.9850905298882,0,13.3025551742878,14.3025551742878,36.0263783138486,37.0263783138486,0,0,0,0,0,0,0,0,0,0,6.147,0,17.9850304361527,16.9850905298882,0,0,0,2019-01-05 01:15:00
"1169",2019-01-05 01:20:00,6.127,0,0.024120001,0,4.926375,17.8843620714658,16.9508471590282,0,13.3025551742878,14.3025551742878,36.0263783138486,37.0263783138486,0,0,0,0,0,0,0,0,0,0,6.127,0,17.8843620714658,16.9508471590282,0,0,0,2019-01-05 01:15:00
"1170",2019-01-05 01:25:00,6.107,0,0.024120001,0,4.926375,17.7899176088321,16.9148266677154,0,13.3025551742878,14.3025551742878,36.0263783138486,37.0263783138486,0,0,0,0,0,0,0,0,0,0,6.107,0,17.7899176088321,16.9148266677154,0,0,0,2019-01-05 01:15:00
"1171",2019-01-05 01:30:00,6.087,0,0.024120001,0,4.926375,17.7009496560166,16.877263129564,0,10.4049805753784,11.4049805753784,30.1466647481716,31.1466647481716,0,0,0,0,0,0,0,0,0,0,6.087,0,17.7009496560166,16.877263129564,0,0,0,2019-01-05 01:30:00
"1172",2019-01-05 01:35:00,6.067,0,0.024120001,0,4.926375,17.6168024910227,16.8383618128097,0,10.4049805753784,11.4049805753784,30.1466647481716,31.1466647481716,0,0,0,0,0,0,0,0,0,0,6.067,0,17.6168024910227,16.8383618128097,0,0,0,2019-01-05 01:30:00
"1173",2019-01-05 01:40:00,6.047,0,0.024120001,0,4.926375,17.5369008095543,16.7983027166061,0,10.4049805753784,11.4049805753784,30.1466647481716,31.1466647481716,0,0,0,0,0,0,0,0,0,0,6.047,0,17.5369008095543,16.7983027166061,0,0,0,2019-01-05 01:30:00
"1174",2019-01-05 01:45:00,6.027,0,0.024120001,0,4.926375,17.460739853769,16.7572436732259,0,14.0323306195769,15.0323306195769,26.8525975431224,27.8525975431224,0,0,0,0,0,0,0,0,0,0,6.027,0,17.460739853769,16.7572436732259,0,0,0,2019-01-05 01:45:00
"1175",2019-01-05 01:50:00,6.007,0,0.024120001,0,4.926375,17.387876752763,16.7153230694538,0,14.0323306195769,15.0323306195769,26.8525975431224,27.8525975431224,0,0,0,0,0,0,0,0,0,0,6.007,0,17.387876752763,16.7153230694538,0,0,0,2019-01-05 01:45:00
"1176",2019-01-05 01:55:00,5.987,0,0.024120001,0,4.926375,17.3179229260445,16.6726622339159,0,14.0323306195769,15.0323306195769,26.8525975431224,27.8525975431224,0,0,0,0,0,0,0,0,0,0,5.987,0,17.3179229260445,16.6726622339159,0,0,0,2019-01-05 01:45:00
"1177",2019-01-05 02:00:00,5.967,0,0.022040001,0,5.03804166666667,18.0005374195077,16.6293675313539,0,19.7804240859575,20.7804240859575,43.4507907032878,44.4507907032878,1,0,9,0,0.628702414534518,0,0.628702414534518,0.0138566018450432,0,-0.0138566018450432,5.967,0,18.0005374195077,16.6293675313539,9,0,0.628702414534518,2019-01-05 02:00:00
"1178",2019-01-05 02:05:00,5.94266666666667,0,0.022040001,0,5.03804166666667,18.6152499738707,16.6064943247127,0,19.7804240859575,20.7804240859575,43.4507907032878,44.4507907032878,1,0,9,0,0.628777428304454,0,0.628777428304454,0.0138582551486076,0,-0.0138582551486076,5.94266666666667,0,18.6152499738707,16.6064943247127,9,0,0.628777428304454,2019-01-05 02:00:00
"1179",2019-01-05 02:10:00,5.91833333333333,0,0.022040001,0,5.03804166666667,19.1703105389758,16.6014540645468,0,19.7804240859575,20.7804240859575,43.4507907032878,44.4507907032878,1,0,9,0,0.628852529568434,0,0.628852529568434,0.0138599103805408,0,-0.0138599103805408,5.91833333333333,0,19.1703105389758,16.6014540645468,9,0,0.628852529568434,2019-01-05 02:00:00
"1180",2019-01-05 02:15:00,5.894,0,0.022040001,0,5.03804166666667,18.9229567365462,16.611976325077,0,15.0040489691245,16.0040489691245,38.6534159413627,39.6534159413627,0,0,0,0,0,0,0,0,0,0,5.894,0,18.9229567365462,16.611976325077,0,0,0,2019-01-05 02:15:00
"1181",2019-01-05 02:20:00,5.86966666666667,0,0.022040001,0,5.03804166666667,18.6997063711762,16.6150827937442,0,15.0040489691245,16.0040489691245,38.6534159413627,39.6534159413627,0,0,0,0,0,0,0,0,0,0,5.86966666666667,0,18.6997063711762,16.6150827937442,0,0,0,2019-01-05 02:15:00
"1182",2019-01-05 02:25:00,5.84533333333333,0,0.022040001,0,5.03804166666667,18.4976154378051,16.6116979584237,0,15.0040489691245,16.0040489691245,38.6534159413627,39.6534159413627,0,0,0,0,0,0,0,0,0,0,5.84533333333333,0,18.4976154378051,16.6116979584237,0,0,0,2019-01-05 02:15:00
"1183",2019-01-05 02:30:00,5.821,0,0.022040001,0,5.03804166666667,18.3141012526182,16.6026327585106,0,10.8276080630667,11.8276080630667,32.6575913671859,33.6575913671859,0,0,0,0,0,0,0,0,0,0,5.821,0,18.3141012526182,16.6026327585106,0,0,0,2019-01-05 02:30:00
"1184",2019-01-05 02:35:00,5.79666666666667,0,0.022040001,0,5.03804166666667,18.1468980997649,16.5885985237251,0,10.8276080630667,11.8276080630667,32.6575913671859,33.6575913671859,0,0,0,0,0,0,0,0,0,0,5.79666666666667,0,18.1468980997649,16.5885985237251,0,0,0,2019-01-05 02:30:00
"1185",2019-01-05 02:40:00,5.77233333333333,0,0.022040001,0,5.03804166666667,17.9940183226127,16.5702192018739,0,10.8276080630667,11.8276080630667,32.6575913671859,33.6575913671859,0,0,0,0,0,0,0,0,0,0,5.77233333333333,0,17.9940183226127,16.5702192018739,0,0,0,2019-01-05 02:30:00
"1186",2019-01-05 02:45:00,5.748,0,0.022040001,0,5.03804166666667,17.8537181911998,16.5480420856058,0,15.3562399989425,16.3562399989425,36.9435267323137,37.9435267323137,0,0,0,0,0,0,0,0,0,0,5.748,0,17.8537181911998,16.5480420856058,0,0,0,2019-01-05 02:45:00
"1187",2019-01-05 02:50:00,5.72366666666667,0,0.022040001,0,5.03804166666667,17.724467959588,16.522547222414,0,15.3562399989425,16.3562399989425,36.9435267323137,37.9435267323137,0,0,0,0,0,0,0,0,0,0,5.72366666666667,0,17.724467959588,16.522547222414,0,0,0,2019-01-05 02:45:00
"1188",2019-01-05 02:55:00,5.69933333333333,0,0.022040001,0,5.03804166666667,17.604925598791,16.4941556695238,0,15.3562399989425,16.3562399989425,36.9435267323137,37.9435267323137,0,0,0,0,0,0,0,0,0,0,5.69933333333333,0,17.604925598791,16.4941556695238,0,0,0,2019-01-05 02:45:00
"1189",2019-01-05 03:00:00,5.675,0,0.018370001,0,5.10166666666667,17.4939137540855,16.4632367354596,0,17.2004758411105,18.2004758411105,37.92252236049,38.92252236049,0,0,0,0,0,0,0,0,0,0,5.675,0,17.4939137540855,16.4632367354596,0,0,0,2019-01-05 03:00:00
"1190",2019-01-05 03:05:00,5.60041666666667,0,0.018370001,0,5.10166666666667,17.3903665973583,16.4298263657432,0,17.2004758411105,18.2004758411105,37.92252236049,38.92252236049,0,0,0,0,0,0,0,0,0,0,5.60041666666667,0,17.3903665973583,16.4298263657432,0,0,0,2019-01-05 03:00:00
"1191",2019-01-05 03:10:00,5.52583333333333,0,0.018370001,0,5.10166666666667,17.2933542898445,16.3942174363379,0,17.2004758411105,18.2004758411105,37.92252236049,38.92252236049,0,0,0,0,0,0,0,0,0,0,5.52583333333333,0,17.2933542898445,16.3942174363379,0,0,0,2019-01-05 03:00:00
"1192",2019-01-05 03:15:00,5.45125,0,0.018370001,0,5.10166666666667,17.9520611951598,16.3566669300768,0,19.0194505543115,20.0194505543115,24.665643601243,25.665643601243,1,0,9,0,0.630311284338245,0,0.630311284338245,0.0115788189236048,0,-0.0115788189236048,5.45125,0,17.9520611951598,16.3566669300768,9,0,0.630311284338245,2019-01-05 03:15:00
"1193",2019-01-05 03:20:00,5.37666666666667,0,0.018370001,0,5.10166666666667,18.5456036147094,16.3383873002845,0,19.0194505543115,20.0194505543115,24.665643601243,25.665643601243,1,0,9,0,0.630547280308509,0,0.630547280308509,0.0115831541698146,0,-0.0115831541698146,5.37666666666667,0,18.5456036147094,16.3383873002845,9,0,0.630547280308509,2019-01-05 03:15:00
"1194",2019-01-05 03:25:00,5.30208333333333,0,0.018370001,0,5.10166666666667,19.0818684934502,16.33690538978,0,19.0194505543115,20.0194505543115,24.665643601243,25.665643601243,1,0,9,0,0.63078413261511,0,0.63078413261511,0.0115875051469237,0,-0.0115875051469237,5.30208333333333,0,19.0818684934502,16.33690538978,9,0,0.63078413261511,2019-01-05 03:15:00
"1195",2019-01-05 03:30:00,5.2275,0,0.018370001,0,5.10166666666667,18.8177751303105,16.3500521169701,0,13.1017560461692,14.1017560461692,40.4798319810019,41.4798319810019,0,0,0,0,0,0,0,0,0,0,5.2275,0,18.8177751303105,16.3500521169701,0,0,0,2019-01-05 03:30:00
"1196",2019-01-05 03:35:00,5.15291666666667,0,0.018370001,0,5.10166666666667,18.5795622037304,16.3549381893333,0,13.1017560461692,14.1017560461692,40.4798319810019,41.4798319810019,0,0,0,0,0,0,0,0,0,0,5.15291666666667,0,18.5795622037304,16.3549381893333,0,0,0,2019-01-05 03:30:00
"1197",2019-01-05 03:40:00,5.07833333333333,0,0.018370001,0,5.10166666666667,18.3640409670487,16.3525663029445,0,13.1017560461692,14.1017560461692,40.4798319810019,41.4798319810019,0,0,0,0,0,0,0,0,0,0,5.07833333333333,0,18.3640409670487,16.3525663029445,0,0,0,2019-01-05 03:30:00
"1198",2019-01-05 03:45:00,5.00375,0,0.018370001,0,5.10166666666667,18.9184141580203,16.3438161202336,0,18.834487241039,19.834487241039,37.2419994998635,38.2419994998635,1,0,9,0,0.63174019910555,0,0.63174019910555,0.0116050680893091,0,-0.0116050680893091,5.00375,0,18.9184141580203,16.3438161202336,9,0,0.63174019910555,2019-01-05 03:45:00
"1199",2019-01-05 03:50:00,4.92916666666667,0,0.018370001,0,5.10166666666667,19.3361327798347,16.3504463304759,0,18.834487241039,19.834487241039,37.2419994998635,38.2419994998635,1,0,7.99287699622455,0,0.548054486838914,0,0.548054486838914,0.0100677614712853,0,-0.0100677614712853,4.92916666666667,0,19.3361327798347,16.3504463304759,7.99287699622455,0,0.548054486838914,2019-01-05 03:45:00
"1200",2019-01-05 03:55:00,4.85458333333333,0,0.018370001,0,5.10166666666667,19.2992646216395,16.3681144583546,0,18.834487241039,19.834487241039,37.2419994998635,38.2419994998635,1,0,3,0,0.132223493404196,0,0.132223493404196,0.00242894570605858,0,-0.00242894570605858,4.85458333333333,0,19.2992646216395,16.3681144583546,3,0,0.132223493404196,2019-01-05 03:45:00
"1201",2019-01-05 04:00:00,4.78,0,0.02209,0,5.12029166666667,19.0174382897488,16.3837278544902,0,11.3362459445676,12.3362459445676,36.9498828649743,37.9498828649743,0,0,0,0,0,0,0,0,0,0,4.78,0,19.0174382897488,16.3837278544902,0,0,0,2019-01-05 04:00:00
"1202",2019-01-05 04:05:00,4.77725,0,0.02209,0,5.12029166666667,18.763427687756,16.390912875729,0,11.3362459445676,12.3362459445676,36.9498828649743,37.9498828649743,0,0,0,0,0,0,0,0,0,0,4.77725,0,18.763427687756,16.390912875729,0,0,0,2019-01-05 04:00:00
"1203",2019-01-05 04:10:00,4.7745,0,0.02209,0,5.12029166666667,18.5338474259074,16.3907320271019,0,11.3362459445676,12.3362459445676,36.9498828649743,37.9498828649743,0,0,0,0,0,0,0,0,0,0,4.7745,0,18.5338474259074,16.3907320271019,0,0,0,2019-01-05 04:00:00
"1204",2019-01-05 04:15:00,4.77175,0,0.02209,0,5.12029166666667,19.0757275527212,16.3841172610508,0,19.9882175611356,20.9882175611356,38.5522765581798,39.5522765581798,1,0,9,0,0.632493404643934,0,0.632493404643934,0.0139717793085845,0,-0.0139717793085845,4.77175,0,19.0757275527212,16.3841172610508,9,0,0.632493404643934,2019-01-05 04:15:00
"1205",2019-01-05 04:20:00,4.769,0,0.02209,0,5.12029166666667,19.566294313393,16.3928729616985,0,19.9882175611356,20.9882175611356,38.5522765581798,39.5522765581798,1,0,9,0,0.632502384380407,0,0.632502384380407,0.0139719776709632,0,-0.0139719776709632,4.769,0,19.566294313393,16.3928729616985,9,0,0.632502384380407,2019-01-05 04:15:00
"1206",2019-01-05 04:25:00,4.76625,0,0.02209,0,5.12029166666667,20.0117764176201,16.4150450580175,0,19.9882175611356,20.9882175611356,38.5522765581798,39.5522765581798,1,0,9,0,0.632511365334165,0,0.632511365334165,0.0139721760602317,0,-0.0139721760602317,4.76625,0,20.0117764176201,16.4150450580175,9,0,0.632511365334165,2019-01-05 04:15:00
"1207",2019-01-05 04:30:00,4.7635,0,0.02209,0,5.12029166666667,19.6676382939638,16.4489196527119,0,12.2719708069842,13.2719708069842,33.4132555532411,34.4132555532411,0,0,0,0,0,0,0,0,0,0,4.7635,0,19.6676382939638,16.4489196527119,0,0,0,2019-01-05 04:30:00
"1208",2019-01-05 04:35:00,4.76075,0,0.02209,0,5.12029166666667,19.3588421524183,16.4720065807233,0,12.2719708069842,13.2719708069842,33.4132555532411,34.4132555532411,0,0,0,0,0,0,0,0,0,0,4.76075,0,19.3588421524183,16.4720065807233,0,0,0,2019-01-05 04:30:00
"1209",2019-01-05 04:40:00,4.758,0,0.02209,0,5.12029166666667,19.0810792811239,16.4856584907688,0,12.2719708069842,13.2719708069842,33.4132555532411,34.4132555532411,0,0,0,0,0,0,0,0,0,0,4.758,0,19.0810792811239,16.4856584907688,0,0,0,2019-01-05 04:30:00
"1210",2019-01-05 04:45:00,4.75525,0,0.02209,0,5.12029166666667,18.8305697453556,16.4910618603132,0,13.2771765848951,14.2771765848951,30.6139102283486,31.6139102283486,0,0,0,0,0,0,0,0,0,0,4.75525,0,18.8305697453556,16.4910618603132,0,0,0,2019-01-05 04:45:00
"1211",2019-01-05 04:50:00,4.7525,0,0.02209,0,5.12029166666667,18.6039974786844,16.4892573943148,0,13.2771765848951,14.2771765848951,30.6139102283486,31.6139102283486,0,0,0,0,0,0,0,0,0,0,4.7525,0,18.6039974786844,16.4892573943148,0,0,0,2019-01-05 04:45:00
"1212",2019-01-05 04:55:00,4.74975,0,0.02209,0,5.12029166666667,18.3984533419492,16.4811579199424,0,13.2771765848951,14.2771765848951,30.6139102283486,31.6139102283486,0,0,0,0,0,0,0,0,0,0,4.74975,0,18.3984533419492,16.4811579199424,0,0,0,2019-01-05 04:45:00
"1213",2019-01-05 05:00:00,4.747,0,0.02335,0,5.137875,18.2113851719566,16.4675640846446,0,12.56023246959,13.56023246959,30.5599291605768,31.5599291605768,0,0,0,0,0,0,0,0,0,0,4.747,0,18.2113851719566,16.4675640846446,0,0,0,2019-01-05 05:00:00
"1214",2019-01-05 05:05:00,4.76433333333333,0,0.02335,0,5.137875,18.0405671243882,16.4492932184803,0,12.56023246959,13.56023246959,30.5599291605768,31.5599291605768,0,0,0,0,0,0,0,0,0,0,4.76433333333333,0,18.0405671243882,16.4492932184803,0,0,0,2019-01-05 05:00:00
"1215",2019-01-05 05:10:00,4.78166666666667,0,0.02335,0,5.137875,17.8840443690343,16.4269577204205,0,12.56023246959,13.56023246959,30.5599291605768,31.5599291605768,0,0,0,0,0,0,0,0,0,0,4.78166666666667,0,17.8840443690343,16.4269577204205,0,0,0,2019-01-05 05:00:00
"1216",2019-01-05 05:15:00,4.799,0,0.02335,0,5.137875,17.7401018582793,16.4010946421965,0,15.4255248651601,16.4255248651601,28.5738007884776,29.5738007884776,0,0,0,0,0,0,0,0,0,0,4.799,0,17.7401018582793,16.4010946421965,0,0,0,2019-01-05 05:15:00
"1217",2019-01-05 05:20:00,4.81633333333333,0,0.02335,0,5.137875,17.6072348936738,16.3721749382461,0,15.4255248651601,16.4255248651601,28.5738007884776,29.5738007884776,0,0,0,0,0,0,0,0,0,0,4.81633333333333,0,17.6072348936738,16.3721749382461,0,0,0,2019-01-05 05:15:00
"1218",2019-01-05 05:25:00,4.83366666666667,0,0.02335,0,5.137875,17.4841233055702,16.3406115801905,0,15.4255248651601,16.4255248651601,28.5738007884776,29.5738007884776,0,0,0,0,0,0,0,0,0,0,4.83366666666667,0,17.4841233055702,16.3406115801905,0,0,0,2019-01-05 05:15:00
"1219",2019-01-05 05:30:00,4.851,0,0.02335,0,5.137875,17.3696088023046,16.3067666752231,0,14.1490508045631,15.1490508045631,35.1039111831544,36.1039111831544,0,0,0,0,0,0,0,0,0,0,4.851,0,17.3696088023046,16.3067666752231,0,0,0,2019-01-05 05:30:00
"1220",2019-01-05 05:35:00,4.86833333333333,0,0.02335,0,5.137875,17.2626750998507,16.2709577106863,0,14.1490508045631,15.1490508045631,35.1039111831544,36.1039111831544,0,0,0,0,0,0,0,0,0,0,4.86833333333333,0,17.2626750998507,16.2709577106863,0,0,0,2019-01-05 05:30:00
"1221",2019-01-05 05:40:00,4.88566666666667,0,0.02335,0,5.137875,17.1624304906322,16.2334630320975,0,14.1490508045631,15.1490508045631,35.1039111831544,36.1039111831544,0,0,0,0,0,0,0,0,0,0,4.88566666666667,0,17.1624304906322,16.2334630320975,0,0,0,2019-01-05 05:30:00
"1222",2019-01-05 05:45:00,4.903,0,0.02335,0,5.137875,17.068092552077,16.1945266487237,0,17.1450348270586,18.1450348270586,35.738367200766,36.738367200766,0,0,0,0,0,0,0,0,0,0,4.903,0,17.068092552077,16.1945266487237,0,0,0,2019-01-05 05:45:00
"1223",2019-01-05 05:50:00,4.92033333333333,0,0.02335,0,5.137875,17.7289747322528,16.1543624492492,0,17.1450348270586,18.1450348270586,35.738367200766,36.738367200766,1,0,9,0,0.632010029594008,0,0.632010029594008,0.0147574341910201,0,-0.0147574341910201,4.92033333333333,0,17.7289747322528,16.1543624492492,9,0,0.632010029594008,2019-01-05 05:45:00
"1224",2019-01-05 05:55:00,4.93766666666667,0,0.02335,0,5.137875,17.8243063366331,16.1341448578154,0,17.1450348270586,18.1450348270586,35.738367200766,36.738367200766,1,0,3,0,0.131953869982685,0,0.131953869982685,0.0030811228640957,0,-0.0030811228640957,4.93766666666667,0,17.8243063366331,16.1341448578154,3,0,0.131953869982685,2019-01-05 05:45:00
"1225",2019-01-05 06:00:00,4.955,0,0.048220001,0,5.16254166666667,17.6588520392032,16.1173758270526,0,16.3490602707649,17.3490602707649,35.353356857735,36.353356857735,0,0,0,0,0,0,0,0,0,0,4.955,0,17.6588520392032,16.1173758270526,0,0,0,2019-01-05 06:00:00
"1226",2019-01-05 06:05:00,4.94941666666667,0.305083333333333,0.048220001,0,5.16254166666667,17.5074180485768,16.0965399314533,0,16.3490602707649,17.3490602707649,35.353356857735,36.353356857735,0,0,0,0,0,0,0,0,0,0,4.94941666666667,0.305083333333333,17.5074180485768,16.0965399314533,0,0,0,2019-01-05 06:00:00
"1227",2019-01-05 06:10:00,4.94383333333333,0.610166666666667,0.048220001,0,5.16254166666667,17.3683148366847,16.0721666032188,0,16.3490602707649,17.3490602707649,35.353356857735,36.353356857735,0,0,0,0,0,0,0,0,0,0,4.94383333333333,0.610166666666667,17.3683148366847,16.0721666032188,0,0,0,2019-01-05 06:00:00
"1228",2019-01-05 06:15:00,4.93825,0.91525,0.048220001,0,5.16254166666667,17.2400601292035,16.0447201482402,0,15.583713947682,16.583713947682,32.4041913548855,33.4041913548855,0,0,0,0,0,0,0,0,0,0,4.93825,0.91525,17.2400601292035,16.0447201482402,0,0,0,2019-01-05 06:15:00
"1229",2019-01-05 06:20:00,4.93266666666667,1.22033333333333,0.048220001,0,5.16254166666667,17.1213534649975,16.0146077412217,0,15.583713947682,16.583713947682,32.4041913548855,33.4041913548855,0,0,0,0,0,0,0,0,0,0,4.93266666666667,1.22033333333333,17.1213534649975,16.0146077412217,0,0,0,2019-01-05 06:15:00
"1230",2019-01-05 06:25:00,4.92708333333333,1.52541666666667,0.048220001,0,5.16254166666667,17.0110538784858,15.9821864393688,0,15.583713947682,16.583713947682,32.4041913548855,33.4041913548855,0,0,0,0,0,0,0,0,0,0,4.92708333333333,1.52541666666667,17.0110538784858,15.9821864393688,0,0,0,2019-01-05 06:15:00
"1231",2019-01-05 06:30:00,4.9215,1.8305,0.048220001,0,5.16254166666667,16.908160321582,15.9477693351165,0,15.0674523445101,16.0674523445101,33.6698672459928,34.6698672459928,0,0,0,0,0,0,0,0,0,0,4.9215,1.8305,16.908160321582,15.9477693351165,0,0,0,2019-01-05 06:30:00
"1232",2019-01-05 06:35:00,4.91591666666667,2.13558333333333,0.048220001,0,5.16254166666667,16.8117944889139,15.9116309535832,0,15.0674523445101,16.0674523445101,33.6698672459928,34.6698672459928,0,0,0,0,0,0,0,0,0,0,4.91591666666667,2.13558333333333,16.8117944889139,15.9116309535832,0,0,0,2019-01-05 06:30:00
"1233",2019-01-05 06:40:00,4.91033333333333,2.44066666666667,0.048220001,0,5.16254166666667,16.7211857513109,15.8740119874636,0,15.0674523445101,16.0674523445101,33.6698672459928,34.6698672459928,0,0,0,0,0,0,0,0,0,0,4.91033333333333,2.44066666666667,16.7211857513109,15.8740119874636,0,0,0,2019-01-05 06:30:00
"1234",2019-01-05 06:45:00,4.90475,2.74575,0.048220001,0,5.16254166666667,16.6356579387621,15.8351234506926,0,13.5349065971899,14.5349065971899,33.322955233629,34.322955233629,0,0,0,0,0,0,0,0,0,0,4.90475,2.74575,16.6356579387621,15.8351234506926,0,0,0,2019-01-05 06:45:00
"1235",2019-01-05 06:50:00,4.89916666666667,3.05083333333333,0.048220001,0,5.16254166666667,16.5546177458138,15.7951503222277,0,13.5349065971899,14.5349065971899,33.322955233629,34.322955233629,0,0,0,0,0,0,0,0,0,0,4.89916666666667,3.05083333333333,16.5546177458138,15.7951503222277,0,0,0,2019-01-05 06:45:00
"1236",2019-01-05 06:55:00,4.89358333333333,3.35591666666667,0.048220001,0,5.16254166666667,16.477544560247,15.7542547425408,0,13.5349065971899,14.5349065971899,33.322955233629,34.322955233629,0,0,0,0,0,0,0,0,0,0,4.89358333333333,3.35591666666667,16.477544560247,15.7542547425408,0,0,0,2019-01-05 06:45:00
"1237",2019-01-05 07:00:00,4.888,3.661,0.049990002,0,5.18316666666667,16.4039815403216,15.7125788177252,0,14.5416057708733,15.5416057708733,31.1673432985454,32.1673432985454,0,0,0,0,0,0,0,0,0,0,4.888,3.661,16.4039815403216,15.7125788177252,0,0,0,2019-01-05 07:00:00
"1238",2019-01-05 07:05:00,4.86833333333333,7.05591666666667,0.049990002,0,5.18316666666667,16.3345549387868,15.6704665141764,0,14.5416057708733,15.5416057708733,31.1673432985454,32.1673432985454,0,0,0,0,0,0,0,0,0,0,4.86833333333333,7.05591666666667,16.3345549387868,15.6704665141764,0,0,0,2019-01-05 07:00:00
"1239",2019-01-05 07:10:00,4.84866666666667,10.4508333333333,0.049990002,0,5.18316666666667,16.2688372214406,15.6280482914443,0,14.5416057708733,15.5416057708733,31.1673432985454,32.1673432985454,0,0,0,0,0,0,0,0,0,0,4.84866666666667,10.4508333333333,16.2688372214406,15.6280482914443,0,0,0,2019-01-05 07:00:00
"1240",2019-01-05 07:15:00,4.829,13.84575,0.049990002,0,5.18316666666667,16.206452973169,15.5854382473344,0,15.6970413080073,16.6970413080073,32.9065761646859,33.9065761646859,0,0,0,0,0,0,0,0,0,0,4.829,13.84575,16.206452973169,15.5854382473344,0,0,0,2019-01-05 07:15:00
"1241",2019-01-05 07:20:00,4.80933333333333,17.2406666666667,0.049990002,0,5.18316666666667,16.1470725017624,15.5427361279443,0,15.6970413080073,16.6970413080073,32.9065761646859,33.9065761646859,0,0,0,0,0,0,0,0,0,0,4.80933333333333,17.2406666666667,16.1470725017624,15.5427361279443,0,0,0,2019-01-05 07:15:00
"1242",2019-01-05 07:25:00,4.78966666666667,20.6355833333333,0.049990002,0,5.18316666666667,16.090406226882,15.5000290909531,0,15.6970413080073,16.6970413080073,32.9065761646859,33.9065761646859,0,0,0,0,0,0,0,0,0,0,4.78966666666667,20.6355833333333,16.090406226882,15.5000290909531,0,0,0,2019-01-05 07:15:00
"1243",2019-01-05 07:30:00,4.77,24.0305,0.049990002,0,5.18316666666667,16.0361997577936,15.4573932524535,0,11.029994474144,12.029994474144,31.8128866702919,32.8128866702919,0,0,0,0,0,0,0,0,0,0,4.77,24.0305,16.0361997577936,15.4573932524535,0,0,0,2019-01-05 07:30:00
"1244",2019-01-05 07:35:00,4.75033333333333,27.4254166666667,0.049990002,0,5.18316666666667,15.9842295753229,15.4148950438971,0,11.029994474144,12.029994474144,31.8128866702919,32.8128866702919,0,0,0,0,0,0,0,0,0,0,4.75033333333333,27.4254166666667,15.9842295753229,15.4148950438971,0,0,0,2019-01-05 07:30:00
"1245",2019-01-05 07:40:00,4.73066666666667,30.8203333333333,0.049990002,0,5.18316666666667,15.9342992438589,15.3725924024623,0,11.029994474144,12.029994474144,31.8128866702919,32.8128866702919,0,0,0,0,0,0,0,0,0,0,4.73066666666667,30.8203333333333,15.9342992438589,15.3725924024623,0,0,0,2019-01-05 07:30:00
"1246",2019-01-05 07:45:00,4.711,34.21525,0.049990002,0,5.18316666666667,15.8862360883422,15.3305358152929,0,14.224733385186,15.224733385186,41.4037909130291,42.4037909130291,0,0,0,0,0,0,0,0,0,0,4.711,34.21525,15.8862360883422,15.3305358152929,0,0,0,2019-01-05 07:45:00
"1247",2019-01-05 07:50:00,4.69133333333333,37.6101666666667,0.049990002,0,5.18316666666667,15.839888279158,15.2887692355461,0,14.224733385186,15.224733385186,41.4037909130291,42.4037909130291,0,0,0,0,0,0,0,0,0,0,4.69133333333333,37.6101666666667,15.839888279158,15.2887692355461,0,0,0,2019-01-05 07:45:00
"1248",2019-01-05 07:55:00,4.67166666666667,41.0050833333333,0.049990002,0,5.18316666666667,15.7951222748631,15.247330885984,0,14.224733385186,15.224733385186,41.4037909130291,42.4037909130291,0,0,0,0,0,0,0,0,0,0,4.67166666666667,41.0050833333333,15.7951222748631,15.247330885984,0,0,0,2019-01-05 07:45:00
"1249",2019-01-05 08:00:00,4.652,44.4,0.05073,0,5.19533333333333,16.3631184421973,15.2062539639155,1,18.5942640138702,19.5942640138702,37.3730291632898,38.3730291632898,1,0,9,0,0.632885562143136,0,0.632885562143136,0.0321062845675213,0,-0.0321062845675213,4.652,44.4,16.3631184421973,15.2062539639155,9,0,0.632885562143136,2019-01-05 08:00:00
"1250",2019-01-05 08:05:00,4.65533333333333,44.91,0.05073,0,5.19533333333333,16.8673027793309,15.1825245387259,1,18.5942640138702,19.5942640138702,37.3730291632898,38.3730291632898,1,0,9,0,0.632874614730055,0,0.632874614730055,0.0321057292052557,0,-0.0321057292052557,4.65533333333333,44.91,16.8673027793309,15.1825245387259,9,0,0.632874614730055,2019-01-05 08:00:00
"1251",2019-01-05 08:10:00,4.65866666666667,45.42,0.05073,0,5.19533333333333,17.3160512806093,15.173772147533,1,18.5942640138702,19.5942640138702,37.3730291632898,38.3730291632898,1,0,9,0,0.63286366912057,0,0.63286366912057,0.0321051739344865,0,-0.0321051739344865,4.65866666666667,45.42,17.3160512806093,15.173772147533,9,0,0.63286366912057,2019-01-05 08:00:00
"1252",2019-01-05 08:15:00,4.662,45.93,0.05073,0,5.19533333333333,17.4349176773832,15.1779406257579,1,17.0343371362053,18.0343371362053,30.8904161175402,31.8904161175402,1,0,5.61943026715214,0,0.351138580910248,0,0.351138580910248,0.0178132602095769,0,-0.0178132602095769,4.662,45.93,17.4349176773832,15.1779406257579,5.61943026715214,0,0.351138580910248,2019-01-05 08:15:00
"1253",2019-01-05 08:20:00,4.66533333333333,46.44,0.05073,0,5.19533333333333,17.4229192452499,15.1853634058712,1,17.0343371362053,18.0343371362053,30.8904161175402,31.8904161175402,1,0,4.19303350586534,0,0.232261242132721,0,0.232261242132721,0.0117826128133929,0,-0.0117826128133929,4.66533333333333,46.44,17.4229192452499,15.1853634058712,4.19303350586534,0,0.232261242132721,2019-01-05 08:15:00
"1254",2019-01-05 08:25:00,4.66866666666667,46.95,0.05073,0,5.19533333333333,17.4250954703042,15.1922688350972,1,17.0343371362053,18.0343371362053,30.8904161175402,31.8904161175402,1,0,4.33701469146447,0,0.244248734064613,0,0.244248734064613,0.0123907382790978,0,-0.0123907382790978,4.66866666666667,46.95,17.4250954703042,15.1922688350972,4.33701469146447,0,0.244248734064613,2019-01-05 08:15:00
"1255",2019-01-05 08:30:00,4.672,47.46,0.05073,0,5.19533333333333,17.4239611655229,15.1990709989501,1,17.0325772538642,18.0325772538642,34.1270534711764,35.1270534711764,1,0,4.2897814027198,0,0.240301688269671,0,0.240301688269671,0.0121905046459204,0,-0.0121905046459204,4.672,47.46,17.4239611655229,15.1990709989501,4.2897814027198,0,0.240301688269671,2019-01-05 08:30:00
"1256",2019-01-05 08:35:00,4.67533333333333,47.97,0.05073,0,5.19533333333333,17.4249280821848,15.2056807415792,1,17.0325772538642,18.0325772538642,34.1270534711764,35.1270534711764,1,0,4.30339306009543,0,0.24142505645279,0,0.24142505645279,0.01224749311385,0,-0.01224749311385,4.67533333333333,47.97,17.4249280821848,15.2056807415792,4.30339306009543,0,0.24142505645279,2019-01-05 08:30:00
"1257",2019-01-05 08:40:00,4.67866666666667,48.48,0.05073,0,5.19533333333333,17.4256543825161,15.2121633477993,1,17.0325772538642,18.0325772538642,34.1270534711764,35.1270534711764,1,0,4.29179006015278,0,0.240447204993644,0,0.240447204993644,0.0121978867093276,0,-0.0121978867093276,4.67866666666667,48.48,17.4256543825161,15.2121633477993,4.29179006015278,0,0.240447204993644,2019-01-05 08:30:00
"1258",2019-01-05 08:45:00,4.682,48.99,0.05073,0,5.19533333333333,17.0694715067711,15.2185163707247,1,12.848459351529,13.848459351529,37.3604289315936,38.3604289315936,0,0,0,0,0,0,0,0,0,0,4.682,48.99,17.0694715067711,15.2185163707247,0,0,0,2019-01-05 08:45:00
"1259",2019-01-05 08:50:00,4.68533333333333,49.5,0.05073,0,5.19533333333333,16.7518507424669,15.2147569285821,1,12.848459351529,13.848459351529,37.3604289315936,38.3604289315936,0,0,0,0,0,0,0,0,0,0,4.68533333333333,49.5,16.7518507424669,15.2147569285821,0,0,0,2019-01-05 08:45:00
"1260",2019-01-05 08:55:00,4.68866666666667,50.01,0.05073,0,5.19533333333333,16.467764842354,15.2023050144415,1,12.848459351529,13.848459351529,37.3604289315936,38.3604289315936,0,0,0,0,0,0,0,0,0,0,4.68866666666667,50.01,16.467764842354,15.2023050144415,0,0,0,2019-01-05 08:45:00
"1261",2019-01-05 09:00:00,4.692,50.52,0.05093,0,5.209875,16.2128513930629,15.1823920732248,1,12.1596252560562,13.1596252560562,26.5609208978201,27.5609208978201,0,0,0,0,0,0,0,0,0,0,4.692,50.52,16.2128513930629,15.1823920732248,0,0,0,2019-01-05 09:00:00
"1262",2019-01-05 09:05:00,4.69808333333333,49.6216666666667,0.05093,0,5.209875,15.9828884768668,15.1559649179936,1,12.1596252560562,13.1596252560562,26.5609208978201,27.5609208978201,0,0,0,0,0,0,0,0,0,0,4.69808333333333,49.6216666666667,15.9828884768668,15.1559649179936,0,0,0,2019-01-05 09:00:00
"1263",2019-01-05 09:10:00,4.70416666666667,48.7233333333333,0.05093,0,5.209875,15.7746260274516,15.123941345421,1,12.1596252560562,13.1596252560562,26.5609208978201,27.5609208978201,0,0,0,0,0,0,0,0,0,0,4.70416666666667,48.7233333333333,15.7746260274516,15.123941345421,0,0,0,2019-01-05 09:00:00
"1264",2019-01-05 09:15:00,4.71025,47.825,0.05093,0,5.209875,15.5852437671488,15.0871172648893,1,15.1893618385592,16.1893618385592,38.9395516376549,39.9395516376549,0,0,0,0,0,0,0,0,0,0,4.71025,47.825,15.5852437671488,15.0871172648893,0,0,0,2019-01-05 09:15:00
"1265",2019-01-05 09:20:00,4.71633333333333,46.9266666666667,0.05093,0,5.209875,15.4122943235877,15.0461828343211,1,15.1893618385592,16.1893618385592,38.9395516376549,39.9395516376549,0,0,0,0,0,0,0,0,0,0,4.71633333333333,46.9266666666667,15.4122943235877,15.0461828343211,0,0,0,2019-01-05 09:15:00
"1266",2019-01-05 09:25:00,4.72241666666667,46.0283333333333,0.05093,0,5.209875,15.2536538753225,15.0017364602732,1,15.1893618385592,16.1893618385592,38.9395516376549,39.9395516376549,0,0,0,0,0,0,0,0,0,0,4.72241666666667,46.0283333333333,15.2536538753225,15.0017364602732,0,0,0,2019-01-05 09:15:00
"1267",2019-01-05 09:30:00,4.7285,45.13,0.05093,0,5.209875,15.8574793299084,14.9542969449765,1,15.7892697048417,16.7892697048417,33.5134412232685,34.5134412232685,1,0,9,0,0.632634772513459,0,0.632634772513459,0.0322200889641105,0,-0.0322200889641105,4.7285,45.13,15.8574793299084,14.9542969449765,9,0,0.632634772513459,2019-01-05 09:30:00
"1268",2019-01-05 09:35:00,4.73458333333333,44.2316666666667,0.05093,0,5.209875,16.3244578006008,14.9253009834562,1,15.7892697048417,16.7892697048417,33.5134412232685,34.5134412232685,1,0,8.1814844991997,0,0.564405245105009,0,0.564405245105009,0.0287451591331981,0,-0.0287451591331981,4.73458333333333,44.2316666666667,16.3244578006008,14.9253009834562,8.1814844991997,0,0.564405245105009,2019-01-05 09:30:00
"1269",2019-01-05 09:40:00,4.74066666666667,43.3333333333333,0.05093,0,5.209875,16.307228448945,14.9102974468819,1,15.7892697048417,16.7892697048417,33.5134412232685,34.5134412232685,1,0,3,0,0.132594973801885,0,0.132594973801885,0.00675306201573001,0,-0.00675306201573001,4.74066666666667,43.3333333333333,16.307228448945,14.9102974468819,3,0,0.132594973801885,2019-01-05 09:30:00
"1270",2019-01-05 09:45:00,4.74675,42.435,0.05093,0,5.209875,16.7902100242926,14.8952652056052,1,18.4026920220953,19.4026920220953,27.3216537457665,28.3216537457665,1,0,9,0,0.632575083401328,0,0.632575083401328,0.0322170489976296,0,-0.0322170489976296,4.74675,42.435,16.7902100242926,14.8952652056052,9,0,0.632575083401328,2019-01-05 09:45:00
"1271",2019-01-05 09:50:00,4.75283333333333,41.5366666666667,0.05093,0,5.209875,17.2203750045051,14.8942024348879,1,18.4026920220953,19.4026920220953,27.3216537457665,28.3216537457665,1,0,9,0,0.632555198967342,0,0.632555198967342,0.0322160362834067,0,-0.0322160362834067,4.75283333333333,41.5366666666667,17.2203750045051,14.8942024348879,9,0,0.632555198967342,2019-01-05 09:45:00
"1272",2019-01-05 09:55:00,4.75891666666667,40.6383333333333,0.05093,0,5.209875,17.6046200078181,14.905160231628,1,18.4026920220953,19.4026920220953,27.3216537457665,28.3216537457665,1,0,9,0,0.632535320497243,0,0.632535320497243,0.0322150238729246,0,-0.0322150238729246,4.75891666666667,40.6383333333333,17.6046200078181,14.905160231628,9,0,0.632535320497243,2019-01-05 09:45:00
"1273",2019-01-05 10:00:00,4.765,39.74,0.05102,0,5.22041666666667,17.9489295189892,14.9264483820523,1,17.9704953565036,18.9704953565036,33.8423977891558,34.8423977891558,1,0,9,0,0.632515447988349,0,0.632515447988349,0.0322709381563656,0,-0.0322709381563656,4.765,39.74,17.9489295189892,14.9264483820523,9,0,0.632515447988349,2019-01-05 10:00:00
"1274",2019-01-05 10:05:00,4.81516666666667,47.5783333333333,0.05102,0,5.22041666666667,18.2620046482458,14.9577024114492,1,17.9704953565036,18.9704953565036,33.8423977891558,34.8423977891558,1,0,9,0,0.632351794776366,0,0.632351794776366,0.0322625885694902,0,-0.0322625885694902,4.81516666666667,47.5783333333333,18.2620046482458,14.9577024114492,9,0,0.632351794776366,2019-01-05 10:00:00
"1275",2019-01-05 10:10:00,4.86533333333333,55.4166666666667,0.05102,0,5.22041666666667,18.2565729570038,14.9977123176501,1,17.9704953565036,18.9704953565036,33.8423977891558,34.8423977891558,1,0,5.50188849909379,0,0.340679253538738,0,0.340679253538738,0.0173814555155464,0,-0.0173814555155464,4.86533333333333,55.4166666666667,18.2565729570038,14.9977123176501,5.50188849909379,0,0.340679253538738,2019-01-05 10:00:00
"1276",2019-01-05 10:15:00,4.9155,63.255,0.05102,0,5.22041666666667,18.0502297825676,15.0372702588952,1,17.3796374808388,18.3796374808388,37.1960301200032,38.1960301200032,1,0,3,0,0.132025698009963,0,0.132025698009963,0.00673595111246834,0,-0.00673595111246834,4.9155,63.255,18.0502297825676,15.0372702588952,3,0,0.132025698009963,2019-01-05 10:15:00
"1277",2019-01-05 10:20:00,4.96566666666667,71.0933333333333,0.05102,0,5.22041666666667,17.8727214648313,15.0707694446363,1,17.3796374808388,18.3796374808388,37.1960301200032,38.1960301200032,1,0,3,0,0.13186325147878,0,0.13186325147878,0.00672766309044738,0,-0.00672766309044738,4.96566666666667,71.0933333333333,17.8727214648313,15.0707694446363,3,0,0.13186325147878,2019-01-05 10:15:00
"1278",2019-01-05 10:25:00,5.01583333333333,78.9316666666667,0.05102,0,5.22041666666667,17.727344508923,15.0992210100532,1,17.3796374808388,18.3796374808388,37.1960301200032,38.1960301200032,1,0,3.08299219208989,0,0.138617220217451,0,0.138617220217451,0.00707225057549438,0,-0.00707225057549438,5.01583333333333,78.9316666666667,17.727344508923,15.0992210100532,3.08299219208989,0,0.138617220217451,2019-01-05 10:15:00
"1279",2019-01-05 10:30:00,5.066,86.77,0.05102,0,5.22041666666667,17.3463918626983,15.1236942464454,1,12.822556966539,13.822556966539,35.8865293287204,36.8865293287204,0,0,0,0,0,0,0,0,0,0,5.066,86.77,17.3463918626983,15.1236942464454,0,0,0,2019-01-05 10:30:00
"1280",2019-01-05 10:35:00,5.11616666666667,94.6083333333333,0.05102,0,5.22041666666667,17.0113821455903,15.1377312536138,1,12.822556966539,13.822556966539,35.8865293287204,36.8865293287204,0,0,0,0,0,0,0,0,0,0,5.11616666666667,94.6083333333333,17.0113821455903,15.1377312536138,0,0,0,2019-01-05 10:30:00
"1281",2019-01-05 10:40:00,5.16633333333333,102.446666666667,0.05102,0,5.22041666666667,16.7164756284054,15.1429694743311,1,12.822556966539,13.822556966539,35.8865293287204,36.8865293287204,0,0,0,0,0,0,0,0,0,0,5.16633333333333,102.446666666667,16.7164756284054,15.1429694743311,0,0,0,2019-01-05 10:30:00
"1282",2019-01-05 10:45:00,5.2165,110.285,0.05102,0,5.22041666666667,16.4566037445426,15.1408277369102,1,14.0234987718101,15.0234987718101,33.149504652259,34.149504652259,0,0,0,0,0,0,0,0,0,0,5.2165,110.285,16.4566037445426,15.1408277369102,0,0,0,2019-01-05 10:45:00
"1283",2019-01-05 10:50:00,5.26666666666667,118.123333333333,0.05102,0,5.22041666666667,16.2273670331305,15.1325352045606,1,14.0234987718101,15.0234987718101,33.149504652259,34.149504652259,0,0,0,0,0,0,0,0,0,0,5.26666666666667,118.123333333333,16.2273670331305,15.1325352045606,0,0,0,2019-01-05 10:45:00
"1284",2019-01-05 10:55:00,5.31683333333333,125.961666666667,0.05102,0,5.22041666666667,16.0249465901615,15.1191564929489,1,14.0234987718101,15.0234987718101,33.149504652259,34.149504652259,0,0,0,0,0,0,0,0,0,0,5.31683333333333,125.961666666667,16.0249465901615,15.1191564929489,0,0,0,2019-01-05 10:45:00
"1285",2019-01-05 11:00:00,5.367,133.8,0.051360001,0,5.23633333333333,15.8460272397258,15.1016134631354,1,15.1472951734581,16.1472951734581,35.2617153349856,36.2617153349856,0,0,0,0,0,0,0,0,0,0,5.367,133.8,15.8460272397258,15.1016134631354,0,0,0,2019-01-05 11:00:00
"1286",2019-01-05 11:05:00,5.42033333333333,133.6,0.051360001,0,5.23633333333333,15.6850761750841,15.0799414450216,1,15.1472951734581,16.1472951734581,35.2617153349856,36.2617153349856,0,0,0,0,0,0,0,0,0,0,5.42033333333333,133.6,15.6850761750841,15.0799414450216,0,0,0,2019-01-05 11:00:00
"1287",2019-01-05 11:10:00,5.47366666666667,133.4,0.051360001,0,5.23633333333333,15.5398050758685,15.0547824399539,1,15.1472951734581,16.1472951734581,35.2617153349856,36.2617153349856,0,0,0,0,0,0,0,0,0,0,5.47366666666667,133.4,15.5398050758685,15.0547824399539,0,0,0,2019-01-05 11:00:00
"1288",2019-01-05 11:15:00,5.527,133.2,0.051360001,0,5.23633333333333,15.4082278384741,15.0266927721197,1,13.8801825951969,14.8801825951969,29.9822970731272,30.9822970731272,0,0,0,0,0,0,0,0,0,0,5.527,133.2,15.4082278384741,15.0266927721197,0,0,0,2019-01-05 11:15:00
"1289",2019-01-05 11:20:00,5.58033333333333,133,0.051360001,0,5.23633333333333,15.2886205799714,14.9961544338213,1,13.8801825951969,14.8801825951969,29.9822970731272,30.9822970731272,0,0,0,0,0,0,0,0,0,0,5.58033333333333,133,15.2886205799714,14.9961544338213,0,0,0,2019-01-05 11:15:00
"1290",2019-01-05 11:25:00,5.63366666666667,132.8,0.051360001,0,5.23633333333333,15.1794869358048,14.963584929067,1,13.8801825951969,14.8801825951969,29.9822970731272,30.9822970731272,0,0,0,0,0,0,0,0,0,0,5.63366666666667,132.8,15.1794869358048,14.963584929067,0,0,0,2019-01-05 11:15:00
"1291",2019-01-05 11:30:00,5.687,132.6,0.051360001,0,5.23633333333333,15.0795279506004,14.9293458142428,1,14.9371205446099,15.9371205446099,29.782779370798,30.782779370798,0,0,0,0,0,0,0,0,0,0,5.687,132.6,15.0795279506004,14.9293458142428,0,0,0,2019-01-05 11:30:00
"1292",2019-01-05 11:35:00,5.74033333333333,132.4,0.051360001,0,5.23633333333333,14.9876159541464,14.8937501083149,1,14.9371205446099,15.9371205446099,29.782779370798,30.782779370798,0,0,0,0,0,0,0,0,0,0,5.74033333333333,132.4,14.9876159541464,14.8937501083149,0,0,0,2019-01-05 11:30:00
"1293",2019-01-05 11:40:00,5.79366666666667,132.2,0.051360001,0,5.23633333333333,14.9027718950746,14.8570687221922,1,14.9371205446099,15.9371205446099,29.782779370798,30.782779370798,0,0,0,0,0,0,0,0,0,0,5.79366666666667,132.2,14.9027718950746,14.8570687221922,0,0,0,2019-01-05 11:30:00
"1294",2019-01-05 11:45:00,5.847,132,0.051360001,0,5.23633333333333,15.5741456745869,14.8195360370709,1,16.8509834851872,17.8509834851872,38.2418599084315,39.2418599084315,1,0,9,0,0.629073195085615,0,0.629073195085615,0.0323091999286704,0,-0.0323091999286704,5.847,132,15.5741456745869,14.8195360370709,9,0,0.629073195085615,2019-01-05 11:45:00
"1295",2019-01-05 11:50:00,5.90033333333333,131.8,0.051360001,0,5.23633333333333,16.1714953390095,14.8023417022661,1,16.8509834851872,17.8509834851872,38.2418599084315,39.2418599084315,1,0,9,0,0.628908140317026,0,0.628908140317026,0.0323007227155906,0,-0.0323007227155906,5.90033333333333,131.8,16.1714953390095,14.8023417022661,9,0,0.628908140317026,2019-01-05 11:45:00
"1296",2019-01-05 11:55:00,5.95366666666667,131.6,0.051360001,0,5.23633333333333,16.7045572929315,14.8027286569786,1,16.8509834851872,17.8509834851872,38.2418599084315,39.2418599084315,1,0,9,0,0.628743507143076,0,0.628743507143076,0.0322922671556119,0,-0.0322922671556119,5.95366666666667,131.6,16.7045572929315,14.8027286569786,9,0,0.628743507143076,2019-01-05 11:45:00
"1297",2019-01-05 12:00:00,6.007,131.4,0.051740002,0,5.253,17.1817796962515,14.8183052400325,1,18.7428630073492,19.7428630073492,35.8737977779161,36.8737977779161,1,0,9,0,0.628579293950524,0,0.628579293950524,0.0325226939261587,0,-0.0325226939261587,6.007,131.4,17.1817796962515,14.8183052400325,9,0,0.628579293950524,2019-01-05 12:00:00
"1298",2019-01-05 12:05:00,5.97866666666667,125.625,0.051740002,0,5.253,17.6075529671779,14.8459872691949,1,18.7428630073492,19.7428630073492,35.8737977779161,36.8737977779161,1,0,9,0,0.628666480014493,0,0.628666480014493,0.0325272049332828,0,-0.0325272049332828,5.97866666666667,125.625,17.6075529671779,14.8459872691949,9,0,0.628666480014493,2019-01-05 12:00:00
"1299",2019-01-05 12:10:00,5.95033333333333,119.85,0.051740002,0,5.253,17.9884555939723,14.8839269489487,1,18.7428630073492,19.7428630073492,35.8737977779161,36.8737977779161,1,0,9,0,0.628753784395608,0,0.628753784395608,0.0325317220621363,0,-0.0325317220621363,5.95033333333333,119.85,17.9884555939723,14.8839269489487,9,0,0.628753784395608,2019-01-05 12:00:00
"1300",2019-01-05 12:15:00,5.922,114.075,0.051740002,0,5.253,17.5801970479071,14.9305228623284,1,12.544775300626,13.544775300626,37.7649484953737,38.7649484953737,0,0,0,0,0,0,0,0,0,0,5.922,114.075,17.5801970479071,14.9305228623284,0,0,0,2019-01-05 12:15:00
"1301",2019-01-05 12:20:00,5.89366666666667,108.3,0.051740002,0,5.253,17.2172365366678,14.9634003894584,1,12.544775300626,13.544775300626,37.7649484953737,38.7649484953737,0,0,0,0,0,0,0,0,0,0,5.89366666666667,108.3,17.2172365366678,14.9634003894584,0,0,0,2019-01-05 12:15:00
"1302",2019-01-05 12:25:00,5.86533333333333,102.525,0.051740002,0,5.253,16.8934977732471,14.9842895796161,1,12.544775300626,13.544775300626,37.7649484953737,38.7649484953737,0,0,0,0,0,0,0,0,0,0,5.86533333333333,102.525,16.8934977732471,14.9842895796161,0,0,0,2019-01-05 12:15:00
"1303",2019-01-05 12:30:00,5.837,96.75,0.051740002,0,5.253,16.6037093128941,14.9946921260437,1,16.2572765699209,17.2572765699209,31.8374692268627,32.8374692268627,0,0,0,0,0,0,0,0,0,0,5.837,96.75,16.6037093128941,14.9946921260437,0,0,0,2019-01-05 12:30:00
"1304",2019-01-05 12:35:00,5.80866666666667,90.975,0.051740002,0,5.253,16.3432980210236,14.9959115861698,1,16.2572765699209,17.2572765699209,31.8374692268627,32.8374692268627,0,0,0,0,0,0,0,0,0,0,5.80866666666667,90.975,16.3432980210236,14.9959115861698,0,0,0,2019-01-05 12:30:00
"1305",2019-01-05 12:40:00,5.78033333333333,85.2,0.051740002,0,5.253,16.1082966415867,14.9890796019618,1,16.2572765699209,17.2572765699209,31.8374692268627,32.8374692268627,0,0,0,0,0,0,0,0,0,0,5.78033333333333,85.2,16.1082966415867,14.9890796019618,0,0,0,2019-01-05 12:30:00
"1306",2019-01-05 12:45:00,5.752,79.425,0.051740002,0,5.253,15.8952635995846,14.9751786498263,1,14.8291599741366,15.8291599741366,37.656523923598,38.656523923598,0,0,0,0,0,0,0,0,0,0,5.752,79.425,15.8952635995846,14.9751786498263,0,0,0,2019-01-05 12:45:00
"1307",2019-01-05 12:50:00,5.72366666666667,73.65,0.051740002,0,5.253,15.7012134184348,14.9550617793993,1,14.8291599741366,15.8291599741366,37.656523923598,38.656523923598,0,0,0,0,0,0,0,0,0,0,5.72366666666667,73.65,15.7012134184348,14.9550617793993,0,0,0,2019-01-05 12:45:00
"1308",2019-01-05 12:55:00,5.69533333333333,67.875,0.051740002,0,5.253,15.5235563472215,14.929469739774,1,14.8291599741366,15.8291599741366,37.656523923598,38.656523923598,0,0,0,0,0,0,0,0,0,0,5.69533333333333,67.875,15.5235563472215,14.929469739774,0,0,0,2019-01-05 12:45:00
"1309",2019-01-05 13:00:00,5.667,62.1,0.051919998,0,5.26441666666667,15.3600459788242,14.8990458389589,1,15.0884680656358,16.0884680656358,40.1950598283322,41.1950598283322,0,0,0,0,0,0,0,0,0,0,5.667,62.1,15.3600459788242,14.8990458389589,0,0,0,2019-01-05 13:00:00
"1310",2019-01-05 13:05:00,5.58833333333333,57.97,0.051919998,0,5.26441666666667,15.2086260578373,14.8642201850225,1,15.0884680656358,16.0884680656358,40.1950598283322,41.1950598283322,0,0,0,0,0,0,0,0,0,0,5.58833333333333,57.97,15.2086260578373,14.8642201850225,0,0,0,2019-01-05 13:00:00
"1311",2019-01-05 13:10:00,5.50966666666667,53.84,0.051919998,0,5.26441666666667,15.0676060036346,14.8254794978503,1,15.0884680656358,16.0884680656358,40.1950598283322,41.1950598283322,0,0,0,0,0,0,0,0,0,0,5.50966666666667,53.84,15.0676060036346,14.8254794978503,0,0,0,2019-01-05 13:00:00
"1312",2019-01-05 13:15:00,5.431,49.71,0.051919998,0,5.26441666666667,14.9355196629568,14.783246781537,1,10.0598901701821,11.0598901701821,37.5972465707686,38.5972465707686,0,0,0,0,0,0,0,0,0,0,5.431,49.71,14.9355196629568,14.783246781537,0,0,0,2019-01-05 13:15:00
"1313",2019-01-05 13:20:00,5.35233333333333,45.58,0.051919998,0,5.26441666666667,14.8110956001484,14.7378897525198,1,10.0598901701821,11.0598901701821,37.5972465707686,38.5972465707686,0,0,0,0,0,0,0,0,0,0,5.35233333333333,45.58,14.8110956001484,14.7378897525198,0,0,0,2019-01-05 13:15:00
"1314",2019-01-05 13:25:00,5.27366666666667,41.45,0.051919998,0,5.26441666666667,14.6932313197714,14.6897281522139,1,10.0598901701821,11.0598901701821,37.5972465707686,38.5972465707686,0,0,0,0,0,0,0,0,0,0,5.27366666666667,41.45,14.6932313197714,14.6897281522139,0,0,0,2019-01-05 13:15:00
"1315",2019-01-05 13:30:00,5.195,37.32,0.051919998,0,5.26441666666667,14.5809709011102,14.6390400917976,1,12.8399897181105,13.8399897181105,30.3928180619491,31.3928180619491,0,0,0,0,0,0,0,0,0,0,5.195,37.32,14.5809709011102,14.6390400917976,0,0,0,2019-01-05 13:30:00
"1316",2019-01-05 13:35:00,5.11633333333333,33.19,0.051919998,0,5.26441666666667,14.4734855929763,14.5860675572473,1,12.8399897181105,13.8399897181105,30.3928180619491,31.3928180619491,0,0,0,0,0,0,0,0,0,0,5.11633333333333,33.19,14.4734855929763,14.5860675572473,0,0,0,2019-01-05 13:30:00
"1317",2019-01-05 13:40:00,5.03766666666667,29.06,0.051919998,0,5.26441666666667,14.3700569769899,14.5310211857732,1,12.8399897181105,13.8399897181105,30.3928180619491,31.3928180619491,0,0,0,0,0,0,0,0,0,0,5.03766666666667,29.06,14.3700569769899,14.5310211857732,0,0,0,2019-01-05 13:30:00
"1318",2019-01-05 13:45:00,4.959,24.93,0.051919998,0,5.26441666666667,14.2700623593805,14.4740844100891,1,13.0637443298567,14.0637443298567,41.280625173101,42.280625173101,0,0,0,0,0,0,0,0,0,0,4.959,24.93,14.2700623593805,14.4740844100891,0,0,0,2019-01-05 13:45:00
"1319",2019-01-05 13:50:00,4.88033333333333,20.8,0.051919998,0,5.26441666666667,14.1729620963406,14.4154170541903,1,13.0637443298567,14.0637443298567,41.280625173101,42.280625173101,0,0,0,0,0,0,0,0,0,0,4.88033333333333,20.8,14.1729620963406,14.4154170541903,0,0,0,2019-01-05 13:45:00
"1320",2019-01-05 13:55:00,4.80166666666667,16.67,0.051919998,0,5.26441666666667,14.0782885970119,14.355158453236,1,13.0637443298567,14.0637443298567,41.280625173101,42.280625173101,0,0,0,0,0,0,0,0,0,0,4.80166666666667,16.67,14.0782885970119,14.355158453236,0,0,0,2019-01-05 13:45:00
"1321",2019-01-05 14:00:00,4.723,12.54,0.053220001,0,5.26920833333333,13.9856367820534,14.2934301605252,1,12.0684632755427,13.0684632755427,28.4379211316938,29.4379211316938,0,0,0,0,0,0,0,0,0,0,4.723,12.54,13.9856367820534,14.2934301605252,0,0,0,2019-01-05 14:00:00
"1322",2019-01-05 14:05:00,4.65191666666667,11.495,0.053220001,0,5.26920833333333,13.8957899278843,14.2306814263534,1,12.0684632755427,13.0684632755427,28.4379211316938,29.4379211316938,0,0,0,0,0,0,0,0,0,0,4.65191666666667,11.495,13.8957899278843,14.2306814263534,0,0,0,2019-01-05 14:00:00
"1323",2019-01-05 14:10:00,4.58083333333333,10.45,0.053220001,0,5.26920833333333,13.8083558933332,14.1670251432909,1,12.0684632755427,13.0684632755427,28.4379211316938,29.4379211316938,0,0,0,0,0,0,0,0,0,0,4.58083333333333,10.45,13.8083558933332,14.1670251432909,0,0,0,2019-01-05 14:00:00
"1324",2019-01-05 14:15:00,4.50975,9.405,0.053220001,0,5.26920833333333,14.472994594126,14.1025594247932,1,14.0768136515671,15.0768136515671,36.666602567133,37.666602567133,1,0,9,0,0.63335443000416,0,0.63335443000416,0.0337071233981758,0,-0.0337071233981758,4.50975,9.405,14.472994594126,14.1025594247932,9,0,0.63335443000416,2019-01-05 14:15:00
"1325",2019-01-05 14:20:00,4.43866666666667,8.36,0.053220001,0,5.26920833333333,14.6637264248866,14.0583565180074,1,14.0768136515671,15.0768136515671,36.666602567133,37.666602567133,1,0,4.24582868929237,0,0.237409026009983,0,0.237409026009983,0.0126349086016603,0,-0.0126349086016603,4.43866666666667,8.36,14.6637264248866,14.0583565180074,4.24582868929237,0,0.237409026009983,2019-01-05 14:15:00
"1326",2019-01-05 14:25:00,4.36758333333333,7.315,0.053220001,0,5.26920833333333,14.7250322259257,14.0204721454176,1,14.0768136515671,15.0768136515671,36.666602567133,37.666602567133,1,0,3,0,0.133826340650534,0,0.133826340650534,0.00712223798324775,0,-0.00712223798324775,4.36758333333333,7.315,14.7250322259257,14.0204721454176,3,0,0.133826340650534,2019-01-05 14:15:00
"1327",2019-01-05 14:30:00,4.2965,6.27,0.053220001,0,5.26920833333333,14.525037866103,13.9850716102353,1,11.469629394404,12.469629394404,30.7820090554916,31.7820090554916,0,0,0,0,0,0,0,0,0,0,4.2965,6.27,14.525037866103,13.9850716102353,0,0,0,2019-01-05 14:30:00
"1328",2019-01-05 14:35:00,4.22541666666667,5.225,0.053220001,0,5.26920833333333,14.3416732210534,13.9447593134936,1,11.469629394404,12.469629394404,30.7820090554916,31.7820090554916,0,0,0,0,0,0,0,0,0,0,4.22541666666667,5.225,14.3416732210534,13.9447593134936,0,0,0,2019-01-05 14:30:00
"1329",2019-01-05 14:40:00,4.15433333333333,4.18,0.053220001,0,5.26920833333333,14.1727191442094,13.9001661896938,1,11.469629394404,12.469629394404,30.7820090554916,31.7820090554916,0,0,0,0,0,0,0,0,0,0,4.15433333333333,4.18,14.1727191442094,13.9001661896938,0,0,0,2019-01-05 14:30:00
"1330",2019-01-05 14:45:00,4.08325,3.135,0.053220001,0,5.26920833333333,14.0162503448636,13.8518398049418,1,13.6543270996312,14.6543270996312,32.6458766784711,33.6458766784711,0,0,0,0,0,0,0,0,0,0,4.08325,3.135,14.0162503448636,13.8518398049418,0,0,0,2019-01-05 14:45:00
"1331",2019-01-05 14:50:00,4.01216666666667,2.09,0.053220001,0,5.26920833333333,13.8705964928672,13.8002553904253,1,13.6543270996312,14.6543270996312,32.6458766784711,33.6458766784711,0,0,0,0,0,0,0,0,0,0,4.01216666666667,2.09,13.8705964928672,13.8002553904253,0,0,0,2019-01-05 14:45:00
"1332",2019-01-05 14:55:00,3.94108333333333,1.045,0.053220001,0,5.26920833333333,13.7343084714605,13.7458254155246,1,13.6543270996312,14.6543270996312,32.6458766784711,33.6458766784711,0,0,0,0,0,0,0,0,0,0,3.94108333333333,1.045,13.7343084714605,13.7458254155246,0,0,0,2019-01-05 14:45:00
"1333",2019-01-05 15:00:00,3.87,0,0.055259998,0,5.25891666666667,13.6061290968352,13.6889078938478,1,12.3253534036498,13.3253534036498,40.3720456185156,41.3720456185156,0,0,0,0,0,0,0,0,0,0,3.87,0,13.6061290968352,13.6889078938478,0,0,0,2019-01-05 15:00:00
"1334",2019-01-05 15:05:00,3.82725,0,0.055259998,0,5.25891666666667,13.4856894675202,13.6300774691057,1,12.3253534036498,13.3253534036498,40.3720456185156,41.3720456185156,0,0,0,0,0,0,0,0,0,0,3.82725,0,13.4856894675202,13.6300774691057,0,0,0,2019-01-05 15:00:00
"1335",2019-01-05 15:10:00,3.7845,0,0.055259998,0,5.25891666666667,13.3719914188435,13.5696152098432,1,12.3253534036498,13.3253534036498,40.3720456185156,41.3720456185156,0,0,0,0,0,0,0,0,0,0,3.7845,0,13.3719914188435,13.5696152098432,0,0,0,2019-01-05 15:00:00
"1336",2019-01-05 15:15:00,3.74175,0,0.055259998,0,5.25891666666667,14.0141687084761,13.5077647776053,1,18.4891772422168,19.4891772422168,38.6125232548287,39.6125232548287,1,0,9,0,0.635944085110241,0,0.635944085110241,0.0351422688713038,0,-0.0351422688713038,3.74175,0,14.0141687084761,13.5077647776053,9,0,0.635944085110241,2019-01-05 15:15:00
"1337",2019-01-05 15:20:00,3.699,0,0.055259998,0,5.25891666666667,14.5819658126739,13.4657243374465,1,18.4891772422168,19.4891772422168,38.6125232548287,39.6125232548287,1,0,9,0,0.636091194164845,0,0.636091194164845,0.0351503981173669,0,-0.0351503981173669,3.699,0,14.5819658126739,13.4657243374465,9,0,0.636091194164845,2019-01-05 15:15:00
"1338",2019-01-05 15:25:00,3.65625,0,0.055259998,0,5.25891666666667,15.085107795582,13.4407446774873,1,18.4891772422168,19.4891772422168,38.6125232548287,39.6125232548287,1,0,9,0,0.636238621946339,0,0.636238621946339,0.0351585449762774,0,-0.0351585449762774,3.65625,0,15.085107795582,13.4407446774873,9,0,0.636238621946339,2019-01-05 15:15:00
"1339",2019-01-05 15:30:00,3.6135,0,0.055259998,0,5.25891666666667,14.7820334079815,13.4304414035236,1,12.6727427020966,13.6727427020966,35.3457647100027,36.3457647100027,0,0,0,0,0,0,0,0,0,0,3.6135,0,14.7820334079815,13.4304414035236,0,0,0,2019-01-05 15:30:00
"1340",2019-01-05 15:35:00,3.57075,0,0.055259998,0,5.25891666666667,14.5095690794529,13.4117596875494,1,12.6727427020966,13.6727427020966,35.3457647100027,36.3457647100027,0,0,0,0,0,0,0,0,0,0,3.57075,0,14.5095690794529,13.4117596875494,0,0,0,2019-01-05 15:30:00
"1341",2019-01-05 15:40:00,3.528,0,0.055259998,0,5.25891666666667,14.2636916146685,13.3858385438185,1,12.6727427020966,13.6727427020966,35.3457647100027,36.3457647100027,0,0,0,0,0,0,0,0,0,0,3.528,0,14.2636916146685,13.3858385438185,0,0,0,2019-01-05 15:30:00
"1342",2019-01-05 15:45:00,3.48525,0,0.055259998,0,5.25891666666667,14.0409101140958,13.3536660071522,1,10.8156372424272,11.8156372424272,33.1804284915596,34.1804284915596,0,0,0,0,0,0,0,0,0,0,3.48525,0,14.0409101140958,13.3536660071522,0,0,0,2019-01-05 15:45:00
"1343",2019-01-05 15:50:00,3.4425,0,0.055259998,0,5.25891666666667,13.8381955216548,13.31609911798,1,10.8156372424272,11.8156372424272,33.1804284915596,34.1804284915596,0,0,0,0,0,0,0,0,0,0,3.4425,0,13.8381955216548,13.31609911798,0,0,0,2019-01-05 15:45:00
"1344",2019-01-05 15:55:00,3.39975,0,0.055259998,0,5.25891666666667,13.6529194973299,13.2738812621776,1,10.8156372424272,11.8156372424272,33.1804284915596,34.1804284915596,0,0,0,0,0,0,0,0,0,0,3.39975,0,13.6529194973299,13.2738812621776,0,0,0,2019-01-05 15:45:00
"1345",2019-01-05 16:00:00,3.357,0,0.055869999,0,5.21808333333333,14.2328013805016,13.2276572158175,1,17.1371671929489,18.1371671929489,31.3706610663834,32.3706610663834,1,0,9,0,0.637279628444449,0,0.637279628444449,0.0356048122039117,0,-0.0356048122039117,3.357,0,14.2328013805016,13.2276572158175,9,0,0.637279628444449,2019-01-05 16:00:00
"1346",2019-01-05 16:05:00,3.32058333333333,0,0.055869999,0,5.21808333333333,14.7464414129108,13.1990094508134,1,17.1371671929489,18.1371671929489,31.3706610663834,32.3706610663834,1,0,9,0,0.63740739857771,0,0.63740739857771,0.0356119507211292,0,-0.0356119507211292,3.32058333333333,0,14.7464414129108,13.1990094508134,9,0,0.63740739857771,2019-01-05 16:00:00
"1347",2019-01-05 16:10:00,3.28416666666667,0,0.055869999,0,5.21808333333333,15.2024944378097,13.1854917928854,1,17.1371671929489,18.1371671929489,31.3706610663834,32.3706610663834,1,0,9,0,0.637535406771281,0,0.637535406771281,0.035619102538776,0,-0.035619102538776,3.28416666666667,0,15.2024944378097,13.1854917928854,9,0,0.637535406771281,2019-01-05 16:00:00
"1348",2019-01-05 16:15:00,3.24775,0,0.055869999,0,5.21808333333333,14.858470586724,13.1849827214582,1,13.9762580709951,14.9762580709951,29.6286686060058,30.6286686060058,0,0,0,0,0,0,0,0,0,0,3.24775,0,14.858470586724,13.1849827214582,0,0,0,2019-01-05 16:15:00
"1349",2019-01-05 16:20:00,3.21133333333333,0,0.055869999,0,5.21808333333333,14.5503905298114,13.1746554346272,1,13.9762580709951,14.9762580709951,29.6286686060058,30.6286686060058,0,0,0,0,0,0,0,0,0,0,3.21133333333333,0,14.5503905298114,13.1746554346272,0,0,0,2019-01-05 16:15:00
"1350",2019-01-05 16:25:00,3.17491666666667,0,0.055869999,0,5.21808333333333,14.2735319109845,13.1558467379843,1,13.9762580709951,14.9762580709951,29.6286686060058,30.6286686060058,0,0,0,0,0,0,0,0,0,0,3.17491666666667,0,14.2735319109845,13.1558467379843,0,0,0,2019-01-05 16:15:00
"1351",2019-01-05 16:30:00,3.1385,0,0.055869999,0,5.21808333333333,14.7737971597459,13.1297162251479,1,15.509163066672,16.509163066672,36.2204932784341,37.2204932784341,1,0,9,0,0.638049833504998,0,0.638049833504998,0.0356478435598744,0,-0.0356478435598744,3.1385,0,14.7737971597459,13.1297162251479,9,0,0.638049833504998,2019-01-05 16:30:00
"1352",2019-01-05 16:35:00,3.10208333333333,0,0.055869999,0,5.21808333333333,15.2181270532657,13.1182566931595,1,15.509163066672,16.509163066672,36.2204932784341,37.2204932784341,1,0,9,0,0.638179042039246,0,0.638179042039246,0.0356550624405536,0,-0.0356550624405536,3.10208333333333,0,15.2181270532657,13.1182566931595,9,0,0.638179042039246,2019-01-05 16:30:00
"1353",2019-01-05 16:40:00,3.06566666666667,0,0.055869999,0,5.21808333333333,15.6138139858161,13.1194083176443,1,15.509163066672,16.509163066672,36.2204932784341,37.2204932784341,1,0,9,0,0.638308492667022,0,0.638308492667022,0.035662294846998,0,-0.035662294846998,3.06566666666667,0,15.6138139858161,13.1194083176443,9,0,0.638308492667022,2019-01-05 16:30:00
"1354",2019-01-05 16:45:00,3.02925,0,0.055869999,0,5.21808333333333,15.2171859591179,13.131384777924,1,10.2981438106169,11.2981438106169,36.2823564350718,37.2823564350718,0,0,0,0,0,0,0,0,0,0,3.02925,0,15.2171859591179,13.131384777924,0,0,0,2019-01-05 16:45:00
"1355",2019-01-05 16:50:00,2.99283333333333,0,0.055869999,0,5.21808333333333,14.8632379660155,13.1316500922204,1,10.2981438106169,11.2981438106169,36.2823564350718,37.2823564350718,0,0,0,0,0,0,0,0,0,0,2.99283333333333,0,14.8632379660155,13.1316500922204,0,0,0,2019-01-05 16:45:00
"1356",2019-01-05 16:55:00,2.95641666666667,0,0.055869999,0,5.21808333333333,14.5463577178722,13.1217933806177,1,10.2981438106169,11.2981438106169,36.2823564350718,37.2823564350718,0,0,0,0,0,0,0,0,0,0,2.95641666666667,0,14.5463577178722,13.1217933806177,0,0,0,2019-01-05 16:45:00
"1357",2019-01-05 17:00:00,2.92,0,0.06016,0,5.144,14.2616754895226,13.1031931422378,1,13.5578153983064,14.5578153983064,33.208124766842,34.208124766842,0,0,0,0,0,0,0,0,0,0,2.92,0,14.2616754895226,13.1031931422378,0,0,0,2019-01-05 17:00:00
"1358",2019-01-05 17:05:00,2.86791666666667,0,0.06016,0,5.144,14.004760560642,13.0769553540952,1,13.5578153983064,14.5578153983064,33.208124766842,34.208124766842,0,0,0,0,0,0,0,0,0,0,2.86791666666667,0,14.004760560642,13.0769553540952,0,0,0,2019-01-05 17:00:00
"1359",2019-01-05 17:10:00,2.81583333333333,0,0.06016,0,5.144,13.7719599131814,13.0441145046892,1,13.5578153983064,14.5578153983064,33.208124766842,34.208124766842,0,0,0,0,0,0,0,0,0,0,2.81583333333333,0,13.7719599131814,13.0441145046892,0,0,0,2019-01-05 17:00:00
"1360",2019-01-05 17:15:00,2.76375,0,0.06016,0,5.144,13.560103873568,13.0055679855216,1,12.427362411173,13.427362411173,29.8214974712887,30.8214974712887,0,0,0,0,0,0,0,0,0,0,2.76375,0,13.560103873568,13.0055679855216,0,0,0,2019-01-05 17:15:00
"1361",2019-01-05 17:20:00,2.71166666666667,0,0.06016,0,5.144,13.3664421391562,12.9620942383278,1,12.427362411173,13.427362411173,29.8214974712887,30.8214974712887,0,0,0,0,0,0,0,0,0,0,2.71166666666667,0,13.3664421391562,12.9620942383278,0,0,0,2019-01-05 17:15:00
"1362",2019-01-05 17:25:00,2.65958333333333,0,0.06016,0,5.144,13.1885882721126,12.9143685003592,1,12.427362411173,13.427362411173,29.8214974712887,30.8214974712887,0,0,0,0,0,0,0,0,0,0,2.65958333333333,0,13.1885882721126,12.9143685003592,0,0,0,2019-01-05 17:15:00
"1363",2019-01-05 17:30:00,2.6075,0,0.06016,0,5.144,13.774471539999,12.8629764656336,1,16.8413036913365,17.8413036913365,37.8462496681553,38.8462496681553,1,0,9,0,0.639958110537516,0,0.639958110537516,0.038499879929937,0,-0.038499879929937,2.6075,0,13.774471539999,12.8629764656336,9,0,0.639958110537516,2019-01-05 17:30:00
"1364",2019-01-05 17:35:00,2.55541666666667,0,0.06016,0,5.144,14.2927913865183,12.829413095859,1,16.8413036913365,17.8413036913365,37.8462496681553,38.8462496681553,1,0,9,0,0.640148129565544,0,0.640148129565544,0.0385113114746631,0,-0.0385113114746631,2.55541666666667,0,14.2927913865183,12.829413095859,9,0,0.640148129565544,2019-01-05 17:30:00
"1365",2019-01-05 17:40:00,2.50333333333333,0,0.06016,0,5.144,14.7523661950125,12.8111867270771,1,16.8413036913365,17.8413036913365,37.8462496681553,38.8462496681553,1,0,9,0,0.640338665267022,0,0.640338665267022,0.0385227741024641,0,-0.0385227741024641,2.50333333333333,0,14.7523661950125,12.8111867270771,9,0,0.640338665267022,2019-01-05 17:30:00
"1366",2019-01-05 17:45:00,2.45125,0,0.06016,0,5.144,14.4108480749367,12.8061364589199,1,13.4621199113528,14.4621199113528,39.1908992592364,40.1908992592364,0,0,0,0,0,0,0,0,0,0,2.45125,0,14.4108480749367,12.8061364589199,0,0,0,2019-01-05 17:45:00
"1367",2019-01-05 17:50:00,2.39916666666667,0,0.06016,0,5.144,14.1043809655369,12.7914014102262,1,13.4621199113528,14.4621199113528,39.1908992592364,40.1908992592364,0,0,0,0,0,0,0,0,0,0,2.39916666666667,0,14.1043809655369,12.7914014102262,0,0,0,2019-01-05 17:45:00
"1368",2019-01-05 17:55:00,2.34708333333333,0,0.06016,0,5.144,13.828349546635,12.7682889056455,1,13.4621199113528,14.4621199113528,39.1908992592364,40.1908992592364,0,0,0,0,0,0,0,0,0,0,2.34708333333333,0,13.828349546635,12.7682889056455,0,0,0,2019-01-05 17:45:00
"1369",2019-01-05 18:00:00,2.295,0,0.058009998,0,5.03829166666667,13.7223086232813,12.7379330468983,0,11.3999567151469,12.3999567151469,35.5694802210977,36.5694802210977,0,0,0,0,0,0,0,0,0,0,2.295,0,13.7223086232813,12.7379330468983,0,0,0,2019-01-05 18:00:00
"1370",2019-01-05 18:05:00,2.27858333333333,0,0.058009998,0,5.03829166666667,13.6233577531841,12.7055392035917,0,11.3999567151469,12.3999567151469,35.5694802210977,36.5694802210977,0,0,0,0,0,0,0,0,0,0,2.27858333333333,0,13.6233577531841,12.7055392035917,0,0,0,2019-01-05 18:00:00
"1371",2019-01-05 18:10:00,2.26216666666667,0,0.058009998,0,5.03829166666667,13.5306442741609,12.6713744811005,0,11.3999567151469,12.3999567151469,35.5694802210977,36.5694802210977,0,0,0,0,0,0,0,0,0,0,2.26216666666667,0,13.5306442741609,12.6713744811005,0,0,0,2019-01-05 18:00:00
"1372",2019-01-05 18:15:00,2.24575,0,0.058009998,0,5.03829166666667,13.4434201118036,12.6356731200834,0,13.1604128642871,14.1604128642871,41.426270293806,42.426270293806,0,0,0,0,0,0,0,0,0,0,2.24575,0,13.4434201118036,12.6356731200834,0,0,0,2019-01-05 18:15:00
"1373",2019-01-05 18:20:00,2.22933333333333,0,0.058009998,0,5.03829166666667,13.3610289412836,12.5986405310997,0,13.1604128642871,14.1604128642871,41.426270293806,42.426270293806,0,0,0,0,0,0,0,0,0,0,2.22933333333333,0,13.3610289412836,12.5986405310997,0,0,0,2019-01-05 18:15:00
"1374",2019-01-05 18:25:00,2.21291666666667,0,0.058009998,0,5.03829166666667,13.2828949250947,12.5604568339595,0,13.1604128642871,14.1604128642871,41.426270293806,42.426270293806,0,0,0,0,0,0,0,0,0,0,2.21291666666667,0,13.2828949250947,12.5604568339595,0,0,0,2019-01-05 18:15:00
"1375",2019-01-05 18:30:00,2.1965,0,0.058009998,0,5.03829166666667,13.2085128332793,12.5212799626041,0,12.9662499577975,13.9662499577975,32.5196951679757,33.5196951679757,0,0,0,0,0,0,0,0,0,0,2.1965,0,13.2085128332793,12.5212799626041,0,0,0,2019-01-05 18:30:00
"1376",2019-01-05 18:35:00,2.18008333333333,0,0.058009998,0,5.03829166666667,13.137439376434,12.4812483888479,0,12.9662499577975,13.9662499577975,32.5196951679757,33.5196951679757,0,0,0,0,0,0,0,0,0,0,2.18008333333333,0,13.137439376434,12.4812483888479,0,0,0,2019-01-05 18:30:00
"1377",2019-01-05 18:40:00,2.16366666666667,0,0.058009998,0,5.03829166666667,13.0692856026203,12.4404835117693,0,12.9662499577975,13.9662499577975,32.5196951679757,33.5196951679757,0,0,0,0,0,0,0,0,0,0,2.16366666666667,0,13.0692856026203,12.4404835117693,0,0,0,2019-01-05 18:30:00
"1378",2019-01-05 18:45:00,2.14725,0,0.058009998,0,5.03829166666667,13.7537102275828,12.3990917537931,0,19.0370153168312,20.0370153168312,31.7264206120265,32.7264206120265,1,0,9,0,0.641655328928278,0,0.641655328928278,0.0372224243478187,0,-0.0372224243478187,2.14725,0,13.7537102275828,12.3990917537931,9,0,0.641655328928278,2019-01-05 18:45:00
"1379",2019-01-05 18:50:00,2.13083333333333,0,0.058009998,0,5.03829166666667,14.370245538177,12.3781533573341,0,19.0370153168312,20.0370153168312,31.7264206120265,32.7264206120265,1,0,9,0,0.641716627682784,0,0.641716627682784,0.0372259802884451,0,-0.0372259802884451,2.13083333333333,0,14.370245538177,12.3781533573341,9,0,0.641716627682784,2019-01-05 18:45:00
"1380",2019-01-05 18:55:00,2.11441666666667,0,0.058009998,0,5.03829166666667,14.9271432634912,12.3750790519253,0,19.0370153168312,20.0370153168312,31.7264206120265,32.7264206120265,1,0,9,0,0.641777979512089,0,0.641777979512089,0.0372295393079404,0,-0.0372295393079404,2.11441666666667,0,14.9271432634912,12.3750790519253,9,0,0.641777979512089,2019-01-05 18:45:00
"1381",2019-01-05 19:00:00,2.098,0,0.05275,0,4.89820833333333,15.142679386766,12.3875977648622,0,14.6381800792097,15.6381800792097,41.0570715316105,42.0570715316105,1,0,5.53244178862156,0,0.352876200203618,0,0.352876200203618,0.0186142195607408,0,-0.0186142195607408,2.098,0,15.142679386766,12.3875977648622,5.53244178862156,0,0.352876200203618,2019-01-05 19:00:00
"1382",2019-01-05 19:05:00,2.09233333333333,0,0.05275,0,4.89820833333333,15.1281729417415,12.405693220227,0,14.6381800792097,15.6381800792097,41.0570715316105,42.0570715316105,1,0,3,0,0.141860592460904,0,0.141860592460904,0.00748314625231268,0,-0.00748314625231268,2.09233333333333,0,15.1281729417415,12.405693220227,3,0,0.141860592460904,2019-01-05 19:00:00
"1383",2019-01-05 19:10:00,2.08666666666667,0,0.05275,0,4.89820833333333,15.1267082181706,12.4227402160687,0,14.6381800792097,15.6381800792097,41.0570715316105,42.0570715316105,1,0,3.12008564961761,0,0.151888944247815,0,0.151888944247815,0.00801214180907223,0,-0.00801214180907223,2.08666666666667,0,15.1267082181706,12.4227402160687,3.12008564961761,0,0.151888944247815,2019-01-05 19:00:00
"1384",2019-01-05 19:15:00,2.081,0,0.05275,0,4.89820833333333,15.2120612797274,12.4391390408248,0,14.7218161139982,15.7218161139982,30.878946738527,31.878946738527,1,0,4.14129474993083,0,0.237010923271898,0,0.237010923271898,0.0125023262025926,0,-0.0125023262025926,2.081,0,15.2120612797274,12.4391390408248,4.14129474993083,0,0.237010923271898,2019-01-05 19:15:00
"1385",2019-01-05 19:20:00,2.07533333333333,0,0.05275,0,4.89820833333333,15.2055956210482,12.4573409347434,0,14.7218161139982,15.7218161139982,30.878946738527,31.878946738527,1,0,3.11705801124965,0,0.151679088728503,0,0.151679088728503,0.00800107193042855,0,-0.00800107193042855,2.07533333333333,0,15.2055956210482,12.4573409347434,3.11705801124965,0,0.151679088728503,2019-01-05 19:15:00
"1386",2019-01-05 19:25:00,2.06966666666667,0,0.05275,0,4.89820833333333,15.2078878162558,12.4747157829368,0,14.7218161139982,15.7218161139982,30.878946738527,31.878946738527,1,0,3.1946459154001,0,0.158165980772647,0,0.158165980772647,0.00834325548575713,0,-0.00834325548575713,2.06966666666667,0,15.2078878162558,12.4747157829368,3.1946459154001,0,0.158165980772647,2019-01-05 19:15:00
"1387",2019-01-05 19:30:00,2.064,0,0.05275,0,4.89820833333333,15.6953555149759,12.4915365354561,0,18.0189384158611,19.0189384158611,40.6622302456189,41.6622302456189,1,0,9,0,0.641966727541999,0,0.641966727541999,0.0338637448778405,0,-0.0338637448778405,2.064,0,15.6953555149759,12.4915365354561,9,0,0.641966727541999,2019-01-05 19:30:00
"1388",2019-01-05 19:35:00,2.05833333333333,0,0.05275,0,4.89820833333333,16.1387758482734,12.5213983498251,0,18.0189384158611,19.0189384158611,40.6622302456189,41.6622302456189,1,0,9,0,0.641987973618634,0,0.641987973618634,0.033864865608383,0,-0.033864865608383,2.05833333333333,0,16.1387758482734,12.5213983498251,9,0,0.641987973618634,2019-01-05 19:30:00
"1389",2019-01-05 19:40:00,2.05266666666667,0,0.05275,0,4.89820833333333,16.543481328825,12.5626290085987,0,18.0189384158611,19.0189384158611,40.6622302456189,41.6622302456189,1,0,9,0,0.642009226055398,0,0.642009226055398,0.0338659866744223,0,-0.0338659866744223,2.05266666666667,0,16.543481328825,12.5626290085987,9,0,0.642009226055398,2019-01-05 19:30:00
"1390",2019-01-05 19:45:00,2.047,0,0.05275,0,4.89820833333333,16.4141502191045,12.6137618879184,0,15.7431278679503,16.7431278679503,37.382251913905,38.382251913905,1,0,3,0,0.142030484855147,0,0.142030484855147,0.00749210807610902,0,-0.00749210807610902,2.047,0,16.4141502191045,12.6137618879184,3,0,0.142030484855147,2019-01-05 19:45:00
"1391",2019-01-05 19:50:00,2.04133333333333,0,0.05275,0,4.89820833333333,16.301665671965,12.6595194134028,0,15.7431278679503,16.7431278679503,37.382251913905,38.382251913905,1,0,3,0,0.14205175002074,0,0.14205175002074,0.00749322981359401,0,-0.00749322981359401,2.04133333333333,0,16.301665671965,12.6595194134028,3,0,0.14205175002074,2019-01-05 19:45:00
"1392",2019-01-05 19:55:00,2.03566666666667,0,0.05275,0,4.89820833333333,16.2039521798642,12.7005542167444,0,15.7431278679503,16.7431278679503,37.382251913905,38.382251913905,1,0,3,0,0.142073021555035,0,0.142073021555035,0.00749435188702808,0,-0.00749435188702808,2.03566666666667,0,16.2039521798642,12.7005542167444,3,0,0.142073021555035,2019-01-05 19:45:00
"1393",2019-01-05 20:00:00,2.03,0,0.051900002,0,4.74270833333333,16.1191890458539,12.7374388491515,0,15.3400178642986,16.3400178642986,34.9875950884831,35.9875950884831,1,0,3,0,0.142094299460894,0,0.142094299460894,0.00737469442620901,0,-0.00737469442620901,2.03,0,16.1191890458539,12.7374388491515,3,0,0.142094299460894,2019-01-05 20:00:00
"1394",2019-01-05 20:05:00,2.00416666666667,0,0.051900002,0,4.74270833333333,16.0457658873282,12.7705600425701,0,15.3400178642986,16.3400178642986,34.9875950884831,35.9875950884831,1,0,3,0,0.142191382491264,0,0.142191382491264,0.00737973303567937,0,-0.00737973303567937,2.00416666666667,0,16.0457658873282,12.7705600425701,3,0,0.142191382491264,2019-01-05 20:00:00
"1395",2019-01-05 20:10:00,1.97833333333333,0,0.051900002,0,4.74270833333333,15.9822721306952,12.8003619970489,0,15.3400178642986,16.3400178642986,34.9875950884831,35.9875950884831,1,0,3,0,0.142288598272332,0,0.142288598272332,0.00738477853491122,0,-0.00738477853491122,1.97833333333333,0,15.9822721306952,12.8003619970489,3,0,0.142288598272332,2019-01-05 20:00:00
"1396",2019-01-05 20:15:00,1.9525,0,0.051900002,0,4.74270833333333,15.67747043952,12.8272344656578,0,12.0989520565412,13.0989520565412,36.9360527717038,37.9360527717038,0,0,0,0,0,0,0,0,0,0,1.9525,0,15.67747043952,12.8272344656578,0,0,0,2019-01-05 20:15:00
"1397",2019-01-05 20:20:00,1.92666666666667,0,0.051900002,0,4.74270833333333,15.4036648637906,12.8445237850806,0,12.0989520565412,13.0989520565412,36.9360527717038,37.9360527717038,0,0,0,0,0,0,0,0,0,0,1.92666666666667,0,15.4036648637906,12.8445237850806,0,0,0,2019-01-05 20:15:00
"1398",2019-01-05 20:25:00,1.90083333333333,0,0.051900002,0,4.74270833333333,15.1570651831722,12.8534203870856,0,12.0989520565412,13.0989520565412,36.9360527717038,37.9360527717038,0,0,0,0,0,0,0,0,0,0,1.90083333333333,0,15.1570651831722,12.8534203870856,0,0,0,2019-01-05 20:15:00
"1399",2019-01-05 20:30:00,1.875,0,0.051900002,0,4.74270833333333,14.9343463752878,12.8549685098033,0,11.9731796922514,12.9731796922514,28.3170664779328,29.3170664779328,0,0,0,0,0,0,0,0,0,0,1.875,0,14.9343463752878,12.8549685098033,0,0,0,2019-01-05 20:30:00
"1400",2019-01-05 20:35:00,1.84916666666667,0,0.051900002,0,4.74270833333333,14.7325915111655,12.8500841438494,0,11.9731796922514,12.9731796922514,28.3170664779328,29.3170664779328,0,0,0,0,0,0,0,0,0,0,1.84916666666667,0,14.7325915111655,12.8500841438494,0,0,0,2019-01-05 20:30:00
"1401",2019-01-05 20:40:00,1.82333333333333,0,0.051900002,0,4.74270833333333,14.5492416604888,12.8395707754895,0,11.9731796922514,12.9731796922514,28.3170664779328,29.3170664779328,0,0,0,0,0,0,0,0,0,0,1.82333333333333,0,14.5492416604888,12.8395707754895,0,0,0,2019-01-05 20:30:00
"1402",2019-01-05 20:45:00,1.7975,0,0.051900002,0,4.74270833333333,14.3820519461711,12.824133197269,0,14.3388244473926,15.3388244473926,37.4097726154424,38.4097726154424,0,0,0,0,0,0,0,0,0,0,1.7975,0,14.3820519461711,12.824133197269,0,0,0,2019-01-05 20:45:00
"1403",2019-01-05 20:50:00,1.77166666666667,0,0.051900002,0,4.74270833333333,14.2290529933995,12.8043896233327,0,14.3388244473926,15.3388244473926,37.4097726154424,38.4097726154424,0,0,0,0,0,0,0,0,0,0,1.77166666666667,0,14.2290529933995,12.8043896233327,0,0,0,2019-01-05 20:45:00
"1404",2019-01-05 20:55:00,1.74583333333333,0,0.051900002,0,4.74270833333333,14.8385171109572,12.7808823175405,0,14.3388244473926,15.3388244473926,37.4097726154424,38.4097726154424,1,0,9,0,0.643169559288304,0,0.643169559288304,0.0333805014134021,0,-0.0333805014134021,1.74583333333333,0,14.8385171109572,12.7808823175405,9,0,0.643169559288304,2019-01-05 20:45:00
"1405",2019-01-05 21:00:00,1.72,0,0.051130001,0,4.56929166666667,14.6387603783877,12.7750738748052,0,13.1759266341809,14.1759266341809,29.8743100020511,30.8743100020511,0,0,0,0,0,0,0,0,0,0,1.72,0,14.6387603783877,12.7750738748052,0,0,0,2019-01-05 21:00:00
"1406",2019-01-05 21:05:00,1.66391666666667,0,0.051130001,0,4.56929166666667,14.457116044257,12.7635501430445,0,13.1759266341809,14.1759266341809,29.8743100020511,30.8743100020511,0,0,0,0,0,0,0,0,0,0,1.66391666666667,0,14.457116044257,12.7635501430445,0,0,0,2019-01-05 21:00:00
"1407",2019-01-05 21:10:00,1.60783333333333,0,0.051130001,0,4.56929166666667,14.2913585916314,12.7470106356784,0,13.1759266341809,14.1759266341809,29.8743100020511,30.8743100020511,0,0,0,0,0,0,0,0,0,0,1.60783333333333,0,14.2913585916314,12.7470106356784,0,0,0,2019-01-05 21:00:00
"1408",2019-01-05 21:15:00,1.55175,0,0.051130001,0,4.56929166666667,14.1395357041178,12.7260690074503,0,12.4069720853491,13.4069720853491,39.3495472553611,40.3495472553611,0,0,0,0,0,0,0,0,0,0,1.55175,0,14.1395357041178,12.7260690074503,0,0,0,2019-01-05 21:15:00
"1409",2019-01-05 21:20:00,1.49566666666667,0,0.051130001,0,4.56929166666667,13.9999347293944,12.7012635938708,0,12.4069720853491,13.4069720853491,39.3495472553611,40.3495472553611,0,0,0,0,0,0,0,0,0,0,1.49566666666667,0,13.9999347293944,12.7012635938708,0,0,0,2019-01-05 21:15:00
"1410",2019-01-05 21:25:00,1.43958333333333,0,0.051130001,0,4.56929166666667,13.8710532594737,12.6730666569034,0,12.4069720853491,13.4069720853491,39.3495472553611,40.3495472553611,0,0,0,0,0,0,0,0,0,0,1.43958333333333,0,13.8710532594737,12.6730666569034,0,0,0,2019-01-05 21:15:00
"1411",2019-01-05 21:30:00,1.3835,0,0.051130001,0,4.56929166666667,13.7515733223517,12.6418924957067,0,9.71275044311614,10.7127504431161,35.8641362128286,36.8641362128286,0,0,0,0,0,0,0,0,0,0,1.3835,0,13.7515733223517,12.6418924957067,0,0,0,2019-01-05 21:30:00
"1412",2019-01-05 21:35:00,1.32741666666667,0,0.051130001,0,4.56929166666667,13.6403387417329,12.6081045617519,0,9.71275044311614,10.7127504431161,35.8641362128286,36.8641362128286,0,0,0,0,0,0,0,0,0,0,1.32741666666667,0,13.6403387417329,12.6081045617519,0,0,0,2019-01-05 21:30:00
"1413",2019-01-05 21:40:00,1.27133333333333,0,0.051130001,0,4.56929166666667,13.536335275937,12.5720217005327,0,9.71275044311614,10.7127504431161,35.8641362128286,36.8641362128286,0,0,0,0,0,0,0,0,0,0,1.27133333333333,0,13.536335275937,12.5720217005327,0,0,0,2019-01-05 21:30:00
"1414",2019-01-05 21:45:00,1.21525,0,0.051130001,0,4.56929166666667,13.4386731948318,12.53392362708,0,12.5485948148181,13.5485948148181,32.2084263661061,33.2084263661061,0,0,0,0,0,0,0,0,0,0,1.21525,0,13.4386731948318,12.53392362708,0,0,0,2019-01-05 21:45:00
"1415",2019-01-05 21:50:00,1.15916666666667,0,0.051130001,0,4.56929166666667,13.3465719955155,12.4940557293379,0,12.5485948148181,13.5485948148181,32.2084263661061,33.2084263661061,0,0,0,0,0,0,0,0,0,0,1.15916666666667,0,13.3465719955155,12.4940557293379,0,0,0,2019-01-05 21:45:00
"1416",2019-01-05 21:55:00,1.10308333333333,0,0.051130001,0,4.56929166666667,13.259346994208,12.4526332819049,0,12.5485948148181,13.5485948148181,32.2084263661061,33.2084263661061,0,0,0,0,0,0,0,0,0,0,1.10308333333333,0,13.259346994208,12.4526332819049,0,0,0,2019-01-05 21:45:00
"1417",2019-01-05 22:00:00,1.047,0,0.050209999,0,4.35404166666667,13.9263975640404,12.4098451425244,0,19.7638403015825,20.7638403015825,33.1350832061978,34.1350832061978,1,0,9,0,0.645884411112774,0,0.645884411112774,0.032429855636088,0,-0.032429855636088,1.047,0,13.9263975640404,12.4098451425244,9,0,0.645884411112774,2019-01-05 22:00:00
"1418",2019-01-05 22:05:00,1.01364166666667,0,0.050209999,0,4.35404166666667,14.5270434649968,12.3869741825029,0,19.7638403015825,20.7638403015825,33.1350832061978,34.1350832061978,1,0,9,0,0.646016579729977,0,0.646016579729977,0.0324364918222256,0,-0.0324364918222256,1.01364166666667,0,14.5270434649968,12.3869741825029,9,0,0.646016579729977,2019-01-05 22:00:00
"1419",2019-01-05 22:10:00,0.980283333333333,0,0.050209999,0,4.35404166666667,15.0693477136683,12.3814907520979,0,19.7638403015825,20.7638403015825,33.1350832061978,34.1350832061978,1,0,9,0,0.646148988049061,0,0.646148988049061,0.0324431400437944,0,-0.0324431400437944,0.980283333333333,0,15.0693477136683,12.3814907520979,9,0,0.646148988049061,2019-01-05 22:00:00
"1420",2019-01-05 22:15:00,0.946925,0,0.050209999,0,4.35404166666667,14.8103839594801,12.3911761086494,0,10.7368913754394,11.7368913754394,27.4657900636931,28.4657900636931,0,0,0,0,0,0,0,0,0,0,0.946925,0,14.8103839594801,12.3911761086494,0,0,0,2019-01-05 22:15:00
"1421",2019-01-05 22:20:00,0.913566666666667,0,0.050209999,0,4.35404166666667,14.5765261770724,12.3930972919367,0,10.7368913754394,11.7368913754394,27.4657900636931,28.4657900636931,0,0,0,0,0,0,0,0,0,0,0.913566666666667,0,14.5765261770724,12.3930972919367,0,0,0,2019-01-05 22:15:00
"1422",2019-01-05 22:25:00,0.880208333333333,0,0.050209999,0,4.35404166666667,14.3647042011593,12.3882185884588,0,10.7368913754394,11.7368913754394,27.4657900636931,28.4657900636931,0,0,0,0,0,0,0,0,0,0,0.880208333333333,0,14.3647042011593,12.3882185884588,0,0,0,2019-01-05 22:15:00
"1423",2019-01-05 22:30:00,0.84685,0,0.050209999,0,4.35404166666667,14.1722246883388,12.3773858641994,0,13.7695021412298,14.7695021412298,32.8267840191269,33.8267840191269,0,0,0,0,0,0,0,0,0,0,0.84685,0,14.1722246883388,12.3773858641994,0,0,0,2019-01-05 22:30:00
"1424",2019-01-05 22:35:00,0.813491666666667,0,0.050209999,0,4.35404166666667,13.9967248609845,12.3613411014329,0,13.7695021412298,14.7695021412298,32.8267840191269,33.8267840191269,0,0,0,0,0,0,0,0,0,0,0.813491666666667,0,13.9967248609845,12.3613411014329,0,0,0,2019-01-05 22:30:00
"1425",2019-01-05 22:40:00,0.780133333333333,0,0.050209999,0,4.35404166666667,13.8361319292525,12.3407351510796,0,13.7695021412298,14.7695021412298,32.8267840191269,33.8267840191269,0,0,0,0,0,0,0,0,0,0,0.780133333333333,0,13.8361319292525,12.3407351510796,0,0,0,2019-01-05 22:30:00
"1426",2019-01-05 22:45:00,0.746775,0,0.050209999,0,4.35404166666667,14.4386274941939,12.3161389196595,0,16.8861644794573,17.8861644794573,37.9552988541708,38.9552988541708,1,0,9,0,0.647082613060584,0,0.647082613060584,0.0324900173546893,0,-0.0324900173546893,0.746775,0,14.4386274941939,12.3161389196595,9,0,0.647082613060584,2019-01-05 22:45:00
"1427",2019-01-05 22:50:00,0.713416666666667,0,0.050209999,0,4.35404166666667,14.982448074991,12.3090401408677,0,16.8861644794573,17.8861644794573,37.9552988541708,38.9552988541708,1,0,9,0,0.647216962691762,0,0.647216962691762,0.0324967630495364,0,-0.0324967630495364,0.713416666666667,0,14.982448074991,12.3090401408677,9,0,0.647216962691762,2019-01-05 22:45:00
"1428",2019-01-05 22:55:00,0.680058333333333,0,0.050209999,0,4.35404166666667,15.4747087189151,12.3172070386816,0,16.8861644794573,17.8861644794573,37.9552988541708,38.9552988541708,1,0,9,0,0.647351557985229,0,0.647351557985229,0.0325035210790868,0,-0.0325035210790868,0.680058333333333,0,15.4747087189151,12.3172070386816,9,0,0.647351557985229,2019-01-05 22:45:00
"1429",2019-01-05 23:00:00,0.6467,0,0.050290001,0,4.1302375,15.9216514690073,12.3386821752002,0,19.060394456182,20.060394456182,34.5258340124648,35.5258340124648,1,0,9,0,0.647486399615403,0,0.647486399615403,0.032562091684145,0,-0.032562091684145,0.6467,0,15.9216514690073,12.3386821752002,9,0,0.647486399615403,2019-01-05 23:00:00
"1430",2019-01-05 23:05:00,0.604891666666667,0,0.050290001,0,4.1302375,16.3287469888675,12.3717003485738,0,19.060394456182,20.060394456182,34.5258340124648,35.5258340124648,1,0,9,0,0.647655746857275,0,0.647655746857275,0.0325706081571081,0,-0.0325706081571081,0.604891666666667,0,16.3287469888675,12.3717003485738,9,0,0.647655746857275,2019-01-05 23:00:00
"1431",2019-01-05 23:10:00,0.563083333333333,0,0.050290001,0,4.1302375,16.7007956664314,12.4147573754641,0,19.060394456182,20.060394456182,34.5258340124648,35.5258340124648,1,0,9,0,0.647825483442918,0,0.647825483442918,0.0325791442101698,0,-0.0325791442101698,0.563083333333333,0,16.7007956664314,12.4147573754641,9,0,0.647825483442918,2019-01-05 23:00:00
"1432",2019-01-05 23:15:00,0.521275,0,0.050290001,0,4.1302375,16.2920090345274,12.4665341108963,0,10.2485261966334,11.2485261966334,35.8702528137441,36.8702528137441,0,0,0,0,0,0,0,0,0,0,0.521275,0,16.2920090345274,12.4665341108963,0,0,0,2019-01-05 23:15:00
"1433",2019-01-05 23:20:00,0.479466666666667,0,0.050290001,0,4.1302375,15.9262502987964,12.5048867744382,0,10.2485261966334,11.2485261966334,35.8702528137441,36.8702528137441,0,0,0,0,0,0,0,0,0,0,0.479466666666667,0,15.9262502987964,12.5048867744382,0,0,0,2019-01-05 23:15:00
"1434",2019-01-05 23:25:00,0.437658333333333,0,0.050290001,0,4.1302375,15.5982467432186,12.5314719686549,0,10.2485261966334,11.2485261966334,35.8702528137441,36.8702528137441,0,0,0,0,0,0,0,0,0,0,0.437658333333333,0,15.5982467432186,12.5314719686549,0,0,0,2019-01-05 23:15:00
"1435",2019-01-05 23:30:00,0.39585,0,0.050290001,0,4.1302375,15.3033728568845,12.5477429022203,0,12.1596122468692,13.1596122468692,36.3651678398606,37.3651678398606,0,0,0,0,0,0,0,0,0,0,0.39585,0,15.3033728568845,12.5477429022203,0,0,0,2019-01-05 23:30:00
"1436",2019-01-05 23:35:00,0.354041666666667,0,0.050290001,0,4.1302375,15.0375708872445,12.5549743574846,0,12.1596122468692,13.1596122468692,36.3651678398606,37.3651678398606,0,0,0,0,0,0,0,0,0,0,0.354041666666667,0,15.0375708872445,12.5549743574846,0,0,0,2019-01-05 23:30:00
"1437",2019-01-05 23:40:00,0.312233333333333,0,0.050290001,0,4.1302375,14.7972811457555,12.5542845931745,0,12.1596122468692,13.1596122468692,36.3651678398606,37.3651678398606,0,0,0,0,0,0,0,0,0,0,0.312233333333333,0,14.7972811457555,12.5542845931745,0,0,0,2019-01-05 23:30:00
"1438",2019-01-05 23:45:00,0.270425,0,0.050290001,0,4.1302375,14.5793808687779,12.5466545584514,0,10.6267411086288,11.6267411086288,37.8130851254686,38.8130851254686,0,0,0,0,0,0,0,0,0,0,0.270425,0,14.5793808687779,12.5466545584514,0,0,0,2019-01-05 23:45:00
"1439",2019-01-05 23:50:00,0.228616666666667,0,0.050290001,0,4.1302375,14.3811305835337,12.532944748369,0,10.6267411086288,11.6267411086288,37.8130851254686,38.8130851254686,0,0,0,0,0,0,0,0,0,0,0.228616666666667,0,14.3811305835337,12.532944748369,0,0,0,2019-01-05 23:45:00
"1440",2019-01-05 23:55:00,0.186808333333333,0,0.050290001,0,4.1302375,14.200127057851,12.5139099902571,0,10.6267411086288,11.6267411086288,37.8130851254686,38.8130851254686,0,0,0,0,0,0,0,0,0,0,0.186808333333333,0,14.200127057851,12.5139099902571,0,0,0,2019-01-05 23:45:00
"1441",2019-01-06,0.145,0,0.049029999,0,3.88419583333333,14.7842620255076,12.4902124150185,0,17.2676990350304,18.2676990350304,35.4005871072592,36.4005871072592,1,0,0,0,0,0,0,0,0,0,0.145,0,14.7842620255076,12.4902124150185,0,0,0,2019-01-06
"1442",2019-01-06 00:05:00,0.189025,0,0.049029999,0,3.88419583333333,15.3115739873116,12.4839116778351,0,23.1531233161222,24.1531233161222,32.7082704710774,33.7082704710774,1,0,9,0,0.649361658517233,0,0.649361658517233,0.0318382014677383,0,-0.0318382014677383,0.189025,0,15.3115739873116,12.4839116778351,9,0,0.649361658517233,2019-01-06
"1443",2019-01-06 00:10:00,0.23305,0,0.049029999,0,3.88419583333333,15.7889953764554,12.4928312179203,0,23.1531233161222,24.1531233161222,32.7082704710774,33.7082704710774,1,0,9,0,0.649179201859346,0,0.649179201859346,0.0318292556179845,0,-0.0318292556179845,0.23305,0,15.7889953764554,12.4928312179203,9,0,0.649179201859346,2019-01-06
"1444",2019-01-06 00:15:00,0.277075,0,0.049029999,0,3.88419583333333,15.9912057281225,12.515061841103,0,15.5575932681095,16.5575932681095,33.0661678249016,34.0661678249016,1,0,6.22317469984903,0,0.417595082081114,0,0.417595082081114,0.020474686456842,0,-0.020474686456842,0.277075,0,15.9912057281225,12.515061841103,6.22317469984903,0,0.417595082081114,2019-01-06 00:15:00
"1445",2019-01-06 00:20:00,0.3211,0,0.049029999,0,3.88419583333333,15.9743815296522,12.5424536636382,0,15.5575932681095,16.5575932681095,33.0661678249016,34.0661678249016,1,0,3.79665047984404,0,0.215203162579632,0,0.215203162579632,0.0105514108460762,0,-0.0105514108460762,0.3211,0,15.9743815296522,12.5424536636382,3.79665047984404,0,0.215203162579632,2019-01-06 00:15:00
"1446",2019-01-06 00:25:00,0.365125,0,0.049029999,0,3.88419583333333,15.9785291784262,12.5687035259858,0,15.5575932681095,16.5575932681095,33.0661678249016,34.0661678249016,1,0,3.99854086148702,0,0.231846235193665,0,0.231846235193665,0.0113674206796992,0,-0.0113674206796992,0.365125,0,15.9785291784262,12.5687035259858,3.99854086148702,0,0.231846235193665,2019-01-06 00:15:00
"1447",2019-01-06 00:30:00,0.40915,0,0.049029999,0,3.88419583333333,15.6515445698579,12.5944367744202,0,10.8883629678749,11.8883629678749,25.6505758180283,26.6505758180283,0,0,0,0,0,0,0,0,0,0,0.40915,0,15.6515445698579,12.5944367744202,0,0,0,2019-01-06 00:30:00
"1448",2019-01-06 00:35:00,0.453175,0,0.049029999,0,3.88419583333333,15.3575714071827,12.6104048807221,0,10.8883629678749,11.8883629678749,25.6505758180283,26.6505758180283,0,0,0,0,0,0,0,0,0,0,0.453175,0,15.3575714071827,12.6104048807221,0,0,0,2019-01-06 00:30:00
"1449",2019-01-06 00:40:00,0.4972,0,0.049029999,0,3.88419583333333,15.0926140129063,12.6178608064488,0,10.8883629678749,11.8883629678749,25.6505758180283,26.6505758180283,0,0,0,0,0,0,0,0,0,0,0.4972,0,15.0926140129063,12.6178608064488,0,0,0,2019-01-06 00:30:00
"1450",2019-01-06 00:45:00,0.541225,0,0.049029999,0,3.88419583333333,15.6031669387427,12.6179034622069,0,23.066548096016,24.066548096016,23.0650577000342,24.0650577000342,1,0,9,0,0.647914380973471,0,0.647914380973471,0.0317672414512149,0,-0.0317672414512149,0.541225,0,15.6031669387427,12.6179034622069,9,0,0.647914380973471,2019-01-06 00:45:00
"1451",2019-01-06 00:50:00,0.58525,0,0.049029999,0,3.88419583333333,16.0659865437034,12.6324835769754,0,23.066548096016,24.066548096016,23.0650577000342,24.0650577000342,1,0,9,0,0.647735440986229,0,0.647735440986229,0.0317584680238193,0,-0.0317584680238193,0.58525,0,16.0659865437034,12.6324835769754,9,0,0.647735440986229,2019-01-06 00:45:00
"1452",2019-01-06 00:55:00,0.629275,0,0.049029999,0,3.88419583333333,16.4868892085232,12.6597753421736,0,23.066548096016,24.066548096016,23.0650577000342,24.0650577000342,1,0,9,0,0.647556933422526,0,0.647556933422526,0.0317497157981495,0,-0.0317497157981495,0.629275,0,16.4868892085232,12.6597753421736,9,0,0.647556933422526,2019-01-06 00:45:00
"1453",2019-01-06 01:00:00,0.6733,0,0.048810001,0,3.653625,16.5484379483214,12.6981772607618,0,16.1643496316392,17.1643496316392,20.2998490333557,21.2998490333557,1,0,5.12952507739254,0,0.324839279832817,0,0.324839279832817,0.0158554055734791,0,-0.0158554055734791,0.6733,0,16.5484379483214,12.6981772607618,5.12952507739254,0,0.324839279832817,2019-01-06 01:00:00
"1454",2019-01-06 01:05:00,0.667466666666667,0,0.048810001,0,3.653625,16.5462433943623,12.7369733895241,0,16.1643496316392,17.1643496316392,20.2998490333557,21.2998490333557,1,0,4.3909401998131,0,0.26331411057584,0,0.26331411057584,0.0128523620005209,0,-0.0128523620005209,0.667466666666667,0,16.5462433943623,12.7369733895241,4.3909401998131,0,0.26331411057584,2019-01-06 01:00:00
"1455",2019-01-06 01:10:00,0.661633333333333,0,0.048810001,0,3.653625,16.5500491368717,12.7743667345759,0,16.1643496316392,17.1643496316392,20.2998490333557,21.2998490333557,1,0,4.41727484732264,0,0.265532242616834,0,0.265532242616834,0.0129606290276599,0,-0.0129606290276599,0.661633333333333,0,16.5500491368717,12.7743667345759,4.41727484732264,0,0.265532242616834,2019-01-06 01:00:00
"1456",2019-01-06 01:15:00,0.6558,0,0.048810001,0,3.653625,16.1888626891258,12.8105724923383,0,7.73152066301554,8.73152066301554,33.3068444095552,34.3068444095552,0,0,0,0,0,0,0,0,0,0,0.6558,0,16.1888626891258,12.8105724923383,0,0,0,2019-01-06 01:15:00
"1457",2019-01-06 01:20:00,0.649966666666667,0,0.048810001,0,3.653625,15.864827774347,12.8354172660022,0,7.73152066301554,8.73152066301554,33.3068444095552,34.3068444095552,0,0,0,0,0,0,0,0,0,0,0.649966666666667,0,15.864827774347,12.8354172660022,0,0,0,2019-01-06 01:15:00
"1458",2019-01-06 01:25:00,0.644133333333333,0,0.048810001,0,3.653625,15.5734131208431,12.8503236686611,0,7.73152066301554,8.73152066301554,33.3068444095552,34.3068444095552,0,0,0,0,0,0,0,0,0,0,0.644133333333333,0,15.5734131208431,12.8503236686611,0,0,0,2019-01-06 01:15:00
"1459",2019-01-06 01:30:00,0.6383,0,0.048810001,0,3.653625,16.0606435560828,12.8565395556214,0,25.2702069065999,26.2702069065999,29.1552503993735,30.1552503993735,1,0,9,0,0.647520393145388,0,0.647520393145388,0.0316054710369468,0,-0.0316054710369468,0.6383,0,16.0606435560828,12.8565395556214,9,0,0.647520393145388,2019-01-06 01:30:00
"1460",2019-01-06 01:35:00,0.632466666666667,0,0.048810001,0,3.653625,16.5028634984341,12.8761464350349,0,25.2702069065999,26.2702069065999,29.1552503993735,30.1552503993735,1,0,9,0,0.647544008984368,0,0.647544008984368,0.031606623726071,0,-0.031606623726071,0.632466666666667,0,16.5028634984341,12.8761464350349,9,0,0.647544008984368,2019-01-06 01:30:00
"1461",2019-01-06 01:40:00,0.626633333333333,0,0.048810001,0,3.653625,16.9055280778727,12.907433341322,0,25.2702069065999,26.2702069065999,29.1552503993735,30.1552503993735,1,0,9,0,0.647567632385653,0,0.647567632385653,0.0316077767843113,0,-0.0316077767843113,0.626633333333333,0,16.9055280778727,12.907433341322,9,0,0.647567632385653,2019-01-06 01:30:00
"1462",2019-01-06 01:45:00,0.6208,0,0.048810001,0,3.653625,16.5234231025941,12.9488996399688,0,13.8566004945897,14.8566004945897,48.7025867616758,49.7025867616758,0,0,0,0,0,0,0,0,0,0,0.6208,0,16.5234231025941,12.9488996399688,0,0,0,2019-01-06 01:45:00
"1463",2019-01-06 01:50:00,0.614966666666667,0,0.048810001,0,3.653625,16.1809154649567,12.9782422493385,0,13.8566004945897,14.8566004945897,48.7025867616758,49.7025867616758,0,0,0,0,0,0,0,0,0,0,0.614966666666667,0,16.1809154649567,12.9782422493385,0,0,0,2019-01-06 01:45:00
"1464",2019-01-06 01:55:00,0.609133333333333,0,0.048810001,0,3.653625,15.8731742124647,12.9969779358292,0,13.8566004945897,14.8566004945897,48.7025867616758,49.7025867616758,0,0,0,0,0,0,0,0,0,0,0.609133333333333,0,15.8731742124647,12.9969779358292,0,0,0,2019-01-06 01:45:00
"1465",2019-01-06 02:00:00,0.6033,0,0.04866,0,3.4301375,16.3459612762732,13.0064371479827,0,22.6715305116959,23.6715305116959,45.7044362188317,46.7044362188317,1,0,9,0,0.647662201686545,0,0.647662201686545,0.0315152427340673,0,-0.0315152427340673,0.6033,0,16.3459612762732,13.0064371479827,9,0,0.647662201686545,2019-01-06 02:00:00
"1466",2019-01-06 02:05:00,0.620525,0,0.04866,0,3.4301375,16.7754055597903,13.028905986223,0,22.6715305116959,23.6715305116959,45.7044362188317,46.7044362188317,1,0,9,0,0.647592377570997,0,0.647592377570997,0.0315118450926047,0,-0.0315118450926047,0.620525,0,16.7754055597903,13.028905986223,9,0,0.647592377570997,2019-01-06 02:00:00
"1467",2019-01-06 02:10:00,0.63775,0,0.04866,0,3.4301375,17.1667707359026,13.0627330090393,0,22.6715305116959,23.6715305116959,45.7044362188317,46.7044362188317,1,0,9,0,0.647522619458838,0,0.647522619458838,0.0315084506628671,0,-0.0315084506628671,0.63775,0,17.1667707359026,13.0627330090393,9,0,0.647522619458838,2019-01-06 02:00:00
"1468",2019-01-06 02:15:00,0.654975,0,0.04866,0,3.4301375,16.7746745979147,13.1064697417652,0,12.0193875459954,13.0193875459954,39.6190965785645,40.6190965785645,0,0,0,0,0,0,0,0,0,0,0.654975,0,16.7746745979147,13.1064697417652,0,0,0,2019-01-06 02:15:00
"1469",2019-01-06 02:20:00,0.6722,0,0.04866,0,3.4301375,16.4233365881423,13.1378588026358,0,12.0193875459954,13.0193875459954,39.6190965785645,40.6190965785645,0,0,0,0,0,0,0,0,0,0,0.6722,0,16.4233365881423,13.1378588026358,0,0,0,2019-01-06 02:15:00
"1470",2019-01-06 02:25:00,0.689425,0,0.04866,0,3.4301375,16.1077963447495,13.1584569911906,0,12.0193875459954,13.0193875459954,39.6190965785645,40.6190965785645,0,0,0,0,0,0,0,0,0,0,0.689425,0,16.1077963447495,13.1584569911906,0,0,0,2019-01-06 02:15:00
"1471",2019-01-06 02:30:00,0.70665,0,0.04866,0,3.4301375,15.8237022159563,13.1696298182525,0,15.5588996491861,16.5588996491861,25.1453194236383,26.1453194236383,0,0,0,0,0,0,0,0,0,0,0.70665,0,15.8237022159563,13.1696298182525,0,0,0,2019-01-06 02:30:00
"1472",2019-01-06 02:35:00,0.723875,0,0.04866,0,3.4301375,15.5672365393942,13.1725749881977,0,15.5588996491861,16.5588996491861,25.1453194236383,26.1453194236383,0,0,0,0,0,0,0,0,0,0,0.723875,0,15.5672365393942,13.1725749881977,0,0,0,2019-01-06 02:30:00
"1473",2019-01-06 02:40:00,0.7411,0,0.04866,0,3.4301375,15.3350500937067,13.1683429986812,0,15.5588996491861,16.5588996491861,25.1453194236383,26.1453194236383,0,0,0,0,0,0,0,0,0,0,0.7411,0,15.3350500937067,13.1683429986812,0,0,0,2019-01-06 02:30:00
"1474",2019-01-06 02:45:00,0.758325,0,0.04866,0,3.4301375,15.8742045964662,13.1578552116634,0,22.0465328176506,23.0465328176506,47.0043645850383,48.0043645850383,1,0,9,0,0.647036152933155,0,0.647036152933155,0.0314847792017273,0,-0.0314847792017273,0.758325,0,15.8742045964662,13.1578552116634,9,0,0.647036152933155,2019-01-06 02:45:00
"1475",2019-01-06 02:50:00,0.77555,0,0.04866,0,3.4301375,16.3619540151598,13.1629066640085,0,22.0465328176506,23.0465328176506,47.0043645850383,48.0043645850383,1,0,9,0,0.646966919495328,0,0.646966919495328,0.0314814103026427,0,-0.0314814103026427,0.77555,0,16.3619540151598,13.1629066640085,9,0,0.646966919495328,2019-01-06 02:45:00
"1476",2019-01-06 02:55:00,0.792775,0,0.04866,0,3.4301375,16.8045513197626,13.1815350282992,0,22.0465328176506,23.0465328176506,47.0043645850383,48.0043645850383,1,0,9,0,0.646897751225324,0,0.646897751225324,0.0314780445746242,0,-0.0314780445746242,0.792775,0,16.8045513197626,13.1815350282992,9,0,0.646897751225324,2019-01-06 02:45:00
"1477",2019-01-06 03:00:00,0.81,0,0.04782,0,3.22742916666667,17.2074821623409,13.2120191080659,0,22.6502245415468,23.6502245415468,35.8985095499083,36.8985095499083,1,0,9,0,0.646828648031175,0,0.646828648031175,0.0309313459488508,0,-0.0309313459488508,0.81,0,17.2074821623409,13.2120191080659,9,0,0.646828648031175,2019-01-06 03:00:00
"1478",2019-01-06 03:05:00,0.785141666666667,0,0.04782,0,3.22742916666667,17.5755314859732,13.2526080705702,0,22.6502245415468,23.6502245415468,35.8985095499083,36.8985095499083,1,0,9,0,0.646928395408878,0,0.646928395408878,0.0309361158684526,0,-0.0309361158684526,0.785141666666667,0,17.5755314859732,13.2526080705702,9,0,0.646928395408878,2019-01-06 03:00:00
"1479",2019-01-06 03:10:00,0.760283333333333,0,0.04782,0,3.22742916666667,17.9129014904861,13.3019851709536,0,22.6502245415468,23.6502245415468,35.8985095499083,36.8985095499083,1,0,9,0,0.647028278404573,0,0.647028278404573,0.0309408922733067,0,-0.0309408922733067,0.760283333333333,0,17.9129014904861,13.3019851709536,9,0,0.647028278404573,2019-01-06 03:00:00
"1480",2019-01-06 03:15:00,0.735425,0,0.04782,0,3.22742916666667,17.4732788991386,13.3589956446876,0,13.4120072924998,14.4120072924998,43.2175875389948,44.2175875389948,0,0,0,0,0,0,0,0,0,0,0.735425,0,17.4732788991386,13.3589956446876,0,0,0,2019-01-06 03:15:00
"1481",2019-01-06 03:20:00,0.710566666666667,0,0.04782,0,3.22742916666667,17.0800664792739,13.4016398644377,0,13.4120072924998,14.4120072924998,43.2175875389948,44.2175875389948,0,0,0,0,0,0,0,0,0,0,0.710566666666667,0,17.0800664792739,13.4016398644377,0,0,0,2019-01-06 03:15:00
"1482",2019-01-06 03:25:00,0.685708333333333,0,0.04782,0,3.22742916666667,16.7275875462542,13.4317008417248,0,13.4120072924998,14.4120072924998,43.2175875389948,44.2175875389948,0,0,0,0,0,0,0,0,0,0,0.685708333333333,0,16.7275875462542,13.4317008417248,0,0,0,2019-01-06 03:15:00
"1483",2019-01-06 03:30:00,0.66085,0,0.04782,0,3.22742916666667,16.4108621585891,13.4507426284203,0,15.0521001792513,16.0521001792513,43.8557384703308,44.8557384703308,0,0,0,0,0,0,0,0,0,0,0.66085,0,16.4108621585891,13.4507426284203,0,0,0,2019-01-06 03:30:00
"1484",2019-01-06 03:35:00,0.635991666666667,0,0.04782,0,3.22742916666667,16.125521590429,13.4601371952891,0,15.0521001792513,16.0521001792513,43.8557384703308,44.8557384703308,0,0,0,0,0,0,0,0,0,0,0.635991666666667,0,16.125521590429,13.4601371952891,0,0,0,2019-01-06 03:30:00
"1485",2019-01-06 03:40:00,0.611133333333333,0,0.04782,0,3.22742916666667,15.8677333028887,13.4610880110861,0,15.0521001792513,16.0521001792513,43.8557384703308,44.8557384703308,0,0,0,0,0,0,0,0,0,0,0.611133333333333,0,15.8677333028887,13.4610880110861,0,0,0,2019-01-06 03:30:00
"1486",2019-01-06 03:45:00,0.586275,0,0.04782,0,3.22742916666667,15.6341351254314,13.4546507272253,0,12.4131653972436,13.4131653972436,20.5835265065543,21.5835265065543,0,0,0,0,0,0,0,0,0,0,0.586275,0,15.6341351254314,13.4546507272253,0,0,0,2019-01-06 03:45:00
"1487",2019-01-06 03:50:00,0.561416666666667,0,0.04782,0,3.22742916666667,15.4217775167398,13.4417513233237,0,12.4131653972436,13.4131653972436,20.5835265065543,21.5835265065543,0,0,0,0,0,0,0,0,0,0,0.561416666666667,0,15.4217775167398,13.4417513233237,0,0,0,2019-01-06 03:45:00
"1488",2019-01-06 03:55:00,0.536558333333333,0,0.04782,0,3.22742916666667,15.2280729132879,13.4232020253082,0,12.4131653972436,13.4131653972436,20.5835265065543,21.5835265065543,0,0,0,0,0,0,0,0,0,0,0.536558333333333,0,15.2280729132879,13.4232020253082,0,0,0,2019-01-06 03:45:00
"1489",2019-01-06 04:00:00,0.5117,0,0.048720001,0,3.04958333333333,15.8007512955699,13.39971526951,0,20.3849468808621,21.3849468808621,21.8250917997211,22.8250917997211,1,0,9,0,0.648034628615609,0,0.648034628615609,0.0315722477541871,0,-0.0315722477541871,0.5117,0,15.8007512955699,13.39971526951,9,0,0.648034628615609,2019-01-06 04:00:00
"1490",2019-01-06 04:05:00,0.510583333333333,0,0.048720001,0,3.04958333333333,16.3176685233577,13.3930389664972,0,20.3849468808621,21.3849468808621,21.8250917997211,22.8250917997211,1,0,9,0,0.648039180345549,0,0.648039180345549,0.0315724695144743,0,-0.0315724695144743,0.510583333333333,0,16.3176685233577,13.3930389664972,9,0,0.648039180345549,2019-01-06 04:00:00
"1491",2019-01-06 04:10:00,0.509466666666667,0,0.048720001,0,3.04958333333333,16.7856032089942,13.4010460378364,0,20.3849468808621,21.3849468808621,21.8250917997211,22.8250917997211,1,0,9,0,0.648043732355408,0,0.648043732355408,0.0315726912883992,0,-0.0315726912883992,0.509466666666667,0,16.7856032089942,13.4010460378364,9,0,0.648043732355408,2019-01-06 04:00:00
"1492",2019-01-06 04:15:00,0.50835,0,0.048720001,0,3.04958333333333,17.2105021633004,13.4218707991873,0,18.0788218018133,19.0788218018133,24.2729834960774,25.2729834960774,1,0,9,0,0.648048284645212,0,0.648048284645212,0.031572913075963,0,-0.031572913075963,0.50835,0,17.2105021633004,13.4218707991873,9,0,0.648048284645212,2019-01-06 04:15:00
"1493",2019-01-06 04:20:00,0.507233333333333,0,0.048720001,0,3.04958333333333,17.5975825010836,13.4538768718683,0,18.0788218018133,19.0788218018133,24.2729834960774,25.2729834960774,1,0,9,0,0.648052837214988,0,0.648052837214988,0.031573134877167,0,-0.031573134877167,0.507233333333333,0,17.5975825010836,13.4538768718683,9,0,0.648052837214988,2019-01-06 04:15:00
"1494",2019-01-06 04:25:00,0.506116666666667,0,0.048720001,0,3.04958333333333,17.9514212128056,13.495629033408,0,18.0788218018133,19.0788218018133,24.2729834960774,25.2729834960774,1,0,9,0,0.64805739006476,0,0.64805739006476,0.0315733566920125,0,-0.0315733566920125,0.506116666666667,0,17.9514212128056,13.495629033408,9,0,0.64805739006476,2019-01-06 04:15:00
"1495",2019-01-06 04:30:00,0.505,0,0.048720001,0,3.04958333333333,18.2760337409862,13.545868523556,0,20.8608451851178,21.8608451851178,46.5968390023336,47.5968390023336,1,0,9,0,0.648061943194555,0,0.648061943194555,0.0315735785205007,0,-0.0315735785205007,0.505,0,18.2760337409862,13.545868523556,9,0,0.648061943194555,2019-01-06 04:30:00
"1496",2019-01-06 04:35:00,0.503883333333333,0,0.048720001,0,3.04958333333333,18.5749429110559,13.6034913815825,0,20.8608451851178,21.8608451851178,46.5968390023336,47.5968390023336,1,0,9,0,0.648066496604398,0,0.648066496604398,0.0315738003626328,0,-0.0315738003626328,0.503883333333333,0,18.5749429110559,13.6034913815825,9,0,0.648066496604398,2019-01-06 04:30:00
"1497",2019-01-06 04:40:00,0.502766666666667,0,0.048720001,0,3.04958333333333,18.8512394006846,13.667529442764,0,20.8608451851178,21.8608451851178,46.5968390023336,47.5968390023336,1,0,9,0,0.648071050294316,0,0.648071050294316,0.0315740222184101,0,-0.0315740222184101,0.502766666666667,0,18.8512394006846,13.667529442764,9,0,0.648071050294316,2019-01-06 04:30:00
"1498",2019-01-06 04:45:00,0.50165,0,0.048720001,0,3.04958333333333,19.1076347862717,13.7371336676302,0,21.5145539750811,22.5145539750811,26.3552354746498,27.3552354746498,1,0,9,0,0.648075604264335,0,0.648075604264335,0.031574244087834,0,-0.031574244087834,0.50165,0,19.1076347862717,13.7371336676302,9,0,0.648075604264335,2019-01-06 04:45:00
"1499",2019-01-06 04:50:00,0.500533333333333,0,0.048720001,0,3.04958333333333,19.3465080777807,13.8115595176158,0,21.5145539750811,22.5145539750811,26.3552354746498,27.3552354746498,1,0,9,0,0.648080158514479,0,0.648080158514479,0.0315744659709056,0,-0.0315744659709056,0.500533333333333,0,19.3465080777807,13.8115595176158,9,0,0.648080158514479,2019-01-06 04:45:00
"1500",2019-01-06 04:55:00,0.499416666666667,0,0.048720001,0,3.04958333333333,19.5699465412476,13.8901541259135,0,21.5145539750811,22.5145539750811,26.3552354746498,27.3552354746498,1,0,9,0,0.648084713044775,0,0.648084713044775,0.0315746878676261,0,-0.0315746878676261,0.499416666666667,0,19.5699465412476,13.8901541259135,9,0,0.648084713044775,2019-01-06 04:45:00
"1501",2019-01-06 05:00:00,0.4983,0,0.049380001,0,2.87255416666667,19.0297815101743,13.9723450431603,0,6.78529941849411,7.78529941849411,49.066656248644,50.066656248644,0,0,0,0,0,0,0,0,0,0,0.4983,0,19.0297815101743,13.9723450431603,0,0,0,2019-01-06 05:00:00
"1502",2019-01-06 05:05:00,0.475941666666667,0,0.049380001,0,2.87255416666667,18.5477741248127,14.0365216774679,0,6.78529941849411,7.78529941849411,49.066656248644,50.066656248644,0,0,0,0,0,0,0,0,0,0,0.475941666666667,0,18.5477741248127,14.0365216774679,0,0,0,2019-01-06 05:00:00
"1503",2019-01-06 05:10:00,0.453583333333333,0,0.049380001,0,2.87255416666667,18.1168097241578,14.0849187524324,0,6.78529941849411,7.78529941849411,49.066656248644,50.066656248644,0,0,0,0,0,0,0,0,0,0,0.453583333333333,0,18.1168097241578,14.0849187524324,0,0,0,2019-01-06 05:00:00
"1504",2019-01-06 05:15:00,0.431225,0,0.049380001,0,2.87255416666667,17.7306468891324,14.1194965649642,0,16.9699406821746,17.9699406821746,44.7346550161019,45.7346550161019,0,0,0,0,0,0,0,0,0,0,0.431225,0,17.7306468891324,14.1194965649642,0,0,0,2019-01-06 05:15:00
"1505",2019-01-06 05:20:00,0.408866666666667,0,0.049380001,0,2.87255416666667,17.3838102492547,14.1419746727056,0,16.9699406821746,17.9699406821746,44.7346550161019,45.7346550161019,0,0,0,0,0,0,0,0,0,0,0.408866666666667,0,17.3838102492547,14.1419746727056,0,0,0,2019-01-06 05:15:00
"1506",2019-01-06 05:25:00,0.386508333333333,0,0.049380001,0,2.87255416666667,17.0714964476992,14.1538614461836,0,16.9699406821746,17.9699406821746,44.7346550161019,45.7346550161019,0,0,0,0,0,0,0,0,0,0,0.386508333333333,0,17.0714964476992,14.1538614461836,0,0,0,2019-01-06 05:15:00
"1507",2019-01-06 05:30:00,0.36415,0,0.049380001,0,2.87255416666667,16.7894916495099,14.1564799933209,0,10.3927395923529,11.3927395923529,28.2642473448068,29.2642473448068,0,0,0,0,0,0,0,0,0,0,0.36415,0,16.7894916495099,14.1564799933209,0,0,0,2019-01-06 05:30:00
"1508",2019-01-06 05:35:00,0.341791666666667,0,0.049380001,0,2.87255416666667,16.534099175997,14.1509909016088,0,10.3927395923529,11.3927395923529,28.2642473448068,29.2642473448068,0,0,0,0,0,0,0,0,0,0,0.341791666666667,0,16.534099175997,14.1509909016088,0,0,0,2019-01-06 05:30:00
"1509",2019-01-06 05:40:00,0.319433333333333,0,0.049380001,0,2.87255416666667,16.3020760222903,14.1384121885896,0,10.3927395923529,11.3927395923529,28.2642473448068,29.2642473448068,0,0,0,0,0,0,0,0,0,0,0.319433333333333,0,16.3020760222903,14.1384121885896,0,0,0,2019-01-06 05:30:00
"1510",2019-01-06 05:45:00,0.297075,0,0.049380001,0,2.87255416666667,16.8405771676061,14.1196368033368,0,18.367249796167,19.367249796167,31.4368637166917,32.4368637166917,1,0,9,0,0.648914651570355,0,0.648914651570355,0.0320434061434588,0,-0.0320434061434588,0.297075,0,16.8405771676061,14.1196368033368,9,0,0.648914651570355,2019-01-06 05:45:00
"1511",2019-01-06 05:50:00,0.274716666666667,0,0.049380001,0,2.87255416666667,17.3269384761127,14.1164349374243,0,18.367249796167,19.367249796167,31.4368637166917,32.4368637166917,1,0,9,0,0.649006929164922,0,0.649006929164922,0.0320479628111708,0,-0.0320479628111708,0.274716666666667,0,17.3269384761127,14.1164349374243,9,0,0.649006929164922,2019-01-06 05:45:00
"1512",2019-01-06 05:55:00,0.252358333333333,0,0.049380001,0,2.87255416666667,17.7674848442205,14.1268225474439,0,18.367249796167,19.367249796167,31.4368637166917,32.4368637166917,1,0,9,0,0.649099321193284,0,0.649099321193284,0.0320525251296237,0,-0.0320525251296237,0.252358333333333,0,17.7674848442205,14.1268225474439,9,0,0.649099321193284,2019-01-06 05:45:00
"1513",2019-01-06 06:00:00,0.23,0,0.049650002,0,2.67567916666667,17.4177651036978,14.1490594657423,0,8.07268567685969,9.07268567685969,36.5627418975346,37.5627418975346,0,0,0,0,0,0,0,0,0,0,0.23,0,17.4177651036978,14.1490594657423,0,0,0,2019-01-06 06:00:00
"1514",2019-01-06 06:05:00,0.257083333333333,0.251583333333333,0.049650002,0,2.67567916666667,17.1029323196126,14.1609402774597,0,8.07268567685969,9.07268567685969,36.5627418975346,37.5627418975346,0,0,0,0,0,0,0,0,0,0,0.257083333333333,0.251583333333333,17.1029323196126,14.1609402774597,0,0,0,2019-01-06 06:00:00
"1515",2019-01-06 06:10:00,0.284166666666667,0.503166666666667,0.049650002,0,2.67567916666667,16.8187604441547,14.1637903491935,0,8.07268567685969,9.07268567685969,36.5627418975346,37.5627418975346,0,0,0,0,0,0,0,0,0,0,0.284166666666667,0.503166666666667,16.8187604441547,14.1637903491935,0,0,0,2019-01-06 06:00:00
"1516",2019-01-06 06:15:00,0.31125,0.75475,0.049650002,0,2.67567916666667,16.5615419382224,14.1587721092152,0,15.3359033076558,16.3359033076558,28.9925261149183,29.9925261149183,0,0,0,0,0,0,0,0,0,0,0.31125,0.75475,16.5615419382224,14.1587721092152,0,0,0,2019-01-06 06:15:00
"1517",2019-01-06 06:20:00,0.338333333333333,1.00633333333333,0.049650002,0,2.67567916666667,16.3280241236205,14.1469050498855,0,15.3359033076558,16.3359033076558,28.9925261149183,29.9925261149183,0,0,0,0,0,0,0,0,0,0,0.338333333333333,1.00633333333333,16.3280241236205,14.1469050498855,0,0,0,2019-01-06 06:15:00
"1518",2019-01-06 06:25:00,0.365416666666667,1.25791666666667,0.049650002,0,2.67567916666667,16.1153533482683,14.129083274691,0,15.3359033076558,16.3359033076558,28.9925261149183,29.9925261149183,0,0,0,0,0,0,0,0,0,0,0.365416666666667,1.25791666666667,16.1153533482683,14.129083274691,0,0,0,2019-01-06 06:15:00
"1519",2019-01-06 06:30:00,0.3925,1.5095,0.049650002,0,2.67567916666667,15.9210260053389,14.1060908913078,0,6.50275036389939,7.50275036389939,33.3019237294793,34.3019237294793,0,0,0,0,0,0,0,0,0,0,0.3925,1.5095,15.9210260053389,14.1060908913078,0,0,0,2019-01-06 06:30:00
"1520",2019-01-06 06:35:00,0.419583333333333,1.76108333333333,0.049650002,0,2.67567916666667,15.7428455649839,14.0786155151038,0,6.50275036389939,7.50275036389939,33.3019237294793,34.3019237294793,0,0,0,0,0,0,0,0,0,0,0.419583333333333,1.76108333333333,15.7428455649839,14.0786155151038,0,0,0,2019-01-06 06:30:00
"1521",2019-01-06 06:40:00,0.446666666666667,2.01266666666667,0.049650002,0,2.67567916666667,15.5788848805756,14.0472601150272,0,6.50275036389939,7.50275036389939,33.3019237294793,34.3019237294793,0,0,0,0,0,0,0,0,0,0,0.446666666666667,2.01266666666667,15.5788848805756,14.0472601150272,0,0,0,2019-01-06 06:30:00
"1522",2019-01-06 06:45:00,0.47375,2.26425,0.049650002,0,2.67567916666667,15.4274531219987,14.0125534053623,0,8.3686762957368,9.3686762957368,29.3459974676371,30.3459974676371,0,0,0,0,0,0,0,0,0,0,0.47375,2.26425,15.4274531219987,14.0125534053623,0,0,0,2019-01-06 06:45:00
"1523",2019-01-06 06:50:00,0.500833333333333,2.51583333333333,0.049650002,0,2.67567916666667,15.2870667680037,13.974958961852,0,8.3686762957368,9.3686762957368,29.3459974676371,30.3459974676371,0,0,0,0,0,0,0,0,0,0,0.500833333333333,2.51583333333333,15.2870667680037,13.974958961852,0,0,0,2019-01-06 06:45:00
"1524",2019-01-06 06:55:00,0.527916666666667,2.76741666666667,0.049650002,0,2.67567916666667,15.1564241593562,13.9348832187755,0,8.3686762957368,9.3686762957368,29.3459974676371,30.3459974676371,0,0,0,0,0,0,0,0,0,0,0.527916666666667,2.76741666666667,15.1564241593562,13.9348832187755,0,0,0,2019-01-06 06:45:00
"1525",2019-01-06 07:00:00,0.555,3.019,0.050439999,0,2.4951375,15.0343831756807,13.8926824843499,0,13.3684121437836,14.3684121437836,21.9777457374148,22.9777457374148,0,0,0,0,0,0,0,0,0,0,0.555,3.019,15.0343831756807,13.8926824843499,0,0,0,2019-01-06 07:00:00
"1526",2019-01-06 07:05:00,0.601,7.07658333333333,0.050439999,0,2.4951375,14.9212306462542,13.8491472097591,0,13.3684121437836,14.3684121437836,21.9777457374148,22.9777457374148,0,0,0,0,0,0,0,0,0,0,0.601,7.07658333333333,14.9212306462542,13.8491472097591,0,0,0,2019-01-06 07:00:00
"1527",2019-01-06 07:10:00,0.647,11.1341666666667,0.050439999,0,2.4951375,14.8160110062834,13.8045711089035,0,13.3684121437836,14.3684121437836,21.9777457374148,22.9777457374148,0,0,0,0,0,0,0,0,0,0,0.647,11.1341666666667,14.8160110062834,13.8045711089035,0,0,0,2019-01-06 07:00:00
"1528",2019-01-06 07:15:00,0.693,15.19175,0.050439999,0,2.4951375,15.4678853780688,13.7592112544224,0,15.6371017608326,16.6371017608326,28.9950958178379,29.9950958178379,1,0,9,0,0.6472993113168,0,0.6472993113168,0.0326497766155201,0,-0.0326497766155201,0.693,15.19175,15.4678853780688,13.7592112544224,9,0,0.6472993113168,2019-01-06 07:15:00
"1529",2019-01-06 07:20:00,0.739,19.2493333333333,0.050439999,0,2.4951375,16.0559490044469,13.7342795360664,0,15.6371017608326,16.6371017608326,28.9950958178379,29.9950958178379,1,0,9,0,0.647113904706085,0,0.647113904706085,0.032640424706261,0,-0.032640424706261,0.739,19.2493333333333,16.0559490044469,13.7342795360664,9,0,0.647113904706085,2019-01-06 07:15:00
"1530",2019-01-06 07:25:00,0.785,23.3069166666667,0.050439999,0,2.4951375,16.1692224460243,13.7273016628063,0,15.6371017608326,16.6371017608326,28.9950958178379,29.9950958178379,1,0,3.97383307662847,0,0.228081720639358,0,0.228081720639358,0.0115044417609675,0,-0.0115044417609675,0.785,23.3069166666667,16.1692224460243,13.7273016628063,3.97383307662847,0,0.228081720639358,2019-01-06 07:15:00
"1531",2019-01-06 07:30:00,0.831,27.3645,0.050439999,0,2.4951375,15.9414884019539,13.7243864825478,0,5.04265546076931,6.04265546076931,24.6060009095818,25.6060009095818,0,0,0,0,0,0,0,0,0,0,0.831,27.3645,15.9414884019539,13.7243864825478,0,0,0,2019-01-06 07:30:00
"1532",2019-01-06 07:35:00,0.877,31.4220833333333,0.050439999,0,2.4951375,15.7361809246512,13.7158547488762,0,5.04265546076931,6.04265546076931,24.6060009095818,25.6060009095818,0,0,0,0,0,0,0,0,0,0,0.877,31.4220833333333,15.7361809246512,13.7158547488762,0,0,0,2019-01-06 07:30:00
"1533",2019-01-06 07:40:00,0.923,35.4796666666667,0.050439999,0,2.4951375,15.5506800464481,13.7025233682005,0,5.04265546076931,6.04265546076931,24.6060009095818,25.6060009095818,0,0,0,0,0,0,0,0,0,0,0.923,35.4796666666667,15.5506800464481,13.7025233682005,0,0,0,2019-01-06 07:30:00
"1534",2019-01-06 07:45:00,0.969,39.53725,0.050439999,0,2.4951375,16.1326868101796,13.6851083927874,0,19.8304596855305,20.8304596855305,27.8871176722459,28.8871176722459,1,0,9,0,0.646193829041521,0,0.646193829041521,0.0325940160906605,0,-0.0325940160906605,0.969,39.53725,16.1326868101796,13.6851083927874,9,0,0.646193829041521,2019-01-06 07:45:00
"1535",2019-01-06 07:50:00,1.015,43.5948333333333,0.050439999,0,2.4951375,16.6600156210837,13.6852243614638,0,19.8304596855305,20.8304596855305,27.8871176722459,28.8871176722459,1,0,9,0,0.646011193218072,0,0.646011193218072,0.0325848039399084,0,-0.0325848039399084,1.015,43.5948333333333,16.6600156210837,13.6852243614638,9,0,0.646011193218072,2019-01-06 07:45:00
"1536",2019-01-06 07:55:00,1.061,47.6524166666667,0.050439999,0,2.4951375,17.1394106849646,13.7007502164701,0,19.8304596855305,20.8304596855305,27.8871176722459,28.8871176722459,1,0,9,0,0.645829013148819,0,0.645829013148819,0.0325756147773974,0,-0.0325756147773974,1.061,47.6524166666667,17.1394106849646,13.7007502164701,9,0,0.645829013148819,2019-01-06 07:45:00
"1537",2019-01-06 08:00:00,1.107,51.71,0.053400002,0,2.34742916666667,17.3772274542925,13.7298251283784,1,23.0582034636755,24.0582034636755,48.836028622929,49.836028622929,1,0,9,0,0.645647287129936,0,0.645647287129936,0.0344775664240331,0,-0.0344775664240331,1.107,51.71,17.3772274542925,13.7298251283784,9,0,0.645647287129936,2019-01-06 08:00:00
"1538",2019-01-06 08:05:00,1.13658333333333,56.9758333333333,0.053400002,0,2.34742916666667,17.5946894546268,13.765255611415,1,23.0582034636755,24.0582034636755,48.836028622929,49.836028622929,1,0,9,0,0.645530655341277,0,0.645530655341277,0.0344713382862855,0,-0.0344713382862855,1.13658333333333,56.9758333333333,17.5946894546268,13.765255611415,9,0,0.645530655341277,2019-01-06 08:00:00
"1539",2019-01-06 08:10:00,1.16616666666667,62.2416666666667,0.053400002,0,2.34742916666667,17.7945448400601,13.8062578187584,1,23.0582034636755,24.0582034636755,48.836028622929,49.836028622929,1,0,9,0,0.645414210196532,0,0.645414210196532,0.0344651201153232,0,-0.0344651201153232,1.16616666666667,62.2416666666667,17.7945448400601,13.8062578187584,9,0,0.645414210196532,2019-01-06 08:00:00
"1540",2019-01-06 08:15:00,1.19575,67.5075,0.053400002,0,2.34742916666667,17.9791776254857,13.8521512301721,1,18.0813209626358,19.0813209626358,38.1853024363518,39.1853024363518,1,0,9,0,0.645297951248033,0,0.645297951248033,0.0344589118872409,0,-0.0344589118872409,1.19575,67.5075,17.9791776254857,13.8521512301721,9,0,0.645297951248033,2019-01-06 08:15:00
"1541",2019-01-06 08:20:00,1.22533333333333,72.7733333333333,0.053400002,0,2.34742916666667,18.1506558864439,13.90234497896,1,18.0813209626358,19.0813209626358,38.1853024363518,39.1853024363518,1,0,9,0,0.645181878049545,0,0.645181878049545,0.0344527135782095,0,-0.0344527135782095,1.22533333333333,72.7733333333333,18.1506558864439,13.90234497896,9,0,0.645181878049545,2019-01-06 08:15:00
"1542",2019-01-06 08:25:00,1.25491666666667,78.0391666666667,0.053400002,0,2.34742916666667,18.24143865548,13.9563259886419,1,18.0813209626358,19.0813209626358,38.1853024363518,39.1853024363518,1,0,8.1679809143034,0,0.575731066348207,0,0.575731066348207,0.0307440400944564,0,-0.0307440400944564,1.25491666666667,78.0391666666667,18.24143865548,13.9563259886419,8.1679809143034,0,0.575731066348207,2019-01-06 08:15:00
"1543",2019-01-06 08:30:00,1.2845,83.305,0.053400002,0,2.34742916666667,17.6491017503227,14.0117085076527,1,13.6627443074249,14.6627443074249,28.8831940786913,29.8831940786913,0,0,0,0,0,0,0,0,0,0,1.2845,83.305,17.6491017503227,14.0117085076527,0,0,0,2019-01-06 08:30:00
"1544",2019-01-06 08:35:00,1.31408333333333,88.5708333333333,0.053400002,0,2.34742916666667,17.1268545462798,14.0493298147351,1,13.6627443074249,14.6627443074249,28.8831940786913,29.8831940786913,0,0,0,0,0,0,0,0,0,0,1.31408333333333,88.5708333333333,17.1268545462798,14.0493298147351,0,0,0,2019-01-06 08:30:00
"1545",2019-01-06 08:40:00,1.34366666666667,93.8366666666667,0.053400002,0,2.34742916666667,16.6656171282832,14.0717499916857,1,13.6627443074249,14.6627443074249,28.8831940786913,29.8831940786913,0,0,0,0,0,0,0,0,0,0,1.34366666666667,93.8366666666667,16.6656171282832,14.0717499916857,0,0,0,2019-01-06 08:30:00
"1546",2019-01-06 08:45:00,1.37325,99.1025,0.053400002,0,2.34742916666667,17.0075099349926,14.0811887317798,1,21.2041698906105,22.2041698906105,20.6932631023228,21.6932631023228,1,0,9,0,0.644604282788425,0,0.644604282788425,0.0344218699901104,0,-0.0344218699901104,1.37325,99.1025,17.0075099349926,14.0811887317798,9,0,0.644604282788425,2019-01-06 08:45:00
"1547",2019-01-06 08:50:00,1.40283333333333,104.368333333333,0.053400002,0,2.34742916666667,17.3161911483061,14.1005573622857,1,21.2041698906105,22.2041698906105,20.6932631023228,21.6932631023228,1,0,9,0,0.644489314798437,0,0.644489314798437,0.0344157306992151,0,-0.0344157306992151,1.40283333333333,104.368333333333,17.3161911483061,14.1005573622857,9,0,0.644489314798437,2019-01-06 08:45:00
"1548",2019-01-06 08:55:00,1.43241666666667,109.634166666667,0.053400002,0,2.34742916666667,17.5961038722507,14.1285917667892,1,21.2041698906105,22.2041698906105,20.6932631023228,21.6932631023228,1,0,9,0,0.644374529474385,0,0.644374529474385,0.0344096011626812,0,-0.0344096011626812,1.43241666666667,109.634166666667,17.5961038722507,14.1285917667892,9,0,0.644374529474385,2019-01-06 08:45:00
"1549",2019-01-06 09:00:00,1.462,114.9,0.052349998,0,2.21284583333333,17.1011027803651,14.1641947760561,1,14.9925253121182,15.9925253121182,23.2861657398753,24.2861657398753,0,0,0,0,0,0,0,0,0,0,1.462,114.9,17.1011027803651,14.1641947760561,0,0,0,2019-01-06 09:00:00
"1550",2019-01-06 09:05:00,1.53266666666667,118.575,0.052349998,0,2.21284583333333,16.6640404577972,14.1855080204105,1,14.9925253121182,15.9925253121182,23.2861657398753,24.2861657398753,0,0,0,0,0,0,0,0,0,0,1.53266666666667,118.575,16.6640404577972,14.1855080204105,0,0,0,2019-01-06 09:00:00
"1551",2019-01-06 09:10:00,1.60333333333333,122.25,0.052349998,0,2.21284583333333,16.2774475542059,14.1946345329377,1,14.9925253121182,15.9925253121182,23.2861657398753,24.2861657398753,0,0,0,0,0,0,0,0,0,0,1.60333333333333,122.25,16.2774475542059,14.1946345329377,0,0,0,2019-01-06 09:00:00
"1552",2019-01-06 09:15:00,1.674,125.925,0.052349998,0,2.21284583333333,16.6848418842153,14.1933974346249,1,23.0026032838505,24.0026032838505,45.0150053068064,46.0150053068064,1,0,9,0,0.643443951571027,0,0.643443951571027,0.0336842895778554,0,-0.0336842895778554,1.674,125.925,16.6848418842153,14.1933974346249,9,0,0.643443951571027,2019-01-06 09:15:00
"1553",2019-01-06 09:20:00,1.74466666666667,129.6,0.052349998,0,2.21284583333333,17.0510940343954,14.2043639524391,1,23.0026032838505,24.0026032838505,45.0150053068064,46.0150053068064,1,0,9,0,0.643174007388924,0,0.643174007388924,0.0336701580004622,0,-0.0336701580004622,1.74466666666667,129.6,17.0510940343954,14.2043639524391,9,0,0.643174007388924,2019-01-06 09:15:00
"1554",2019-01-06 09:25:00,1.81533333333333,133.275,0.052349998,0,2.21284583333333,17.3816990247988,14.2259713966673,1,23.0026032838505,24.0026032838505,45.0150053068064,46.0150053068064,1,0,9,0,0.642905077303072,0,0.642905077303072,0.0336560795110057,0,-0.0336560795110057,1.81533333333333,133.275,17.3816990247988,14.2259713966673,9,0,0.642905077303072,2019-01-06 09:15:00
"1555",2019-01-06 09:30:00,1.886,136.95,0.052349998,0,2.21284583333333,16.931424198504,14.256863526023,1,12.251948362682,13.251948362682,43.5050986711867,44.5050986711867,0,0,0,0,0,0,0,0,0,0,1.886,136.95,16.931424198504,14.256863526023,0,0,0,2019-01-06 09:30:00
"1556",2019-01-06 09:35:00,1.95666666666667,140.625,0.052349998,0,2.21284583333333,16.5339092826702,14.2748762674226,1,12.251948362682,13.251948362682,43.5050986711867,44.5050986711867,0,0,0,0,0,0,0,0,0,0,1.95666666666667,140.625,16.5339092826702,14.2748762674226,0,0,0,2019-01-06 09:30:00
"1557",2019-01-06 09:40:00,2.02733333333333,144.3,0.052349998,0,2.21284583333333,16.1823649390652,14.2819201875057,1,12.251948362682,13.251948362682,43.5050986711867,44.5050986711867,0,0,0,0,0,0,0,0,0,0,2.02733333333333,144.3,16.1823649390652,14.2819201875057,0,0,0,2019-01-06 09:30:00
"1558",2019-01-06 09:45:00,2.098,147.975,0.052349998,0,2.21284583333333,15.8708990291746,14.2796514580062,1,7.35652470448986,8.35652470448986,47.8735491195694,48.8735491195694,0,0,0,0,0,0,0,0,0,0,2.098,147.975,15.8708990291746,14.2796514580062,0,0,0,2019-01-06 09:45:00
"1559",2019-01-06 09:50:00,2.16866666666667,151.65,0.052349998,0,2.21284583333333,15.5943978726897,14.2695055382335,1,7.35652470448986,8.35652470448986,47.8735491195694,48.8735491195694,0,0,0,0,0,0,0,0,0,0,2.16866666666667,151.65,15.5943978726897,14.2695055382335,0,0,0,2019-01-06 09:45:00
"1560",2019-01-06 09:55:00,2.23933333333333,155.325,0.052349998,0,2.21284583333333,15.3484232223664,14.2527263993087,1,7.35652470448986,8.35652470448986,47.8735491195694,48.8735491195694,0,0,0,0,0,0,0,0,0,0,2.23933333333333,155.325,15.3484232223664,14.2527263993087,0,0,0,2019-01-06 09:45:00
"1561",2019-01-06 10:00:00,2.31,159,0.05277,0,2.11055416666667,15.1291228750622,14.2303918802423,1,7.04863997153006,8.04863997153006,35.083942879457,36.083942879457,0,0,0,0,0,0,0,0,0,0,2.31,159,15.1291228750622,14.2303918802423,0,0,0,2019-01-06 10:00:00
"1562",2019-01-06 10:05:00,2.37775,159.325,0.05277,0,2.11055416666667,14.9319912519703,14.2030935591844,1,7.04863997153006,8.04863997153006,35.083942879457,36.083942879457,0,0,0,0,0,0,0,0,0,0,2.37775,159.325,14.9319912519703,14.2030935591844,0,0,0,2019-01-06 10:00:00
"1563",2019-01-06 10:10:00,2.4455,159.65,0.05277,0,2.11055416666667,14.7542172091969,14.1716191210342,1,7.04863997153006,8.04863997153006,35.083942879457,36.083942879457,0,0,0,0,0,0,0,0,0,0,2.4455,159.65,14.7542172091969,14.1716191210342,0,0,0,2019-01-06 10:00:00
"1564",2019-01-06 10:15:00,2.51325,159.975,0.05277,0,2.11055416666667,15.3433607758473,14.1366510320926,1,18.6506026899442,19.6506026899442,26.0002891793847,27.0002891793847,1,0,9,0,0.640302347349468,0,0.640302347349468,0.0337887548696314,0,-0.0337887548696314,2.51325,159.975,15.3433607758473,14.1366510320926,9,0,0.640302347349468,2019-01-06 10:15:00
"1565",2019-01-06 10:20:00,2.581,160.3,0.05277,0,2.11055416666667,15.8678002886521,14.1197674315818,1,18.6506026899442,19.6506026899442,26.0002891793847,27.0002891793847,1,0,9,0,0.640054727785429,0,0.640054727785429,0.0337756879852371,0,-0.0337756879852371,2.581,160.3,15.8678002886521,14.1197674315818,9,0,0.640054727785429,2019-01-06 10:15:00
"1566",2019-01-06 10:25:00,2.64875,160.625,0.05277,0,2.11055416666667,16.3360747903028,14.1185480434586,1,18.6506026899442,19.6506026899442,26.0002891793847,27.0002891793847,1,0,9,0,0.639807980728868,0,0.639807980728868,0.0337626671430624,0,-0.0337626671430624,2.64875,160.625,16.3360747903028,14.1185480434586,9,0,0.639807980728868,2019-01-06 10:15:00
"1567",2019-01-06 10:30:00,2.7165,160.95,0.05277,0,2.11055416666667,16.7555932932065,14.1308931318674,1,16.4157089015935,17.4157089015935,49.3289384809323,50.3289384809323,1,0,9,0,0.639562101576368,0,0.639562101576368,0.0337496921001849,0,-0.0337496921001849,2.7165,160.95,16.7555932932065,14.1308931318674,9,0,0.639562101576368,2019-01-06 10:30:00
"1568",2019-01-06 10:35:00,2.78425,161.275,0.05277,0,2.11055416666667,16.792899955634,14.1549810734769,1,16.4157089015935,17.4157089015935,49.3289384809323,50.3289384809323,1,0,4.92138730064411,0,0.299432694143851,0,0.299432694143851,0.015801063269971,0,-0.015801063269971,2.78425,161.275,16.792899955634,14.1549810734769,4.92138730064411,0,0.299432694143851,2019-01-06 10:30:00
"1569",2019-01-06 10:40:00,2.852,161.6,0.05277,0,2.11055416666667,16.7921798076137,14.1797206929484,1,16.4157089015935,17.4157089015935,49.3289384809323,50.3289384809323,1,0,4.47370735151372,0,0.26188187469072,0,0.26188187469072,0.0138195065274293,0,-0.0138195065274293,2.852,161.6,16.7921798076137,14.1797206929484,4.47370735151372,0,0.26188187469072,2019-01-06 10:30:00
"1570",2019-01-06 10:45:00,2.91975,161.925,0.05277,0,2.11055416666667,17.1720221397086,14.2040259306486,1,17.4126237400342,18.4126237400342,31.8188256472349,32.8188256472349,1,0,9,0,0.638829625992293,0,0.638829625992293,0.0337110393636133,0,-0.0337110393636133,2.91975,161.925,17.1720221397086,14.2040259306486,9,0,0.638829625992293,2019-01-06 10:45:00
"1571",2019-01-06 10:50:00,2.9875,162.25,0.05277,0,2.11055416666667,17.5148540200973,14.2385605626655,1,17.4126237400342,18.4126237400342,31.8188256472349,32.8188256472349,1,0,9,0,0.638587173064197,0,0.638587173064197,0.0336982451225977,0,-0.0336982451225977,2.9875,162.25,17.5148540200973,14.2385605626655,9,0,0.638587173064197,2019-01-06 10:45:00
"1572",2019-01-06 10:55:00,3.05525,162.575,0.05277,0,2.11055416666667,17.7233187952808,14.2819440733488,1,17.4126237400342,18.4126237400342,31.8188256472349,32.8188256472349,1,0,7.77323663924207,0,0.53611528543921,0,0.53611528543921,0.0282908036126271,0,-0.0282908036126271,3.05525,162.575,17.7233187952808,14.2819440733488,7.77323663924207,0,0.53611528543921,2019-01-06 10:45:00
"1573",2019-01-06 11:00:00,3.123,162.9,0.052860001,0,2.01705416666667,18.016942690209,14.3301181954674,1,19.6987070536707,20.6987070536707,22.2798303030431,23.2798303030431,1,0,9,0,0.638104798893173,0,0.638104798893173,0.0337302203075979,0,-0.0337302203075979,3.123,162.9,18.016942690209,14.3301181954674,9,0,0.638104798893173,2019-01-06 11:00:00
"1574",2019-01-06 11:05:00,3.12633333333333,155.855,0.052860001,0,2.01705416666667,18.2815971369321,14.384219333409,1,19.6987070536707,20.6987070536707,22.2798303030431,23.2798303030431,1,0,9,0,0.638092974685624,0,0.638092974685624,0.0337295952799751,0,-0.0337295952799751,3.12633333333333,155.855,18.2815971369321,14.384219333409,9,0,0.638092974685624,2019-01-06 11:00:00
"1575",2019-01-06 11:10:00,3.12966666666667,148.81,0.052860001,0,2.01705416666667,18.5209036747859,14.443237027151,1,19.6987070536707,20.6987070536707,22.2798303030431,23.2798303030431,1,0,9,0,0.638081152502624,0,0.638081152502624,0.0337289703593699,0,-0.0337289703593699,3.12966666666667,148.81,18.5209036747859,14.443237027151,9,0,0.638081152502624,2019-01-06 11:00:00
"1576",2019-01-06 11:15:00,3.133,141.765,0.052860001,0,2.01705416666667,18.7380060678307,14.5062962227328,1,20.2269577395637,21.2269577395637,41.520056778565,42.520056778565,1,0,9,0,0.638069332343652,0,0.638069332343652,0.0337283455457548,0,-0.0337283455457548,3.133,141.765,18.7380060678307,14.5062962227328,9,0,0.638069332343652,2019-01-06 11:15:00
"1577",2019-01-06 11:20:00,3.13633333333333,134.72,0.052860001,0,2.01705416666667,18.9356335309458,14.5726393378722,1,20.2269577395637,21.2269577395637,41.520056778565,42.520056778565,1,0,9,0,0.638057514208189,0,0.638057514208189,0.0337277208391024,0,-0.0337277208391024,3.13633333333333,134.72,18.9356335309458,14.5726393378722,9,0,0.638057514208189,2019-01-06 11:15:00
"1578",2019-01-06 11:25:00,3.13966666666667,127.675,0.052860001,0,2.01705416666667,19.116155587497,14.6416107014392,1,20.2269577395637,21.2269577395637,41.520056778565,42.520056778565,1,0,9,0,0.638045698095715,0,0.638045698095715,0.0337270962393852,0,-0.0337270962393852,3.13966666666667,127.675,19.116155587497,14.6416107014392,9,0,0.638045698095715,2019-01-06 11:15:00
"1579",2019-01-06 11:30:00,3.143,120.63,0.052860001,0,2.01705416666667,18.53162966621,14.7126430525882,1,11.367473250255,12.367473250255,42.3544592508115,43.3544592508115,0,0,0,0,0,0,0,0,0,0,3.143,120.63,18.53162966621,14.7126430525882,0,0,0,2019-01-06 11:30:00
"1580",2019-01-06 11:35:00,3.14633333333333,113.585,0.052860001,0,2.01705416666667,18.0133461424128,14.7642588690678,1,11.367473250255,12.367473250255,42.3544592508115,43.3544592508115,0,0,0,0,0,0,0,0,0,0,3.14633333333333,113.585,18.0133461424128,14.7642588690678,0,0,0,2019-01-06 11:30:00
"1581",2019-01-06 11:40:00,3.14966666666667,106.54,0.052860001,0,2.01705416666667,17.552479151193,14.7989663814612,1,11.367473250255,12.367473250255,42.3544592508115,43.3544592508115,0,0,0,0,0,0,0,0,0,0,3.14966666666667,106.54,17.552479151193,14.7989663814612,0,0,0,2019-01-06 11:30:00
"1582",2019-01-06 11:45:00,3.153,99.495,0.052860001,0,2.01705416666667,17.1413714336859,14.8189422888917,1,15.5257803874556,16.5257803874556,28.4284961228259,29.4284961228259,0,0,0,0,0,0,0,0,0,0,3.153,99.495,17.1413714336859,14.8189422888917,0,0,0,2019-01-06 11:45:00
"1583",2019-01-06 11:50:00,3.15633333333333,92.45,0.052860001,0,2.01705416666667,16.7733796589757,14.8260756366893,1,15.5257803874556,16.5257803874556,28.4284961228259,29.4284961228259,0,0,0,0,0,0,0,0,0,0,3.15633333333333,92.45,16.7733796589757,14.8260756366893,0,0,0,2019-01-06 11:45:00
"1584",2019-01-06 11:55:00,3.15966666666667,85.405,0.052860001,0,2.01705416666667,16.4427402189817,14.8220058864986,1,15.5257803874556,16.5257803874556,28.4284961228259,29.4284961228259,0,0,0,0,0,0,0,0,0,0,3.15966666666667,85.405,16.4427402189817,14.8220058864986,0,0,0,2019-01-06 11:45:00
"1585",2019-01-06 12:00:00,3.163,78.36,0.052439999,0,1.89855416666667,16.8944527865558,14.8081559475089,1,20.0859765128698,21.0859765128698,34.8389912936836,35.8389912936836,1,0,9,0,0.637963041908481,0,0.637963041908481,0.0334547812797177,0,-0.0334547812797177,3.163,78.36,16.8944527865558,14.8081559475089,9,0,0.637963041908481,2019-01-06 12:00:00
"1586",2019-01-06 12:05:00,3.1765,75.7041666666667,0.052439999,0,1.89855416666667,17.2962809522368,14.8072324128805,1,20.0859765128698,21.0859765128698,34.8389912936836,35.8389912936836,1,0,9,0,0.637915264585608,0,0.637915264585608,0.033452275836954,0,-0.033452275836954,3.1765,75.7041666666667,17.2962809522368,14.8072324128805,9,0,0.637915264585608,2019-01-06 12:00:00
"1587",2019-01-06 12:10:00,3.19,73.0483333333333,0.052439999,0,1.89855416666667,17.6547136039243,14.8174035951322,1,20.0859765128698,21.0859765128698,34.8389912936836,35.8389912936836,1,0,9,0,0.637867520342353,0,0.637867520342353,0.0334497721288855,0,-0.0334497721288855,3.19,73.0483333333333,17.6547136039243,14.8174035951322,9,0,0.637867520342353,2019-01-06 12:00:00
"1588",2019-01-06 12:15:00,3.2035,70.3925,0.052439999,0,1.89855416666667,17.9753816070878,14.8370811350274,1,22.4013574502897,23.4013574502897,20.1139653618447,21.1139653618447,1,0,9,0,0.637819809144372,0,0.637819809144372,0.0334472701537111,0,-0.0334472701537111,3.2035,70.3925,17.9753816070878,14.8370811350274,9,0,0.637819809144372,2019-01-06 12:15:00
"1589",2019-01-06 12:20:00,3.217,67.7366666666667,0.052439999,0,1.89855416666667,18.2631713651731,14.864887788469,1,22.4013574502897,23.4013574502897,20.1139653618447,21.1139653618447,1,0,9,0,0.63777213095737,0,0.63777213095737,0.0334447699096324,0,-0.0334447699096324,3.217,67.7366666666667,18.2631713651731,14.864887788469,9,0,0.63777213095737,2019-01-06 12:15:00
"1590",2019-01-06 12:25:00,3.2305,65.0808333333333,0.052439999,0,1.89855416666667,18.5223233493682,14.8996294771222,1,22.4013574502897,23.4013574502897,20.1139653618447,21.1139653618447,1,0,9,0,0.6377244857471,0,0.6377244857471,0.0334422713948534,0,-0.0334422713948534,3.2305,65.0808333333333,18.5223233493682,14.8996294771222,9,0,0.6377244857471,2019-01-06 12:15:00
"1591",2019-01-06 12:30:00,3.244,62.425,0.052439999,0,1.89855416666667,18.0065175871622,14.9402710384216,1,8.65414128731936,9.65414128731936,25.3577191689983,26.3577191689983,0,0,0,0,0,0,0,0,0,0,3.244,62.425,18.0065175871622,14.9402710384216,0,0,0,2019-01-06 12:30:00
"1592",2019-01-06 12:35:00,3.2575,59.7691666666667,0.052439999,0,1.89855416666667,17.5484515799465,14.9649282274545,1,8.65414128731936,9.65414128731936,25.3577191689983,26.3577191689983,0,0,0,0,0,0,0,0,0,0,3.2575,59.7691666666667,17.5484515799465,14.9649282274545,0,0,0,2019-01-06 12:30:00
"1593",2019-01-06 12:40:00,3.271,57.1133333333333,0.052439999,0,1.89855416666667,17.1405196410277,14.9757556391646,1,8.65414128731936,9.65414128731936,25.3577191689983,26.3577191689983,0,0,0,0,0,0,0,0,0,0,3.271,57.1133333333333,17.1405196410277,14.9757556391646,0,0,0,2019-01-06 12:30:00
"1594",2019-01-06 12:45:00,3.2845,54.4575,0.052439999,0,1.89855416666667,17.526122491225,14.9746224030306,1,21.8983206076082,22.8983206076082,39.3261326691136,40.3261326691136,1,0,9,0,0.637534233990018,0,0.637534233990018,0.0334322945929023,0,-0.0334322945929023,3.2845,54.4575,17.526122491225,14.9746224030306,9,0,0.637534233990018,2019-01-06 12:45:00
"1595",2019-01-06 12:50:00,3.298,51.8016666666667,0.052439999,0,1.89855416666667,17.8700303101246,14.9841369268224,1,21.8983206076082,22.8983206076082,39.3261326691136,40.3261326691136,1,0,9,0,0.637486753151334,0,0.637486753151334,0.0334298046977692,0,-0.0334298046977692,3.298,51.8016666666667,17.8700303101246,14.9841369268224,9,0,0.637486753151334,2019-01-06 12:45:00
"1596",2019-01-06 12:55:00,3.3115,49.1458333333333,0.052439999,0,1.89855416666667,18.1776521802268,15.0027735036402,1,21.8983206076082,22.8983206076082,39.3261326691136,40.3261326691136,1,0,9,0,0.637439305084883,0,0.637439305084883,0.033427316521212,0,-0.033427316521212,3.3115,49.1458333333333,18.1776521802268,15.0027735036402,9,0,0.637439305084883,2019-01-06 12:45:00
"1597",2019-01-06 13:00:00,3.325,46.49,0.05152,0,1.80097083333333,17.7036820526544,15.0292092234408,1,13.5703072459437,14.5703072459437,45.9483623765409,46.9483623765409,0,0,0,0,0,0,0,0,0,0,3.325,46.49,17.7036820526544,15.0292092234408,0,0,0,2019-01-06 13:00:00
"1598",2019-01-06 13:05:00,3.30541666666667,43.1978333333333,0.05152,0,1.80097083333333,17.2810502204364,15.0410587643078,1,13.5703072459437,14.5703072459437,45.9483623765409,46.9483623765409,0,0,0,0,0,0,0,0,0,0,3.30541666666667,43.1978333333333,17.2810502204364,15.0410587643078,0,0,0,2019-01-06 13:00:00
"1599",2019-01-06 13:10:00,3.28583333333333,39.9056666666667,0.05152,0,1.80097083333333,16.902959478888,15.0402504539277,1,13.5703072459437,14.5703072459437,45.9483623765409,46.9483623765409,0,0,0,0,0,0,0,0,0,0,3.28583333333333,39.9056666666667,16.902959478888,15.0402504539277,0,0,0,2019-01-06 13:00:00
"1600",2019-01-06 13:15:00,3.26625,36.6135,0.05152,0,1.80097083333333,17.3135123069671,15.0284574061746,1,24.0985063388944,25.0985063388944,22.7156761363149,23.7156761363149,1,0,9,0,0.637598473207341,0,0.637598473207341,0.0328490733396422,0,-0.0328490733396422,3.26625,36.6135,17.3135123069671,15.0284574061746,9,0,0.637598473207341,2019-01-06 13:15:00
"1601",2019-01-06 13:20:00,3.24666666666667,33.3213333333333,0.05152,0,1.80097083333333,17.6780880422385,15.0281182585702,1,24.0985063388944,25.0985063388944,22.7156761363149,23.7156761363149,1,0,9,0,0.637667472480272,0,0.637667472480272,0.0328526281821836,0,-0.0328526281821836,3.24666666666667,33.3213333333333,17.6780880422385,15.0281182585702,9,0,0.637667472480272,2019-01-06 13:15:00
"1602",2019-01-06 13:25:00,3.22708333333333,30.0291666666667,0.05152,0,1.80097083333333,18.0026245793535,15.0375603033116,1,24.0985063388944,25.0985063388944,22.7156761363149,23.7156761363149,1,0,9,0,0.637736540987812,0,0.637736540987812,0.0328561865916921,0,-0.0328561865916921,3.22708333333333,30.0291666666667,18.0026245793535,15.0375603033116,9,0,0.637736540987812,2019-01-06 13:15:00
"1603",2019-01-06 13:30:00,3.2075,26.737,0.05152,0,1.80097083333333,17.5422749681408,15.0553333828819,1,13.4993362692185,14.4993362692185,36.5139066176489,37.5139066176489,0,0,0,0,0,0,0,0,0,0,3.2075,26.737,17.5422749681408,15.0553333828819,0,0,0,2019-01-06 13:30:00
"1604",2019-01-06 13:35:00,3.18791666666667,23.4448333333333,0.05152,0,1.80097083333333,17.1310150306383,15.0591934672748,1,13.4993362692185,14.4993362692185,36.5139066176489,37.5139066176489,0,0,0,0,0,0,0,0,0,0,3.18791666666667,23.4448333333333,17.1310150306383,15.0591934672748,0,0,0,2019-01-06 13:30:00
"1605",2019-01-06 13:40:00,3.16833333333333,20.1526666666667,0.05152,0,1.80097083333333,16.7623484675778,15.0509832666302,1,13.4993362692185,14.4993362692185,36.5139066176489,37.5139066176489,0,0,0,0,0,0,0,0,0,0,3.16833333333333,20.1526666666667,16.7623484675778,15.0509832666302,0,0,0,2019-01-06 13:30:00
"1606",2019-01-06 13:45:00,3.14875,16.8605,0.05152,0,1.80097083333333,17.1806388117937,15.0323015838443,1,24.3917669858783,25.3917669858783,22.9886448620819,23.9886448620819,1,0,9,0,0.638013509452373,0,0.638013509452373,0.0328704560069862,0,-0.0328704560069862,3.14875,16.8605,17.1806388117937,15.0323015838443,9,0,0.638013509452373,2019-01-06 13:45:00
"1607",2019-01-06 13:50:00,3.12916666666667,13.5683333333333,0.05152,0,1.80097083333333,17.5514918780545,15.0255225556976,1,24.3917669858783,25.3917669858783,22.9886448620819,23.9886448620819,1,0,9,0,0.63808292570103,0,0.63808292570103,0.032874032332117,0,-0.032874032332117,3.12916666666667,13.5683333333333,17.5514918780545,15.0255225556976,9,0,0.63808292570103,2019-01-06 13:45:00
"1608",2019-01-06 13:55:00,3.10958333333333,10.2761666666667,0.05152,0,1.80097083333333,17.881042038236,15.0289174856023,1,24.3917669858783,25.3917669858783,22.9886448620819,23.9886448620819,1,0,9,0,0.638152411812998,0,0.638152411812998,0.0328776122566057,0,-0.0328776122566057,3.10958333333333,10.2761666666667,17.881042038236,15.0289174856023,9,0,0.638152411812998,2019-01-06 13:45:00
"1609",2019-01-06 14:00:00,3.09,6.984,0.05157,0,1.73292916666667,18.1746127903398,15.0409876127684,1,19.3494330884423,20.3494330884423,23.091933993157,24.091933993157,1,0,9,0,0.638221967893801,0,0.638221967893801,0.0329131068842833,0,-0.0329131068842833,3.09,6.984,18.1746127903398,15.0409876127684,9,0,0.638221967893801,2019-01-06 14:00:00
"1610",2019-01-06 14:05:00,3.06583333333333,6.402,0.05157,0,1.73292916666667,18.43767305764,15.0606706659736,1,19.3494330884423,20.3494330884423,23.091933993157,24.091933993157,1,0,9,0,0.638307899663151,0,0.638307899663151,0.0329175383856287,0,-0.0329175383856287,3.06583333333333,6.402,18.43767305764,15.0606706659736,9,0,0.638307899663151,2019-01-06 14:00:00
"1611",2019-01-06 14:10:00,3.04166666666667,5.82,0.05157,0,1.73292916666667,18.6741643619259,15.0868562253786,1,19.3494330884423,20.3494330884423,23.091933993157,24.091933993157,1,0,9,0,0.6383939383455,0,0.6383939383455,0.0329219754004775,0,-0.0329219754004775,3.04166666666667,5.82,18.6741643619259,15.0868562253786,9,0,0.6383939383455,2019-01-06 14:00:00
"1612",2019-01-06 14:15:00,3.0175,5.238,0.05157,0,1.73292916666667,18.13750724348,15.1185816011254,1,12.7780017766636,13.7780017766636,22.634863092564,23.634863092564,0,0,0,0,0,0,0,0,0,0,3.0175,5.238,18.13750724348,15.1185816011254,0,0,0,2019-01-06 14:15:00
"1613",2019-01-06 14:20:00,2.99333333333333,4.656,0.05157,0,1.73292916666667,17.6601739563055,15.1340253165855,1,12.7780017766636,13.7780017766636,22.634863092564,23.634863092564,0,0,0,0,0,0,0,0,0,0,2.99333333333333,4.656,17.6601739563055,15.1340253165855,0,0,0,2019-01-06 14:15:00
"1614",2019-01-06 14:25:00,2.96916666666667,4.074,0.05157,0,1.73292916666667,17.2343632749842,15.1353963158512,1,12.7780017766636,13.7780017766636,22.634863092564,23.634863092564,0,0,0,0,0,0,0,0,0,0,2.96916666666667,4.074,17.2343632749842,15.1353963158512,0,0,0,2019-01-06 14:15:00
"1615",2019-01-06 14:30:00,2.945,3.492,0.05157,0,1.73292916666667,16.8533061588506,15.1246107735767,1,16.9156476070639,17.9156476070639,47.7078380906023,48.7078380906023,0,0,0,0,0,0,0,0,0,0,2.945,3.492,16.8533061588506,15.1246107735767,0,0,0,2019-01-06 14:30:00
"1616",2019-01-06 14:35:00,2.92083333333333,2.91,0.05157,0,1.73292916666667,17.2611291363113,15.1033308484253,1,16.9156476070639,17.9156476070639,47.7078380906023,48.7078380906023,1,0,9,0,0.638825742457424,0,0.638825742457424,0.0329442435385293,0,-0.0329442435385293,2.92083333333333,2.91,17.2611291363113,15.1033308484253,9,0,0.638825742457424,2019-01-06 14:30:00
"1617",2019-01-06 14:40:00,2.89666666666667,2.328,0.05157,0,1.73292916666667,17.2777504980065,15.0939852650106,1,16.9156476070639,17.9156476070639,47.7078380906023,48.7078380906023,1,0,4.85422164903098,0,0.29343089758046,0,0.29343089758046,0.0151322313882243,0,-0.0151322313882243,2.89666666666667,2.328,17.2777504980065,15.0939852650106,4.85422164903098,0,0.29343089758046,2019-01-06 14:30:00
"1618",2019-01-06 14:45:00,2.8725,1.746,0.05157,0,1.73292916666667,16.8867113540523,15.085224834904,1,11.8054406256415,12.8054406256415,43.1849857843481,44.1849857843481,0,0,0,0,0,0,0,0,0,0,2.8725,1.746,16.8867113540523,15.085224834904,0,0,0,2019-01-06 14:45:00
"1619",2019-01-06 14:50:00,2.84833333333333,1.164,0.05157,0,1.73292916666667,16.5357985859843,15.0656224255186,1,11.8054406256415,12.8054406256415,43.1849857843481,44.1849857843481,0,0,0,0,0,0,0,0,0,0,2.84833333333333,1.164,16.5357985859843,15.0656224255186,0,0,0,2019-01-06 14:45:00
"1620",2019-01-06 14:55:00,2.82416666666667,0.582,0.05157,0,1.73292916666667,16.2197513531887,15.0366663964554,1,11.8054406256415,12.8054406256415,43.1849857843481,44.1849857843481,0,0,0,0,0,0,0,0,0,0,2.82416666666667,0.582,16.2197513531887,15.0366663964554,0,0,0,2019-01-06 14:45:00
"1621",2019-01-06 15:00:00,2.8,0,0.053400002,0,1.68834583333333,15.9340047624005,14.9996477177541,1,7.07913644285873,8.07913644285873,40.0720163974911,41.0720163974911,0,0,0,0,0,0,0,0,0,0,2.8,0,15.9340047624005,14.9996477177541,0,0,0,2019-01-06 15:00:00
"1622",2019-01-06 15:05:00,2.7785,0,0.053400002,0,1.68834583333333,15.6748279089736,14.9557579154357,1,7.07913644285873,8.07913644285873,40.0720163974911,41.0720163974911,0,0,0,0,0,0,0,0,0,0,2.7785,0,15.6748279089736,14.9557579154357,0,0,0,2019-01-06 15:00:00
"1623",2019-01-06 15:10:00,2.757,0,0.053400002,0,1.68834583333333,15.4387659251472,14.9059721283343,1,7.07913644285873,8.07913644285873,40.0720163974911,41.0720163974911,0,0,0,0,0,0,0,0,0,0,2.757,0,15.4387659251472,14.9059721283343,0,0,0,2019-01-06 15:00:00
"1624",2019-01-06 15:15:00,2.7355,0,0.053400002,0,1.68834583333333,15.2228207689986,14.8511359439213,1,11.5997248780914,12.5997248780914,31.3204230372794,32.3204230372794,0,0,0,0,0,0,0,0,0,0,2.7355,0,15.2228207689986,14.8511359439213,0,0,0,2019-01-06 15:15:00
"1625",2019-01-06 15:20:00,2.714,0,0.053400002,0,1.68834583333333,15.0243907630084,14.7919825490882,1,11.5997248780914,12.5997248780914,31.3204230372794,32.3204230372794,0,0,0,0,0,0,0,0,0,0,2.714,0,15.0243907630084,14.7919825490882,0,0,0,2019-01-06 15:15:00
"1626",2019-01-06 15:25:00,2.6925,0,0.053400002,0,1.68834583333333,14.8412181351867,14.7291476108515,1,11.5997248780914,12.5997248780914,31.3204230372794,32.3204230372794,0,0,0,0,0,0,0,0,0,0,2.6925,0,14.8412181351867,14.7291476108515,0,0,0,2019-01-06 15:15:00
"1627",2019-01-06 15:30:00,2.671,0,0.053400002,0,1.68834583333333,15.4213435035524,14.6631821874431,1,25.0125965906773,26.0125965906773,45.0926038417965,46.0926038417965,1,0,9,0,0.639727135261177,0,0.639727135261177,0.0341614303024011,0,-0.0341614303024011,2.671,0,15.4213435035524,14.6631821874431,9,0,0.639727135261177,2019-01-06 15:30:00
"1628",2019-01-06 15:35:00,2.6495,0,0.053400002,0,1.68834583333333,15.9335626408184,14.6155508883481,1,25.0125965906773,26.0125965906773,45.0926038417965,46.0926038417965,1,0,9,0,0.639805254077175,0,0.639805254077175,0.0341656018473317,0,-0.0341656018473317,2.6495,0,15.9335626408184,14.6155508883481,9,0,0.639805254077175,2019-01-06 15:30:00
"1629",2019-01-06 15:40:00,2.628,0,0.053400002,0,1.68834583333333,16.3867772281903,14.583735416196,1,25.0125965906773,26.0125965906773,45.0926038417965,46.0926038417965,1,0,9,0,0.639883460291562,0,0.639883460291562,0.0341697780593363,0,-0.0341697780593363,2.628,0,16.3867772281903,14.583735416196,9,0,0.639883460291562,2019-01-06 15:30:00
"1630",2019-01-06 15:45:00,2.6065,0,0.053400002,0,1.68834583333333,16.7887113686928,14.5655514659985,1,21.3686166421976,22.3686166421976,25.9607316465117,26.9607316465117,1,0,9,0,0.639961754051088,0,0.639961754051088,0.0341739589462516,0,-0.0341739589462516,2.6065,0,16.7887113686928,14.5655514659985,9,0,0.639961754051088,2019-01-06 15:45:00
"1631",2019-01-06 15:50:00,2.585,0,0.053400002,0,1.68834583333333,17.1460674449853,14.5591045134535,1,21.3686166421976,22.3686166421976,25.9607316465117,26.9607316465117,1,0,9,0,0.640040135502835,0,0.640040135502835,0.0341781445159317,0,-0.0341781445159317,2.585,0,17.1460674449853,14.5591045134535,9,0,0.640040135502835,2019-01-06 15:45:00
"1632",2019-01-06 15:55:00,2.5635,0,0.053400002,0,1.68834583333333,17.4646613481032,14.5627514550805,1,21.3686166421976,22.3686166421976,25.9607316465117,26.9607316465117,1,0,9,0,0.640118604794214,0,0.640118604794214,0.0341823347762482,0,-0.0341823347762482,2.5635,0,17.4646613481032,14.5627514550805,9,0,0.640118604794214,2019-01-06 15:45:00
"1633",2019-01-06 16:00:00,2.542,0,0.06191,0,1.6543875,16.9995398075605,14.5750673256462,1,15.3334450714756,16.3334450714756,29.1502503496595,30.1502503496595,0,0,0,0,0,0,0,0,0,0,2.542,0,16.9995398075605,14.5750673256462,0,0,0,2019-01-06 16:00:00
"1634",2019-01-06 16:05:00,2.54975,0,0.06191,0,1.6543875,16.5849691907018,14.5739970855378,1,15.3334450714756,16.3334450714756,29.1502503496595,30.1502503496595,0,0,0,0,0,0,0,0,0,0,2.54975,0,16.5849691907018,14.5739970855378,0,0,0,2019-01-06 16:00:00
"1635",2019-01-06 16:10:00,2.5575,0,0.06191,0,1.6543875,16.2143472472316,14.5614065714711,1,15.3334450714756,16.3334450714756,29.1502503496595,30.1502503496595,0,0,0,0,0,0,0,0,0,0,2.5575,0,16.2143472472316,14.5614065714711,0,0,0,2019-01-06 16:00:00
"1636",2019-01-06 16:15:00,2.56525,0,0.06191,0,1.6543875,15.881944938806,14.5389139684584,1,15.3544918815605,16.3544918815605,43.5343142556958,44.5343142556958,0,0,0,0,0,0,0,0,0,0,2.56525,0,15.881944938806,14.5389139684584,0,0,0,2019-01-06 16:15:00
"1637",2019-01-06 16:20:00,2.573,0,0.06191,0,1.6543875,15.5827908668015,14.5079225937136,1,15.3544918815605,16.3544918815605,43.5343142556958,44.5343142556958,0,0,0,0,0,0,0,0,0,0,2.573,0,15.5827908668015,14.5079225937136,0,0,0,2019-01-06 16:15:00
"1638",2019-01-06 16:25:00,2.58075,0,0.06191,0,1.6543875,15.3125709970171,14.469649341291,1,15.3544918815605,16.3544918815605,43.5343142556958,44.5343142556958,0,0,0,0,0,0,0,0,0,0,2.58075,0,15.3125709970171,14.469649341291,0,0,0,2019-01-06 16:15:00
"1639",2019-01-06 16:30:00,2.5885,0,0.06191,0,1.6543875,15.8175416566299,14.4251493617972,1,20.1125693747308,21.1125693747308,43.9301315909252,44.9301315909252,1,0,9,0,0.640027369749691,0,0.640027369749691,0.0396240944612034,0,-0.0396240944612034,2.5885,0,15.8175416566299,14.4251493617972,9,0,0.640027369749691,2019-01-06 16:30:00
"1640",2019-01-06 16:35:00,2.59625,0,0.06191,0,1.6543875,16.2649503025716,14.3963244333606,1,20.1125693747308,21.1125693747308,43.9301315909252,44.9301315909252,1,0,9,0,0.639999111005645,0,0.639999111005645,0.0396223449623595,0,-0.0396223449623595,2.59625,0,16.2649503025716,14.3963244333606,9,0,0.639999111005645,2019-01-06 16:30:00
"1641",2019-01-06 16:40:00,2.604,0,0.06191,0,1.6543875,16.662355043427,14.3810353629411,1,20.1125693747308,21.1125693747308,43.9301315909252,44.9301315909252,1,0,9,0,0.639970863665019,0,0.639970863665019,0.0396205961695014,0,-0.0396205961695014,2.604,0,16.662355043427,14.3810353629411,9,0,0.639970863665019,2019-01-06 16:30:00
"1642",2019-01-06 16:45:00,2.61175,0,0.06191,0,1.6543875,17.016314054657,14.3774265723548,1,23.5783266134094,24.5783266134094,34.6305214734748,35.6305214734748,1,0,9,0,0.639942627720913,0,0.639942627720913,0.0396188480822017,0,-0.0396188480822017,2.61175,0,17.016314054657,14.3774265723548,9,0,0.639942627720913,2019-01-06 16:45:00
"1643",2019-01-06 16:50:00,2.6195,0,0.06191,0,1.6543875,17.3325179249644,14.3838885559435,1,23.5783266134094,24.5783266134094,34.6305214734748,35.6305214734748,1,0,9,0,0.639914403166431,0,0.639914403166431,0.0396171007000337,0,-0.0396171007000337,2.6195,0,17.3325179249644,14.3838885559435,9,0,0.639914403166431,2019-01-06 16:45:00
"1644",2019-01-06 16:55:00,2.62725,0,0.06191,0,1.6543875,17.615904485517,14.3990253073164,1,23.5783266134094,24.5783266134094,34.6305214734748,35.6305214734748,1,0,9,0,0.639886189994682,0,0.639886189994682,0.0396153540225708,0,-0.0396153540225708,2.62725,0,17.615904485517,14.3990253073164,9,0,0.639886189994682,2019-01-06 16:45:00
"1645",2019-01-06 17:00:00,2.635,0,0.061360001,0,1.6425125,17.1207584405701,14.4216260574651,1,6.83654331928119,7.83654331928119,39.2147834370844,40.2147834370844,0,0,0,0,0,0,0,0,0,0,2.635,0,17.1207584405701,14.4216260574651,0,0,0,2019-01-06 17:00:00
"1646",2019-01-06 17:05:00,2.64016666666667,0,0.061360001,0,1.6425125,16.6802677065817,14.4296389914701,1,6.83654331928119,7.83654331928119,39.2147834370844,40.2147834370844,0,0,0,0,0,0,0,0,0,0,2.64016666666667,0,16.6802677065817,14.4296389914701,0,0,0,2019-01-06 17:00:00
"1647",2019-01-06 17:10:00,2.64533333333333,0,0.061360001,0,1.6425125,16.2872833065534,14.4250853109695,1,6.83654331928119,7.83654331928119,39.2147834370844,40.2147834370844,0,0,0,0,0,0,0,0,0,0,2.64533333333333,0,16.2872833065534,14.4250853109695,0,0,0,2019-01-06 17:00:00
"1648",2019-01-06 17:15:00,2.6505,0,0.061360001,0,1.6425125,16.6856018649514,14.4097180291939,1,17.2226294749416,18.2226294749416,45.9043425908312,46.9043425908312,1,0,9,0,0.639801618707022,0,0.639801618707022,0.0392582279636645,0,-0.0392582279636645,2.6505,0,16.6856018649514,14.4097180291939,9,0,0.639801618707022,2019-01-06 17:15:00
"1649",2019-01-06 17:20:00,2.65566666666667,0,0.061360001,0,1.6425125,17.040336709783,14.4060444307442,1,17.2226294749416,18.2226294749416,45.9043425908312,46.9043425908312,1,0,9,0,0.639782838972686,0,0.639782838972686,0.0392570756391468,0,-0.0392570756391468,2.65566666666667,0,17.040336709783,14.4060444307442,9,0,0.639782838972686,2019-01-06 17:15:00
"1650",2019-01-06 17:25:00,2.66083333333333,0,0.061360001,0,1.6425125,17.3571943019525,14.4124506969352,1,17.2226294749416,18.2226294749416,45.9043425908312,46.9043425908312,1,0,9,0,0.639764064283084,0,0.639764064283084,0.0392559236241741,0,-0.0392559236241741,2.66083333333333,0,17.3571943019525,14.4124506969352,9,0,0.639764064283084,2019-01-06 17:15:00
"1651",2019-01-06 17:30:00,2.666,0,0.061360001,0,1.6425125,17.6411262616066,14.4275370979014,1,21.1718644620851,22.1718644620851,27.0465118093416,28.0465118093416,1,0,9,0,0.639745294636184,0,0.639745294636184,0.0392547719186216,0,-0.0392547719186216,2.666,0,17.6411262616066,14.4275370979014,9,0,0.639745294636184,2019-01-06 17:30:00
"1652",2019-01-06 17:35:00,2.67116666666667,0,0.061360001,0,1.6425125,17.8964292743596,14.4500896525418,1,21.1718644620851,22.1718644620851,27.0465118093416,28.0465118093416,1,0,9,0,0.639726530029956,0,0.639726530029956,0.0392536205223646,0,-0.0392536205223646,2.67116666666667,0,17.8964292743596,14.4500896525418,9,0,0.639726530029956,2019-01-06 17:30:00
"1653",2019-01-06 17:40:00,2.67633333333333,0,0.061360001,0,1.6425125,18.1268317741045,14.4790555395395,1,21.1718644620851,22.1718644620851,27.0465118093416,28.0465118093416,1,0,9,0,0.639707770462368,0,0.639707770462368,0.0392524694352787,0,-0.0392524694352787,2.67633333333333,0,18.1268317741045,14.4790555395395,9,0,0.639707770462368,2019-01-06 17:30:00
"1654",2019-01-06 17:45:00,2.6815,0,0.061360001,0,1.6425125,17.585569152642,14.5135217629674,1,9.02778431237675,10.0277843123768,38.0539622395299,39.0539622395299,0,0,0,0,0,0,0,0,0,0,2.6815,0,17.585569152642,14.5135217629674,0,0,0,2019-01-06 17:45:00
"1655",2019-01-06 17:50:00,2.68666666666667,0,0.061360001,0,1.6425125,17.1049527588356,14.5317096838437,1,9.02778431237675,10.0277843123768,38.0539622395299,39.0539622395299,0,0,0,0,0,0,0,0,0,0,2.68666666666667,0,17.1049527588356,14.5317096838437,0,0,0,2019-01-06 17:45:00
"1656",2019-01-06 17:55:00,2.69183333333333,0,0.061360001,0,1.6425125,16.6770414985897,14.5358651371632,1,9.02778431237675,10.0277843123768,38.0539622395299,39.0539622395299,0,0,0,0,0,0,0,0,0,0,2.69183333333333,0,16.6770414985897,14.5358651371632,0,0,0,2019-01-06 17:45:00
"1657",2019-01-06 18:00:00,2.697,0,0.05857,0,1.6592625,17.2189589271575,14.5279360308782,0,21.8498802061658,22.8498802061658,39.5919048744254,40.5919048744254,1,0,9,0,0.639632782537859,0,0.639632782537859,0.0374632920732424,0,-0.0374632920732424,2.697,0,17.2189589271575,14.5279360308782,9,0,0.639632782537859,2019-01-06 18:00:00
"1658",2019-01-06 18:05:00,2.70325,0,0.05857,0,1.6592625,17.7094432930763,14.5354743220014,0,21.8498802061658,22.8498802061658,39.5919048744254,40.5919048744254,1,0,9,0,0.63961012058894,0,0.63961012058894,0.0374619647628942,0,-0.0374619647628942,2.70325,0,17.7094432930763,14.5354743220014,9,0,0.63961012058894,2019-01-06 18:00:00
"1659",2019-01-06 18:10:00,2.7095,0,0.05857,0,1.6592625,18.1547435096514,14.5565193222305,0,21.8498802061658,22.8498802061658,39.5919048744254,40.5919048744254,1,0,9,0,0.639587465994748,0,0.639587465994748,0.0374606378833124,0,-0.0374606378833124,2.7095,0,18.1547435096514,14.5565193222305,9,0,0.639587465994748,2019-01-06 18:00:00
"1660",2019-01-06 18:15:00,2.71575,0,0.05857,0,1.6592625,18.5603417040897,14.5893513054352,0,18.5064802695997,19.5064802695997,45.6178258177824,46.6178258177824,1,0,9,0,0.639564818751706,0,0.639564818751706,0.0374593114342874,0,-0.0374593114342874,2.71575,0,18.5603417040897,14.5893513054352,9,0,0.639564818751706,2019-01-06 18:15:00
"1661",2019-01-06 18:20:00,2.722,0,0.05857,0,1.6592625,18.8771859076549,14.6324619273511,0,18.5064802695997,19.5064802695997,45.6178258177824,46.6178258177824,1,0,8.35366278612048,0,0.585680744366274,0,0.585680744366274,0.0343033211975327,0,-0.0343033211975327,2.722,0,18.8771859076549,14.6324619273511,8.35366278612048,0,0.585680744366274,2019-01-06 18:15:00
"1662",2019-01-06 18:25:00,2.72825,0,0.05857,0,1.6592625,18.8515518758724,14.6830210928352,0,18.5064802695997,19.5064802695997,45.6178258177824,46.6178258177824,1,0,4.5515323433377,0,0.268813908249567,0,0.268813908249567,0.0157444306061771,0,-0.0157444306061771,2.72825,0,18.8515518758724,14.6830210928352,4.5515323433377,0,0.268813908249567,2019-01-06 18:15:00
"1663",2019-01-06 18:30:00,2.7345,0,0.05857,0,1.6592625,19.2037228994867,14.7311942518753,0,20.6271780291572,21.6271780291572,32.6225419929251,33.6225419929251,1,0,9,0,0.639496921093706,0,0.639496921093706,0.0374553346684584,0,-0.0374553346684584,2.7345,0,19.2037228994867,14.7311942518753,9,0,0.639496921093706,2019-01-06 18:30:00
"1664",2019-01-06 18:35:00,2.74075,0,0.05857,0,1.6592625,19.5274251178492,14.7876338163174,0,20.6271780291572,21.6271780291572,32.6225419929251,33.6225419929251,1,0,9,0,0.639474303219506,0,0.639474303219506,0.0374540099395665,0,-0.0374540099395665,2.74075,0,19.5274251178492,14.7876338163174,9,0,0.639474303219506,2019-01-06 18:30:00
"1665",2019-01-06 18:40:00,2.747,0,0.05857,0,1.6592625,19.8260899735825,14.8512644669026,0,20.6271780291572,21.6271780291572,32.6225419929251,33.6225419929251,1,0,9,0,0.639451692678591,0,0.639451692678591,0.0374526856401851,0,-0.0374526856401851,2.747,0,19.8260899735825,14.8512644669026,9,0,0.639451692678591,2019-01-06 18:30:00
"1666",2019-01-06 18:45:00,2.75325,0,0.05857,0,1.6592625,20.1027279719682,14.9211431576508,0,24.4879230461083,25.4879230461083,30.5069506103173,31.5069506103173,1,0,9,0,0.639429089467394,0,0.639429089467394,0.0374513617701053,0,-0.0374513617701053,2.75325,0,20.1027279719682,14.9211431576508,9,0,0.639429089467394,2019-01-06 18:45:00
"1667",2019-01-06 18:50:00,2.7595,0,0.05857,0,1.6592625,20.3599803513466,14.9964428775664,0,24.4879230461083,25.4879230461083,30.5069506103173,31.5069506103173,1,0,9,0,0.639406493582352,0,0.639406493582352,0.0374500383291184,0,-0.0374500383291184,2.7595,0,20.3599803513466,14.9964428775664,9,0,0.639406493582352,2019-01-06 18:45:00
"1668",2019-01-06 18:55:00,2.76575,0,0.05857,0,1.6592625,20.6001644107816,15.076438405664,0,24.4879230461083,25.4879230461083,30.5069506103173,31.5069506103173,1,0,9,0,0.639383905019904,0,0.639383905019904,0.0374487153170158,0,-0.0374487153170158,2.76575,0,20.6001644107816,15.076438405664,9,0,0.639383905019904,2019-01-06 18:45:00
"1669",2019-01-06 19:00:00,2.772,0,0.051950001,0,1.68734583333333,20.825313273584,15.1604938146248,0,23.59546433785,24.59546433785,32.7454474247061,33.7454474247061,1,0,9,0,0.639361323776491,0,0.639361323776491,0.03321482140955,0,-0.03321482140955,2.772,0,20.825313273584,15.1604938146248,9,0,0.639361323776491,2019-01-06 19:00:00
"1670",2019-01-06 19:05:00,2.78933333333333,0,0.051950001,0,1.68734583333333,21.037218033663,15.2481150235287,0,23.59546433785,24.59546433785,32.7454474247061,33.7454474247061,1,0,9,0,0.639298736727616,0,0.639298736727616,0.0332115700122984,1,-0.0332115700122984,2.78933333333333,0,21.037218033663,15.2481150235287,9,0,0.639298736727616,2019-01-06 19:00:00
"1671",2019-01-06 19:10:00,2.80666666666667,0,0.051950001,0,1.68734583333333,21.2374490491854,15.3388112129399,0,23.59546433785,24.59546433785,32.7454474247061,33.7454474247061,1,0,9,0,0.639236205869084,0,0.639236205869084,0.0332083215341351,1,-0.0332083215341351,2.80666666666667,0,21.2374490491854,15.3388112129399,9,0,0.639236205869084,2019-01-06 19:00:00
"1672",2019-01-06 19:15:00,2.824,0,0.051950001,0,1.68734583333333,20.6773841610431,15.4321520532841,0,10.6981853046454,11.6981853046454,28.3732661074027,29.3732661074027,0,0,0,0,0,0,0,0,0,0,2.824,0,20.6773841610431,15.4321520532841,0,0,0,2019-01-06 19:15:00
"1673",2019-01-06 19:20:00,2.84133333333333,0,0.051950001,0,1.68734583333333,20.1784005694948,15.5067733205354,0,10.6981853046454,11.6981853046454,28.3732661074027,29.3732661074027,0,0,0,0,0,0,0,0,0,0,2.84133333333333,0,20.1784005694948,15.5067733205354,0,0,0,2019-01-06 19:15:00
"1674",2019-01-06 19:25:00,2.85866666666667,0,0.051950001,0,1.68734583333333,19.733044560544,15.565015327329,0,10.6981853046454,11.6981853046454,28.3732661074027,29.3732661074027,0,0,0,0,0,0,0,0,0,0,2.85866666666667,0,19.733044560544,15.565015327329,0,0,0,2019-01-06 19:15:00
"1675",2019-01-06 19:30:00,2.876,0,0.051950001,0,1.68734583333333,19.3347771925883,15.6089309122727,0,12.0996295285877,13.0996295285877,33.1877516959794,34.1877516959794,0,0,0,0,0,0,0,0,0,0,2.876,0,19.3347771925883,15.6089309122727,0,0,0,2019-01-06 19:30:00
"1676",2019-01-06 19:35:00,2.89333333333333,0,0.051950001,0,1.68734583333333,18.977862005465,15.6403207293632,0,12.0996295285877,13.0996295285877,33.1877516959794,34.1877516959794,0,0,0,0,0,0,0,0,0,0,2.89333333333333,0,18.977862005465,15.6403207293632,0,0,0,2019-01-06 19:30:00
"1677",2019-01-06 19:40:00,2.91066666666667,0,0.051950001,0,1.68734583333333,18.6572665136432,15.6607642054859,0,12.0996295285877,13.0996295285877,33.1877516959794,34.1877516959794,0,0,0,0,0,0,0,0,0,0,2.91066666666667,0,18.6572665136432,15.6607642054859,0,0,0,2019-01-06 19:30:00
"1678",2019-01-06 19:45:00,2.928,0,0.051950001,0,1.68734583333333,18.3685757915037,15.6716466977584,0,8.26254555070773,9.26254555070773,31.5242670807056,32.5242670807056,0,0,0,0,0,0,0,0,0,0,2.928,0,18.3685757915037,15.6716466977584,0,0,0,2019-01-06 19:45:00
"1679",2019-01-06 19:50:00,2.94533333333333,0,0.051950001,0,1.68734583333333,18.1079166663569,15.6741833171998,0,8.26254555070773,9.26254555070773,31.5242670807056,32.5242670807056,0,0,0,0,0,0,0,0,0,0,2.94533333333333,0,18.1079166663569,15.6741833171998,0,0,0,2019-01-06 19:45:00
"1680",2019-01-06 19:55:00,2.96266666666667,0,0.051950001,0,1.68734583333333,17.8718912170576,15.6694398279494,0,8.26254555070773,9.26254555070773,31.5242670807056,32.5242670807056,0,0,0,0,0,0,0,0,0,0,2.96266666666667,0,17.8718912170576,15.6694398279494,0,0,0,2019-01-06 19:45:00
"1681",2019-01-06 20:00:00,2.98,0,0.05157,0,1.72692916666667,18.407518435919,15.658350981021,0,23.106303129578,24.106303129578,41.8065434885211,42.8065434885211,1,0,9,0,0.638613971179383,0,0.638613971179383,0.0329333224937208,0,-0.0329333224937208,2.98,0,18.407518435919,15.658350981021,9,0,0.638613971179383,2019-01-06 20:00:00
"1682",2019-01-06 20:05:00,2.99,0,0.05157,0,1.72692916666667,18.8920100000956,15.6626815303534,0,23.106303129578,24.106303129578,41.8065434885211,42.8065434885211,1,0,9,0,0.638578242661589,0,0.638578242661589,0.0329314799740582,0,-0.0329314799740582,2.99,0,18.8920100000956,15.6626815303534,9,0,0.638578242661589,2019-01-06 20:00:00
"1683",2019-01-06 20:10:00,3,0,0.05157,0,1.72692916666667,19.331582538684,15.6804807281726,0,23.106303129578,24.106303129578,41.8065434885211,42.8065434885211,1,0,9,0,0.638542532557495,0,0.638542532557495,0.03292963840399,0,-0.03292963840399,3,0,19.331582538684,15.6804807281726,9,0,0.638542532557495,2019-01-06 20:00:00
"1684",2019-01-06 20:15:00,3.01,0,0.05157,0,1.72692916666667,18.9816898386148,15.7100375503519,0,14.2484029128682,15.2484029128682,46.5195136126131,47.5195136126131,0,0,0,0,0,0,0,0,0,0,3.01,0,18.9816898386148,15.7100375503519,0,0,0,2019-01-06 20:15:00
"1685",2019-01-06 20:20:00,3.02,0,0.05157,0,1.72692916666667,18.6672847307818,15.7288643103575,0,14.2484029128682,15.2484029128682,46.5195136126131,47.5195136126131,0,0,0,0,0,0,0,0,0,0,3.02,0,18.6672847307818,15.7288643103575,0,0,0,2019-01-06 20:15:00
"1686",2019-01-06 20:25:00,3.03,0,0.05157,0,1.72692916666667,18.3840502319722,15.7383157894198,0,14.2484029128682,15.2484029128682,46.5195136126131,47.5195136126131,0,0,0,0,0,0,0,0,0,0,3.03,0,18.3840502319722,15.7383157894198,0,0,0,2019-01-06 20:15:00
"1687",2019-01-06 20:30:00,3.04,0,0.05157,0,1.72692916666667,18.8781991080713,15.7395802941693,0,24.6053378053475,25.6053378053475,39.2116143372841,40.2116143372841,1,0,9,0,0.638399875993711,0,0.638399875993711,0.0329222816049957,0,-0.0329222816049957,3.04,0,18.8781991080713,15.7395802941693,9,0,0.638399875993711,2019-01-06 20:30:00
"1688",2019-01-06 20:35:00,3.05,0,0.05157,0,1.72692916666667,19.3262406005781,15.7546870506714,0,24.6053378053475,25.6053378053475,39.2116143372841,40.2116143372841,1,0,9,0,0.638364257744939,0,0.638364257744939,0.0329204447719065,0,-0.0329204447719065,3.05,0,19.3262406005781,15.7546870506714,9,0,0.638364257744939,2019-01-06 20:30:00
"1689",2019-01-06 20:40:00,3.06,0,0.05157,0,1.72692916666667,19.7337743850085,15.7818791860429,0,24.6053378053475,25.6053378053475,39.2116143372841,40.2116143372841,1,0,9,0,0.638328657824699,0,0.638328657824699,0.0329186088840197,0,-0.0329186088840197,3.06,0,19.7337743850085,15.7818791860429,9,0,0.638328657824699,2019-01-06 20:30:00
"1690",2019-01-06 20:45:00,3.07,0,0.05157,0,1.72692916666667,20.105713026863,15.8196157509143,0,20.759631230263,21.759631230263,29.2679322352633,30.2679322352633,1,0,9,0,0.638293076218846,0,0.638293076218846,0.0329167739406059,0,-0.0329167739406059,3.07,0,20.105713026863,15.8196157509143,9,0,0.638293076218846,2019-01-06 20:45:00
"1691",2019-01-06 20:50:00,3.08,0,0.05157,0,1.72692916666667,20.4463663258163,15.8665452128052,0,20.759631230263,21.759631230263,29.2679322352633,30.2679322352633,1,0,9,0,0.638257512913252,0,0.638257512913252,0.0329149399409364,0,-0.0329149399409364,3.08,0,20.4463663258163,15.8665452128052,9,0,0.638257512913252,2019-01-06 20:45:00
"1692",2019-01-06 20:55:00,3.09,0,0.05157,0,1.72692916666667,20.7595153063364,15.9214822032949,0,20.759631230263,21.759631230263,29.2679322352633,30.2679322352633,1,0,9,0,0.638221967893801,0,0.638221967893801,0.0329131068842833,0,-0.0329131068842833,3.09,0,20.7595153063364,15.9214822032949,9,0,0.638221967893801,2019-01-06 20:45:00
"1693",2019-01-06 21:00:00,3.1,0,0.050709999,0,1.78442916666667,20.2984771256737,15.9833871195738,0,18.6377143955324,19.6377143955324,46.4611350400373,47.4611350400373,0,0,0,0,0,0,0,0,0,0,3.1,0,20.2984771256737,15.9833871195738,0,0,0,2019-01-06 21:00:00
"1694",2019-01-06 21:05:00,3.10708333333333,0,0.050709999,0,1.78442916666667,19.8863283481131,16.030344557625,0,18.6377143955324,19.6377143955324,46.4611350400373,47.4611350400373,0,0,0,0,0,0,0,0,0,0,3.10708333333333,0,19.8863283481131,16.030344557625,0,0,0,2019-01-06 21:00:00
"1695",2019-01-06 21:10:00,3.11416666666667,0,0.050709999,0,1.78442916666667,19.5171063408565,16.0642264993271,0,18.6377143955324,19.6377143955324,46.4611350400373,47.4611350400373,0,0,0,0,0,0,0,0,0,0,3.11416666666667,0,19.5171063408565,16.0642264993271,0,0,0,2019-01-06 21:00:00
"1696",2019-01-06 21:15:00,3.12125,0,0.050709999,0,1.78442916666667,19.1855802324421,16.0866749658489,0,19.2515876276884,20.2515876276884,22.2293488103896,23.2293488103896,0,0,0,0,0,0,0,0,0,0,3.12125,0,19.1855802324421,16.0866749658489,0,0,0,2019-01-06 21:15:00
"1697",2019-01-06 21:20:00,3.12833333333333,0,0.050709999,0,1.78442916666667,19.637161086994,16.0991302469752,0,19.2515876276884,20.2515876276884,22.2293488103896,23.2293488103896,1,0,9,0,0.638085881132912,0,0.638085881132912,0.0323573343941641,0,-0.0323573343941641,3.12833333333333,0,19.637161086994,16.0991302469752,9,0,0.638085881132912,2019-01-06 21:15:00
"1698",2019-01-06 21:25:00,3.13541666666667,0,0.050709999,0,1.78442916666667,19.6620814000922,16.1238426230352,0,19.2515876276884,20.2515876276884,22.2293488103896,23.2293488103896,1,0,4.37311848833266,0,0.252487304688142,0,0.252487304688142,0.0128036309682484,0,-0.0128036309682484,3.13541666666667,0,19.6620814000922,16.1238426230352,4.37311848833266,0,0.252487304688142,2019-01-06 21:15:00
"1699",2019-01-06 21:30:00,3.1425,0,0.050709999,0,1.78442916666667,20.0725441644263,16.1484597912203,0,23.0621980852447,24.0621980852447,29.82275572652,30.82275572652,1,0,9,0,0.638035655990299,0,0.638035655990299,0.0323547874772324,0,-0.0323547874772324,3.1425,0,20.0725441644263,16.1484597912203,9,0,0.638035655990299,2019-01-06 21:30:00
"1700",2019-01-06 21:35:00,3.14958333333333,0,0.050709999,0,1.78442916666667,20.4468966258222,16.1837734455408,0,23.0621980852447,24.0621980852447,29.82275572652,30.82275572652,1,0,9,0,0.638010557117567,0,0.638010557117567,0.0323535147134213,0,-0.0323535147134213,3.14958333333333,0,20.4468966258222,16.1837734455408,9,0,0.638010557117567,2019-01-06 21:30:00
"1701",2019-01-06 21:40:00,3.15666666666667,0,0.050709999,0,1.78442916666667,20.7895109075594,16.228412511654,0,23.0621980852447,24.0621980852447,29.82275572652,30.82275572652,1,0,9,0,0.637985467370576,0,0.637985467370576,0.0323522424123765,0,-0.0323522424123765,3.15666666666667,0,20.7895109075594,16.228412511654,9,0,0.637985467370576,2019-01-06 21:30:00
"1702",2019-01-06 21:45:00,3.16375,0,0.050709999,0,1.78442916666667,20.3542227113762,16.281174482075,0,17.959697013488,18.959697013488,34.125290685799,35.125290685799,0,0,0,0,0,0,0,0,0,0,3.16375,0,20.3542227113762,16.281174482075,0,0,0,2019-01-06 21:45:00
"1703",2019-01-06 21:50:00,3.17083333333333,0,0.050709999,0,1.78442916666667,19.9645654095885,16.320017764892,0,17.959697013488,18.959697013488,34.125290685799,35.125290685799,0,0,0,0,0,0,0,0,0,0,3.17083333333333,0,19.9645654095885,16.320017764892,0,0,0,2019-01-06 21:45:00
"1704",2019-01-06 21:55:00,3.17791666666667,0,0.050709999,0,1.78442916666667,19.6149768048311,16.3466884764812,0,17.959697013488,18.959697013488,34.125290685799,35.125290685799,0,0,0,0,0,0,0,0,0,0,3.17791666666667,0,19.6149768048311,16.3466884764812,0,0,0,2019-01-06 21:45:00
"1705",2019-01-06 22:00:00,3.185,0,0.05023,0,1.8735125,20.0505773040822,16.3627182210785,0,25.1022963509895,26.1022963509895,41.6083841426298,42.6083841426298,1,0,9,0,0.637885199540567,0,0.637885199540567,0.0320409735729227,0,-0.0320409735729227,3.185,0,20.0505773040822,16.3627182210785,9,0,0.637885199540567,2019-01-06 22:00:00
"1706",2019-01-06 22:05:00,3.19941666666667,0,0.05023,0,1.8735125,20.4469226878254,16.3904794066329,0,25.1022963509895,26.1022963509895,41.6083841426298,42.6083841426298,1,0,9,0,0.63783423682527,0,0.63783423682527,0.0320384137157333,0,-0.0320384137157333,3.19941666666667,0,20.4469226878254,16.3904794066329,9,0,0.63783423682527,2019-01-06 22:00:00
"1707",2019-01-06 22:10:00,3.21383333333333,0,0.05023,0,1.8735125,20.8087754502963,16.4284780669985,0,25.1022963509895,26.1022963509895,41.6083841426298,42.6083841426298,1,0,9,0,0.637783311767949,0,0.637783311767949,0.0320358557501041,0,-0.0320358557501041,3.21383333333333,0,20.8087754502963,16.4284780669985,9,0,0.637783311767949,2019-01-06 22:00:00
"1708",2019-01-06 22:15:00,3.22825,0,0.05023,0,1.8735125,20.3903137250693,16.4754038695731,0,10.5662261769176,11.5662261769176,42.0517733115703,43.0517733115703,0,0,0,0,0,0,0,0,0,0,3.22825,0,20.3903137250693,16.4754038695731,0,0,0,2019-01-06 22:15:00
"1709",2019-01-06 22:20:00,3.24266666666667,0,0.05023,0,1.8735125,20.0153712619765,16.5091206146048,0,10.5662261769176,11.5662261769176,42.0517733115703,43.0517733115703,0,0,0,0,0,0,0,0,0,0,3.24266666666667,0,20.0153712619765,16.5091206146048,0,0,0,2019-01-06 22:15:00
"1710",2019-01-06 22:25:00,3.25708333333333,0,0.05023,0,1.8735125,19.6786493492688,16.5312914055185,0,10.5662261769176,11.5662261769176,42.0517733115703,43.0517733115703,0,0,0,0,0,0,0,0,0,0,3.25708333333333,0,19.6786493492688,16.5312914055185,0,0,0,2019-01-06 22:15:00
"1711",2019-01-06 22:30:00,3.2715,0,0.05023,0,1.8735125,19.375499516351,16.5433750052544,0,10.5030349991284,11.5030349991284,36.4045355566777,37.4045355566777,0,0,0,0,0,0,0,0,0,0,3.2715,0,19.375499516351,16.5433750052544,0,0,0,2019-01-06 22:30:00
"1712",2019-01-06 22:35:00,3.28591666666667,0,0.05023,0,1.8735125,19.1018437150468,16.5466509207044,0,10.5030349991284,11.5030349991284,36.4045355566777,37.4045355566777,0,0,0,0,0,0,0,0,0,0,3.28591666666667,0,19.1018437150468,16.5466509207044,0,0,0,2019-01-06 22:30:00
"1713",2019-01-06 22:40:00,3.30033333333333,0,0.05023,0,1.8735125,18.8541042989179,16.5422414079324,0,10.5030349991284,11.5030349991284,36.4045355566777,37.4045355566777,0,0,0,0,0,0,0,0,0,0,3.30033333333333,0,18.8541042989179,16.5422414079324,0,0,0,2019-01-06 22:30:00
"1714",2019-01-06 22:45:00,3.31475,0,0.05023,0,1.8735125,18.6291425978903,16.5311307761647,0,7.56396352616139,8.56396352616139,33.6137124923989,34.6137124923989,0,0,0,0,0,0,0,0,0,0,3.31475,0,18.6291425978903,16.5311307761647,0,0,0,2019-01-06 22:45:00
"1715",2019-01-06 22:50:00,3.32916666666667,0,0.05023,0,1.8735125,18.4242050330777,16.5141823221376,0,7.56396352616139,8.56396352616139,33.6137124923989,34.6137124923989,0,0,0,0,0,0,0,0,0,0,3.32916666666667,0,18.4242050330777,16.5141823221376,0,0,0,2019-01-06 22:45:00
"1716",2019-01-06 22:55:00,3.34358333333333,0,0.05023,0,1.8735125,18.2368758462172,16.4921531856837,0,7.56396352616139,8.56396352616139,33.6137124923989,34.6137124923989,0,0,0,0,0,0,0,0,0,0,3.34358333333333,0,18.2368758462172,16.4921531856837,0,0,0,2019-01-06 22:45:00
"1717",2019-01-06 23:00:00,3.358,0,0.048619999,0,1.98648333333333,18.0650356317442,16.465707381734,0,18.1637151364703,19.1637151364703,46.0844096546061,47.0844096546061,0,0,0,0,0,0,0,0,0,0,3.358,0,18.0650356317442,16.465707381734,0,0,0,2019-01-06 23:00:00
"1718",2019-01-06 23:05:00,3.36541666666667,0,0.048619999,0,1.98648333333333,18.656820371456,16.4353871177902,0,18.1637151364703,19.1637151364703,46.0844096546061,47.0844096546061,1,0,9,0,0.637250131845908,0,0.637250131845908,0.0309831007730979,0,-0.0309831007730979,3.36541666666667,0,18.656820371456,16.4353871177902,9,0,0.637250131845908,2019-01-06 23:00:00
"1719",2019-01-06 23:10:00,3.37283333333333,0,0.048619999,0,1.98648333333333,18.6973219198798,16.422691234319,0,18.1637151364703,19.1637151364703,46.0844096546061,47.0844096546061,1,0,3.08273718017132,0,0.144118915312046,0,0.144118915312046,0.00700706151835277,0,-0.00700706151835277,3.37283333333333,0,18.6973219198798,16.422691234319,3.08273718017132,0,0.144118915312046,2019-01-06 23:00:00
"1720",2019-01-06 23:15:00,3.38025,0,0.048619999,0,1.98648333333333,18.475964857648,16.4115992125587,0,15.0983902327716,16.0983902327716,31.9958499264903,32.9958499264903,0,0,0,0,0,0,0,0,0,0,3.38025,0,18.475964857648,16.4115992125587,0,0,0,2019-01-06 23:15:00
"1721",2019-01-06 23:20:00,3.38766666666667,0,0.048619999,0,1.98648333333333,18.2742918312126,16.3947294935406,0,15.0983902327716,16.0983902327716,31.9958499264903,32.9958499264903,0,0,0,0,0,0,0,0,0,0,3.38766666666667,0,18.2742918312126,16.3947294935406,0,0,0,2019-01-06 23:15:00
"1722",2019-01-06 23:25:00,3.39508333333333,0,0.048619999,0,1.98648333333333,18.0899244870589,16.3728276731878,0,15.0983902327716,16.0983902327716,31.9958499264903,32.9958499264903,0,0,0,0,0,0,0,0,0,0,3.39508333333333,0,18.0899244870589,16.3728276731878,0,0,0,2019-01-06 23:15:00
"1723",2019-01-06 23:30:00,3.4025,0,0.048619999,0,1.98648333333333,18.6707762524149,16.3465476583875,0,22.6719758617692,23.6719758617692,22.0096083129756,23.0096083129756,1,0,9,0,0.637120322397302,0,0.637120322397302,0.0309767894378365,0,-0.0309767894378365,3.4025,0,18.6707762524149,16.3465476583875,9,0,0.637120322397302,2019-01-06 23:30:00
"1724",2019-01-06 23:35:00,3.40991666666667,0,0.048619999,0,1.98648333333333,19.1948482732778,16.3374498807825,0,22.6719758617692,23.6719758617692,22.0096083129756,23.0096083129756,1,0,9,0,0.637094389967323,0,0.637094389967323,0.0309755286031168,0,-0.0309755286031168,3.40991666666667,0,19.1948482732778,16.3374498807825,9,0,0.637094389967323,2019-01-06 23:30:00
"1725",2019-01-06 23:40:00,3.41733333333333,0,0.048619999,0,1.98648333333333,19.6690489985022,16.3433662250541,0,22.6719758617692,23.6719758617692,22.0096083129756,23.0096083129756,1,0,9,0,0.63706846734426,0,0.63706846734426,0.0309742682452095,0,-0.0309742682452095,3.41733333333333,0,19.6690489985022,16.3433662250541,9,0,0.63706846734426,2019-01-06 23:30:00
"1726",2019-01-06 23:45:00,3.42475,0,0.048619999,0,1.98648333333333,20.0994391158013,16.3623949866304,0,25.4230085487943,26.4230085487943,32.5040257168002,33.5040257168002,1,0,9,0,0.637042554522552,0,0.637042554522552,0.0309730083638439,0,-0.0309730083638439,3.42475,0,20.0994391158013,16.3623949866304,9,0,0.637042554522552,2019-01-06 23:45:00
"1727",2019-01-06 23:50:00,3.43216666666667,0,0.048619999,0,1.98648333333333,20.4913356164575,16.3928681675315,0,25.4230085487943,26.4230085487943,32.5040257168002,33.5040257168002,1,0,9,0,0.63701665149664,0,0.63701665149664,0.03097174895875,0,-0.03097174895875,3.43216666666667,0,20.4913356164575,16.3928681675315,9,0,0.63701665149664,2019-01-06 23:45:00
"1728",2019-01-06 23:55:00,3.43958333333333,0,0.048619999,0,1.98648333333333,20.8494030856939,16.4333227867829,0,25.4230085487943,26.4230085487943,32.5040257168002,33.5040257168002,1,0,9,0,0.636990758260971,0,0.636990758260971,0.0309704900296576,0,-0.0309704900296576,3.43958333333333,0,20.8494030856939,16.4333227867829,9,0,0.636990758260971,2019-01-06 23:45:00
"1729",2019-01-07,3.447,0,0.04798,0,2.12406666666667,20.4277337868028,16.4824757125918,0,5.41426719585434,6.41426719585434,20.8952107192017,21.8952107192017,0,0,0,0,0,0,0,0,0,0,3.447,0,20.4277337868028,16.4824757125918,0,0,0,2019-01-07
"1730",2019-01-07 00:05:00,3.44625,0,0.04798,0,2.12406666666667,20.0500808077909,16.5181678255152,0,11.5189322317019,12.5189322317019,28.1470307037234,29.1470307037234,0,0,0,0,0,0,0,0,0,0,3.44625,0,20.0500808077909,16.5181678255152,0,0,0,2019-01-07
"1731",2019-01-07 00:10:00,3.4455,0,0.04798,0,2.12406666666667,19.7110755447069,16.5420846254537,0,11.5189322317019,12.5189322317019,28.1470307037234,29.1470307037234,0,0,0,0,0,0,0,0,0,0,3.4455,0,19.7110755447069,16.5420846254537,0,0,0,2019-01-07
"1732",2019-01-07 00:15:00,3.44475,0,0.04798,0,2.12406666666667,20.1560082543883,16.555704560998,0,22.6555436449125,23.6555436449125,23.6164002637379,24.6164002637379,1,0,9,0,0.636972726059273,0,0.636972726059273,0.0305619513963239,0,-0.0305619513963239,3.44475,0,20.1560082543883,16.555704560998,9,0,0.636972726059273,2019-01-07 00:15:00
"1733",2019-01-07 00:20:00,3.444,0,0.04798,0,2.12406666666667,20.5605789319203,16.5813114043204,0,22.6555436449125,23.6555436449125,23.6164002637379,24.6164002637379,1,0,9,0,0.636975343342396,0,0.636975343342396,0.0305620769735681,0,-0.0305620769735681,3.444,0,20.5605789319203,16.5813114043204,9,0,0.636975343342396,2019-01-07 00:15:00
"1734",2019-01-07 00:25:00,3.44325,0,0.04798,0,2.12406666666667,20.929677365517,16.6173716022294,0,22.6555436449125,23.6555436449125,23.6164002637379,24.6164002637379,1,0,9,0,0.636977960725542,0,0.636977960725542,0.0305622025556115,0,-0.0305622025556115,3.44325,0,20.929677365517,16.6173716022294,9,0,0.636977960725542,2019-01-07 00:15:00
"1735",2019-01-07 00:30:00,3.4425,0,0.04798,0,2.12406666666667,20.5175933956779,16.6625401317049,0,10.7306006771978,11.7306006771978,29.2542166826315,30.2542166826315,0,0,0,0,0,0,0,0,0,0,3.4425,0,20.5175933956779,16.6625401317049,0,0,0,2019-01-07 00:30:00
"1736",2019-01-07 00:35:00,3.44175,0,0.04798,0,2.12406666666667,20.1482588053034,16.6946503979562,0,10.7306006771978,11.7306006771978,29.2542166826315,30.2542166826315,0,0,0,0,0,0,0,0,0,0,3.44175,0,20.1482588053034,16.6946503979562,0,0,0,2019-01-07 00:30:00
"1737",2019-01-07 00:40:00,3.441,0,0.04798,0,2.12406666666667,19.8164609201999,16.715338877308,0,10.7306006771978,11.7306006771978,29.2542166826315,30.2542166826315,0,0,0,0,0,0,0,0,0,0,3.441,0,19.8164609201999,16.715338877308,0,0,0,2019-01-07 00:30:00
"1738",2019-01-07 00:45:00,3.44025,0,0.04798,0,2.12406666666667,19.5176267841376,16.7260410108431,0,12.3127017763909,13.3127017763909,46.3603309057653,47.3603309057653,0,0,0,0,0,0,0,0,0,0,3.44025,0,19.5176267841376,16.7260410108431,0,0,0,2019-01-07 00:45:00
"1739",2019-01-07 00:50:00,3.4395,0,0.04798,0,2.12406666666667,19.2477446317044,16.7280158829412,0,12.3127017763909,13.3127017763909,46.3603309057653,47.3603309057653,0,0,0,0,0,0,0,0,0,0,3.4395,0,19.2477446317044,16.7280158829412,0,0,0,2019-01-07 00:45:00
"1740",2019-01-07 00:55:00,3.43875,0,0.04798,0,2.12406666666667,19.0032950006686,16.7223678704294,0,12.3127017763909,13.3127017763909,46.3603309057653,47.3603309057653,0,0,0,0,0,0,0,0,0,0,3.43875,0,19.0032950006686,16.7223678704294,0,0,0,2019-01-07 00:45:00
"1741",2019-01-07 01:00:00,3.438,0,0.04784,0,2.2392625,18.7811903005624,16.7100656342112,0,10.0018423225265,11.0018423225265,33.5287954173982,34.5287954173982,0,0,0,0,0,0,0,0,0,0,3.438,0,18.7811903005624,16.7100656342112,0,0,0,2019-01-07 01:00:00
"1742",2019-01-07 01:05:00,3.4325,0,0.04784,0,2.2392625,18.5787186863323,16.691931558842,0,10.0018423225265,11.0018423225265,33.5287954173982,34.5287954173982,0,0,0,0,0,0,0,0,0,0,3.4325,0,18.5787186863323,16.691931558842,0,0,0,2019-01-07 01:00:00
"1743",2019-01-07 01:10:00,3.427,0,0.04784,0,2.2392625,18.3935015413143,16.6687116398347,0,10.0018423225265,11.0018423225265,33.5287954173982,34.5287954173982,0,0,0,0,0,0,0,0,0,0,3.427,0,18.3935015413143,16.6687116398347,0,0,0,2019-01-07 01:00:00
"1744",2019-01-07 01:15:00,3.4215,0,0.04784,0,2.2392625,18.2234520913295,16.6410601628315,0,13.1474643812981,14.1474643812981,32.2750929119065,33.2750929119065,0,0,0,0,0,0,0,0,0,0,3.4215,0,18.2234520913295,16.6410601628315,0,0,0,2019-01-07 01:15:00
"1745",2019-01-07 01:20:00,3.416,0,0.04784,0,2.2392625,18.0667395805291,16.6095509619598,0,13.1474643812981,14.1474643812981,32.2750929119065,33.2750929119065,0,0,0,0,0,0,0,0,0,0,3.416,0,18.0667395805291,16.6095509619598,0,0,0,2019-01-07 01:15:00
"1746",2019-01-07 01:25:00,3.4105,0,0.04784,0,2.2392625,17.9217578447897,16.5746872961798,0,13.1474643812981,14.1474643812981,32.2750929119065,33.2750929119065,0,0,0,0,0,0,0,0,0,0,3.4105,0,17.9217578447897,16.5746872961798,0,0,0,2019-01-07 01:15:00
"1747",2019-01-07 01:30:00,3.405,0,0.04784,0,2.2392625,17.7870977428445,16.5369105132684,0,9.25460018939339,10.2546001893934,48.515873442404,49.515873442404,0,0,0,0,0,0,0,0,0,0,3.405,0,17.7870977428445,16.5369105132684,0,0,0,2019-01-07 01:30:00
"1748",2019-01-07 01:35:00,3.3995,0,0.04784,0,2.2392625,17.661522971596,16.4966076502631,0,9.25460018939339,10.2546001893934,48.515873442404,49.515873442404,0,0,0,0,0,0,0,0,0,0,3.3995,0,17.661522971596,16.4966076502631,0,0,0,2019-01-07 01:30:00
"1749",2019-01-07 01:40:00,3.394,0,0.04784,0,2.2392625,17.5439488501906,16.4541181009194,0,9.25460018939339,10.2546001893934,48.515873442404,49.515873442404,0,0,0,0,0,0,0,0,0,0,3.394,0,17.5439488501906,16.4541181009194,0,0,0,2019-01-07 01:30:00
"1750",2019-01-07 01:45:00,3.3885,0,0.04784,0,2.2392625,17.4334237084272,16.4097394647088,0,15.8881867819,16.8881867819,28.260514149908,29.260514149908,0,0,0,0,0,0,0,0,0,0,3.3885,0,17.4334237084272,16.4097394647088,0,0,0,2019-01-07 01:45:00
"1751",2019-01-07 01:50:00,3.383,0,0.04784,0,2.2392625,17.329112559808,16.3637326778271,0,15.8881867819,16.8881867819,28.260514149908,29.260514149908,0,0,0,0,0,0,0,0,0,0,3.383,0,17.329112559808,16.3637326778271,0,0,0,2019-01-07 01:45:00
"1752",2019-01-07 01:55:00,3.3775,0,0.04784,0,2.2392625,17.2302827787826,16.3163265143494,0,15.8881867819,16.8881867819,28.260514149908,29.260514149908,0,0,0,0,0,0,0,0,0,0,3.3775,0,17.2302827787826,16.3163265143494,0,0,0,2019-01-07 01:45:00
"1753",2019-01-07 02:00:00,3.372,0,0.046959999,0,2.354625,17.8862915361636,16.267721534847,0,19.9936022807378,20.9936022807378,36.3476358312182,37.3476358312182,1,0,9,0,0.637227069082302,0,0.637227069082302,0.0299241825268778,0,-0.0299241825268778,3.372,0,17.8862915361636,16.267721534847,9,0,0.637227069082302,2019-01-07 02:00:00
"1754",2019-01-07 02:05:00,3.37741666666667,0,0.046959999,0,2.354625,18.4764136860767,16.2391430681407,0,19.9936022807378,20.9936022807378,36.3476358312182,37.3476358312182,1,0,9,0,0.637208099202005,0,0.637208099202005,0.029923291701318,0,-0.029923291701318,3.37741666666667,0,18.4764136860767,16.2391430681407,9,0,0.637208099202005,2019-01-07 02:00:00
"1755",2019-01-07 02:10:00,3.38283333333333,0,0.046959999,0,2.354625,19.0086739338237,16.2280722752081,0,19.9936022807378,20.9936022807378,36.3476358312182,37.3476358312182,1,0,9,0,0.637189134565667,0,0.637189134565667,0.0299224011220146,0,-0.0299224011220146,3.38283333333333,0,19.0086739338237,16.2280722752081,9,0,0.637189134565667,2019-01-07 02:00:00
"1756",2019-01-07 02:15:00,3.38825,0,0.046959999,0,2.354625,19.4901122061954,16.2322997875944,0,24.5585966762155,25.5585966762155,41.2084231297486,42.2084231297486,1,0,9,0,0.637170175171115,0,0.637170175171115,0.0299215107888654,0,-0.0299215107888654,3.38825,0,19.4901122061954,16.2322997875944,9,0,0.637170175171115,2019-01-07 02:15:00
"1757",2019-01-07 02:20:00,3.39366666666667,0,0.046959999,0,2.354625,19.9269045355632,16.2498877174664,0,24.5585966762155,25.5585966762155,41.2084231297486,42.2084231297486,1,0,9,0,0.637151221016175,0,0.637151221016175,0.0299206207017684,0,-0.0299206207017684,3.39366666666667,0,19.9269045355632,16.2498877174664,9,0,0.637151221016175,2019-01-07 02:15:00
"1758",2019-01-07 02:25:00,3.39908333333333,0,0.046959999,0,2.354625,20.3244691049844,16.2791363310845,0,24.5585966762155,25.5585966762155,41.2084231297486,42.2084231297486,1,0,9,0,0.637132272098677,0,0.637132272098677,0.0299197308606216,0,-0.0299197308606216,3.39908333333333,0,20.3244691049844,16.2791363310845,9,0,0.637132272098677,2019-01-07 02:15:00
"1759",2019-01-07 02:30:00,3.4045,0,0.046959999,0,2.354625,20.6875592758672,16.3185548132419,0,23.1674469066784,24.1674469066784,43.169692017138,44.169692017138,1,0,9,0,0.637113328416449,0,0.637113328416449,0.0299188412653231,0,-0.0299188412653231,3.4045,0,20.6875592758672,16.3185548132419,9,0,0.637113328416449,2019-01-07 02:30:00
"1760",2019-01-07 02:35:00,3.40991666666667,0,0.046959999,0,2.354625,21.0203451961336,16.3668356204862,0,23.1674469066784,24.1674469066784,43.169692017138,44.169692017138,1,0,9,0,0.637094389967323,0,0.637094389967323,0.0299179519157711,1,-0.0299179519157711,3.40991666666667,0,21.0203451961336,16.3668356204862,9,0,0.637094389967323,2019-01-07 02:30:00
"1761",2019-01-07 02:40:00,3.41533333333333,0,0.046959999,0,2.354625,21.3264853906705,16.4228319825894,0,23.1674469066784,24.1674469066784,43.169692017138,44.169692017138,1,0,9,0,0.637075456749129,0,0.637075456749129,0.0299170628118637,1,-0.0299170628118637,3.41533333333333,0,21.3264853906705,16.4228319825894,9,0,0.637075456749129,2019-01-07 02:30:00
"1762",2019-01-07 02:45:00,3.42075,0,0.046959999,0,2.354625,21.1091895637812,16.4855381658042,0,20.7414666102268,21.7414666102268,35.6125267599709,36.6125267599709,1,0,3,0,0.137056528759702,0,0.137056528759702,0.00643617445349908,1,-0.00643617445349908,3.42075,0,21.1091895637812,16.4855381658042,3,0,0.137056528759702,2019-01-07 02:45:00
"1763",2019-01-07 02:50:00,3.42616666666667,0,0.046959999,0,2.354625,21.0503295691969,16.5400808536446,0,20.7414666102268,21.7414666102268,35.6125267599709,36.6125267599709,1,0,4.58732455734747,0,0.269314652442498,0,0.269314652442498,0.012647015809385,1,-0.012647015809385,3.42616666666667,0,21.0503295691969,16.5400808536446,4.58732455734747,0,0.269314652442498,2019-01-07 02:45:00
"1764",2019-01-07 02:55:00,3.43158333333333,0,0.046959999,0,2.354625,21.0609070619882,16.5911687126272,0,20.7414666102268,21.7414666102268,35.6125267599709,36.6125267599709,1,0,5.29364449235894,0,0.328155729488396,0,0.328155729488396,0.0154101927286193,1,-0.0154101927286193,3.43158333333333,0,21.0609070619882,16.5911687126272,5.29364449235894,0,0.328155729488396,2019-01-07 02:45:00
"1765",2019-01-07 03:00:00,3.437,0,0.04809,0,2.46408333333333,21.3841076362244,16.6408612585817,0,22.7494671265595,23.7494671265595,21.8784437519498,22.8784437519498,1,0,9,0,0.636999776142366,0,0.636999776142366,0.0306333192346864,1,-0.0306333192346864,3.437,0,21.3841076362244,16.6408612585817,9,0,0.636999776142366,2019-01-07 03:00:00
"1766",2019-01-07 03:05:00,3.43166666666667,0,0.04809,0,2.46408333333333,21.6816833755248,16.6978919371591,0,22.7494671265595,23.7494671265595,21.8784437519498,22.8784437519498,1,0,9,0,0.637018397460227,0,0.637018397460227,0.0306342147338623,1,-0.0306342147338623,3.43166666666667,0,21.6816833755248,16.6978919371591,9,0,0.637018397460227,2019-01-07 03:00:00
"1767",2019-01-07 03:10:00,3.42633333333333,0,0.04809,0,2.46408333333333,21.9567134086569,16.7612963059489,0,22.7494671265595,23.7494671265595,21.8784437519498,22.8784437519498,1,0,9,0,0.637037023840879,0,0.637037023840879,0.0306351104765079,1,-0.0306351104765079,3.42633333333333,0,21.9567134086569,16.7612963059489,9,0,0.637037023840879,2019-01-07 03:00:00
"1768",2019-01-07 03:15:00,3.421,0,0.04809,0,2.46408333333333,22.2118991894174,16.830228599134,0,23.7910552800167,24.7910552800167,28.6492864955217,29.6492864955217,1,0,9,0,0.637055655286387,0,0.637055655286387,0.0306360064627224,1,-0.0306360064627224,3.421,0,22.2118991894174,16.830228599134,9,0,0.637055655286387,2019-01-07 03:15:00
"1769",2019-01-07 03:20:00,3.41566666666667,0,0.04809,0,2.46408333333333,22.4496108563439,16.9039471581797,0,23.7910552800167,24.7910552800167,28.6492864955217,29.6492864955217,1,0,9,0,0.637074291798818,0,0.637074291798818,0.0306369026926051,1,-0.0306369026926051,3.41566666666667,0,22.4496108563439,16.9039471581797,9,0,0.637074291798818,2019-01-07 03:15:00
"1770",2019-01-07 03:25:00,3.41033333333333,0,0.04809,0,2.46408333333333,22.6719279015975,16.9818016509682,0,23.7910552800167,24.7910552800167,28.6492864955217,29.6492864955217,1,0,9,0,0.637092933380237,0,0.637092933380237,0.0306377991662556,1,-0.0306377991662556,3.41033333333333,0,22.6719279015975,16.9818016509682,9,0,0.637092933380237,2019-01-07 03:15:00
"1771",2019-01-07 03:30:00,3.405,0,0.04809,0,2.46408333333333,22.1306748475897,17.06322185984,0,15.1459256031085,16.1459256031085,38.366766623687,39.366766623687,0,0,0,0,0,0,0,0,1,0,3.405,0,22.1306748475897,17.06322185984,0,0,0,2019-01-07 03:30:00
"1772",2019-01-07 03:35:00,3.39966666666667,0,0.04809,0,2.46408333333333,21.6476207897,17.1267208880874,0,15.1459256031085,16.1459256031085,38.366766623687,39.366766623687,0,0,0,0,0,0,0,0,1,0,3.39966666666667,0,21.6476207897,17.1267208880874,0,0,0,2019-01-07 03:30:00
"1773",2019-01-07 03:40:00,3.39433333333333,0,0.04809,0,2.46408333333333,21.2156558476922,17.1745314776127,0,15.1459256031085,16.1459256031085,38.366766623687,39.366766623687,0,0,0,0,0,0,0,0,1,0,3.39433333333333,0,21.2156558476922,17.1745314776127,0,0,0,2019-01-07 03:30:00
"1774",2019-01-07 03:45:00,3.389,0,0.04809,0,2.46408333333333,20.8285427518767,17.2086121442207,0,20.4634113453794,21.4634113453794,45.8599440897815,46.8599440897815,0,0,0,0,0,0,0,0,0,0,3.389,0,20.8285427518767,17.2086121442207,0,0,0,2019-01-07 03:45:00
"1775",2019-01-07 03:50:00,3.38366666666667,0,0.04809,0,2.46408333333333,20.4808097274831,17.2306808406054,0,20.4634113453794,21.4634113453794,45.8599440897815,46.8599440897815,0,0,0,0,0,0,0,0,0,0,3.38366666666667,0,20.4808097274831,17.2306808406054,0,0,0,2019-01-07 03:45:00
"1776",2019-01-07 03:55:00,3.37833333333333,0,0.04809,0,2.46408333333333,20.1676565278881,17.2422444870715,0,20.4634113453794,21.4634113453794,45.8599440897815,46.8599440897815,0,0,0,0,0,0,0,0,0,0,3.37833333333333,0,20.1676565278881,17.2422444870715,0,0,0,2019-01-07 03:45:00
"1777",2019-01-07 04:00:00,3.373,0,0.049869999,0,2.58330416666667,20.6348720026254,17.2446248772421,0,21.2951437372249,22.2951437372249,46.9257332528941,47.9257332528941,1,0,9,0,0.637223566555763,0,0.637223566555763,0.0317783386269123,0,-0.0317783386269123,3.373,0,20.6348720026254,17.2446248772421,9,0,0.637223566555763,2019-01-07 04:00:00
"1778",2019-01-07 04:05:00,3.34716666666667,0,0.049869999,0,2.58330416666667,21.058580103134,17.2598508825542,0,21.2951437372249,22.2951437372249,46.9257332528941,47.9257332528941,1,0,9,0,0.637314105879886,0,0.637314105879886,0.0317828538229158,1,-0.0317828538229158,3.34716666666667,0,21.058580103134,17.2598508825542,9,0,0.637314105879886,2019-01-07 04:00:00
"1779",2019-01-07 04:10:00,3.32133333333333,0,0.049869999,0,2.58330416666667,21.4440446643355,17.2862719850785,0,21.2951437372249,22.2951437372249,46.9257332528941,47.9257332528941,1,0,9,0,0.637404764757546,0,0.637404764757546,0.0317873749810541,1,-0.0317873749810541,3.32133333333333,0,21.4440446643355,17.2862719850785,9,0,0.637404764757546,2019-01-07 04:00:00
"1780",2019-01-07 04:15:00,3.2955,0,0.049869999,0,2.58330416666667,21.045883712213,17.3224406071274,0,15.3218662873842,16.3218662873842,22.8796258619986,23.8796258619986,0,0,0,0,0,0,0,0,1,0,3.2955,0,21.045883712213,17.3224406071274,0,0,0,2019-01-07 04:15:00
"1781",2019-01-07 04:20:00,3.26966666666667,0,0.049869999,0,2.58330416666667,20.688316983323,17.3461002401852,0,15.3218662873842,16.3218662873842,22.8796258619986,23.8796258619986,0,0,0,0,0,0,0,0,0,0,3.26966666666667,0,20.688316983323,17.3461002401852,0,0,0,2019-01-07 04:15:00
"1782",2019-01-07 04:25:00,3.24383333333333,0,0.049869999,0,2.58330416666667,20.3663844636689,17.3588085358347,0,15.3218662873842,16.3218662873842,22.8796258619986,23.8796258619986,0,0,0,0,0,0,0,0,0,0,3.24383333333333,0,20.3663844636689,17.3588085358347,0,0,0,2019-01-07 04:15:00
"1783",2019-01-07 04:30:00,3.218,0,0.049869999,0,2.58330416666667,20.8257348959234,17.36193183795,0,21.3683212855831,22.3683212855831,36.6348060714081,37.6348060714081,1,0,9,0,0.637768600552066,0,0.637768600552066,0.0318055194717629,0,-0.0318055194717629,3.218,0,20.8257348959234,17.36193183795,9,0,0.637768600552066,2019-01-07 04:30:00
"1784",2019-01-07 04:35:00,3.19216666666667,0,0.049869999,0,2.58330416666667,21.242382807129,17.3776556247763,0,21.3683212855831,22.3683212855831,36.6348060714081,37.6348060714081,1,0,9,0,0.637859860764298,0,0.637859860764298,0.0318100706184557,1,-0.0318100706184557,3.19216666666667,0,21.242382807129,17.3776556247763,9,0,0.637859860764298,2019-01-07 04:30:00
"1785",2019-01-07 04:40:00,3.16633333333333,0,0.049869999,0,2.58330416666667,21.621493958854,17.4043601644323,0,21.3683212855831,22.3683212855831,36.6348060714081,37.6348060714081,1,0,9,0,0.637951241961236,0,0.637951241961236,0.0318146277986556,1,-0.0318146277986556,3.16633333333333,0,21.621493958854,17.4043601644323,9,0,0.637951241961236,2019-01-07 04:30:00
"1786",2019-01-07 04:45:00,3.1405,0,0.049869999,0,2.58330416666667,21.9676003393351,17.4406248830303,0,22.5361985773779,23.5361985773779,23.2147033098154,24.2147033098154,1,0,9,0,0.638042744383627,0,0.638042744383627,0.0318191910243688,1,-0.0318191910243688,3.1405,0,21.9676003393351,17.4406248830303,9,0,0.638042744383627,2019-01-07 04:45:00
"1787",2019-01-07 04:50:00,3.11466666666667,0,0.049869999,0,2.58330416666667,22.2846779600568,17.485203915772,0,22.5361985773779,23.5361985773779,23.2147033098154,24.2147033098154,1,0,9,0,0.638134368272856,0,0.638134368272856,0.031823760307633,1,-0.031823760307633,3.11466666666667,0,22.2846779600568,17.485203915772,9,0,0.638134368272856,2019-01-07 04:45:00
"1788",2019-01-07 04:55:00,3.08883333333333,0,0.049869999,0,2.58330416666667,22.5762151025066,17.5370046592483,0,22.5361985773779,23.5361985773779,23.2147033098154,24.2147033098154,1,0,9,0,0.638226113870949,0,0.638226113870949,0.0318283356605181,1,-0.0318283356605181,3.08883333333333,0,22.5762151025066,17.5370046592483,9,0,0.638226113870949,2019-01-07 04:45:00
"1789",2019-01-07 05:00:00,3.063,0,0.053509998,0,2.69016666666667,22.0952721873823,17.5950689565338,0,16.2380954164546,17.2380954164546,45.8074403861538,46.8074403861538,0,0,0,0,0,0,0,0,1,0,3.063,0,22.0952721873823,17.5950689565338,0,0,0,2019-01-07 05:00:00
"1790",2019-01-07 05:05:00,3.07666666666667,0,0.053509998,0,2.69016666666667,21.6647284282195,17.637795996096,0,16.2380954164546,17.2380954164546,45.8074403861538,46.8074403861538,0,0,0,0,0,0,0,0,1,0,3.07666666666667,0,21.6647284282195,17.637795996096,0,0,0,2019-01-07 05:00:00
"1791",2019-01-07 05:10:00,3.09033333333333,0,0.053509998,0,2.69016666666667,21.2784437318753,17.6671131473911,0,16.2380954164546,17.2380954164546,45.8074403861538,46.8074403861538,0,0,0,0,0,0,0,0,1,0,3.09033333333333,0,21.2784437318753,17.6671131473911,0,0,0,2019-01-07 05:00:00
"1792",2019-01-07 05:15:00,3.104,0,0.053509998,0,2.69016666666667,20.9310315149499,17.684710986064,0,15.8786190454848,16.8786190454848,26.9982759542763,27.9982759542763,0,0,0,0,0,0,0,0,0,0,3.104,0,20.9310315149499,17.684710986064,0,0,0,2019-01-07 05:15:00
"1793",2019-01-07 05:20:00,3.11766666666667,0,0.053509998,0,2.69016666666667,20.6177662084946,17.6920723622179,0,15.8786190454848,16.8786190454848,26.9982759542763,27.9982759542763,0,0,0,0,0,0,0,0,0,0,3.11766666666667,0,20.6177662084946,17.6920723622179,0,0,0,2019-01-07 05:15:00
"1794",2019-01-07 05:25:00,3.13133333333333,0,0.053509998,0,2.69016666666667,20.3345021168734,17.6904979004363,0,15.8786190454848,16.8786190454848,26.9982759542763,27.9982759542763,0,0,0,0,0,0,0,0,0,0,3.13133333333333,0,20.3345021168734,17.6904979004363,0,0,0,2019-01-07 05:15:00
"1795",2019-01-07 05:30:00,3.145,0,0.053509998,0,2.69016666666667,20.0776022370079,17.6811283695756,0,11.0383358029649,12.0383358029649,36.0532839205116,37.0532839205116,0,0,0,0,0,0,0,0,0,0,3.145,0,20.0776022370079,17.6811283695756,0,0,0,2019-01-07 05:30:00
"1796",2019-01-07 05:35:00,3.15866666666667,0,0.053509998,0,2.69016666666667,19.8438758153324,17.6649643065735,0,11.0383358029649,12.0383358029649,36.0532839205116,37.0532839205116,0,0,0,0,0,0,0,0,0,0,3.15866666666667,0,19.8438758153324,17.6649643065735,0,0,0,2019-01-07 05:30:00
"1797",2019-01-07 05:40:00,3.17233333333333,0,0.053509998,0,2.69016666666667,19.6305235698703,17.6428832313562,0,11.0383358029649,12.0383358029649,36.0532839205116,37.0532839205116,0,0,0,0,0,0,0,0,0,0,3.17233333333333,0,19.6305235698703,17.6428832313562,0,0,0,2019-01-07 05:30:00
"1798",2019-01-07 05:45:00,3.186,0,0.053509998,0,2.69016666666667,20.1850896365087,17.6156547485434,0,20.8857819093391,21.8857819093391,44.9051448754035,45.9051448754035,1,0,9,0,0.637881663338203,0,0.637881663338203,0.0341330465294639,0,-0.0341330465294639,3.186,0,20.1850896365087,17.6156547485434,9,0,0.637881663338203,2019-01-07 05:45:00
"1799",2019-01-07 05:50:00,3.19966666666667,0,0.053509998,0,2.69016666666667,20.6852511685195,17.604940753223,0,20.8857819093391,21.8857819093391,44.9051448754035,45.9051448754035,1,0,9,0,0.637833353411058,0,0.637833353411058,0.034130461465359,0,-0.034130461465359,3.19966666666667,0,20.6852511685195,17.604940753223,9,0,0.637833353411058,2019-01-07 05:45:00
"1800",2019-01-07 05:55:00,3.21333333333333,0,0.053509998,0,2.69016666666667,21.1376323602177,17.6086621066922,0,20.8857819093391,21.8857819093391,44.9051448754035,45.9051448754035,1,0,9,0,0.637785077324985,0,0.637785077324985,0.0341278782120898,1,-0.0341278782120898,3.21333333333333,0,21.1376323602177,17.6086621066922,9,0,0.637785077324985,2019-01-07 05:45:00
"1801",2019-01-07 06:00:00,3.227,0,0.066970001,0,2.81504166666667,20.7980445050955,17.6249951271157,0,8.87727802433074,9.87727802433074,48.886542616412,49.886542616412,0,0,0,0,0,0,0,0,0,0,3.227,0,20.7980445050955,17.6249951271157,0,0,0,2019-01-07 06:00:00
"1802",2019-01-07 06:05:00,3.24783333333333,0.06455,0.066970001,0,2.81504166666667,20.4917803751096,17.6314006124854,0,8.87727802433074,9.87727802433074,48.886542616412,49.886542616412,0,0,0,0,0,0,0,0,0,0,3.24783333333333,0.06455,20.4917803751096,17.6314006124854,0,0,0,2019-01-07 06:00:00
"1803",2019-01-07 06:10:00,3.26866666666667,0.1291,0.066970001,0,2.81504166666667,20.2147999899797,17.6291457375476,0,8.87727802433074,9.87727802433074,48.886542616412,49.886542616412,0,0,0,0,0,0,0,0,0,0,3.26866666666667,0.1291,20.2147999899797,17.6291457375476,0,0,0,2019-01-07 06:00:00
"1804",2019-01-07 06:15:00,3.2895,0.19365,0.066970001,0,2.81504166666667,19.9635590639365,17.6193419072167,0,11.095852507744,12.095852507744,24.4188022431917,25.4188022431917,0,0,0,0,0,0,0,0,0,0,3.2895,0.19365,19.9635590639365,17.6193419072167,0,0,0,2019-01-07 06:15:00
"1805",2019-01-07 06:20:00,3.31033333333333,0.2582,0.066970001,0,2.81504166666667,19.7349481583318,17.6029638789166,0,11.095852507744,12.095852507744,24.4188022431917,25.4188022431917,0,0,0,0,0,0,0,0,0,0,3.31033333333333,0.2582,19.7349481583318,17.6029638789166,0,0,0,2019-01-07 06:15:00
"1806",2019-01-07 06:25:00,3.33116666666667,0.32275,0.066970001,0,2.81504166666667,19.5262393034978,17.5808665375751,0,11.095852507744,12.095852507744,24.4188022431917,25.4188022431917,0,0,0,0,0,0,0,0,0,0,3.33116666666667,0.32275,19.5262393034978,17.5808665375751,0,0,0,2019-01-07 06:15:00
"1807",2019-01-07 06:30:00,3.352,0.3873,0.066970001,0,2.81504166666667,19.335039172975,17.5537996114192,0,18.0561938581523,19.0561938581523,36.7092326078564,37.7092326078564,0,0,0,0,0,0,0,0,0,0,3.352,0.3873,19.335039172975,17.5537996114192,0,0,0,2019-01-07 06:30:00
"1808",2019-01-07 06:35:00,3.37283333333333,0.45185,0.066970001,0,2.81504166666667,19.1592480057803,17.522420581344,0,18.0561938581523,19.0561938581523,36.7092326078564,37.7092326078564,0,0,0,0,0,0,0,0,0,0,3.37283333333333,0.45185,19.1592480057803,17.522420581344,0,0,0,2019-01-07 06:30:00
"1809",2019-01-07 06:40:00,3.39366666666667,0.5164,0.066970001,0,2.81504166666667,18.9970235711222,17.4873060056034,0,18.0561938581523,19.0561938581523,36.7092326078564,37.7092326078564,0,0,0,0,0,0,0,0,0,0,3.39366666666667,0.5164,18.9970235711222,17.4873060056034,0,0,0,2019-01-07 06:30:00
"1810",2019-01-07 06:45:00,3.4145,0.58095,0.066970001,0,2.81504166666667,19.5967495565809,17.4489614543453,0,22.9636586951092,23.9636586951092,28.7935417313129,29.7935417313129,1,0,9,0,0.63707836921154,0,0.63707836921154,0.0426651390231752,0,-0.0426651390231752,3.4145,0.58095,19.5967495565809,17.4489614543453,9,0,0.63707836921154,2019-01-07 06:45:00
"1811",2019-01-07 06:50:00,3.43533333333333,0.6455,0.066970001,0,2.81504166666667,20.1368395912282,17.428817182506,0,22.9636586951092,23.9636586951092,28.7935417313129,29.7935417313129,1,0,9,0,0.637005594760468,0,0.637005594760468,0.0426602653181141,0,-0.0426602653181141,3.43533333333333,0.6455,20.1368395912282,17.428817182506,9,0,0.637005594760468,2019-01-07 06:45:00
"1812",2019-01-07 06:55:00,3.45616666666667,0.71005,0.066970001,0,2.81504166666667,20.6245639223307,17.4245908290996,0,22.9636586951092,23.9636586951092,28.7935417313129,29.7935417313129,1,0,9,0,0.636932897539822,0,0.636932897539822,0.0426553967851748,0,-0.0426553967851748,3.45616666666667,0.71005,20.6245639223307,17.4245908290996,9,0,0.636932897539822,2019-01-07 06:45:00
"1813",2019-01-07 07:00:00,3.477,0.7746,0.072849998,1,2.93679166666667,20.3163005733188,17.4342804195483,0,16.7343143408652,17.7343143408652,41.0909967105836,42.0909967105836,0,0,0,0,0,0,0,0,0,-0.833333333333333,3.477,0.7746,20.3163005733188,17.4342804195483,0,0,0,2019-01-07 07:00:00
"1814",2019-01-07 07:05:00,3.50741666666667,1.53721666666667,0.072849998,1,2.93679166666667,20.0380535362772,17.4352657165705,0,16.7343143408652,17.7343143408652,41.0909967105836,42.0909967105836,0,0,0,0,0,0,0,0,0,-0.833333333333333,3.50741666666667,1.53721666666667,20.0380535362772,17.4352657165705,0,0,0,2019-01-07 07:00:00
"1815",2019-01-07 07:10:00,3.53783333333333,2.29983333333333,0.072849998,1,2.93679166666667,19.7862059066845,17.4286801053511,0,16.7343143408652,17.7343143408652,41.0909967105836,42.0909967105836,0,0,0,0,0,0,0,0,0,-0.833333333333333,3.53783333333333,2.29983333333333,19.7862059066845,17.4286801053511,0,0,0,2019-01-07 07:00:00
"1816",2019-01-07 07:15:00,3.56825,3.06245,0.072849998,1,2.93679166666667,20.3075844631983,17.4155175504947,0,24.0861146750394,25.0861146750394,49.0583202154376,50.0583202154376,1,0,9,0,0.636543106761212,0,0.636543106761212,0.0463721640544681,0,-0.879705497387801,3.56825,3.06245,20.3075844631983,17.4155175504947,9,0,0.636543106761212,2019-01-07 07:15:00
"1817",2019-01-07 07:20:00,3.59866666666667,3.82506666666667,0.072849998,1,2.93679166666667,20.7792369596765,17.4176366696313,0,24.0861146750394,25.0861146750394,49.0583202154376,50.0583202154376,1,0,9,0,0.636437709636541,0,0.636437709636541,0.0463644858741466,0,-0.87969781920748,3.59866666666667,3.82506666666667,20.7792369596765,17.4176366696313,9,0,0.636437709636541,2019-01-07 07:15:00
"1818",2019-01-07 07:25:00,3.62908333333333,4.58768333333333,0.072849998,1,2.93679166666667,21.2072353521267,17.4331308021965,0,24.0861146750394,25.0861146750394,49.0583202154376,50.0583202154376,1,0,9,0,0.63633247509768,0,0.63633247509768,0.0463568195382011,1,-0.0463568195382011,3.62908333333333,4.58768333333333,21.2072353521267,17.4331308021965,9,0,0.63633247509768,2019-01-07 07:15:00
"1819",2019-01-07 07:30:00,3.6595,5.3503,0.072849998,1,2.93679166666667,20.8469063854685,17.4603274766174,0,10.1207774688955,11.1207774688955,37.0824903929606,38.0824903929606,0,0,0,0,0,0,0,0,0,-0.833333333333333,3.6595,5.3503,20.8469063854685,17.4603274766174,0,0,0,2019-01-07 07:30:00
"1820",2019-01-07 07:35:00,3.68991666666667,6.11291666666667,0.072849998,1,2.93679166666667,20.523091315957,17.476772704213,0,10.1207774688955,11.1207774688955,37.0824903929606,38.0824903929606,0,0,0,0,0,0,0,0,0,-0.833333333333333,3.68991666666667,6.11291666666667,20.523091315957,17.476772704213,0,0,0,2019-01-07 07:30:00
"1821",2019-01-07 07:40:00,3.72033333333333,6.87553333333333,0.072849998,1,2.93679166666667,20.2313751550106,17.4838507058515,0,10.1207774688955,11.1207774688955,37.0824903929606,38.0824903929606,0,0,0,0,0,0,0,0,0,-0.833333333333333,3.72033333333333,6.87553333333333,20.2313751550106,17.4838507058515,0,0,0,2019-01-07 07:30:00
"1822",2019-01-07 07:45:00,3.75075,7.63815,0.072849998,1,2.93679166666667,19.9678845673072,17.4827754928478,0,4.67118288902566,5.67118288902566,40.7711335136555,41.7711335136555,0,0,0,0,0,0,0,0,0,-0.833333333333333,3.75075,7.63815,19.9678845673072,17.4827754928478,0,0,0,2019-01-07 07:45:00
"1823",2019-01-07 07:50:00,3.78116666666667,8.40076666666667,0.072849998,1,2.93679166666667,19.7292213821202,17.4746117621604,0,4.67118288902566,5.67118288902566,40.7711335136555,41.7711335136555,0,0,0,0,0,0,0,0,0,-0.833333333333333,3.78116666666667,8.40076666666667,19.7292213821202,17.4746117621604,0,0,0,2019-01-07 07:45:00
"1824",2019-01-07 07:55:00,3.81158333333333,9.16338333333333,0.072849998,1,2.93679166666667,19.5124042663875,17.4602932266168,0,4.67118288902566,5.67118288902566,40.7711335136555,41.7711335136555,0,0,0,0,0,0,0,0,0,-0.833333333333333,3.81158333333333,9.16338333333333,19.5124042663875,17.4602932266168,0,0,0,2019-01-07 07:45:00
"1825",2019-01-07 08:00:00,3.842,9.926,0.073129997,1,3.05075,19.119762841379,17.4406386950256,1,7.89275876618922,8.89275876618922,40.2492441753857,41.2492441753857,0,0,0,0,0,0,0,0,0,-0.833333333333333,3.842,9.926,19.119762841379,17.4406386950256,0,0,0,2019-01-07 08:00:00
"1826",2019-01-07 08:05:00,3.87908333333333,11.4263333333333,0.073129997,1,3.05075,18.7679065465588,17.4110179035387,1,7.89275876618922,8.89275876618922,40.2492441753857,41.2492441753857,0,0,0,0,0,0,0,0,0,-0.833333333333333,3.87908333333333,11.4263333333333,18.7679065465588,17.4110179035387,0,0,0,2019-01-07 08:00:00
"1827",2019-01-07 08:10:00,3.91616666666667,12.9266666666667,0.073129997,1,3.05075,18.4515860663842,17.3729081220352,1,7.89275876618922,8.89275876618922,40.2492441753857,41.2492441753857,0,0,0,0,0,0,0,0,0,-0.833333333333333,3.91616666666667,12.9266666666667,18.4515860663842,17.3729081220352,0,0,0,2019-01-07 08:00:00
"1828",2019-01-07 08:15:00,3.95325,14.427,0.073129997,1,3.05075,18.166245780686,17.3275899272063,1,10.3560268389992,11.3560268389992,29.1929424908012,30.1929424908012,0,0,0,0,0,0,0,0,0,-0.833333333333333,3.95325,14.427,18.166245780686,17.3275899272063,0,0,0,2019-01-07 08:15:00
"1829",2019-01-07 08:20:00,3.99033333333333,15.9273333333333,0.073129997,1,3.05075,17.9079319562528,17.2761732451372,1,10.3560268389992,11.3560268389992,29.1929424908012,30.1929424908012,0,0,0,0,0,0,0,0,0,-0.833333333333333,3.99033333333333,15.9273333333333,17.9079319562528,17.2761732451372,0,0,0,2019-01-07 08:15:00
"1830",2019-01-07 08:25:00,4.02741666666667,17.4276666666667,0.073129997,1,3.05075,17.6732130899808,17.2196199468706,1,10.3560268389992,11.3560268389992,29.1929424908012,30.1929424908012,0,0,0,0,0,0,0,0,0,-0.833333333333333,4.02741666666667,17.4276666666667,17.6732130899808,17.2196199468706,0,0,0,2019-01-07 08:15:00
"1831",2019-01-07 08:30:00,4.0645,18.928,0.073129997,1,3.05075,18.209110795226,17.1587634531913,1,19.621147302445,20.621147302445,24.3598576616496,25.3598576616496,1,0,9,0,0.63484363599392,0,0.63484363599392,0.0464261131957044,0,-0.879759446529038,4.0645,18.928,18.209110795226,17.1587634531913,9,0,0.63484363599392,2019-01-07 08:30:00
"1832",2019-01-07 08:35:00,4.10158333333333,20.4283333333333,0.073129997,1,3.05075,18.6835360917409,17.1153127023544,1,19.621147302445,20.621147302445,24.3598576616496,25.3598576616496,1,0,9,0,0.634718336627309,0,0.634718336627309,0.0464169500534001,0,-0.879750283386733,4.10158333333333,20.4283333333333,18.6835360917409,17.1153127023544,9,0,0.634718336627309,2019-01-07 08:30:00
"1833",2019-01-07 08:40:00,4.13866666666667,21.9286666666667,0.073129997,1,3.05075,19.1046223946981,17.0869607309338,1,19.621147302445,20.621147302445,24.3598576616496,25.3598576616496,1,0,9,0,0.634593269905806,0,0.634593269905806,0.0464078039244318,0,-0.879741137257765,4.13866666666667,21.9286666666667,19.1046223946981,17.0869607309338,9,0,0.634593269905806,2019-01-07 08:30:00
"1834",2019-01-07 08:45:00,4.17575,23.429,0.073129997,1,3.05075,19.4794266145265,17.0717059450326,1,22.2825221365783,23.2825221365783,42.6485144142061,43.6485144142061,1,0,9,0,0.634468435182079,0,0.634468435182079,0.0463986747614602,0,-0.879732008094793,4.17575,23.429,19.4794266145265,17.0717059450326,9,0,0.634468435182079,2019-01-07 08:45:00
"1835",2019-01-07 08:50:00,4.21283333333333,24.9293333333333,0.073129997,1,3.05075,19.8140716413101,17.0678117018569,1,22.2825221365783,23.2825221365783,42.6485144142061,43.6485144142061,1,0,9,0,0.634343831811195,0,0.634343831811195,0.0463895625173212,0,-0.879722895850654,4.21283333333333,24.9293333333333,19.8140716413101,17.0678117018569,9,0,0.634343831811195,2019-01-07 08:45:00
"1836",2019-01-07 08:55:00,4.24991666666667,26.4296666666667,0.073129997,1,3.05075,20.113869970165,17.0737712410129,1,22.2825221365783,23.2825221365783,42.6485144142061,43.6485144142061,1,0,9,0,0.63421945915061,0,0.63421945915061,0.0463804671450257,0,-0.879713800478359,4.24991666666667,26.4296666666667,20.113869970165,17.0737712410129,9,0,0.63421945915061,2019-01-07 08:45:00
"1837",2019-01-07 09:00:00,4.287,27.93,0.07232,1,3.16845833333333,20.3834309637481,17.0882772574474,1,24.3822033614852,25.3822033614852,19.8739808080718,20.8739808080718,1,0,9,0,0.634095316560155,0,0.634095316560155,0.0458577732936304,0,-0.879191106626964,4.287,27.93,20.3834309637481,17.0882772574474,9,0,0.634095316560155,2019-01-07 09:00:00
"1838",2019-01-07 09:05:00,4.30366666666667,29.1641666666667,0.07232,1,3.16845833333333,20.6263971269486,17.1100526451323,1,24.3822033614852,25.3822033614852,19.8739808080718,20.8739808080718,1,0,9,0,0.634039596905401,0,0.634039596905401,0.0458537436481986,0,-0.879187076981532,4.30366666666667,29.1641666666667,20.6263971269486,17.1100526451323,9,0,0.634039596905401,2019-01-07 09:00:00
"1839",2019-01-07 09:10:00,4.32033333333333,30.3983333333333,0.07232,1,3.16845833333333,20.8462629856207,17.138108136825,1,24.3822033614852,25.3822033614852,19.8739808080718,20.8739808080718,1,0,9,0,0.633983923536983,0,0.633983923536983,0.0458497173501946,0,-0.879183050683528,4.32033333333333,30.3983333333333,20.8462629856207,17.138108136825,9,0,0.633983923536983,2019-01-07 09:00:00
"1840",2019-01-07 09:15:00,4.337,31.6325,0.07232,1,3.16845833333333,21.0460607232636,17.1715856026976,1,22.7349933763035,23.7349933763035,39.0804593735375,40.0804593735375,1,0,9,0,0.633928296397248,0,0.633928296397248,0.045845694395449,1,-0.045845694395449,4.337,31.6325,21.0460607232636,17.1715856026976,9,0,0.633928296397248,2019-01-07 09:15:00
"1841",2019-01-07 09:20:00,4.35366666666667,32.8666666666667,0.07232,1,3.16845833333333,21.228421374582,17.2097406917169,1,22.7349933763035,23.7349933763035,39.0804593735375,40.0804593735375,1,0,9,0,0.633872715428643,0,0.633872715428643,0.0458416747797995,1,-0.0458416747797995,4.35366666666667,32.8666666666667,21.228421374582,17.2097406917169,9,0,0.633872715428643,2019-01-07 09:15:00
"1842",2019-01-07 09:25:00,4.37033333333333,34.1008333333333,0.07232,1,3.16845833333333,21.3956279195691,17.2519277705957,1,22.7349933763035,23.7349933763035,39.0804593735375,40.0804593735375,1,0,9,0,0.633817180573706,0,0.633817180573706,0.0458376584990904,1,-0.0458376584990904,4.37033333333333,34.1008333333333,21.3956279195691,17.2519277705957,9,0,0.633817180573706,2019-01-07 09:15:00
"1843",2019-01-07 09:30:00,4.387,35.335,0.07232,1,3.16845833333333,21.5496613501457,17.2975868562125,1,23.1151015462819,24.1151015462819,31.9832230713218,32.9832230713218,1,0,9,0,0.633761691775074,0,0.633761691775074,0.0458336455491733,1,-0.0458336455491733,4.387,35.335,21.5496613501457,17.2975868562125,9,0,0.633761691775074,2019-01-07 09:30:00
"1844",2019-01-07 09:35:00,4.40366666666667,36.5691666666667,0.07232,1,3.16845833333333,21.6922406394983,17.3462322776475,1,23.1151015462819,24.1151015462819,31.9832230713218,32.9832230713218,1,0,9,0,0.633706248975476,0,0.633706248975476,0.0458296359259064,1,-0.0458296359259064,4.40366666666667,36.5691666666667,21.6922406394983,17.3462322776475,9,0,0.633706248975476,2019-01-07 09:30:00
"1845",2019-01-07 09:40:00,4.42033333333333,37.8033333333333,0.07232,1,3.16845833333333,21.8248574211448,17.3974428389059,1,23.1151015462819,24.1151015462819,31.9832230713218,32.9832230713218,1,0,9,0,0.633650852117738,0,0.633650852117738,0.0458256296251548,1,-0.0458256296251548,4.42033333333333,37.8033333333333,21.8248574211448,17.3974428389059,9,0,0.633650852117738,2019-01-07 09:30:00
"1846",2019-01-07 09:45:00,4.437,39.0375,0.07232,1,3.16845833333333,21.198806077941,17.4508532836974,1,11.1473498283885,12.1473498283885,39.5374293280765,40.5374293280765,0,0,0,0,0,0,0,0,1,0,4.437,39.0375,21.198806077941,17.4508532836974,0,0,0,2019-01-07 09:45:00
"1847",2019-01-07 09:50:00,4.45366666666667,40.2716666666667,0.07232,1,3.16845833333333,20.6447135926974,17.4851599320714,1,11.1473498283885,12.1473498283885,39.5374293280765,40.5374293280765,0,0,0,0,0,0,0,0,0,-0.833333333333333,4.45366666666667,40.2716666666667,20.6447135926974,17.4851599320714,0,0,0,2019-01-07 09:45:00
"1848",2019-01-07 09:55:00,4.47033333333333,41.5058333333333,0.07232,1,3.16845833333333,20.1531771812467,17.5030204326607,1,11.1473498283885,12.1473498283885,39.5374293280765,40.5374293280765,0,0,0,0,0,0,0,0,0,-0.833333333333333,4.47033333333333,41.5058333333333,20.1531771812467,17.5030204326607,0,0,0,2019-01-07 09:45:00
"1849",2019-01-07 10:00:00,4.487,42.74,0.069519997,1,3.25916666666667,19.7160377030658,17.5067397215564,1,12.570933975745,13.570933975745,34.2531749680638,35.2531749680638,0,0,0,0,0,0,0,0,0,-0.833333333333333,4.487,42.74,19.7160377030658,17.5067397215564,0,0,0,2019-01-07 10:00:00
"1850",2019-01-07 10:05:00,4.48183333333333,43.6741666666667,0.069519997,1,3.25916666666667,19.3258283598764,17.498162452278,1,12.570933975745,13.570933975745,34.2531749680638,35.2531749680638,0,0,0,0,0,0,0,0,0,-0.833333333333333,4.48183333333333,43.6741666666667,19.3258283598764,17.498162452278,0,0,0,2019-01-07 10:00:00
"1851",2019-01-07 10:10:00,4.47666666666667,44.6083333333333,0.069519997,1,3.25916666666667,18.9764319449572,17.4790164100158,1,12.570933975745,13.570933975745,34.2531749680638,35.2531749680638,0,0,0,0,0,0,0,0,0,-0.833333333333333,4.47666666666667,44.6083333333333,18.9764319449572,17.4790164100158,0,0,0,2019-01-07 10:00:00
"1852",2019-01-07 10:15:00,4.4715,45.5425,0.069519997,1,3.25916666666667,18.6625402211983,17.4507999552141,1,17.4369007707573,18.4369007707573,27.1221753330901,28.1221753330901,0,0,0,0,0,0,0,0,0,-0.833333333333333,4.4715,45.5425,18.6625402211983,17.4507999552141,0,0,0,2019-01-07 10:15:00
"1853",2019-01-07 10:20:00,4.46633333333333,46.4766666666667,0.069519997,1,3.25916666666667,18.3795468522051,17.4148123953169,1,17.4369007707573,18.4369007707573,27.1221753330901,28.1221753330901,0,0,0,0,0,0,0,0,0,-0.833333333333333,4.46633333333333,46.4766666666667,18.3795468522051,17.4148123953169,0,0,0,2019-01-07 10:15:00
"1854",2019-01-07 10:25:00,4.46116666666667,47.4108333333333,0.069519997,1,3.25916666666667,18.123454504843,17.3721803365149,1,17.4369007707573,18.4369007707573,27.1221753330901,28.1221753330901,0,0,0,0,0,0,0,0,0,-0.833333333333333,4.46116666666667,47.4108333333333,18.123454504843,17.3721803365149,0,0,0,2019-01-07 10:15:00
"1855",2019-01-07 10:30:00,4.456,48.345,0.069519997,1,3.25916666666667,17.8907942475143,17.3238805475752,1,8.07836416410282,9.07836416410282,44.5701424176805,45.5701424176805,0,0,0,0,0,0,0,0,0,-0.833333333333333,4.456,48.345,17.8907942475143,17.3238805475752,0,0,0,2019-01-07 10:30:00
"1856",2019-01-07 10:35:00,4.45083333333333,49.2791666666667,0.069519997,1,3.25916666666667,17.6785556167207,17.2707597974085,1,8.07836416410282,9.07836416410282,44.5701424176805,45.5701424176805,0,0,0,0,0,0,0,0,0,-0.833333333333333,4.45083333333333,49.2791666666667,17.6785556167207,17.2707597974085,0,0,0,2019-01-07 10:30:00
"1857",2019-01-07 10:40:00,4.44566666666667,50.2133333333333,0.069519997,1,3.25916666666667,17.4841259398747,17.2135520669275,1,8.07836416410282,9.07836416410282,44.5701424176805,45.5701424176805,0,0,0,0,0,0,0,0,0,-0.833333333333333,4.44566666666667,50.2133333333333,17.4841259398747,17.2135520669275,0,0,0,2019-01-07 10:30:00
"1858",2019-01-07 10:45:00,4.4405,51.1475,0.069519997,1,3.25916666666667,18.0552376892168,17.1528934827298,1,18.8509671713691,19.8509671713691,31.3767675175332,32.3767675175332,1,0,9,0,0.633583883264785,0,0.633583883264785,0.0440467496638162,0,-0.877380082997149,4.4405,51.1475,18.0552376892168,17.1528934827298,9,0,0.633583883264785,2019-01-07 10:45:00
"1859",2019-01-07 10:50:00,4.43533333333333,52.0816666666667,0.069519997,1,3.25916666666667,18.560419059716,17.1103222320079,1,18.8509671713691,19.8509671713691,31.3767675175332,32.3767675175332,1,0,9,0,0.633601034178885,0,0.633601034178885,0.044047941995313,0,-0.877381275328646,4.43533333333333,52.0816666666667,18.560419059716,17.1103222320079,9,0,0.633601034178885,2019-01-07 10:45:00
"1860",2019-01-07 10:55:00,4.43016666666667,53.0158333333333,0.069519997,1,3.25916666666667,19.0083393549467,17.0833836270279,1,18.8509671713691,19.8509671713691,31.3767675175332,32.3767675175332,1,0,9,0,0.633618189497584,0,0.633618189497584,0.0440491346330174,0,-0.877382467966351,4.43016666666667,53.0158333333333,19.0083393549467,17.0833836270279,9,0,0.633618189497584,2019-01-07 10:45:00
"1861",2019-01-07 11:00:00,4.425,53.95,0.067129997,1,3.31341666666667,18.6565208429708,17.0699483254148,1,14.2354507525451,15.2354507525451,33.4030045294203,34.4030045294203,0,0,0,0,0,0,0,0,0,-0.833333333333333,4.425,53.95,18.6565208429708,17.0699483254148,0,0,0,2019-01-07 11:00:00
"1862",2019-01-07 11:05:00,4.41933333333333,52.3175,0.067129997,1,3.31341666666667,18.3401268631458,17.0469301191433,1,14.2354507525451,15.2354507525451,33.4030045294203,34.4030045294203,0,0,0,0,0,0,0,0,0,-0.833333333333333,4.41933333333333,52.3175,18.3401268631458,17.0469301191433,0,0,0,2019-01-07 11:00:00
"1863",2019-01-07 11:10:00,4.41366666666667,50.685,0.067129997,1,3.31341666666667,18.0545119646526,17.0156433503974,1,14.2354507525451,15.2354507525451,33.4030045294203,34.4030045294203,0,0,0,0,0,0,0,0,0,-0.833333333333333,4.41366666666667,50.685,18.0545119646526,17.0156433503974,0,0,0,2019-01-07 11:00:00
"1864",2019-01-07 11:15:00,4.408,49.0525,0.067129997,1,3.31341666666667,17.795645243018,16.9772280587135,1,12.7788654332981,13.7788654332981,30.5177994472906,31.5177994472906,0,0,0,0,0,0,0,0,0,-0.833333333333333,4.408,49.0525,17.795645243018,16.9772280587135,0,0,0,2019-01-07 11:15:00
"1865",2019-01-07 11:20:00,4.40233333333333,47.42,0.067129997,1,3.31341666666667,17.5600290020233,16.9326730539083,1,12.7788654332981,13.7788654332981,30.5177994472906,31.5177994472906,0,0,0,0,0,0,0,0,0,-0.833333333333333,4.40233333333333,47.42,17.5600290020233,16.9326730539083,0,0,0,2019-01-07 11:15:00
"1866",2019-01-07 11:25:00,4.39666666666667,45.7875,0.067129997,1,3.31341666666667,17.3446281813835,16.8828359350897,1,12.7788654332981,13.7788654332981,30.5177994472906,31.5177994472906,0,0,0,0,0,0,0,0,0,-0.833333333333333,4.39666666666667,45.7875,17.3446281813835,16.8828359350897,0,0,0,2019-01-07 11:15:00
"1867",2019-01-07 11:30:00,4.391,44.155,0.067129997,1,3.31341666666667,17.1468091252565,16.8284604599632,1,13.1126101494301,14.1126101494301,43.5600803447887,44.5600803447887,0,0,0,0,0,0,0,0,0,-0.833333333333333,4.391,44.155,17.1468091252565,16.8284604599632,0,0,0,2019-01-07 11:30:00
"1868",2019-01-07 11:35:00,4.38533333333333,42.5225,0.067129997,1,3.31341666666667,16.9642864552438,16.7701916151456,1,13.1126101494301,14.1126101494301,43.5600803447887,44.5600803447887,0,0,0,0,0,0,0,0,0,-0.833333333333333,4.38533333333333,42.5225,16.9642864552438,16.7701916151456,0,0,0,2019-01-07 11:30:00
"1869",2019-01-07 11:40:00,4.37966666666667,40.89,0.067129997,1,3.31341666666667,16.7950769751853,16.7085886917754,1,13.1126101494301,14.1126101494301,43.5600803447887,44.5600803447887,0,0,0,0,0,0,0,0,0,-0.833333333333333,4.37966666666667,40.89,16.7950769751853,16.7085886917754,0,0,0,2019-01-07 11:30:00
"1870",2019-01-07 11:45:00,4.374,39.2575,0.067129997,1,3.31341666666667,16.6374596770285,16.6441366304377,1,14.68989399774,15.68989399774,27.0945000001229,28.0945000001229,0,0,0,0,0,0,0,0,0,-0.833333333333333,4.374,39.2575,16.6374596770285,16.6441366304377,0,0,0,2019-01-07 11:45:00
"1871",2019-01-07 11:50:00,4.36833333333333,37.625,0.067129997,1,3.31341666666667,16.489941040246,16.5772558644744,1,14.68989399774,15.68989399774,27.0945000001229,28.0945000001229,0,0,0,0,0,0,0,0,0,-0.833333333333333,4.36833333333333,37.625,16.489941040246,16.5772558644744,0,0,0,2019-01-07 11:45:00
"1872",2019-01-07 11:55:00,4.36266666666667,35.9925,0.067129997,1,3.31341666666667,16.3512249241526,16.5083108604307,1,14.68989399774,15.68989399774,27.0945000001229,28.0945000001229,0,0,0,0,0,0,0,0,0,-0.833333333333333,4.36266666666667,35.9925,16.3512249241526,16.5083108604307,0,0,0,2019-01-07 11:45:00
"1873",2019-01-07 12:00:00,4.357,34.36,0.065150002,1,3.36316666666667,16.2201864452146,16.4376175280832,1,6.68593746749684,7.68593746749684,38.4469742565416,39.4469742565416,0,0,0,0,0,0,0,0,0,-0.833333333333333,4.357,34.36,16.2201864452146,16.4376175280832,0,0,0,2019-01-07 12:00:00
"1874",2019-01-07 12:05:00,4.34516666666667,32.7966666666667,0.065150002,1,3.36316666666667,16.0957917114158,16.3654210291952,1,6.68593746749684,7.68593746749684,38.4469742565416,39.4469742565416,0,0,0,0,0,0,0,0,0,-0.833333333333333,4.34516666666667,32.7966666666667,16.0957917114158,16.3654210291952,0,0,0,2019-01-07 12:00:00
"1875",2019-01-07 12:10:00,4.33333333333333,31.2333333333333,0.065150002,1,3.36316666666667,15.9771968050256,16.2919579497972,1,6.68593746749684,7.68593746749684,38.4469742565416,39.4469742565416,0,0,0,0,0,0,0,0,0,-0.833333333333333,4.33333333333333,31.2333333333333,15.9771968050256,16.2919579497972,0,0,0,2019-01-07 12:00:00
"1876",2019-01-07 12:15:00,4.3215,29.67,0.065150002,1,3.36316666666667,16.6136692471844,16.2174332848039,1,19.2203577985056,20.2203577985056,24.1326460386626,25.1326460386626,1,0,9,0,0.633980028133126,0,0.633980028133126,0.0413038001008332,0,-0.874637133434166,4.3215,29.67,16.6136692471844,16.2174332848039,9,0,0.633980028133126,2019-01-07 12:15:00
"1877",2019-01-07 12:20:00,4.30966666666667,28.1066666666667,0.065150002,1,3.36316666666667,17.1750695058041,16.16301157927,1,19.2203577985056,20.2203577985056,24.1326460386626,25.1326460386626,1,0,9,0,0.634019549163597,0,0.634019549163597,0.0413063748960475,0,-0.874639708229381,4.30966666666667,28.1066666666667,17.1750695058041,16.16301157927,9,0,0.634019549163597,2019-01-07 12:15:00
"1878",2019-01-07 12:25:00,4.29783333333333,26.5433333333333,0.065150002,1,3.36316666666667,17.6712232176173,16.1259143805068,1,19.2203577985056,20.2203577985056,24.1326460386626,25.1326460386626,1,0,9,0,0.63405909351654,0,0.63405909351654,0.0413089512107208,0,-0.874642284544054,4.29783333333333,26.5433333333333,17.6712232176173,16.1259143805068,9,0,0.63405909351654,2019-01-07 12:15:00
"1879",2019-01-07 12:30:00,4.286,24.98,0.065150002,1,3.36316666666667,18.1106563282586,16.1037318535882,1,24.427423868794,25.427423868794,48.5373585023917,49.5373585023917,1,0,9,0,0.634098661212606,0,0.634098661212606,0.0413115290461986,0,-0.874644862379532,4.286,24.98,18.1106563282586,16.1037318535882,9,0,0.634098661212606,2019-01-07 12:30:00
"1880",2019-01-07 12:35:00,4.27416666666667,23.4166666666667,0.065150002,1,3.36316666666667,18.5007671114349,16.0943739852818,1,24.427423868794,25.427423868794,48.5373585023917,49.5373585023917,1,0,9,0,0.63413825227247,0,0.63413825227247,0.0413141084038279,0,-0.874647441737161,4.27416666666667,23.4166666666667,18.5007671114349,16.0943739852818,9,0,0.63413825227247,2019-01-07 12:30:00
"1881",2019-01-07 12:40:00,4.26233333333333,21.8533333333333,0.065150002,1,3.36316666666667,18.8479754199398,16.0960282466006,1,24.427423868794,25.427423868794,48.5373585023917,49.5373585023917,1,0,9,0,0.634177866716831,0,0.634177866716831,0.0413166892849573,0,-0.874650022618291,4.26233333333333,21.8533333333333,18.8479754199398,16.0960282466006,9,0,0.634177866716831,2019-01-07 12:30:00
"1882",2019-01-07 12:45:00,4.2505,20.29,0.065150002,1,3.36316666666667,19.15785218207,16.1071228591237,1,21.4561029563192,22.4561029563192,45.6088867136277,46.6088867136277,1,0,9,0,0.634217504566415,0,0.634217504566415,0.0413192716909369,0,-0.87465260502427,4.2505,20.29,19.15785218207,16.1071228591237,9,0,0.634217504566415,2019-01-07 12:45:00
"1883",2019-01-07 12:50:00,4.23866666666667,18.7266666666667,0.065150002,1,3.36316666666667,19.4352317581337,16.1262949233776,1,21.4561029563192,22.4561029563192,45.6088867136277,46.6088867136277,1,0,9,0,0.63425716584197,0,0.63425716584197,0.0413218556231186,0,-0.874655188956452,4.23866666666667,18.7266666666667,19.4352317581337,16.1262949233776,9,0,0.63425716584197,2019-01-07 12:45:00
"1884",2019-01-07 12:55:00,4.22683333333333,17.1633333333333,0.065150002,1,3.36316666666667,19.6843094256615,16.1523627657432,1,21.4561029563192,22.4561029563192,45.6088867136277,46.6088867136277,1,0,9,0,0.634296850564268,0,0.634296850564268,0.0413244410828558,0,-0.874657774416189,4.22683333333333,17.1633333333333,19.6843094256615,16.1523627657432,9,0,0.634296850564268,2019-01-07 12:45:00
"1885",2019-01-07 13:00:00,4.215,15.6,0.06098,1,3.40025,19.1587259616647,16.184301945531,1,14.5016714518424,15.5016714518424,22.8214956242591,23.8214956242591,0,0,0,0,0,0,0,0,0,-0.833333333333333,4.215,15.6,19.1587259616647,16.184301945531,0,0,0,2019-01-07 13:00:00
"1886",2019-01-07 13:05:00,4.20941666666667,14.5875,0.06098,1,3.40025,18.6914114246041,16.2003268038398,1,14.5016714518424,15.5016714518424,22.8214956242591,23.8214956242591,0,0,0,0,0,0,0,0,0,-0.833333333333333,4.20941666666667,14.5875,18.6914114246041,16.2003268038398,0,0,0,2019-01-07 13:00:00
"1887",2019-01-07 13:10:00,4.20383333333333,13.575,0.06098,1,3.40025,18.2747105407953,16.202604381583,1,14.5016714518424,15.5016714518424,22.8214956242591,23.8214956242591,0,0,0,0,0,0,0,0,0,-0.833333333333333,4.20383333333333,13.575,18.2747105407953,16.202604381583,0,0,0,2019-01-07 13:00:00
"1888",2019-01-07 13:15:00,4.19825,12.5625,0.06098,1,3.40025,17.9019808567938,16.1930144470405,1,18.1606795645785,19.1606795645785,35.2378547242843,36.2378547242843,0,0,0,0,0,0,0,0,0,-0.833333333333333,4.19825,12.5625,17.9019808567938,16.1930144470405,0,0,0,2019-01-07 13:15:00
"1889",2019-01-07 13:20:00,4.19266666666667,11.55,0.06098,1,3.40025,18.317458687115,16.1731875221213,1,18.1606795645785,19.1606795645785,35.2378547242843,36.2378547242843,1,0,9,0,0.63441156498611,0,0.63441156498611,0.038686417232853,0,-0.872019750566186,4.19266666666667,11.55,18.317458687115,16.1731875221213,9,0,0.63441156498611,2019-01-07 13:15:00
"1890",2019-01-07 13:25:00,4.18708333333333,10.5375,0.06098,1,3.40025,18.5298599382174,16.1655248333657,1,18.1606795645785,19.1606795645785,35.2378547242843,36.2378547242843,1,0,7.11865052956138,0,0.477651207096699,0,0.477651207096699,0.0291271706087567,0,-0.86246050394209,4.18708333333333,10.5375,18.5298599382174,16.1655248333657,7.11865052956138,0,0.477651207096699,2019-01-07 13:15:00
"1891",2019-01-07 13:30:00,4.1815,9.525,0.06098,1,3.40025,18.5701952499381,16.1639336714666,1,18.2246551166754,19.2246551166754,21.9660752853379,22.9660752853379,1,0,5.33754214149674,0,0.329244277978495,0,0.329244277978495,0.0200773160711286,0,-0.853410649404462,4.1815,9.525,18.5701952499381,16.1639336714666,5.33754214149674,0,0.329244277978495,2019-01-07 13:30:00
"1892",2019-01-07 13:35:00,4.17591666666667,8.5125,0.06098,1,3.40025,18.5653589167289,16.1633944910837,1,18.2246551166754,19.2246551166754,21.9660752853379,22.9660752853379,1,0,4.85351840084745,0,0.288927741387141,0,0.288927741387141,0.0176188136697879,0,-0.850952147003121,4.17591666666667,8.5125,18.5653589167289,16.1633944910837,4.85351840084745,0,0.288927741387141,2019-01-07 13:30:00
"1893",2019-01-07 13:40:00,4.17033333333333,7.5,0.06098,1,3.40025,18.5654087348549,16.1626078059077,1,18.2246551166754,19.2246551166754,21.9660752853379,22.9660752853379,1,0,4.91155439935804,0,0.293782854970212,0,0.293782854970212,0.0179148784960835,0,-0.851248211829417,4.17033333333333,7.5,18.5654087348549,16.1626078059077,4.91155439935804,0,0.293782854970212,2019-01-07 13:30:00
"1894",2019-01-07 13:45:00,4.16475,6.4875,0.06098,1,3.40025,18.1556712209698,16.1617186874105,1,10.0521512883715,11.0521512883715,42.8011035458185,43.8011035458185,0,0,0,0,0,0,0,0,0,-0.833333333333333,4.16475,6.4875,18.1556712209698,16.1617186874105,0,0,0,2019-01-07 13:45:00
"1895",2019-01-07 13:50:00,4.15916666666667,5.475,0.06098,1,3.40025,17.7888725616588,16.1492636696631,1,10.0521512883715,11.0521512883715,42.8011035458185,43.8011035458185,0,0,0,0,0,0,0,0,0,-0.833333333333333,4.15916666666667,5.475,17.7888725616588,16.1492636696631,0,0,0,2019-01-07 13:45:00
"1896",2019-01-07 13:55:00,4.15358333333333,4.4625,0.06098,1,3.40025,17.4593865257201,16.1268342184901,1,10.0521512883715,11.0521512883715,42.8011035458185,43.8011035458185,0,0,0,0,0,0,0,0,0,-0.833333333333333,4.15358333333333,4.4625,17.4593865257201,16.1268342184901,0,0,0,2019-01-07 13:45:00
"1897",2019-01-07 14:00:00,4.148,3.45,0.05325,1,3.44433333333333,17.9123311413297,16.095810709522,1,22.1292725235689,23.1292725235689,48.0228635882959,49.0228635882959,1,0,9,0,0.63456182900744,0,0.63456182900744,0.0337904173946462,0,-0.867123750727979,4.148,3.45,17.9123311413297,16.095810709522,9,0,0.63456182900744,2019-01-07 14:00:00
"1898",2019-01-07 14:05:00,4.15291666666667,3.1625,0.05325,1,3.44433333333333,18.3143472016362,16.0785079265736,1,22.1292725235689,23.1292725235689,48.0228635882959,49.0228635882959,1,0,9,0,0.634545272297767,0,0.634545272297767,0.0337895357498561,0,-0.867122869083189,4.15291666666667,3.1625,18.3143472016362,16.0785079265736,9,0,0.634545272297767,2019-01-07 14:00:00
"1899",2019-01-07 14:10:00,4.15783333333333,2.875,0.05325,1,3.44433333333333,18.6721080742961,16.0730381848246,1,22.1292725235689,23.1292725235689,48.0228635882959,49.0228635882959,1,0,9,0,0.634528719661924,0,0.634528719661924,0.0337886543219975,0,-0.867121987655331,4.15783333333333,2.875,18.6721080742961,16.0730381848246,9,0,0.634528719661924,2019-01-07 14:00:00
"1900",2019-01-07 14:15:00,4.16275,2.5875,0.05325,1,3.44433333333333,18.2414043464806,16.0777641777791,1,15.507729588775,16.507729588775,27.6177142797969,28.6177142797969,0,0,0,0,0,0,0,0,0,-0.833333333333333,4.16275,2.5875,18.2414043464806,16.0777641777791,0,0,0,2019-01-07 14:15:00
"1901",2019-01-07 14:20:00,4.16766666666667,2.3,0.05325,1,3.44433333333333,17.8567644088649,16.0702788758197,1,15.507729588775,16.507729588775,27.6177142797969,28.6177142797969,0,0,0,0,0,0,0,0,0,-0.833333333333333,4.16766666666667,2.3,17.8567644088649,16.0702788758197,0,0,0,2019-01-07 14:15:00
"1902",2019-01-07 14:25:00,4.17258333333333,2.0125,0.05325,1,3.44433333333333,17.5121708127506,16.0522829470425,1,15.507729588775,16.507729588775,27.6177142797969,28.6177142797969,0,0,0,0,0,0,0,0,0,-0.833333333333333,4.17258333333333,2.0125,17.5121708127506,16.0522829470425,0,0,0,2019-01-07 14:15:00
"1903",2019-01-07 14:30:00,4.1775,1.725,0.05325,1,3.44433333333333,17.2024019849629,16.0252513404939,1,6.48531034961343,7.48531034961343,21.0131973009557,22.0131973009557,0,0,0,0,0,0,0,0,0,-0.833333333333333,4.1775,1.725,17.2024019849629,16.0252513404939,0,0,0,2019-01-07 14:30:00
"1904",2019-01-07 14:35:00,4.18241666666667,1.4375,0.05325,1,3.44433333333333,16.9229268912606,15.9904631665785,1,6.48531034961343,7.48531034961343,21.0131973009557,22.0131973009557,0,0,0,0,0,0,0,0,0,-0.833333333333333,4.18241666666667,1.4375,16.9229268912606,15.9904631665785,0,0,0,2019-01-07 14:30:00
"1905",2019-01-07 14:40:00,4.18733333333333,1.15,0.05325,1,3.44433333333333,16.6698136419076,15.9490276225075,1,6.48531034961343,7.48531034961343,21.0131973009557,22.0131973009557,0,0,0,0,0,0,0,0,0,-0.833333333333333,4.18733333333333,1.15,16.6698136419076,15.9490276225075,0,0,0,2019-01-07 14:30:00
"1906",2019-01-07 14:45:00,4.19225,0.8625,0.05325,1,3.44433333333333,17.1896501940439,15.9019064862592,1,18.2868549989071,19.2868549989071,47.0545277120546,48.0545277120546,1,0,9,0,0.634412965152027,0,0.634412965152027,0.0337824903943455,0,-0.867115823727679,4.19225,0.8625,17.1896501940439,15.9019064862592,9,0,0.634412965152027,2019-01-07 14:45:00
"1907",2019-01-07 14:50:00,4.19716666666667,0.575,0.05325,1,3.44433333333333,17.649971805604,15.8709205911051,1,18.2868549989071,19.2868549989071,47.0545277120546,48.0545277120546,1,0,9,0,0.634396445052753,0,0.634396445052753,0.0337816106990591,0,-0.867114944032392,4.19716666666667,0.575,17.649971805604,15.8709205911051,9,0,0.634396445052753,2019-01-07 14:45:00
"1908",2019-01-07 14:55:00,4.20208333333333,0.2875,0.05325,1,3.44433333333333,18.0585863578716,15.8538605814893,1,18.2868549989071,19.2868549989071,47.0545277120546,48.0545277120546,1,0,9,0,0.634379929013802,0,0.634379929013802,0.033780731219985,0,-0.867114064553318,4.20208333333333,0.2875,18.0585863578716,15.8538605814893,9,0,0.634379929013802,2019-01-07 14:45:00
"1909",2019-01-07 15:00:00,4.207,0,0.053259998,1,3.50295833333333,17.6722688035968,15.8488100714141,1,13.0843228704762,14.0843228704762,46.714781306684,47.714781306684,0,0,0,0,0,0,0,0,0,-0.833333333333333,4.207,0,17.6722688035968,15.8488100714141,0,0,0,2019-01-07 15:00:00
"1910",2019-01-07 15:05:00,4.20641666666667,0,0.053259998,1,3.50295833333333,17.3264259915517,15.8331163141338,1,13.0843228704762,14.0843228704762,46.714781306684,47.714781306684,0,0,0,0,0,0,0,0,0,-0.833333333333333,4.20641666666667,0,17.3264259915517,15.8331163141338,0,0,0,2019-01-07 15:00:00
"1911",2019-01-07 15:10:00,4.20583333333333,0,0.053259998,1,3.50295833333333,17.0157786152111,15.8082707175359,1,13.0843228704762,14.0843228704762,46.714781306684,47.714781306684,0,0,0,0,0,0,0,0,0,-0.833333333333333,4.20583333333333,0,17.0157786152111,15.8082707175359,0,0,0,2019-01-07 15:00:00
"1912",2019-01-07 15:15:00,4.20525,0,0.053259998,1,3.50295833333333,16.73574555607,15.7755666804544,1,6.98642773367465,7.98642773367465,49.3653612378985,50.3653612378985,0,0,0,0,0,0,0,0,0,-0.833333333333333,4.20525,0,16.73574555607,15.7755666804544,0,0,0,2019-01-07 15:15:00
"1913",2019-01-07 15:20:00,4.20466666666667,0,0.053259998,1,3.50295833333333,16.4823514767386,15.7361258053314,1,6.98642773367465,7.98642773367465,49.3653612378985,50.3653612378985,0,0,0,0,0,0,0,0,0,-0.833333333333333,4.20466666666667,0,16.4823514767386,15.7361258053314,0,0,0,2019-01-07 15:15:00
"1914",2019-01-07 15:25:00,4.20408333333333,0,0.053259998,1,3.50295833333333,16.2521466448452,15.6909206413761,1,6.98642773367465,7.98642773367465,49.3653612378985,50.3653612378985,0,0,0,0,0,0,0,0,0,-0.833333333333333,4.20408333333333,0,16.2521466448452,15.6909206413761,0,0,0,2019-01-07 15:15:00
"1915",2019-01-07 15:30:00,4.2035,0,0.053259998,1,3.50295833333333,16.7921373688973,15.6407944174415,1,20.7442578712944,21.7442578712944,33.0883588017896,34.0883588017896,1,0,9,0,0.63437517090842,0,0.63437517090842,0.0337868203338321,0,-0.867120153667165,4.2035,0,16.7921373688973,15.6407944174415,9,0,0.63437517090842,2019-01-07 15:30:00
"1916",2019-01-07 15:35:00,4.20291666666667,0,0.053259998,1,3.50295833333333,17.2702218973809,15.6074651209188,1,20.7442578712944,21.7442578712944,33.0883588017896,34.0883588017896,1,0,9,0,0.634377130087476,0,0.634377130087476,0.0337869246797047,0,-0.867120258013038,4.20291666666667,0,17.2702218973809,15.6074651209188,9,0,0.634377130087476,2019-01-07 15:30:00
"1917",2019-01-07 15:40:00,4.20233333333333,0,0.053259998,1,3.50295833333333,17.6945230687054,15.5886341750684,1,20.7442578712944,21.7442578712944,33.0883588017896,34.0883588017896,1,0,9,0,0.634379089323662,0,0.634379089323662,0.0337870290286201,0,-0.867120362361953,4.20233333333333,0,17.6945230687054,15.5886341750684,9,0,0.634379089323662,2019-01-07 15:30:00
"1918",2019-01-07 15:45:00,4.20175,0,0.053259998,1,3.50295833333333,17.3220891168685,15.5823077939718,1,9.76813905313611,10.7681390531361,21.0440871566534,22.0440871566534,0,0,0,0,0,0,0,0,0,-0.833333333333333,4.20175,0,17.3220891168685,15.5823077939718,0,0,0,2019-01-07 15:45:00
"1919",2019-01-07 15:50:00,4.20116666666667,0,0.053259998,1,3.50295833333333,16.9885396447834,15.5657696789264,1,9.76813905313611,10.7681390531361,21.0440871566534,22.0440871566534,0,0,0,0,0,0,0,0,0,-0.833333333333333,4.20116666666667,0,16.9885396447834,15.5657696789264,0,0,0,2019-01-07 15:45:00
"1920",2019-01-07 15:55:00,4.20058333333333,0,0.053259998,1,3.50295833333333,16.688804010246,15.5404521903901,1,9.76813905313611,10.7681390531361,21.0440871566534,22.0440871566534,0,0,0,0,0,0,0,0,0,-0.833333333333333,4.20058333333333,0,16.688804010246,15.5404521903901,0,0,0,2019-01-07 15:45:00
"1921",2019-01-07 16:00:00,4.2,0,0.053,1,3.57204166666667,17.1684821539729,15.5075975094234,1,24.2684251551982,25.2684251551982,42.717634933535,43.717634933535,1,0,9,0,0.634386926839757,0,0.634386926839757,0.0336225071225071,0,-0.86695584045584,4.2,0,17.1684821539729,15.5075975094234,9,0,0.634386926839757,2019-01-07 16:00:00
"1922",2019-01-07 16:05:00,4.189,0,0.053,1,3.57204166666667,17.5941156155077,15.4892100771506,1,24.2684251551982,25.2684251551982,42.717634933535,43.717634933535,1,0,9,0,0.634423887447417,0,0.634423887447417,0.0336244660347131,0,-0.866957799368046,4.189,0,17.5941156155077,15.4892100771506,9,0,0.634423887447417,2019-01-07 16:00:00
"1923",2019-01-07 16:10:00,4.178,0,0.053,1,3.57204166666667,17.972777441162,15.4832898436467,1,24.2684251551982,25.2684251551982,42.717634933535,43.717634933535,1,0,9,0,0.634460868391316,0,0.634460868391316,0.0336264260247397,0,-0.866959759358073,4.178,0,17.972777441162,15.4832898436467,9,0,0.634460868391316,2019-01-07 16:00:00
"1924",2019-01-07 16:15:00,4.167,0,0.053,1,3.57204166666667,18.3106050898565,15.4881021095611,1,21.7990344576538,22.7990344576538,24.9544277046807,25.9544277046807,1,0,9,0,0.634497869688242,0,0.634497869688242,0.0336283870934768,0,-0.86696172042681,4.167,0,18.3106050898565,15.4881021095611,9,0,0.634497869688242,2019-01-07 16:15:00
"1925",2019-01-07 16:20:00,4.156,0,0.053,1,3.57204166666667,18.6129242617251,15.502142400098,1,21.7990344576538,22.7990344576538,24.9544277046807,25.9544277046807,1,0,9,0,0.634534891355003,0,0.634534891355003,0.0336303492418152,0,-0.866963682575148,4.156,0,18.6129242617251,15.502142400098,9,0,0.634534891355003,2019-01-07 16:15:00
"1926",2019-01-07 16:25:00,4.145,0,0.053,1,3.57204166666667,18.8843563369818,15.5241059882579,1,21.7990344576538,22.7990344576538,24.9544277046807,25.9544277046807,1,0,9,0,0.634571933408424,0,0.634571933408424,0.0336323124706465,0,-0.86696564580398,4.145,0,18.8843563369818,15.5241059882579,9,0,0.634571933408424,2019-01-07 16:15:00
"1927",2019-01-07 16:30:00,4.134,0,0.053,1,3.57204166666667,18.3789115943714,15.5528614519708,1,11.472940698266,12.472940698266,23.9193088752218,24.9193088752218,0,0,0,0,0,0,0,0,0,-0.833333333333333,4.134,0,18.3789115943714,15.5528614519708,0,0,0,2019-01-07 16:30:00
"1928",2019-01-07 16:35:00,4.123,0,0.053,1,3.57204166666667,17.9295738355331,15.566440773337,1,11.472940698266,12.472940698266,23.9193088752218,24.9193088752218,0,0,0,0,0,0,0,0,0,-0.833333333333333,4.123,0,17.9295738355331,15.566440773337,0,0,0,2019-01-07 16:30:00
"1929",2019-01-07 16:40:00,4.112,0,0.053,1,3.57204166666667,17.5289855420654,15.5669256100046,1,11.472940698266,12.472940698266,23.9193088752218,24.9193088752218,0,0,0,0,0,0,0,0,0,-0.833333333333333,4.112,0,17.5289855420654,15.5669256100046,0,0,0,2019-01-07 16:30:00
"1930",2019-01-07 16:45:00,4.101,0,0.053,1,3.57204166666667,17.1707625199614,15.5561215575104,1,12.754643403925,13.754643403925,43.0527495481074,44.0527495481074,0,0,0,0,0,0,0,0,0,-0.833333333333333,4.101,0,17.1707625199614,15.5561215575104,0,0,0,2019-01-07 16:45:00
"1931",2019-01-07 16:50:00,4.09,0,0.053,1,3.57204166666667,16.8493650755684,15.5355946924004,1,12.754643403925,13.754643403925,43.0527495481074,44.0527495481074,0,0,0,0,0,0,0,0,0,-0.833333333333333,4.09,0,16.8493650755684,15.5355946924004,0,0,0,2019-01-07 16:45:00
"1932",2019-01-07 16:55:00,4.079,0,0.053,1,3.57204166666667,16.5599862424774,15.5067032785294,1,12.754643403925,13.754643403925,43.0527495481074,44.0527495481074,0,0,0,0,0,0,0,0,0,-0.833333333333333,4.079,0,16.5599862424774,15.5067032785294,0,0,0,2019-01-07 16:45:00
"1933",2019-01-07 17:00:00,4.068,0,0.05132,1,3.63175,17.0484548025067,15.4706252767321,1,18.2499280096963,19.2499280096963,45.8012790796347,46.8012790796347,1,0,9,0,0.634831800026103,0,0.634831800026103,0.0325795679773396,0,-0.865912901310673,4.068,0,17.0484548025067,15.4706252767321,9,0,0.634831800026103,2019-01-07 17:00:00
"1934",2019-01-07 17:05:00,4.07691666666667,0,0.05132,1,3.63175,17.4819083611342,15.4494833073415,1,18.2499280096963,19.2499280096963,45.8012790796347,46.8012790796347,1,0,9,0,0.63480165587658,0,0.63480165587658,0.0325780209795861,0,-0.865911354312919,4.07691666666667,0,17.4819083611342,15.4494833073415,9,0,0.63480165587658,2019-01-07 17:00:00
"1935",2019-01-07 17:10:00,4.08583333333333,0,0.05132,1,3.63175,17.8675663744213,15.4412343641242,1,18.2499280096963,19.2499280096963,45.8012790796347,46.8012790796347,1,0,9,0,0.634771525202612,0,0.634771525202612,0.032576474673398,0,-0.865909808006731,4.08583333333333,0,17.8675663744213,15.4412343641242,9,0,0.634771525202612,2019-01-07 17:00:00
"1936",2019-01-07 17:15:00,4.09475,0,0.05132,1,3.63175,17.4616932001357,15.4441063365468,1,13.7840583978686,14.7840583978686,19.7506041317247,20.7506041317247,0,0,0,0,0,0,0,0,0,-0.833333333333333,4.09475,0,17.4616932001357,15.4441063365468,0,0,0,2019-01-07 17:15:00
"1937",2019-01-07 17:20:00,4.10366666666667,0,0.05132,1,3.63175,17.0992282539,15.4355751929812,1,13.7840583978686,14.7840583978686,19.7506041317247,20.7506041317247,0,0,0,0,0,0,0,0,0,-0.833333333333333,4.10366666666667,0,17.0992282539,15.4355751929812,0,0,0,2019-01-07 17:15:00
"1938",2019-01-07 17:25:00,4.11258333333333,0,0.05132,1,3.63175,16.7745106715151,15.4172400455872,1,13.7840583978686,14.7840583978686,19.7506041317247,20.7506041317247,0,0,0,0,0,0,0,0,0,-0.833333333333333,4.11258333333333,0,16.7745106715151,15.4172400455872,0,0,0,2019-01-07 17:15:00
"1939",2019-01-07 17:30:00,4.1215,0,0.05132,1,3.63175,16.4826282297915,15.390487689425,1,6.81935484730639,7.81935484730639,34.0214892667718,35.0214892667718,0,0,0,0,0,0,0,0,0,-0.833333333333333,4.1215,0,16.4826282297915,15.390487689425,0,0,0,2019-01-07 17:30:00
"1940",2019-01-07 17:35:00,4.13041666666667,0,0.05132,1,3.63175,16.2193182621254,15.356520709295,1,6.81935484730639,7.81935484730639,34.0214892667718,35.0214892667718,0,0,0,0,0,0,0,0,0,-0.833333333333333,4.13041666666667,0,16.2193182621254,15.356520709295,0,0,0,2019-01-07 17:30:00
"1941",2019-01-07 17:40:00,4.13933333333333,0,0.05132,1,3.63175,15.9808816887068,15.3163818663612,1,6.81935484730639,7.81935484730639,34.0214892667718,35.0214892667718,0,0,0,0,0,0,0,0,0,-0.833333333333333,4.13933333333333,0,15.9808816887068,15.3163818663612,0,0,0,2019-01-07 17:30:00
"1942",2019-01-07 17:45:00,4.14825,0,0.05132,1,3.63175,16.514108425528,15.2709752569626,1,18.1393841947429,19.1393841947429,41.90180214867,42.90180214867,1,0,9,0,0.634560987042517,0,0.634560987042517,0.032565669855022,0,-0.865899003188355,4.14825,0,16.514108425528,15.2709752569626,9,0,0.634560987042517,2019-01-07 17:45:00
"1943",2019-01-07 17:50:00,4.15716666666667,0,0.05132,1,3.63175,16.9867089219741,15.2420716287053,1,18.1393841947429,19.1393841947429,41.90180214867,42.90180214867,1,0,9,0,0.634530963848436,0,0.634530963848436,0.0325641290647017,0,-0.865897462398035,4.15716666666667,0,16.9867089219741,15.2420716287053,9,0,0.634530963848436,2019-01-07 17:45:00
"1944",2019-01-07 17:55:00,4.16608333333333,0,0.05132,1,3.63175,17.4066430265394,15.227418131235,1,18.1393841947429,19.1393841947429,41.90180214867,42.90180214867,1,0,9,0,0.634500954048892,0,0.634500954048892,0.0325625889617891,0,-0.865895922295122,4.16608333333333,0,17.4066430265394,15.227418131235,9,0,0.634500954048892,2019-01-07 17:45:00
"1945",2019-01-07 18:00:00,4.175,0,0.050889999,1,3.69333333333333,17.1955161558481,15.2250606025478,0,8.67299734801054,9.67299734801054,48.0302265244536,49.0302265244536,0,0,0,0,0,0,0,0,0,-0.833333333333333,4.175,0,17.1955161558481,15.2250606025478,0,0,0,2019-01-07 18:00:00
"1946",2019-01-07 18:05:00,4.23125,0,0.050889999,1,3.69333333333333,17.0039596674384,15.2171970239849,0,8.67299734801054,9.67299734801054,48.0302265244536,49.0302265244536,0,0,0,0,0,0,0,0,0,-0.833333333333333,4.23125,0,17.0039596674384,15.2171970239849,0,0,0,2019-01-07 18:00:00
"1947",2019-01-07 18:10:00,4.2875,0,0.050889999,1,3.69333333333333,16.8296310776102,15.2045606530187,0,8.67299734801054,9.67299734801054,48.0302265244536,49.0302265244536,0,0,0,0,0,0,0,0,0,-0.833333333333333,4.2875,0,16.8296310776102,15.2045606530187,0,0,0,2019-01-07 18:00:00
"1948",2019-01-07 18:15:00,4.34375,0,0.050889999,1,3.69333333333333,17.42047518124,15.1877944777866,0,18.8724360039923,19.8724360039923,38.3925384823233,39.3925384823233,1,0,9,0,0.633905780545164,0,0.633905780545164,0.0322594645380376,0,-0.865592797871371,4.34375,0,17.42047518124,15.1877944777866,9,0,0.633905780545164,2019-01-07 18:15:00
"1949",2019-01-07 18:20:00,4.4,0,0.050889999,1,3.69333333333333,17.9545205429132,15.1884492570376,0,18.8724360039923,19.8724360039923,38.3925384823233,39.3925384823233,1,0,9,0,0.633718442447582,0,0.633718442447582,0.032249930902439,0,-0.865583264235772,4.4,0,17.9545205429132,15.1884492570376,9,0,0.633718442447582,2019-01-07 18:15:00
"1950",2019-01-07 18:25:00,4.45625,0,0.050889999,1,3.69333333333333,18.4386995662199,15.2043482959078,0,18.8724360039923,19.8724360039923,38.3925384823233,39.3925384823233,1,0,9,0,0.633531627800617,0,0.633531627800617,0.0322404239052418,0,-0.865573757238575,4.45625,0,18.4386995662199,15.2043482959078,9,0,0.633531627800617,2019-01-07 18:15:00
"1951",2019-01-07 18:30:00,4.5125,0,0.050889999,1,3.69333333333333,18.1290938554002,15.2335822698409,0,17.4029117112514,18.4029117112514,42.7091944338754,43.7091944338754,0,0,0,0,0,0,0,0,0,-0.833333333333333,4.5125,0,18.1290938554002,15.2335822698409,0,0,0,2019-01-07 18:30:00
"1952",2019-01-07 18:35:00,4.56875,0,0.050889999,1,3.69333333333333,17.8512068989792,15.2534894452016,0,17.4029117112514,18.4029117112514,42.7091944338754,43.7091944338754,0,0,0,0,0,0,0,0,0,-0.833333333333333,4.56875,0,17.8512068989792,15.2534894452016,0,0,0,2019-01-07 18:30:00
"1953",2019-01-07 18:40:00,4.625,0,0.050889999,1,3.69333333333333,17.6012046837652,15.2652718326583,0,17.4029117112514,18.4029117112514,42.7091944338754,43.7091944338754,0,0,0,0,0,0,0,0,0,-0.833333333333333,4.625,0,17.6012046837652,15.2652718326583,0,0,0,2019-01-07 18:30:00
"1954",2019-01-07 18:45:00,4.68125,0,0.050889999,1,3.69333333333333,18.1257235673879,15.2699836334405,0,19.3653439097106,20.3653439097106,29.3552606091835,30.3552606091835,1,0,9,0,0.632789560084786,0,0.632789560084786,0.0322026600799252,0,-0.865535993413258,4.68125,0,18.1257235673879,15.2699836334405,9,0,0.632789560084786,2019-01-07 18:45:00
"1955",2019-01-07 18:50:00,4.7375,0,0.050889999,1,3.69333333333333,18.601644294142,15.2895363425506,0,19.3653439097106,20.3653439097106,29.3552606091835,30.3552606091835,1,0,9,0,0.632605330071242,0,0.632605330071242,0.0321932846147202,0,-0.865526617948053,4.7375,0,18.601644294142,15.2895363425506,9,0,0.632605330071242,2019-01-07 18:45:00
"1956",2019-01-07 18:55:00,4.79375,0,0.050889999,1,3.69333333333333,19.0348923479241,15.3220697207623,0,19.3653439097106,20.3653439097106,29.3552606091835,30.3552606091835,1,0,9,0,0.632421610544733,0,0.632421610544733,0.0321839351281999,0,-0.865517268461533,4.79375,0,19.0348923479241,15.3220697207623,9,0,0.632421610544733,2019-01-07 18:45:00
"1957",2019-01-07 19:00:00,4.85,0,0.050599998,0,3.77991666666667,18.680666017778,15.3659520541525,0,8.06124955695122,9.06124955695122,42.70757787209,43.70757787209,0,0,0,0,0,0,0,0,0,0,4.85,0,18.680666017778,15.3659520541525,0,0,0,2019-01-07 19:00:00
"1958",2019-01-07 19:05:00,4.92875,0,0.050599998,0,3.77991666666667,18.3637086549552,15.3988940835041,0,8.06124955695122,9.06124955695122,42.70757787209,43.70757787209,0,0,0,0,0,0,0,0,0,0,4.92875,0,18.3637086549552,15.3988940835041,0,0,0,2019-01-07 19:00:00
"1959",2019-01-07 19:10:00,5.0075,0,0.050599998,0,3.77991666666667,18.0795170830112,15.422307525519,0,8.06124955695122,9.06124955695122,42.70757787209,43.70757787209,0,0,0,0,0,0,0,0,0,0,5.0075,0,18.0795170830112,15.422307525519,0,0,0,2019-01-07 19:00:00
"1960",2019-01-07 19:15:00,5.08625,0,0.050599998,0,3.77991666666667,17.8241405838371,15.4374304926438,0,15.2769911948126,16.2769911948126,21.0749514545314,22.0749514545314,0,0,0,0,0,0,0,0,0,0,5.08625,0,17.8241405838371,15.4374304926438,0,0,0,2019-01-07 19:15:00
"1961",2019-01-07 19:20:00,5.165,0,0.050599998,0,3.77991666666667,17.594113082721,15.4453488050683,0,15.2769911948126,16.2769911948126,21.0749514545314,22.0749514545314,0,0,0,0,0,0,0,0,0,0,5.165,0,17.594113082721,15.4453488050683,0,0,0,2019-01-07 19:15:00
"1962",2019-01-07 19:25:00,5.24375,0,0.050599998,0,3.77991666666667,17.3863936579503,15.4470146865862,0,15.2769911948126,16.2769911948126,21.0749514545314,22.0749514545314,0,0,0,0,0,0,0,0,0,0,5.24375,0,17.3863936579503,15.4470146865862,0,0,0,2019-01-07 19:15:00
"1963",2019-01-07 19:30:00,5.3225,0,0.050599998,0,3.77991666666667,17.9483143530827,15.4432631654611,0,21.641480804421,22.641480804421,39.0134852640331,40.0134852640331,1,0,9,0,0.630719210560543,0,0.630719210560543,0.0319143907929251,0,-0.0319143907929251,5.3225,0,17.9483143530827,15.4432631654611,9,0,0.630719210560543,2019-01-07 19:30:00
"1964",2019-01-07 19:35:00,5.40125,0,0.050599998,0,3.77991666666667,18.4573661499282,15.4558134198808,0,21.641480804421,22.641480804421,39.0134852640331,40.0134852640331,1,0,9,0,0.630469399543944,0,0.630469399543944,0.0319017503559848,0,-0.0319017503559848,5.40125,0,18.4573661499282,15.4558134198808,9,0,0.630469399543944,2019-01-07 19:30:00
"1965",2019-01-07 19:40:00,5.48,0,0.050599998,0,3.77991666666667,18.9200098108357,15.4826364534769,0,21.641480804421,22.641480804421,39.0134852640331,40.0134852640331,1,0,9,0,0.6302205415091,0,0.6302205415091,0.0318891581399194,0,-0.0318891581399194,5.48,0,18.9200098108357,15.4826364534769,9,0,0.6302205415091,2019-01-07 19:30:00
"1966",2019-01-07 19:45:00,5.55875,0,0.050599998,0,3.77991666666667,19.3419131459807,15.5219524630321,0,19.53687338694,20.53687338694,46.7366560413502,47.7366560413502,1,0,9,0,0.629972631013224,0,0.629972631013224,0.0318766138693239,0,-0.0318766138693239,5.55875,0,19.3419131459807,15.5219524630321,9,0,0.629972631013224,2019-01-07 19:45:00
"1967",2019-01-07 19:50:00,5.6375,0,0.050599998,0,3.77991666666667,19.7280483507238,15.5722002484856,0,19.53687338694,20.53687338694,46.7366560413502,47.7366560413502,1,0,9,0,0.6297256626549,0,0.6297256626549,0.0318641172708866,0,-0.0318641172708866,5.6375,0,19.7280483507238,15.5722002484856,9,0,0.6297256626549,2019-01-07 19:45:00
"1968",2019-01-07 19:55:00,5.71625,0,0.050599998,0,3.77991666666667,19.8916024306507,15.6320103779822,0,19.53687338694,20.53687338694,46.7366560413502,47.7366560413502,1,0,6.70590043459447,0,0.438304667289893,0,0.438304667289893,0.0221782152882592,0,-0.0221782152882592,5.71625,0,19.8916024306507,15.6320103779822,6.70590043459447,0,0.438304667289893,2019-01-07 19:45:00
"1969",2019-01-07 20:00:00,5.795,0,0.050029999,0,3.89720833333333,19.4866378461222,15.6948320724716,0,8.57001450983807,9.57001450983807,27.1100200577639,28.1100200577639,0,0,0,0,0,0,0,0,0,0,5.795,0,19.4866378461222,15.6948320724716,0,0,0,2019-01-07 20:00:00
"1970",2019-01-07 20:05:00,5.836,0,0.050029999,0,3.89720833333333,19.1254239497641,15.7444388324604,0,8.57001450983807,9.57001450983807,27.1100200577639,28.1100200577639,0,0,0,0,0,0,0,0,0,0,5.836,0,19.1254239497641,15.7444388324604,0,0,0,2019-01-07 20:00:00
"1971",2019-01-07 20:10:00,5.877,0,0.050029999,0,3.89720833333333,18.8026398321661,15.7825004354099,0,8.57001450983807,9.57001450983807,27.1100200577639,28.1100200577639,0,0,0,0,0,0,0,0,0,0,5.877,0,18.8026398321661,15.7825004354099,0,0,0,2019-01-07 20:00:00
"1972",2019-01-07 20:15:00,5.918,0,0.050029999,0,3.89720833333333,18.5136175218661,15.8104814721444,0,13.6144285427872,14.6144285427872,40.8436322752386,41.8436322752386,0,0,0,0,0,0,0,0,0,0,5.918,0,18.5136175218661,15.8104814721444,0,0,0,2019-01-07 20:15:00
"1973",2019-01-07 20:20:00,5.959,0,0.050029999,0,3.89720833333333,18.2542618356999,15.8296665352773,0,13.6144285427872,14.6144285427872,40.8436322752386,41.8436322752386,0,0,0,0,0,0,0,0,0,0,5.959,0,18.2542618356999,15.8296665352773,0,0,0,2019-01-07 20:15:00
"1974",2019-01-07 20:25:00,6,0,0.050029999,0,3.89720833333333,18.0209800678261,15.8411823156559,0,13.6144285427872,14.6144285427872,40.8436322752386,41.8436322752386,0,0,0,0,0,0,0,0,0,0,6,0,18.0209800678261,15.8411823156559,0,0,0,2019-01-07 20:15:00
"1975",2019-01-07 20:30:00,6.041,0,0.050029999,0,3.89720833333333,18.5606203096911,15.8460169863776,0,22.1337361356709,23.1337361356709,22.522708625067,23.522708625067,1,0,9,0,0.628474826514018,0,0.628474826514018,0.0314425949420215,0,-0.0314425949420215,6.041,0,18.5606203096911,15.8460169863776,9,0,0.628474826514018,2019-01-07 20:30:00
"1976",2019-01-07 20:35:00,6.082,0,0.050029999,0,3.89720833333333,19.0502490959227,15.8660241652035,0,22.1337361356709,23.1337361356709,22.522708625067,23.522708625067,1,0,9,0,0.628349076631073,0,0.628349076631073,0.0314363036755035,0,-0.0314363036755035,6.082,0,19.0502490959227,15.8660241652035,9,0,0.628349076631073,2019-01-07 20:30:00
"1977",2019-01-07 20:40:00,6.123,0,0.050029999,0,3.89720833333333,19.4959549417148,15.8992928857971,0,22.1337361356709,23.1337361356709,22.522708625067,23.522708625067,1,0,9,0,0.62822357267289,0,0.62822357267289,0.0314300247126011,0,-0.0314300247126011,6.123,0,19.4959549417148,15.8992928857971,9,0,0.62822357267289,2019-01-07 20:30:00
"1978",2019-01-07 20:45:00,6.164,0,0.050029999,0,3.89720833333333,19.9030792019178,15.9441469793445,0,20.1168009925168,21.1168009925168,47.6010853615589,48.6010853615589,1,0,9,0,0.628098313918753,0,0.628098313918753,0.0314237580172569,0,-0.0314237580172569,6.164,0,19.9030792019178,15.9441469793445,9,0,0.628098313918753,2019-01-07 20:45:00
"1979",2019-01-07 20:50:00,6.205,0,0.050029999,0,3.89720833333333,20.2763077868352,15.9991162512592,0,20.1168009925168,21.1168009925168,47.6010853615589,48.6010853615589,1,0,9,0,0.627973299650761,0,0.627973299650761,0.0314175035535543,0,-0.0314175035535543,6.205,0,20.2763077868352,15.9991162512592,9,0,0.627973299650761,2019-01-07 20:45:00
"1980",2019-01-07 20:55:00,6.246,0,0.050029999,0,3.89720833333333,20.460244825236,16.0629111960621,0,20.1168009925168,21.1168009925168,47.6010853615589,48.6010853615589,1,0,7.08591846817907,0,0.468341734835401,0,0.468341734835401,0.0234311365254734,0,-0.0234311365254734,6.246,0,20.460244825236,16.0629111960621,7.08591846817907,0,0.468341734835401,2019-01-07 20:45:00
"1981",2019-01-07 21:00:00,6.287,0,0.02115,0,4.03,20.2924335050581,16.1299373996182,0,19.4700141143985,20.4700141143985,29.8817126224749,30.8817126224749,1,0,3,0,0.127724001715589,0,0.127724001715589,0.0027013626362847,0,-0.0027013626362847,6.287,0,20.2924335050581,16.1299373996182,3,0,0.127724001715589,2019-01-07 21:00:00
"1982",2019-01-07 21:05:00,6.306,0,0.02115,0,4.03,20.1465615581665,16.1901170131613,0,19.4700141143985,20.4700141143985,29.8817126224749,30.8817126224749,1,0,3,0,0.127666376097995,0,0.127666376097995,0.00270014385447259,0,-0.00270014385447259,6.306,0,20.1465615581665,16.1901170131613,3,0,0.127666376097995,2019-01-07 21:00:00
"1983",2019-01-07 21:10:00,6.325,0,0.02115,0,4.03,20.0199403243871,16.2442947787427,0,19.4700141143985,20.4700141143985,29.8817126224749,30.8817126224749,1,0,3,0,0.127608802455193,0,0.127608802455193,0.00269892617192734,0,-0.00269892617192734,6.325,0,20.0199403243871,16.2442947787427,3,0,0.127608802455193,2019-01-07 21:00:00
"1984",2019-01-07 21:15:00,6.344,0,0.02115,0,4.03,19.6602111667533,16.2932117236447,0,18.7139847076032,19.7139847076032,31.8604404483922,32.8604404483922,0,0,0,0,0,0,0,0,0,0,6.344,0,19.6602111667533,16.2932117236447,0,0,0,2019-01-07 21:15:00
"1985",2019-01-07 21:20:00,6.363,0,0.02115,0,4.03,19.3386943751469,16.3305222392362,0,18.7139847076032,19.7139847076032,31.8604404483922,32.8604404483922,0,0,0,0,0,0,0,0,0,0,6.363,0,19.3386943751469,16.3305222392362,0,0,0,2019-01-07 21:15:00
"1986",2019-01-07 21:25:00,6.382,0,0.02115,0,4.03,19.0507366263997,16.3576868982559,0,18.7139847076032,19.7139847076032,31.8604404483922,32.8604404483922,0,0,0,0,0,0,0,0,0,0,6.382,0,19.0507366263997,16.3576868982559,0,0,0,2019-01-07 21:15:00
"1987",2019-01-07 21:30:00,6.401,0,0.02115,0,4.03,18.7922556418919,16.3759868205921,0,4.94296292960644,5.94296292960644,39.6238392968662,40.6238392968662,0,0,0,0,0,0,0,0,0,0,6.401,0,18.7922556418919,16.3759868205921,0,0,0,2019-01-07 21:30:00
"1988",2019-01-07 21:35:00,6.42,0,0.02115,0,4.03,18.5596700903834,16.3865457025468,0,4.94296292960644,5.94296292960644,39.6238392968662,40.6238392968662,0,0,0,0,0,0,0,0,0,0,6.42,0,18.5596700903834,16.3865457025468,0,0,0,2019-01-07 21:30:00
"1989",2019-01-07 21:40:00,6.439,0,0.02115,0,4.03,18.3498380955408,16.3903491419189,0,4.94296292960644,5.94296292960644,39.6238392968662,40.6238392968662,0,0,0,0,0,0,0,0,0,0,6.439,0,18.3498380955408,16.3903491419189,0,0,0,2019-01-07 21:30:00
"1990",2019-01-07 21:45:00,6.458,0,0.02115,0,4.03,18.1600032919005,16.3882615908559,0,14.5260744346306,15.5260744346306,21.4546729233116,22.4546729233116,0,0,0,0,0,0,0,0,0,0,6.458,0,18.1600032919005,16.3882615908559,0,0,0,2019-01-07 21:45:00
"1991",2019-01-07 21:50:00,6.477,0,0.02115,0,4.03,17.9877475026677,16.381041227673,0,14.5260744346306,15.5260744346306,21.4546729233116,22.4546729233116,0,0,0,0,0,0,0,0,0,0,6.477,0,17.9877475026677,16.381041227673,0,0,0,2019-01-07 21:45:00
"1992",2019-01-07 21:55:00,6.496,0,0.02115,0,4.03,17.8309492264958,16.3693530030962,0,14.5260744346306,15.5260744346306,21.4546729233116,22.4546729233116,0,0,0,0,0,0,0,0,0,0,6.496,0,17.8309492264958,16.3693530030962,0,0,0,2019-01-07 21:45:00
"1993",2019-01-07 22:00:00,6.515,0,0.01438,0,4.16875,17.6877472201711,16.3537800850254,0,10.9951031869277,11.9951031869277,20.8693307409994,21.8693307409994,0,0,0,0,0,0,0,0,0,0,6.515,0,17.6877472201711,16.3537800850254,0,0,0,2019-01-07 22:00:00
"1994",2019-01-07 22:05:00,6.521,0,0.01438,0,4.16875,17.5565000315404,16.3347593994956,0,10.9951031869277,11.9951031869277,20.8693307409994,21.8693307409994,0,0,0,0,0,0,0,0,0,0,6.521,0,17.5565000315404,16.3347593994956,0,0,0,2019-01-07 22:00:00
"1995",2019-01-07 22:10:00,6.527,0,0.01438,0,4.16875,17.4357688904135,16.3127417091181,0,10.9951031869277,11.9951031869277,20.8693307409994,21.8693307409994,0,0,0,0,0,0,0,0,0,0,6.527,0,17.4357688904135,16.3127417091181,0,0,0,2019-01-07 22:00:00
"1996",2019-01-07 22:15:00,6.533,0,0.01438,0,4.16875,17.3242915114423,16.2881223192647,0,12.506729768822,13.506729768822,23.9514581677504,24.9514581677504,0,0,0,0,0,0,0,0,0,0,6.533,0,17.3242915114423,16.2881223192647,0,0,0,2019-01-07 22:15:00
"1997",2019-01-07 22:20:00,6.539,0,0.01438,0,4.16875,17.2209604305077,16.2612478862215,0,12.506729768822,13.506729768822,23.9514581677504,24.9514581677504,0,0,0,0,0,0,0,0,0,0,6.539,0,17.2209604305077,16.2612478862215,0,0,0,2019-01-07 22:15:00
"1998",2019-01-07 22:25:00,6.545,0,0.01438,0,4.16875,17.1248040003979,16.2324223896114,0,12.506729768822,13.506729768822,23.9514581677504,24.9514581677504,0,0,0,0,0,0,0,0,0,0,6.545,0,17.1248040003979,16.2324223896114,0,0,0,2019-01-07 22:15:00
"1999",2019-01-07 22:30:00,6.551,0,0.01438,0,4.16875,17.0349697193373,16.2019123716769,0,11.2283303663135,12.2283303663135,21.1480480483733,22.1480480483733,0,0,0,0,0,0,0,0,0,0,6.551,0,17.0349697193373,16.2019123716769,0,0,0,2019-01-07 22:30:00
"2000",2019-01-07 22:35:00,6.557,0,0.01438,0,4.16875,16.9507096060008,16.1699515334179,0,11.2283303663135,12.2283303663135,21.1480480483733,22.1480480483733,0,0,0,0,0,0,0,0,0,0,6.557,0,16.9507096060008,16.1699515334179,0,0,0,2019-01-07 22:30:00
"2001",2019-01-07 22:40:00,6.563,0,0.01438,0,4.16875,16.8713673697986,16.1367447665335,0,11.2283303663135,12.2283303663135,21.1480480483733,22.1480480483733,0,0,0,0,0,0,0,0,0,0,6.563,0,16.8713673697986,16.1367447665335,0,0,0,2019-01-07 22:30:00
"2002",2019-01-07 22:45:00,6.569,0,0.01438,0,4.16875,16.796367156057,16.1024716904241,0,10.3493808971252,11.3493808971252,23.1208829563111,24.1208829563111,0,0,0,0,0,0,0,0,0,0,6.569,0,16.796367156057,16.1024716904241,0,0,0,2019-01-07 22:45:00
"2003",2019-01-07 22:50:00,6.575,0,0.01438,0,4.16875,16.7252036727677,16.0672897550113,0,10.3493808971252,11.3493808971252,23.1208829563111,24.1208829563111,0,0,0,0,0,0,0,0,0,0,6.575,0,16.7252036727677,16.0672897550113,0,0,0,2019-01-07 22:45:00
"2004",2019-01-07 22:55:00,6.581,0,0.01438,0,4.16875,16.6574335293152,16.0313369626713,0,10.3493808971252,11.3493808971252,23.1208829563111,24.1208829563111,0,0,0,0,0,0,0,0,0,0,6.581,0,16.6574335293152,16.0313369626713,0,0,0,2019-01-07 22:45:00
"2005",2019-01-07 23:00:00,6.587,0,0.017940001,0,4.30329166666667,16.5926676384065,15.9947342560388,0,10.2863596812822,11.2863596812822,20.0451467097737,21.0451467097737,0,0,0,0,0,0,0,0,0,0,6.587,0,16.5926676384065,15.9947342560388,0,0,0,2019-01-07 23:00:00
"2006",2019-01-07 23:05:00,6.55241666666667,0,0.017940001,0,4.30329166666667,16.5305379526217,15.9573550423835,0,10.2863596812822,11.2863596812822,20.0451467097737,21.0451467097737,0,0,0,0,0,0,0,0,0,0,6.55241666666667,0,16.5305379526217,15.9573550423835,0,0,0,2019-01-07 23:00:00
"2007",2019-01-07 23:10:00,6.51783333333333,0,0.017940001,0,4.30329166666667,16.4707256955136,15.9192992682174,0,10.2863596812822,11.2863596812822,20.0451467097737,21.0451467097737,0,0,0,0,0,0,0,0,0,0,6.51783333333333,0,16.4707256955136,15.9192992682174,0,0,0,2019-01-07 23:00:00
"2008",2019-01-07 23:15:00,6.48325,0,0.017940001,0,4.30329166666667,17.1629511998713,15.8806545903293,0,20.0594682432711,21.0594682432711,28.6393010364845,29.6393010364845,1,0,9,0,0.62713128447284,0,0.62713128447284,0.011250735870574,0,-0.011250735870574,6.48325,0,17.1629511998713,15.8806545903293,9,0,0.62713128447284,2019-01-07 23:15:00
"2009",2019-01-07 23:20:00,6.44866666666667,0,0.017940001,0,4.30329166666667,17.7868008614779,15.8624848423547,0,20.0594682432711,21.0594682432711,28.6393010364845,29.6393010364845,1,0,9,0,0.62723533396476,0,0.62723533396476,0.0112526025185631,0,-0.0112526025185631,6.44866666666667,0,17.7868008614779,15.8624848423547,9,0,0.62723533396476,2019-01-07 23:15:00
"2010",2019-01-07 23:25:00,6.41408333333333,0,0.017940001,0,4.30329166666667,18.3505739316321,15.862186412351,0,20.0594682432711,21.0594682432711,28.6393010364845,29.6393010364845,1,0,9,0,0.627339553912988,0,0.627339553912988,0.0112544722245386,0,-0.0112544722245386,6.41408333333333,0,18.3505739316321,15.862186412351,9,0,0.627339553912988,2019-01-07 23:15:00
"2011",2019-01-07 23:30:00,6.3795,0,0.017940001,0,4.30329166666667,18.8615513216437,15.8774756994312,0,23.1471185416449,24.1471185416449,27.247367634438,28.247367634438,1,0,9,0,0.627443944736737,0,0.627443944736737,0.011256344996021,0,-0.011256344996021,6.3795,0,18.8615513216437,15.8774756994312,9,0,0.627443944736737,2019-01-07 23:30:00
"2012",2019-01-07 23:35:00,6.34491666666667,0,0.017940001,0,4.30329166666667,19.326120606094,15.906349829326,0,23.1471185416449,24.1471185416449,27.247367634438,28.247367634438,1,0,9,0,0.627548506856593,0,0.627548506856593,0.0112582208405558,0,-0.0112582208405558,6.34491666666667,0,19.326120606094,15.906349829326,9,0,0.627548506856593,2019-01-07 23:30:00
"2013",2019-01-07 23:40:00,6.31033333333333,0,0.017940001,0,4.30329166666667,19.7498856814689,15.94705219227,0,23.1471185416449,24.1471185416449,27.247367634438,28.247367634438,1,0,9,0,0.627653240694525,0,0.627653240694525,0.011260099765713,0,-0.011260099765713,6.31033333333333,0,19.7498856814689,15.94705219227,9,0,0.627653240694525,2019-01-07 23:30:00
"2014",2019-01-07 23:45:00,6.27575,0,0.017940001,0,4.30329166666667,19.3877629637792,15.998042211255,0,14.4276091831271,15.4276091831271,32.0795670691878,33.0795670691878,0,0,0,0,0,0,0,0,0,0,6.27575,0,19.3877629637792,15.998042211255,0,0,0,2019-01-07 23:45:00
"2015",2019-01-07 23:50:00,6.24116666666667,0,0.017940001,0,4.30329166666667,19.0642340230886,16.0369818634906,0,14.4276091831271,15.4276091831271,32.0795670691878,33.0795670691878,0,0,0,0,0,0,0,0,0,0,6.24116666666667,0,19.0642340230886,16.0369818634906,0,0,0,2019-01-07 23:45:00
"2016",2019-01-07 23:55:00,6.20658333333333,0,0.017940001,0,4.30329166666667,18.7745686095164,16.0653573611843,0,14.4276091831271,15.4276091831271,32.0795670691878,33.0795670691878,0,0,0,0,0,0,0,0,0,0,6.20658333333333,0,18.7745686095164,16.0653573611843,0,0,0,2019-01-07 23:45:00
