population_size,iteration_number,run_number,pcrossover,pmutation,control_optimization_horizon,control_implementation_horizon,control_optimization_anticipation,control_type,optimization_aim,flexibility_event_length_max,flexibility_recover_timespan,thermal_stabilization_timespan,minimum_flexibility,flexibility_splits,Alpha_confort,month_subset
5,5,2,0,0.05,36,24,0,1,2,4,2,4,1,10,10,0
10,5,2,0,0.05,36,24,0,1,2,4,2,4,1,10,10,0
15,5,2,0,0.05,36,24,0,1,2,4,2,4,1,10,10,0
20,5,2,0,0.05,36,24,0,1,2,4,2,4,1,10,10,0
25,5,2,0,0.05,36,24,0,1,2,4,2,4,1,10,10,0
30,5,2,0,0.05,36,24,0,1,2,4,2,4,1,10,10,0
35,5,2,0,0.05,36,24,0,1,2,4,2,4,1,10,10,0
40,5,2,0,0.05,36,24,0,1,2,4,2,4,1,10,10,0
45,5,2,0,0.05,36,24,0,1,2,4,2,4,1,10,10,0
50,5,2,0,0.05,36,24,0,1,2,4,2,4,1,10,10,0
55,5,2,0,0.05,36,24,0,1,2,4,2,4,1,10,10,0
60,5,2,0,0.05,36,24,0,1,2,4,2,4,1,10,10,0
65,5,2,0,0.05,36,24,0,1,2,4,2,4,1,10,10,0
70,5,2,0,0.05,36,24,0,1,2,4,2,4,1,10,10,0
75,5,2,0,0.05,36,24,0,1,2,4,2,4,1,10,10,0
80,5,2,0,0.05,36,24,0,1,2,4,2,4,1,10,10,0
85,5,2,0,0.05,36,24,0,1,2,4,2,4,1,10,10,0
90,5,2,0,0.05,36,24,0,1,2,4,2,4,1,10,10,0
95,5,2,0,0.05,36,24,0,1,2,4,2,4,1,10,10,0
100,5,2,0,0.05,36,24,0,1,2,4,2,4,1,10,10,0
5,10,2,0,0.05,36,24,0,1,2,4,2,4,1,10,10,0
10,10,2,0,0.05,36,24,0,1,2,4,2,4,1,10,10,0
15,10,2,0,0.05,36,24,0,1,2,4,2,4,1,10,10,0
20,10,2,0,0.05,36,24,0,1,2,4,2,4,1,10,10,0
25,10,2,0,0.05,36,24,0,1,2,4,2,4,1,10,10,0
30,10,2,0,0.05,36,24,0,1,2,4,2,4,1,10,10,0
35,10,2,0,0.05,36,24,0,1,2,4,2,4,1,10,10,0
40,10,2,0,0.05,36,24,0,1,2,4,2,4,1,10,10,0
45,10,2,0,0.05,36,24,0,1,2,4,2,4,1,10,10,0
50,10,2,0,0.05,36,24,0,1,2,4,2,4,1,10,10,0
55,10,2,0,0.05,36,24,0,1,2,4,2,4,1,10,10,0
60,10,2,0,0.05,36,24,0,1,2,4,2,4,1,10,10,0
65,10,2,0,0.05,36,24,0,1,2,4,2,4,1,10,10,0
70,10,2,0,0.05,36,24,0,1,2,4,2,4,1,10,10,0
75,10,2,0,0.05,36,24,0,1,2,4,2,4,1,10,10,0
80,10,2,0,0.05,36,24,0,1,2,4,2,4,1,10,10,0
85,10,2,0,0.05,36,24,0,1,2,4,2,4,1,10,10,0
90,10,2,0,0.05,36,24,0,1,2,4,2,4,1,10,10,0
95,10,2,0,0.05,36,24,0,1,2,4,2,4,1,10,10,0
100,10,2,0,0.05,36,24,0,1,2,4,2,4,1,10,10,0
5,15,2,0,0.05,36,24,0,1,2,4,2,4,1,10,10,0
10,15,2,0,0.05,36,24,0,1,2,4,2,4,1,10,10,0
15,15,2,0,0.05,36,24,0,1,2,4,2,4,1,10,10,0
20,15,2,0,0.05,36,24,0,1,2,4,2,4,1,10,10,0
25,15,2,0,0.05,36,24,0,1,2,4,2,4,1,10,10,0
30,15,2,0,0.05,36,24,0,1,2,4,2,4,1,10,10,0
35,15,2,0,0.05,36,24,0,1,2,4,2,4,1,10,10,0
40,15,2,0,0.05,36,24,0,1,2,4,2,4,1,10,10,0
45,15,2,0,0.05,36,24,0,1,2,4,2,4,1,10,10,0
50,15,2,0,0.05,36,24,0,1,2,4,2,4,1,10,10,0
55,15,2,0,0.05,36,24,0,1,2,4,2,4,1,10,10,0
60,15,2,0,0.05,36,24,0,1,2,4,2,4,1,10,10,0
65,15,2,0,0.05,36,24,0,1,2,4,2,4,1,10,10,0
70,15,2,0,0.05,36,24,0,1,2,4,2,4,1,10,10,0
75,15,2,0,0.05,36,24,0,1,2,4,2,4,1,10,10,0
80,15,2,0,0.05,36,24,0,1,2,4,2,4,1,10,10,0
85,15,2,0,0.05,36,24,0,1,2,4,2,4,1,10,10,0
90,15,2,0,0.05,36,24,0,1,2,4,2,4,1,10,10,0
95,15,2,0,0.05,36,24,0,1,2,4,2,4,1,10,10,0
100,15,2,0,0.05,36,24,0,1,2,4,2,4,1,10,10,0
5,20,2,0,0.05,36,24,0,1,2,4,2,4,1,10,10,0
10,20,2,0,0.05,36,24,0,1,2,4,2,4,1,10,10,0
15,20,2,0,0.05,36,24,0,1,2,4,2,4,1,10,10,0
20,20,2,0,0.05,36,24,0,1,2,4,2,4,1,10,10,0
25,20,2,0,0.05,36,24,0,1,2,4,2,4,1,10,10,0
30,20,2,0,0.05,36,24,0,1,2,4,2,4,1,10,10,0
35,20,2,0,0.05,36,24,0,1,2,4,2,4,1,10,10,0
40,20,2,0,0.05,36,24,0,1,2,4,2,4,1,10,10,0
45,20,2,0,0.05,36,24,0,1,2,4,2,4,1,10,10,0
50,20,2,0,0.05,36,24,0,1,2,4,2,4,1,10,10,0
55,20,2,0,0.05,36,24,0,1,2,4,2,4,1,10,10,0
60,20,2,0,0.05,36,24,0,1,2,4,2,4,1,10,10,0
65,20,2,0,0.05,36,24,0,1,2,4,2,4,1,10,10,0
70,20,2,0,0.05,36,24,0,1,2,4,2,4,1,10,10,0
75,20,2,0,0.05,36,24,0,1,2,4,2,4,1,10,10,0
80,20,2,0,0.05,36,24,0,1,2,4,2,4,1,10,10,0
85,20,2,0,0.05,36,24,0,1,2,4,2,4,1,10,10,0
90,20,2,0,0.05,36,24,0,1,2,4,2,4,1,10,10,0
95,20,2,0,0.05,36,24,0,1,2,4,2,4,1,10,10,0
100,20,2,0,0.05,36,24,0,1,2,4,2,4,1,10,10,0
5,25,2,0,0.05,36,24,0,1,2,4,2,4,1,10,10,0
10,25,2,0,0.05,36,24,0,1,2,4,2,4,1,10,10,0
15,25,2,0,0.05,36,24,0,1,2,4,2,4,1,10,10,0
20,25,2,0,0.05,36,24,0,1,2,4,2,4,1,10,10,0
25,25,2,0,0.05,36,24,0,1,2,4,2,4,1,10,10,0
30,25,2,0,0.05,36,24,0,1,2,4,2,4,1,10,10,0
35,25,2,0,0.05,36,24,0,1,2,4,2,4,1,10,10,0
40,25,2,0,0.05,36,24,0,1,2,4,2,4,1,10,10,0
45,25,2,0,0.05,36,24,0,1,2,4,2,4,1,10,10,0
50,25,2,0,0.05,36,24,0,1,2,4,2,4,1,10,10,0
55,25,2,0,0.05,36,24,0,1,2,4,2,4,1,10,10,0
60,25,2,0,0.05,36,24,0,1,2,4,2,4,1,10,10,0
65,25,2,0,0.05,36,24,0,1,2,4,2,4,1,10,10,0
70,25,2,0,0.05,36,24,0,1,2,4,2,4,1,10,10,0
75,25,2,0,0.05,36,24,0,1,2,4,2,4,1,10,10,0
80,25,2,0,0.05,36,24,0,1,2,4,2,4,1,10,10,0
85,25,2,0,0.05,36,24,0,1,2,4,2,4,1,10,10,0
90,25,2,0,0.05,36,24,0,1,2,4,2,4,1,10,10,0
95,25,2,0,0.05,36,24,0,1,2,4,2,4,1,10,10,0
100,25,2,0,0.05,36,24,0,1,2,4,2,4,1,10,10,0
5,30,2,0,0.05,36,24,0,1,2,4,2,4,1,10,10,0
10,30,2,0,0.05,36,24,0,1,2,4,2,4,1,10,10,0
15,30,2,0,0.05,36,24,0,1,2,4,2,4,1,10,10,0
20,30,2,0,0.05,36,24,0,1,2,4,2,4,1,10,10,0
25,30,2,0,0.05,36,24,0,1,2,4,2,4,1,10,10,0
30,30,2,0,0.05,36,24,0,1,2,4,2,4,1,10,10,0
35,30,2,0,0.05,36,24,0,1,2,4,2,4,1,10,10,0
40,30,2,0,0.05,36,24,0,1,2,4,2,4,1,10,10,0
45,30,2,0,0.05,36,24,0,1,2,4,2,4,1,10,10,0
50,30,2,0,0.05,36,24,0,1,2,4,2,4,1,10,10,0
55,30,2,0,0.05,36,24,0,1,2,4,2,4,1,10,10,0
60,30,2,0,0.05,36,24,0,1,2,4,2,4,1,10,10,0
65,30,2,0,0.05,36,24,0,1,2,4,2,4,1,10,10,0
70,30,2,0,0.05,36,24,0,1,2,4,2,4,1,10,10,0
75,30,2,0,0.05,36,24,0,1,2,4,2,4,1,10,10,0
80,30,2,0,0.05,36,24,0,1,2,4,2,4,1,10,10,0
85,30,2,0,0.05,36,24,0,1,2,4,2,4,1,10,10,0
90,30,2,0,0.05,36,24,0,1,2,4,2,4,1,10,10,0
95,30,2,0,0.05,36,24,0,1,2,4,2,4,1,10,10,0
100,30,2,0,0.05,36,24,0,1,2,4,2,4,1,10,10,0
5,35,2,0,0.05,36,24,0,1,2,4,2,4,1,10,10,0
10,35,2,0,0.05,36,24,0,1,2,4,2,4,1,10,10,0
15,35,2,0,0.05,36,24,0,1,2,4,2,4,1,10,10,0
20,35,2,0,0.05,36,24,0,1,2,4,2,4,1,10,10,0
25,35,2,0,0.05,36,24,0,1,2,4,2,4,1,10,10,0
30,35,2,0,0.05,36,24,0,1,2,4,2,4,1,10,10,0
35,35,2,0,0.05,36,24,0,1,2,4,2,4,1,10,10,0
40,35,2,0,0.05,36,24,0,1,2,4,2,4,1,10,10,0
45,35,2,0,0.05,36,24,0,1,2,4,2,4,1,10,10,0
50,35,2,0,0.05,36,24,0,1,2,4,2,4,1,10,10,0
55,35,2,0,0.05,36,24,0,1,2,4,2,4,1,10,10,0
60,35,2,0,0.05,36,24,0,1,2,4,2,4,1,10,10,0
65,35,2,0,0.05,36,24,0,1,2,4,2,4,1,10,10,0
70,35,2,0,0.05,36,24,0,1,2,4,2,4,1,10,10,0
75,35,2,0,0.05,36,24,0,1,2,4,2,4,1,10,10,0
80,35,2,0,0.05,36,24,0,1,2,4,2,4,1,10,10,0
85,35,2,0,0.05,36,24,0,1,2,4,2,4,1,10,10,0
90,35,2,0,0.05,36,24,0,1,2,4,2,4,1,10,10,0
95,35,2,0,0.05,36,24,0,1,2,4,2,4,1,10,10,0
100,35,2,0,0.05,36,24,0,1,2,4,2,4,1,10,10,0
5,40,2,0,0.05,36,24,0,1,2,4,2,4,1,10,10,0
10,40,2,0,0.05,36,24,0,1,2,4,2,4,1,10,10,0
15,40,2,0,0.05,36,24,0,1,2,4,2,4,1,10,10,0
20,40,2,0,0.05,36,24,0,1,2,4,2,4,1,10,10,0
25,40,2,0,0.05,36,24,0,1,2,4,2,4,1,10,10,0
30,40,2,0,0.05,36,24,0,1,2,4,2,4,1,10,10,0
35,40,2,0,0.05,36,24,0,1,2,4,2,4,1,10,10,0
40,40,2,0,0.05,36,24,0,1,2,4,2,4,1,10,10,0
45,40,2,0,0.05,36,24,0,1,2,4,2,4,1,10,10,0
50,40,2,0,0.05,36,24,0,1,2,4,2,4,1,10,10,0
55,40,2,0,0.05,36,24,0,1,2,4,2,4,1,10,10,0
60,40,2,0,0.05,36,24,0,1,2,4,2,4,1,10,10,0
65,40,2,0,0.05,36,24,0,1,2,4,2,4,1,10,10,0
70,40,2,0,0.05,36,24,0,1,2,4,2,4,1,10,10,0
75,40,2,0,0.05,36,24,0,1,2,4,2,4,1,10,10,0
80,40,2,0,0.05,36,24,0,1,2,4,2,4,1,10,10,0
85,40,2,0,0.05,36,24,0,1,2,4,2,4,1,10,10,0
90,40,2,0,0.05,36,24,0,1,2,4,2,4,1,10,10,0
95,40,2,0,0.05,36,24,0,1,2,4,2,4,1,10,10,0
100,40,2,0,0.05,36,24,0,1,2,4,2,4,1,10,10,0
5,45,2,0,0.05,36,24,0,1,2,4,2,4,1,10,10,0
10,45,2,0,0.05,36,24,0,1,2,4,2,4,1,10,10,0
15,45,2,0,0.05,36,24,0,1,2,4,2,4,1,10,10,0
20,45,2,0,0.05,36,24,0,1,2,4,2,4,1,10,10,0
25,45,2,0,0.05,36,24,0,1,2,4,2,4,1,10,10,0
30,45,2,0,0.05,36,24,0,1,2,4,2,4,1,10,10,0
35,45,2,0,0.05,36,24,0,1,2,4,2,4,1,10,10,0
40,45,2,0,0.05,36,24,0,1,2,4,2,4,1,10,10,0
45,45,2,0,0.05,36,24,0,1,2,4,2,4,1,10,10,0
50,45,2,0,0.05,36,24,0,1,2,4,2,4,1,10,10,0
55,45,2,0,0.05,36,24,0,1,2,4,2,4,1,10,10,0
60,45,2,0,0.05,36,24,0,1,2,4,2,4,1,10,10,0
65,45,2,0,0.05,36,24,0,1,2,4,2,4,1,10,10,0
70,45,2,0,0.05,36,24,0,1,2,4,2,4,1,10,10,0
75,45,2,0,0.05,36,24,0,1,2,4,2,4,1,10,10,0
80,45,2,0,0.05,36,24,0,1,2,4,2,4,1,10,10,0
85,45,2,0,0.05,36,24,0,1,2,4,2,4,1,10,10,0
90,45,2,0,0.05,36,24,0,1,2,4,2,4,1,10,10,0
95,45,2,0,0.05,36,24,0,1,2,4,2,4,1,10,10,0
100,45,2,0,0.05,36,24,0,1,2,4,2,4,1,10,10,0
5,50,2,0,0.05,36,24,0,1,2,4,2,4,1,10,10,0
10,50,2,0,0.05,36,24,0,1,2,4,2,4,1,10,10,0
15,50,2,0,0.05,36,24,0,1,2,4,2,4,1,10,10,0
20,50,2,0,0.05,36,24,0,1,2,4,2,4,1,10,10,0
25,50,2,0,0.05,36,24,0,1,2,4,2,4,1,10,10,0
30,50,2,0,0.05,36,24,0,1,2,4,2,4,1,10,10,0
35,50,2,0,0.05,36,24,0,1,2,4,2,4,1,10,10,0
40,50,2,0,0.05,36,24,0,1,2,4,2,4,1,10,10,0
45,50,2,0,0.05,36,24,0,1,2,4,2,4,1,10,10,0
50,50,2,0,0.05,36,24,0,1,2,4,2,4,1,10,10,0
55,50,2,0,0.05,36,24,0,1,2,4,2,4,1,10,10,0
60,50,2,0,0.05,36,24,0,1,2,4,2,4,1,10,10,0
65,50,2,0,0.05,36,24,0,1,2,4,2,4,1,10,10,0
70,50,2,0,0.05,36,24,0,1,2,4,2,4,1,10,10,0
75,50,2,0,0.05,36,24,0,1,2,4,2,4,1,10,10,0
80,50,2,0,0.05,36,24,0,1,2,4,2,4,1,10,10,0
85,50,2,0,0.05,36,24,0,1,2,4,2,4,1,10,10,0
90,50,2,0,0.05,36,24,0,1,2,4,2,4,1,10,10,0
95,50,2,0,0.05,36,24,0,1,2,4,2,4,1,10,10,0
100,50,2,0,0.05,36,24,0,1,2,4,2,4,1,10,10,0
5,55,2,0,0.05,36,24,0,1,2,4,2,4,1,10,10,0
10,55,2,0,0.05,36,24,0,1,2,4,2,4,1,10,10,0
15,55,2,0,0.05,36,24,0,1,2,4,2,4,1,10,10,0
20,55,2,0,0.05,36,24,0,1,2,4,2,4,1,10,10,0
25,55,2,0,0.05,36,24,0,1,2,4,2,4,1,10,10,0
30,55,2,0,0.05,36,24,0,1,2,4,2,4,1,10,10,0
35,55,2,0,0.05,36,24,0,1,2,4,2,4,1,10,10,0
40,55,2,0,0.05,36,24,0,1,2,4,2,4,1,10,10,0
45,55,2,0,0.05,36,24,0,1,2,4,2,4,1,10,10,0
50,55,2,0,0.05,36,24,0,1,2,4,2,4,1,10,10,0
55,55,2,0,0.05,36,24,0,1,2,4,2,4,1,10,10,0
60,55,2,0,0.05,36,24,0,1,2,4,2,4,1,10,10,0
65,55,2,0,0.05,36,24,0,1,2,4,2,4,1,10,10,0
70,55,2,0,0.05,36,24,0,1,2,4,2,4,1,10,10,0
75,55,2,0,0.05,36,24,0,1,2,4,2,4,1,10,10,0
80,55,2,0,0.05,36,24,0,1,2,4,2,4,1,10,10,0
85,55,2,0,0.05,36,24,0,1,2,4,2,4,1,10,10,0
90,55,2,0,0.05,36,24,0,1,2,4,2,4,1,10,10,0
95,55,2,0,0.05,36,24,0,1,2,4,2,4,1,10,10,0
100,55,2,0,0.05,36,24,0,1,2,4,2,4,1,10,10,0
5,60,2,0,0.05,36,24,0,1,2,4,2,4,1,10,10,0
10,60,2,0,0.05,36,24,0,1,2,4,2,4,1,10,10,0
15,60,2,0,0.05,36,24,0,1,2,4,2,4,1,10,10,0
20,60,2,0,0.05,36,24,0,1,2,4,2,4,1,10,10,0
25,60,2,0,0.05,36,24,0,1,2,4,2,4,1,10,10,0
30,60,2,0,0.05,36,24,0,1,2,4,2,4,1,10,10,0
35,60,2,0,0.05,36,24,0,1,2,4,2,4,1,10,10,0
40,60,2,0,0.05,36,24,0,1,2,4,2,4,1,10,10,0
45,60,2,0,0.05,36,24,0,1,2,4,2,4,1,10,10,0
50,60,2,0,0.05,36,24,0,1,2,4,2,4,1,10,10,0
55,60,2,0,0.05,36,24,0,1,2,4,2,4,1,10,10,0
60,60,2,0,0.05,36,24,0,1,2,4,2,4,1,10,10,0
65,60,2,0,0.05,36,24,0,1,2,4,2,4,1,10,10,0
70,60,2,0,0.05,36,24,0,1,2,4,2,4,1,10,10,0
75,60,2,0,0.05,36,24,0,1,2,4,2,4,1,10,10,0
80,60,2,0,0.05,36,24,0,1,2,4,2,4,1,10,10,0
85,60,2,0,0.05,36,24,0,1,2,4,2,4,1,10,10,0
90,60,2,0,0.05,36,24,0,1,2,4,2,4,1,10,10,0
95,60,2,0,0.05,36,24,0,1,2,4,2,4,1,10,10,0
100,60,2,0,0.05,36,24,0,1,2,4,2,4,1,10,10,0
5,65,2,0,0.05,36,24,0,1,2,4,2,4,1,10,10,0
10,65,2,0,0.05,36,24,0,1,2,4,2,4,1,10,10,0
15,65,2,0,0.05,36,24,0,1,2,4,2,4,1,10,10,0
20,65,2,0,0.05,36,24,0,1,2,4,2,4,1,10,10,0
25,65,2,0,0.05,36,24,0,1,2,4,2,4,1,10,10,0
30,65,2,0,0.05,36,24,0,1,2,4,2,4,1,10,10,0
35,65,2,0,0.05,36,24,0,1,2,4,2,4,1,10,10,0
40,65,2,0,0.05,36,24,0,1,2,4,2,4,1,10,10,0
45,65,2,0,0.05,36,24,0,1,2,4,2,4,1,10,10,0
50,65,2,0,0.05,36,24,0,1,2,4,2,4,1,10,10,0
55,65,2,0,0.05,36,24,0,1,2,4,2,4,1,10,10,0
60,65,2,0,0.05,36,24,0,1,2,4,2,4,1,10,10,0
65,65,2,0,0.05,36,24,0,1,2,4,2,4,1,10,10,0
70,65,2,0,0.05,36,24,0,1,2,4,2,4,1,10,10,0
75,65,2,0,0.05,36,24,0,1,2,4,2,4,1,10,10,0
80,65,2,0,0.05,36,24,0,1,2,4,2,4,1,10,10,0
85,65,2,0,0.05,36,24,0,1,2,4,2,4,1,10,10,0
90,65,2,0,0.05,36,24,0,1,2,4,2,4,1,10,10,0
95,65,2,0,0.05,36,24,0,1,2,4,2,4,1,10,10,0
100,65,2,0,0.05,36,24,0,1,2,4,2,4,1,10,10,0
5,70,2,0,0.05,36,24,0,1,2,4,2,4,1,10,10,0
10,70,2,0,0.05,36,24,0,1,2,4,2,4,1,10,10,0
15,70,2,0,0.05,36,24,0,1,2,4,2,4,1,10,10,0
20,70,2,0,0.05,36,24,0,1,2,4,2,4,1,10,10,0
25,70,2,0,0.05,36,24,0,1,2,4,2,4,1,10,10,0
30,70,2,0,0.05,36,24,0,1,2,4,2,4,1,10,10,0
35,70,2,0,0.05,36,24,0,1,2,4,2,4,1,10,10,0
40,70,2,0,0.05,36,24,0,1,2,4,2,4,1,10,10,0
45,70,2,0,0.05,36,24,0,1,2,4,2,4,1,10,10,0
50,70,2,0,0.05,36,24,0,1,2,4,2,4,1,10,10,0
55,70,2,0,0.05,36,24,0,1,2,4,2,4,1,10,10,0
60,70,2,0,0.05,36,24,0,1,2,4,2,4,1,10,10,0
65,70,2,0,0.05,36,24,0,1,2,4,2,4,1,10,10,0
70,70,2,0,0.05,36,24,0,1,2,4,2,4,1,10,10,0
75,70,2,0,0.05,36,24,0,1,2,4,2,4,1,10,10,0
80,70,2,0,0.05,36,24,0,1,2,4,2,4,1,10,10,0
85,70,2,0,0.05,36,24,0,1,2,4,2,4,1,10,10,0
90,70,2,0,0.05,36,24,0,1,2,4,2,4,1,10,10,0
95,70,2,0,0.05,36,24,0,1,2,4,2,4,1,10,10,0
100,70,2,0,0.05,36,24,0,1,2,4,2,4,1,10,10,0
5,75,2,0,0.05,36,24,0,1,2,4,2,4,1,10,10,0
10,75,2,0,0.05,36,24,0,1,2,4,2,4,1,10,10,0
15,75,2,0,0.05,36,24,0,1,2,4,2,4,1,10,10,0
20,75,2,0,0.05,36,24,0,1,2,4,2,4,1,10,10,0
25,75,2,0,0.05,36,24,0,1,2,4,2,4,1,10,10,0
30,75,2,0,0.05,36,24,0,1,2,4,2,4,1,10,10,0
35,75,2,0,0.05,36,24,0,1,2,4,2,4,1,10,10,0
40,75,2,0,0.05,36,24,0,1,2,4,2,4,1,10,10,0
45,75,2,0,0.05,36,24,0,1,2,4,2,4,1,10,10,0
50,75,2,0,0.05,36,24,0,1,2,4,2,4,1,10,10,0
55,75,2,0,0.05,36,24,0,1,2,4,2,4,1,10,10,0
60,75,2,0,0.05,36,24,0,1,2,4,2,4,1,10,10,0
65,75,2,0,0.05,36,24,0,1,2,4,2,4,1,10,10,0
70,75,2,0,0.05,36,24,0,1,2,4,2,4,1,10,10,0
75,75,2,0,0.05,36,24,0,1,2,4,2,4,1,10,10,0
80,75,2,0,0.05,36,24,0,1,2,4,2,4,1,10,10,0
85,75,2,0,0.05,36,24,0,1,2,4,2,4,1,10,10,0
90,75,2,0,0.05,36,24,0,1,2,4,2,4,1,10,10,0
95,75,2,0,0.05,36,24,0,1,2,4,2,4,1,10,10,0
100,75,2,0,0.05,36,24,0,1,2,4,2,4,1,10,10,0
5,80,2,0,0.05,36,24,0,1,2,4,2,4,1,10,10,0
10,80,2,0,0.05,36,24,0,1,2,4,2,4,1,10,10,0
15,80,2,0,0.05,36,24,0,1,2,4,2,4,1,10,10,0
20,80,2,0,0.05,36,24,0,1,2,4,2,4,1,10,10,0
25,80,2,0,0.05,36,24,0,1,2,4,2,4,1,10,10,0
30,80,2,0,0.05,36,24,0,1,2,4,2,4,1,10,10,0
35,80,2,0,0.05,36,24,0,1,2,4,2,4,1,10,10,0
40,80,2,0,0.05,36,24,0,1,2,4,2,4,1,10,10,0
45,80,2,0,0.05,36,24,0,1,2,4,2,4,1,10,10,0
50,80,2,0,0.05,36,24,0,1,2,4,2,4,1,10,10,0
55,80,2,0,0.05,36,24,0,1,2,4,2,4,1,10,10,0
60,80,2,0,0.05,36,24,0,1,2,4,2,4,1,10,10,0
65,80,2,0,0.05,36,24,0,1,2,4,2,4,1,10,10,0
70,80,2,0,0.05,36,24,0,1,2,4,2,4,1,10,10,0
75,80,2,0,0.05,36,24,0,1,2,4,2,4,1,10,10,0
80,80,2,0,0.05,36,24,0,1,2,4,2,4,1,10,10,0
85,80,2,0,0.05,36,24,0,1,2,4,2,4,1,10,10,0
90,80,2,0,0.05,36,24,0,1,2,4,2,4,1,10,10,0
95,80,2,0,0.05,36,24,0,1,2,4,2,4,1,10,10,0
100,80,2,0,0.05,36,24,0,1,2,4,2,4,1,10,10,0
5,85,2,0,0.05,36,24,0,1,2,4,2,4,1,10,10,0
10,85,2,0,0.05,36,24,0,1,2,4,2,4,1,10,10,0
15,85,2,0,0.05,36,24,0,1,2,4,2,4,1,10,10,0
20,85,2,0,0.05,36,24,0,1,2,4,2,4,1,10,10,0
25,85,2,0,0.05,36,24,0,1,2,4,2,4,1,10,10,0
30,85,2,0,0.05,36,24,0,1,2,4,2,4,1,10,10,0
35,85,2,0,0.05,36,24,0,1,2,4,2,4,1,10,10,0
40,85,2,0,0.05,36,24,0,1,2,4,2,4,1,10,10,0
45,85,2,0,0.05,36,24,0,1,2,4,2,4,1,10,10,0
50,85,2,0,0.05,36,24,0,1,2,4,2,4,1,10,10,0
55,85,2,0,0.05,36,24,0,1,2,4,2,4,1,10,10,0
60,85,2,0,0.05,36,24,0,1,2,4,2,4,1,10,10,0
65,85,2,0,0.05,36,24,0,1,2,4,2,4,1,10,10,0
70,85,2,0,0.05,36,24,0,1,2,4,2,4,1,10,10,0
75,85,2,0,0.05,36,24,0,1,2,4,2,4,1,10,10,0
80,85,2,0,0.05,36,24,0,1,2,4,2,4,1,10,10,0
85,85,2,0,0.05,36,24,0,1,2,4,2,4,1,10,10,0
90,85,2,0,0.05,36,24,0,1,2,4,2,4,1,10,10,0
95,85,2,0,0.05,36,24,0,1,2,4,2,4,1,10,10,0
100,85,2,0,0.05,36,24,0,1,2,4,2,4,1,10,10,0
5,90,2,0,0.05,36,24,0,1,2,4,2,4,1,10,10,0
10,90,2,0,0.05,36,24,0,1,2,4,2,4,1,10,10,0
15,90,2,0,0.05,36,24,0,1,2,4,2,4,1,10,10,0
20,90,2,0,0.05,36,24,0,1,2,4,2,4,1,10,10,0
25,90,2,0,0.05,36,24,0,1,2,4,2,4,1,10,10,0
30,90,2,0,0.05,36,24,0,1,2,4,2,4,1,10,10,0
35,90,2,0,0.05,36,24,0,1,2,4,2,4,1,10,10,0
40,90,2,0,0.05,36,24,0,1,2,4,2,4,1,10,10,0
45,90,2,0,0.05,36,24,0,1,2,4,2,4,1,10,10,0
50,90,2,0,0.05,36,24,0,1,2,4,2,4,1,10,10,0
55,90,2,0,0.05,36,24,0,1,2,4,2,4,1,10,10,0
60,90,2,0,0.05,36,24,0,1,2,4,2,4,1,10,10,0
65,90,2,0,0.05,36,24,0,1,2,4,2,4,1,10,10,0
70,90,2,0,0.05,36,24,0,1,2,4,2,4,1,10,10,0
75,90,2,0,0.05,36,24,0,1,2,4,2,4,1,10,10,0
80,90,2,0,0.05,36,24,0,1,2,4,2,4,1,10,10,0
85,90,2,0,0.05,36,24,0,1,2,4,2,4,1,10,10,0
90,90,2,0,0.05,36,24,0,1,2,4,2,4,1,10,10,0
95,90,2,0,0.05,36,24,0,1,2,4,2,4,1,10,10,0
100,90,2,0,0.05,36,24,0,1,2,4,2,4,1,10,10,0
5,95,2,0,0.05,36,24,0,1,2,4,2,4,1,10,10,0
10,95,2,0,0.05,36,24,0,1,2,4,2,4,1,10,10,0
15,95,2,0,0.05,36,24,0,1,2,4,2,4,1,10,10,0
20,95,2,0,0.05,36,24,0,1,2,4,2,4,1,10,10,0
25,95,2,0,0.05,36,24,0,1,2,4,2,4,1,10,10,0
30,95,2,0,0.05,36,24,0,1,2,4,2,4,1,10,10,0
35,95,2,0,0.05,36,24,0,1,2,4,2,4,1,10,10,0
40,95,2,0,0.05,36,24,0,1,2,4,2,4,1,10,10,0
45,95,2,0,0.05,36,24,0,1,2,4,2,4,1,10,10,0
50,95,2,0,0.05,36,24,0,1,2,4,2,4,1,10,10,0
55,95,2,0,0.05,36,24,0,1,2,4,2,4,1,10,10,0
60,95,2,0,0.05,36,24,0,1,2,4,2,4,1,10,10,0
65,95,2,0,0.05,36,24,0,1,2,4,2,4,1,10,10,0
70,95,2,0,0.05,36,24,0,1,2,4,2,4,1,10,10,0
75,95,2,0,0.05,36,24,0,1,2,4,2,4,1,10,10,0
80,95,2,0,0.05,36,24,0,1,2,4,2,4,1,10,10,0
85,95,2,0,0.05,36,24,0,1,2,4,2,4,1,10,10,0
90,95,2,0,0.05,36,24,0,1,2,4,2,4,1,10,10,0
95,95,2,0,0.05,36,24,0,1,2,4,2,4,1,10,10,0
100,95,2,0,0.05,36,24,0,1,2,4,2,4,1,10,10,0
5,100,2,0,0.05,36,24,0,1,2,4,2,4,1,10,10,0
10,100,2,0,0.05,36,24,0,1,2,4,2,4,1,10,10,0
15,100,2,0,0.05,36,24,0,1,2,4,2,4,1,10,10,0
20,100,2,0,0.05,36,24,0,1,2,4,2,4,1,10,10,0
25,100,2,0,0.05,36,24,0,1,2,4,2,4,1,10,10,0
30,100,2,0,0.05,36,24,0,1,2,4,2,4,1,10,10,0
35,100,2,0,0.05,36,24,0,1,2,4,2,4,1,10,10,0
40,100,2,0,0.05,36,24,0,1,2,4,2,4,1,10,10,0
45,100,2,0,0.05,36,24,0,1,2,4,2,4,1,10,10,0
50,100,2,0,0.05,36,24,0,1,2,4,2,4,1,10,10,0
55,100,2,0,0.05,36,24,0,1,2,4,2,4,1,10,10,0
60,100,2,0,0.05,36,24,0,1,2,4,2,4,1,10,10,0
65,100,2,0,0.05,36,24,0,1,2,4,2,4,1,10,10,0
70,100,2,0,0.05,36,24,0,1,2,4,2,4,1,10,10,0
75,100,2,0,0.05,36,24,0,1,2,4,2,4,1,10,10,0
80,100,2,0,0.05,36,24,0,1,2,4,2,4,1,10,10,0
85,100,2,0,0.05,36,24,0,1,2,4,2,4,1,10,10,0
90,100,2,0,0.05,36,24,0,1,2,4,2,4,1,10,10,0
95,100,2,0,0.05,36,24,0,1,2,4,2,4,1,10,10,0
100,100,2,0,0.05,36,24,0,1,2,4,2,4,1,10,10,0
5,5,4,0,0.05,36,24,0,1,2,4,2,4,1,10,10,0
10,5,4,0,0.05,36,24,0,1,2,4,2,4,1,10,10,0
15,5,4,0,0.05,36,24,0,1,2,4,2,4,1,10,10,0
20,5,4,0,0.05,36,24,0,1,2,4,2,4,1,10,10,0
25,5,4,0,0.05,36,24,0,1,2,4,2,4,1,10,10,0
30,5,4,0,0.05,36,24,0,1,2,4,2,4,1,10,10,0
35,5,4,0,0.05,36,24,0,1,2,4,2,4,1,10,10,0
40,5,4,0,0.05,36,24,0,1,2,4,2,4,1,10,10,0
45,5,4,0,0.05,36,24,0,1,2,4,2,4,1,10,10,0
50,5,4,0,0.05,36,24,0,1,2,4,2,4,1,10,10,0
55,5,4,0,0.05,36,24,0,1,2,4,2,4,1,10,10,0
60,5,4,0,0.05,36,24,0,1,2,4,2,4,1,10,10,0
65,5,4,0,0.05,36,24,0,1,2,4,2,4,1,10,10,0
70,5,4,0,0.05,36,24,0,1,2,4,2,4,1,10,10,0
75,5,4,0,0.05,36,24,0,1,2,4,2,4,1,10,10,0
80,5,4,0,0.05,36,24,0,1,2,4,2,4,1,10,10,0
85,5,4,0,0.05,36,24,0,1,2,4,2,4,1,10,10,0
90,5,4,0,0.05,36,24,0,1,2,4,2,4,1,10,10,0
95,5,4,0,0.05,36,24,0,1,2,4,2,4,1,10,10,0
100,5,4,0,0.05,36,24,0,1,2,4,2,4,1,10,10,0
5,10,4,0,0.05,36,24,0,1,2,4,2,4,1,10,10,0
10,10,4,0,0.05,36,24,0,1,2,4,2,4,1,10,10,0
15,10,4,0,0.05,36,24,0,1,2,4,2,4,1,10,10,0
20,10,4,0,0.05,36,24,0,1,2,4,2,4,1,10,10,0
25,10,4,0,0.05,36,24,0,1,2,4,2,4,1,10,10,0
30,10,4,0,0.05,36,24,0,1,2,4,2,4,1,10,10,0
35,10,4,0,0.05,36,24,0,1,2,4,2,4,1,10,10,0
40,10,4,0,0.05,36,24,0,1,2,4,2,4,1,10,10,0
45,10,4,0,0.05,36,24,0,1,2,4,2,4,1,10,10,0
50,10,4,0,0.05,36,24,0,1,2,4,2,4,1,10,10,0
55,10,4,0,0.05,36,24,0,1,2,4,2,4,1,10,10,0
60,10,4,0,0.05,36,24,0,1,2,4,2,4,1,10,10,0
65,10,4,0,0.05,36,24,0,1,2,4,2,4,1,10,10,0
70,10,4,0,0.05,36,24,0,1,2,4,2,4,1,10,10,0
75,10,4,0,0.05,36,24,0,1,2,4,2,4,1,10,10,0
80,10,4,0,0.05,36,24,0,1,2,4,2,4,1,10,10,0
85,10,4,0,0.05,36,24,0,1,2,4,2,4,1,10,10,0
90,10,4,0,0.05,36,24,0,1,2,4,2,4,1,10,10,0
95,10,4,0,0.05,36,24,0,1,2,4,2,4,1,10,10,0
100,10,4,0,0.05,36,24,0,1,2,4,2,4,1,10,10,0
5,15,4,0,0.05,36,24,0,1,2,4,2,4,1,10,10,0
10,15,4,0,0.05,36,24,0,1,2,4,2,4,1,10,10,0
15,15,4,0,0.05,36,24,0,1,2,4,2,4,1,10,10,0
20,15,4,0,0.05,36,24,0,1,2,4,2,4,1,10,10,0
25,15,4,0,0.05,36,24,0,1,2,4,2,4,1,10,10,0
30,15,4,0,0.05,36,24,0,1,2,4,2,4,1,10,10,0
35,15,4,0,0.05,36,24,0,1,2,4,2,4,1,10,10,0
40,15,4,0,0.05,36,24,0,1,2,4,2,4,1,10,10,0
45,15,4,0,0.05,36,24,0,1,2,4,2,4,1,10,10,0
50,15,4,0,0.05,36,24,0,1,2,4,2,4,1,10,10,0
55,15,4,0,0.05,36,24,0,1,2,4,2,4,1,10,10,0
60,15,4,0,0.05,36,24,0,1,2,4,2,4,1,10,10,0
65,15,4,0,0.05,36,24,0,1,2,4,2,4,1,10,10,0
70,15,4,0,0.05,36,24,0,1,2,4,2,4,1,10,10,0
75,15,4,0,0.05,36,24,0,1,2,4,2,4,1,10,10,0
80,15,4,0,0.05,36,24,0,1,2,4,2,4,1,10,10,0
85,15,4,0,0.05,36,24,0,1,2,4,2,4,1,10,10,0
90,15,4,0,0.05,36,24,0,1,2,4,2,4,1,10,10,0
95,15,4,0,0.05,36,24,0,1,2,4,2,4,1,10,10,0
100,15,4,0,0.05,36,24,0,1,2,4,2,4,1,10,10,0
5,20,4,0,0.05,36,24,0,1,2,4,2,4,1,10,10,0
10,20,4,0,0.05,36,24,0,1,2,4,2,4,1,10,10,0
15,20,4,0,0.05,36,24,0,1,2,4,2,4,1,10,10,0
20,20,4,0,0.05,36,24,0,1,2,4,2,4,1,10,10,0
25,20,4,0,0.05,36,24,0,1,2,4,2,4,1,10,10,0
30,20,4,0,0.05,36,24,0,1,2,4,2,4,1,10,10,0
35,20,4,0,0.05,36,24,0,1,2,4,2,4,1,10,10,0
40,20,4,0,0.05,36,24,0,1,2,4,2,4,1,10,10,0
45,20,4,0,0.05,36,24,0,1,2,4,2,4,1,10,10,0
50,20,4,0,0.05,36,24,0,1,2,4,2,4,1,10,10,0
55,20,4,0,0.05,36,24,0,1,2,4,2,4,1,10,10,0
60,20,4,0,0.05,36,24,0,1,2,4,2,4,1,10,10,0
65,20,4,0,0.05,36,24,0,1,2,4,2,4,1,10,10,0
70,20,4,0,0.05,36,24,0,1,2,4,2,4,1,10,10,0
75,20,4,0,0.05,36,24,0,1,2,4,2,4,1,10,10,0
80,20,4,0,0.05,36,24,0,1,2,4,2,4,1,10,10,0
85,20,4,0,0.05,36,24,0,1,2,4,2,4,1,10,10,0
90,20,4,0,0.05,36,24,0,1,2,4,2,4,1,10,10,0
95,20,4,0,0.05,36,24,0,1,2,4,2,4,1,10,10,0
100,20,4,0,0.05,36,24,0,1,2,4,2,4,1,10,10,0
5,25,4,0,0.05,36,24,0,1,2,4,2,4,1,10,10,0
10,25,4,0,0.05,36,24,0,1,2,4,2,4,1,10,10,0
15,25,4,0,0.05,36,24,0,1,2,4,2,4,1,10,10,0
20,25,4,0,0.05,36,24,0,1,2,4,2,4,1,10,10,0
25,25,4,0,0.05,36,24,0,1,2,4,2,4,1,10,10,0
30,25,4,0,0.05,36,24,0,1,2,4,2,4,1,10,10,0
35,25,4,0,0.05,36,24,0,1,2,4,2,4,1,10,10,0
40,25,4,0,0.05,36,24,0,1,2,4,2,4,1,10,10,0
45,25,4,0,0.05,36,24,0,1,2,4,2,4,1,10,10,0
50,25,4,0,0.05,36,24,0,1,2,4,2,4,1,10,10,0
55,25,4,0,0.05,36,24,0,1,2,4,2,4,1,10,10,0
60,25,4,0,0.05,36,24,0,1,2,4,2,4,1,10,10,0
65,25,4,0,0.05,36,24,0,1,2,4,2,4,1,10,10,0
70,25,4,0,0.05,36,24,0,1,2,4,2,4,1,10,10,0
75,25,4,0,0.05,36,24,0,1,2,4,2,4,1,10,10,0
80,25,4,0,0.05,36,24,0,1,2,4,2,4,1,10,10,0
85,25,4,0,0.05,36,24,0,1,2,4,2,4,1,10,10,0
90,25,4,0,0.05,36,24,0,1,2,4,2,4,1,10,10,0
95,25,4,0,0.05,36,24,0,1,2,4,2,4,1,10,10,0
100,25,4,0,0.05,36,24,0,1,2,4,2,4,1,10,10,0
5,30,4,0,0.05,36,24,0,1,2,4,2,4,1,10,10,0
10,30,4,0,0.05,36,24,0,1,2,4,2,4,1,10,10,0
15,30,4,0,0.05,36,24,0,1,2,4,2,4,1,10,10,0
20,30,4,0,0.05,36,24,0,1,2,4,2,4,1,10,10,0
25,30,4,0,0.05,36,24,0,1,2,4,2,4,1,10,10,0
30,30,4,0,0.05,36,24,0,1,2,4,2,4,1,10,10,0
35,30,4,0,0.05,36,24,0,1,2,4,2,4,1,10,10,0
40,30,4,0,0.05,36,24,0,1,2,4,2,4,1,10,10,0
45,30,4,0,0.05,36,24,0,1,2,4,2,4,1,10,10,0
50,30,4,0,0.05,36,24,0,1,2,4,2,4,1,10,10,0
55,30,4,0,0.05,36,24,0,1,2,4,2,4,1,10,10,0
60,30,4,0,0.05,36,24,0,1,2,4,2,4,1,10,10,0
65,30,4,0,0.05,36,24,0,1,2,4,2,4,1,10,10,0
70,30,4,0,0.05,36,24,0,1,2,4,2,4,1,10,10,0
75,30,4,0,0.05,36,24,0,1,2,4,2,4,1,10,10,0
80,30,4,0,0.05,36,24,0,1,2,4,2,4,1,10,10,0
85,30,4,0,0.05,36,24,0,1,2,4,2,4,1,10,10,0
90,30,4,0,0.05,36,24,0,1,2,4,2,4,1,10,10,0
95,30,4,0,0.05,36,24,0,1,2,4,2,4,1,10,10,0
100,30,4,0,0.05,36,24,0,1,2,4,2,4,1,10,10,0
5,35,4,0,0.05,36,24,0,1,2,4,2,4,1,10,10,0
10,35,4,0,0.05,36,24,0,1,2,4,2,4,1,10,10,0
15,35,4,0,0.05,36,24,0,1,2,4,2,4,1,10,10,0
20,35,4,0,0.05,36,24,0,1,2,4,2,4,1,10,10,0
25,35,4,0,0.05,36,24,0,1,2,4,2,4,1,10,10,0
30,35,4,0,0.05,36,24,0,1,2,4,2,4,1,10,10,0
35,35,4,0,0.05,36,24,0,1,2,4,2,4,1,10,10,0
40,35,4,0,0.05,36,24,0,1,2,4,2,4,1,10,10,0
45,35,4,0,0.05,36,24,0,1,2,4,2,4,1,10,10,0
50,35,4,0,0.05,36,24,0,1,2,4,2,4,1,10,10,0
55,35,4,0,0.05,36,24,0,1,2,4,2,4,1,10,10,0
60,35,4,0,0.05,36,24,0,1,2,4,2,4,1,10,10,0
65,35,4,0,0.05,36,24,0,1,2,4,2,4,1,10,10,0
70,35,4,0,0.05,36,24,0,1,2,4,2,4,1,10,10,0
75,35,4,0,0.05,36,24,0,1,2,4,2,4,1,10,10,0
80,35,4,0,0.05,36,24,0,1,2,4,2,4,1,10,10,0
85,35,4,0,0.05,36,24,0,1,2,4,2,4,1,10,10,0
90,35,4,0,0.05,36,24,0,1,2,4,2,4,1,10,10,0
95,35,4,0,0.05,36,24,0,1,2,4,2,4,1,10,10,0
100,35,4,0,0.05,36,24,0,1,2,4,2,4,1,10,10,0
5,40,4,0,0.05,36,24,0,1,2,4,2,4,1,10,10,0
10,40,4,0,0.05,36,24,0,1,2,4,2,4,1,10,10,0
15,40,4,0,0.05,36,24,0,1,2,4,2,4,1,10,10,0
20,40,4,0,0.05,36,24,0,1,2,4,2,4,1,10,10,0
25,40,4,0,0.05,36,24,0,1,2,4,2,4,1,10,10,0
30,40,4,0,0.05,36,24,0,1,2,4,2,4,1,10,10,0
35,40,4,0,0.05,36,24,0,1,2,4,2,4,1,10,10,0
40,40,4,0,0.05,36,24,0,1,2,4,2,4,1,10,10,0
45,40,4,0,0.05,36,24,0,1,2,4,2,4,1,10,10,0
50,40,4,0,0.05,36,24,0,1,2,4,2,4,1,10,10,0
55,40,4,0,0.05,36,24,0,1,2,4,2,4,1,10,10,0
60,40,4,0,0.05,36,24,0,1,2,4,2,4,1,10,10,0
65,40,4,0,0.05,36,24,0,1,2,4,2,4,1,10,10,0
70,40,4,0,0.05,36,24,0,1,2,4,2,4,1,10,10,0
75,40,4,0,0.05,36,24,0,1,2,4,2,4,1,10,10,0
80,40,4,0,0.05,36,24,0,1,2,4,2,4,1,10,10,0
85,40,4,0,0.05,36,24,0,1,2,4,2,4,1,10,10,0
90,40,4,0,0.05,36,24,0,1,2,4,2,4,1,10,10,0
95,40,4,0,0.05,36,24,0,1,2,4,2,4,1,10,10,0
100,40,4,0,0.05,36,24,0,1,2,4,2,4,1,10,10,0
5,45,4,0,0.05,36,24,0,1,2,4,2,4,1,10,10,0
10,45,4,0,0.05,36,24,0,1,2,4,2,4,1,10,10,0
15,45,4,0,0.05,36,24,0,1,2,4,2,4,1,10,10,0
20,45,4,0,0.05,36,24,0,1,2,4,2,4,1,10,10,0
25,45,4,0,0.05,36,24,0,1,2,4,2,4,1,10,10,0
30,45,4,0,0.05,36,24,0,1,2,4,2,4,1,10,10,0
35,45,4,0,0.05,36,24,0,1,2,4,2,4,1,10,10,0
40,45,4,0,0.05,36,24,0,1,2,4,2,4,1,10,10,0
45,45,4,0,0.05,36,24,0,1,2,4,2,4,1,10,10,0
50,45,4,0,0.05,36,24,0,1,2,4,2,4,1,10,10,0
55,45,4,0,0.05,36,24,0,1,2,4,2,4,1,10,10,0
60,45,4,0,0.05,36,24,0,1,2,4,2,4,1,10,10,0
65,45,4,0,0.05,36,24,0,1,2,4,2,4,1,10,10,0
70,45,4,0,0.05,36,24,0,1,2,4,2,4,1,10,10,0
75,45,4,0,0.05,36,24,0,1,2,4,2,4,1,10,10,0
80,45,4,0,0.05,36,24,0,1,2,4,2,4,1,10,10,0
85,45,4,0,0.05,36,24,0,1,2,4,2,4,1,10,10,0
90,45,4,0,0.05,36,24,0,1,2,4,2,4,1,10,10,0
95,45,4,0,0.05,36,24,0,1,2,4,2,4,1,10,10,0
100,45,4,0,0.05,36,24,0,1,2,4,2,4,1,10,10,0
5,50,4,0,0.05,36,24,0,1,2,4,2,4,1,10,10,0
10,50,4,0,0.05,36,24,0,1,2,4,2,4,1,10,10,0
15,50,4,0,0.05,36,24,0,1,2,4,2,4,1,10,10,0
20,50,4,0,0.05,36,24,0,1,2,4,2,4,1,10,10,0
25,50,4,0,0.05,36,24,0,1,2,4,2,4,1,10,10,0
30,50,4,0,0.05,36,24,0,1,2,4,2,4,1,10,10,0
35,50,4,0,0.05,36,24,0,1,2,4,2,4,1,10,10,0
40,50,4,0,0.05,36,24,0,1,2,4,2,4,1,10,10,0
45,50,4,0,0.05,36,24,0,1,2,4,2,4,1,10,10,0
50,50,4,0,0.05,36,24,0,1,2,4,2,4,1,10,10,0
55,50,4,0,0.05,36,24,0,1,2,4,2,4,1,10,10,0
60,50,4,0,0.05,36,24,0,1,2,4,2,4,1,10,10,0
65,50,4,0,0.05,36,24,0,1,2,4,2,4,1,10,10,0
70,50,4,0,0.05,36,24,0,1,2,4,2,4,1,10,10,0
75,50,4,0,0.05,36,24,0,1,2,4,2,4,1,10,10,0
80,50,4,0,0.05,36,24,0,1,2,4,2,4,1,10,10,0
85,50,4,0,0.05,36,24,0,1,2,4,2,4,1,10,10,0
90,50,4,0,0.05,36,24,0,1,2,4,2,4,1,10,10,0
95,50,4,0,0.05,36,24,0,1,2,4,2,4,1,10,10,0
100,50,4,0,0.05,36,24,0,1,2,4,2,4,1,10,10,0
5,55,4,0,0.05,36,24,0,1,2,4,2,4,1,10,10,0
10,55,4,0,0.05,36,24,0,1,2,4,2,4,1,10,10,0
15,55,4,0,0.05,36,24,0,1,2,4,2,4,1,10,10,0
20,55,4,0,0.05,36,24,0,1,2,4,2,4,1,10,10,0
25,55,4,0,0.05,36,24,0,1,2,4,2,4,1,10,10,0
30,55,4,0,0.05,36,24,0,1,2,4,2,4,1,10,10,0
35,55,4,0,0.05,36,24,0,1,2,4,2,4,1,10,10,0
40,55,4,0,0.05,36,24,0,1,2,4,2,4,1,10,10,0
45,55,4,0,0.05,36,24,0,1,2,4,2,4,1,10,10,0
50,55,4,0,0.05,36,24,0,1,2,4,2,4,1,10,10,0
55,55,4,0,0.05,36,24,0,1,2,4,2,4,1,10,10,0
60,55,4,0,0.05,36,24,0,1,2,4,2,4,1,10,10,0
65,55,4,0,0.05,36,24,0,1,2,4,2,4,1,10,10,0
70,55,4,0,0.05,36,24,0,1,2,4,2,4,1,10,10,0
75,55,4,0,0.05,36,24,0,1,2,4,2,4,1,10,10,0
80,55,4,0,0.05,36,24,0,1,2,4,2,4,1,10,10,0
85,55,4,0,0.05,36,24,0,1,2,4,2,4,1,10,10,0
90,55,4,0,0.05,36,24,0,1,2,4,2,4,1,10,10,0
95,55,4,0,0.05,36,24,0,1,2,4,2,4,1,10,10,0
100,55,4,0,0.05,36,24,0,1,2,4,2,4,1,10,10,0
5,60,4,0,0.05,36,24,0,1,2,4,2,4,1,10,10,0
10,60,4,0,0.05,36,24,0,1,2,4,2,4,1,10,10,0
15,60,4,0,0.05,36,24,0,1,2,4,2,4,1,10,10,0
20,60,4,0,0.05,36,24,0,1,2,4,2,4,1,10,10,0
25,60,4,0,0.05,36,24,0,1,2,4,2,4,1,10,10,0
30,60,4,0,0.05,36,24,0,1,2,4,2,4,1,10,10,0
35,60,4,0,0.05,36,24,0,1,2,4,2,4,1,10,10,0
40,60,4,0,0.05,36,24,0,1,2,4,2,4,1,10,10,0
45,60,4,0,0.05,36,24,0,1,2,4,2,4,1,10,10,0
50,60,4,0,0.05,36,24,0,1,2,4,2,4,1,10,10,0
55,60,4,0,0.05,36,24,0,1,2,4,2,4,1,10,10,0
60,60,4,0,0.05,36,24,0,1,2,4,2,4,1,10,10,0
65,60,4,0,0.05,36,24,0,1,2,4,2,4,1,10,10,0
70,60,4,0,0.05,36,24,0,1,2,4,2,4,1,10,10,0
75,60,4,0,0.05,36,24,0,1,2,4,2,4,1,10,10,0
80,60,4,0,0.05,36,24,0,1,2,4,2,4,1,10,10,0
85,60,4,0,0.05,36,24,0,1,2,4,2,4,1,10,10,0
90,60,4,0,0.05,36,24,0,1,2,4,2,4,1,10,10,0
95,60,4,0,0.05,36,24,0,1,2,4,2,4,1,10,10,0
100,60,4,0,0.05,36,24,0,1,2,4,2,4,1,10,10,0
5,65,4,0,0.05,36,24,0,1,2,4,2,4,1,10,10,0
10,65,4,0,0.05,36,24,0,1,2,4,2,4,1,10,10,0
15,65,4,0,0.05,36,24,0,1,2,4,2,4,1,10,10,0
20,65,4,0,0.05,36,24,0,1,2,4,2,4,1,10,10,0
25,65,4,0,0.05,36,24,0,1,2,4,2,4,1,10,10,0
30,65,4,0,0.05,36,24,0,1,2,4,2,4,1,10,10,0
35,65,4,0,0.05,36,24,0,1,2,4,2,4,1,10,10,0
40,65,4,0,0.05,36,24,0,1,2,4,2,4,1,10,10,0
45,65,4,0,0.05,36,24,0,1,2,4,2,4,1,10,10,0
50,65,4,0,0.05,36,24,0,1,2,4,2,4,1,10,10,0
55,65,4,0,0.05,36,24,0,1,2,4,2,4,1,10,10,0
60,65,4,0,0.05,36,24,0,1,2,4,2,4,1,10,10,0
65,65,4,0,0.05,36,24,0,1,2,4,2,4,1,10,10,0
70,65,4,0,0.05,36,24,0,1,2,4,2,4,1,10,10,0
75,65,4,0,0.05,36,24,0,1,2,4,2,4,1,10,10,0
80,65,4,0,0.05,36,24,0,1,2,4,2,4,1,10,10,0
85,65,4,0,0.05,36,24,0,1,2,4,2,4,1,10,10,0
90,65,4,0,0.05,36,24,0,1,2,4,2,4,1,10,10,0
95,65,4,0,0.05,36,24,0,1,2,4,2,4,1,10,10,0
100,65,4,0,0.05,36,24,0,1,2,4,2,4,1,10,10,0
5,70,4,0,0.05,36,24,0,1,2,4,2,4,1,10,10,0
10,70,4,0,0.05,36,24,0,1,2,4,2,4,1,10,10,0
15,70,4,0,0.05,36,24,0,1,2,4,2,4,1,10,10,0
20,70,4,0,0.05,36,24,0,1,2,4,2,4,1,10,10,0
25,70,4,0,0.05,36,24,0,1,2,4,2,4,1,10,10,0
30,70,4,0,0.05,36,24,0,1,2,4,2,4,1,10,10,0
35,70,4,0,0.05,36,24,0,1,2,4,2,4,1,10,10,0
40,70,4,0,0.05,36,24,0,1,2,4,2,4,1,10,10,0
45,70,4,0,0.05,36,24,0,1,2,4,2,4,1,10,10,0
50,70,4,0,0.05,36,24,0,1,2,4,2,4,1,10,10,0
55,70,4,0,0.05,36,24,0,1,2,4,2,4,1,10,10,0
60,70,4,0,0.05,36,24,0,1,2,4,2,4,1,10,10,0
65,70,4,0,0.05,36,24,0,1,2,4,2,4,1,10,10,0
70,70,4,0,0.05,36,24,0,1,2,4,2,4,1,10,10,0
75,70,4,0,0.05,36,24,0,1,2,4,2,4,1,10,10,0
80,70,4,0,0.05,36,24,0,1,2,4,2,4,1,10,10,0
85,70,4,0,0.05,36,24,0,1,2,4,2,4,1,10,10,0
90,70,4,0,0.05,36,24,0,1,2,4,2,4,1,10,10,0
95,70,4,0,0.05,36,24,0,1,2,4,2,4,1,10,10,0
100,70,4,0,0.05,36,24,0,1,2,4,2,4,1,10,10,0
5,75,4,0,0.05,36,24,0,1,2,4,2,4,1,10,10,0
10,75,4,0,0.05,36,24,0,1,2,4,2,4,1,10,10,0
15,75,4,0,0.05,36,24,0,1,2,4,2,4,1,10,10,0
20,75,4,0,0.05,36,24,0,1,2,4,2,4,1,10,10,0
25,75,4,0,0.05,36,24,0,1,2,4,2,4,1,10,10,0
30,75,4,0,0.05,36,24,0,1,2,4,2,4,1,10,10,0
35,75,4,0,0.05,36,24,0,1,2,4,2,4,1,10,10,0
40,75,4,0,0.05,36,24,0,1,2,4,2,4,1,10,10,0
45,75,4,0,0.05,36,24,0,1,2,4,2,4,1,10,10,0
50,75,4,0,0.05,36,24,0,1,2,4,2,4,1,10,10,0
55,75,4,0,0.05,36,24,0,1,2,4,2,4,1,10,10,0
60,75,4,0,0.05,36,24,0,1,2,4,2,4,1,10,10,0
65,75,4,0,0.05,36,24,0,1,2,4,2,4,1,10,10,0
70,75,4,0,0.05,36,24,0,1,2,4,2,4,1,10,10,0
75,75,4,0,0.05,36,24,0,1,2,4,2,4,1,10,10,0
80,75,4,0,0.05,36,24,0,1,2,4,2,4,1,10,10,0
85,75,4,0,0.05,36,24,0,1,2,4,2,4,1,10,10,0
90,75,4,0,0.05,36,24,0,1,2,4,2,4,1,10,10,0
95,75,4,0,0.05,36,24,0,1,2,4,2,4,1,10,10,0
100,75,4,0,0.05,36,24,0,1,2,4,2,4,1,10,10,0
5,80,4,0,0.05,36,24,0,1,2,4,2,4,1,10,10,0
10,80,4,0,0.05,36,24,0,1,2,4,2,4,1,10,10,0
15,80,4,0,0.05,36,24,0,1,2,4,2,4,1,10,10,0
20,80,4,0,0.05,36,24,0,1,2,4,2,4,1,10,10,0
25,80,4,0,0.05,36,24,0,1,2,4,2,4,1,10,10,0
30,80,4,0,0.05,36,24,0,1,2,4,2,4,1,10,10,0
35,80,4,0,0.05,36,24,0,1,2,4,2,4,1,10,10,0
40,80,4,0,0.05,36,24,0,1,2,4,2,4,1,10,10,0
45,80,4,0,0.05,36,24,0,1,2,4,2,4,1,10,10,0
50,80,4,0,0.05,36,24,0,1,2,4,2,4,1,10,10,0
55,80,4,0,0.05,36,24,0,1,2,4,2,4,1,10,10,0
60,80,4,0,0.05,36,24,0,1,2,4,2,4,1,10,10,0
65,80,4,0,0.05,36,24,0,1,2,4,2,4,1,10,10,0
70,80,4,0,0.05,36,24,0,1,2,4,2,4,1,10,10,0
75,80,4,0,0.05,36,24,0,1,2,4,2,4,1,10,10,0
80,80,4,0,0.05,36,24,0,1,2,4,2,4,1,10,10,0
85,80,4,0,0.05,36,24,0,1,2,4,2,4,1,10,10,0
90,80,4,0,0.05,36,24,0,1,2,4,2,4,1,10,10,0
95,80,4,0,0.05,36,24,0,1,2,4,2,4,1,10,10,0
100,80,4,0,0.05,36,24,0,1,2,4,2,4,1,10,10,0
5,85,4,0,0.05,36,24,0,1,2,4,2,4,1,10,10,0
10,85,4,0,0.05,36,24,0,1,2,4,2,4,1,10,10,0
15,85,4,0,0.05,36,24,0,1,2,4,2,4,1,10,10,0
20,85,4,0,0.05,36,24,0,1,2,4,2,4,1,10,10,0
25,85,4,0,0.05,36,24,0,1,2,4,2,4,1,10,10,0
30,85,4,0,0.05,36,24,0,1,2,4,2,4,1,10,10,0
35,85,4,0,0.05,36,24,0,1,2,4,2,4,1,10,10,0
40,85,4,0,0.05,36,24,0,1,2,4,2,4,1,10,10,0
45,85,4,0,0.05,36,24,0,1,2,4,2,4,1,10,10,0
50,85,4,0,0.05,36,24,0,1,2,4,2,4,1,10,10,0
55,85,4,0,0.05,36,24,0,1,2,4,2,4,1,10,10,0
60,85,4,0,0.05,36,24,0,1,2,4,2,4,1,10,10,0
65,85,4,0,0.05,36,24,0,1,2,4,2,4,1,10,10,0
70,85,4,0,0.05,36,24,0,1,2,4,2,4,1,10,10,0
75,85,4,0,0.05,36,24,0,1,2,4,2,4,1,10,10,0
80,85,4,0,0.05,36,24,0,1,2,4,2,4,1,10,10,0
85,85,4,0,0.05,36,24,0,1,2,4,2,4,1,10,10,0
90,85,4,0,0.05,36,24,0,1,2,4,2,4,1,10,10,0
95,85,4,0,0.05,36,24,0,1,2,4,2,4,1,10,10,0
100,85,4,0,0.05,36,24,0,1,2,4,2,4,1,10,10,0
5,90,4,0,0.05,36,24,0,1,2,4,2,4,1,10,10,0
10,90,4,0,0.05,36,24,0,1,2,4,2,4,1,10,10,0
15,90,4,0,0.05,36,24,0,1,2,4,2,4,1,10,10,0
20,90,4,0,0.05,36,24,0,1,2,4,2,4,1,10,10,0
25,90,4,0,0.05,36,24,0,1,2,4,2,4,1,10,10,0
30,90,4,0,0.05,36,24,0,1,2,4,2,4,1,10,10,0
35,90,4,0,0.05,36,24,0,1,2,4,2,4,1,10,10,0
40,90,4,0,0.05,36,24,0,1,2,4,2,4,1,10,10,0
45,90,4,0,0.05,36,24,0,1,2,4,2,4,1,10,10,0
50,90,4,0,0.05,36,24,0,1,2,4,2,4,1,10,10,0
55,90,4,0,0.05,36,24,0,1,2,4,2,4,1,10,10,0
60,90,4,0,0.05,36,24,0,1,2,4,2,4,1,10,10,0
65,90,4,0,0.05,36,24,0,1,2,4,2,4,1,10,10,0
70,90,4,0,0.05,36,24,0,1,2,4,2,4,1,10,10,0
75,90,4,0,0.05,36,24,0,1,2,4,2,4,1,10,10,0
80,90,4,0,0.05,36,24,0,1,2,4,2,4,1,10,10,0
85,90,4,0,0.05,36,24,0,1,2,4,2,4,1,10,10,0
90,90,4,0,0.05,36,24,0,1,2,4,2,4,1,10,10,0
95,90,4,0,0.05,36,24,0,1,2,4,2,4,1,10,10,0
100,90,4,0,0.05,36,24,0,1,2,4,2,4,1,10,10,0
5,95,4,0,0.05,36,24,0,1,2,4,2,4,1,10,10,0
10,95,4,0,0.05,36,24,0,1,2,4,2,4,1,10,10,0
15,95,4,0,0.05,36,24,0,1,2,4,2,4,1,10,10,0
20,95,4,0,0.05,36,24,0,1,2,4,2,4,1,10,10,0
25,95,4,0,0.05,36,24,0,1,2,4,2,4,1,10,10,0
30,95,4,0,0.05,36,24,0,1,2,4,2,4,1,10,10,0
35,95,4,0,0.05,36,24,0,1,2,4,2,4,1,10,10,0
40,95,4,0,0.05,36,24,0,1,2,4,2,4,1,10,10,0
45,95,4,0,0.05,36,24,0,1,2,4,2,4,1,10,10,0
50,95,4,0,0.05,36,24,0,1,2,4,2,4,1,10,10,0
55,95,4,0,0.05,36,24,0,1,2,4,2,4,1,10,10,0
60,95,4,0,0.05,36,24,0,1,2,4,2,4,1,10,10,0
65,95,4,0,0.05,36,24,0,1,2,4,2,4,1,10,10,0
70,95,4,0,0.05,36,24,0,1,2,4,2,4,1,10,10,0
75,95,4,0,0.05,36,24,0,1,2,4,2,4,1,10,10,0
80,95,4,0,0.05,36,24,0,1,2,4,2,4,1,10,10,0
85,95,4,0,0.05,36,24,0,1,2,4,2,4,1,10,10,0
90,95,4,0,0.05,36,24,0,1,2,4,2,4,1,10,10,0
95,95,4,0,0.05,36,24,0,1,2,4,2,4,1,10,10,0
100,95,4,0,0.05,36,24,0,1,2,4,2,4,1,10,10,0
5,100,4,0,0.05,36,24,0,1,2,4,2,4,1,10,10,0
10,100,4,0,0.05,36,24,0,1,2,4,2,4,1,10,10,0
15,100,4,0,0.05,36,24,0,1,2,4,2,4,1,10,10,0
20,100,4,0,0.05,36,24,0,1,2,4,2,4,1,10,10,0
25,100,4,0,0.05,36,24,0,1,2,4,2,4,1,10,10,0
30,100,4,0,0.05,36,24,0,1,2,4,2,4,1,10,10,0
35,100,4,0,0.05,36,24,0,1,2,4,2,4,1,10,10,0
40,100,4,0,0.05,36,24,0,1,2,4,2,4,1,10,10,0
45,100,4,0,0.05,36,24,0,1,2,4,2,4,1,10,10,0
50,100,4,0,0.05,36,24,0,1,2,4,2,4,1,10,10,0
55,100,4,0,0.05,36,24,0,1,2,4,2,4,1,10,10,0
60,100,4,0,0.05,36,24,0,1,2,4,2,4,1,10,10,0
65,100,4,0,0.05,36,24,0,1,2,4,2,4,1,10,10,0
70,100,4,0,0.05,36,24,0,1,2,4,2,4,1,10,10,0
75,100,4,0,0.05,36,24,0,1,2,4,2,4,1,10,10,0
80,100,4,0,0.05,36,24,0,1,2,4,2,4,1,10,10,0
85,100,4,0,0.05,36,24,0,1,2,4,2,4,1,10,10,0
90,100,4,0,0.05,36,24,0,1,2,4,2,4,1,10,10,0
95,100,4,0,0.05,36,24,0,1,2,4,2,4,1,10,10,0
100,100,4,0,0.05,36,24,0,1,2,4,2,4,1,10,10,0
5,5,6,0,0.05,36,24,0,1,2,4,2,4,1,10,10,0
10,5,6,0,0.05,36,24,0,1,2,4,2,4,1,10,10,0
15,5,6,0,0.05,36,24,0,1,2,4,2,4,1,10,10,0
20,5,6,0,0.05,36,24,0,1,2,4,2,4,1,10,10,0
25,5,6,0,0.05,36,24,0,1,2,4,2,4,1,10,10,0
30,5,6,0,0.05,36,24,0,1,2,4,2,4,1,10,10,0
35,5,6,0,0.05,36,24,0,1,2,4,2,4,1,10,10,0
40,5,6,0,0.05,36,24,0,1,2,4,2,4,1,10,10,0
45,5,6,0,0.05,36,24,0,1,2,4,2,4,1,10,10,0
50,5,6,0,0.05,36,24,0,1,2,4,2,4,1,10,10,0
55,5,6,0,0.05,36,24,0,1,2,4,2,4,1,10,10,0
60,5,6,0,0.05,36,24,0,1,2,4,2,4,1,10,10,0
65,5,6,0,0.05,36,24,0,1,2,4,2,4,1,10,10,0
70,5,6,0,0.05,36,24,0,1,2,4,2,4,1,10,10,0
75,5,6,0,0.05,36,24,0,1,2,4,2,4,1,10,10,0
80,5,6,0,0.05,36,24,0,1,2,4,2,4,1,10,10,0
85,5,6,0,0.05,36,24,0,1,2,4,2,4,1,10,10,0
90,5,6,0,0.05,36,24,0,1,2,4,2,4,1,10,10,0
95,5,6,0,0.05,36,24,0,1,2,4,2,4,1,10,10,0
100,5,6,0,0.05,36,24,0,1,2,4,2,4,1,10,10,0
5,10,6,0,0.05,36,24,0,1,2,4,2,4,1,10,10,0
10,10,6,0,0.05,36,24,0,1,2,4,2,4,1,10,10,0
15,10,6,0,0.05,36,24,0,1,2,4,2,4,1,10,10,0
20,10,6,0,0.05,36,24,0,1,2,4,2,4,1,10,10,0
25,10,6,0,0.05,36,24,0,1,2,4,2,4,1,10,10,0
30,10,6,0,0.05,36,24,0,1,2,4,2,4,1,10,10,0
35,10,6,0,0.05,36,24,0,1,2,4,2,4,1,10,10,0
40,10,6,0,0.05,36,24,0,1,2,4,2,4,1,10,10,0
45,10,6,0,0.05,36,24,0,1,2,4,2,4,1,10,10,0
50,10,6,0,0.05,36,24,0,1,2,4,2,4,1,10,10,0
55,10,6,0,0.05,36,24,0,1,2,4,2,4,1,10,10,0
60,10,6,0,0.05,36,24,0,1,2,4,2,4,1,10,10,0
65,10,6,0,0.05,36,24,0,1,2,4,2,4,1,10,10,0
70,10,6,0,0.05,36,24,0,1,2,4,2,4,1,10,10,0
75,10,6,0,0.05,36,24,0,1,2,4,2,4,1,10,10,0
80,10,6,0,0.05,36,24,0,1,2,4,2,4,1,10,10,0
85,10,6,0,0.05,36,24,0,1,2,4,2,4,1,10,10,0
90,10,6,0,0.05,36,24,0,1,2,4,2,4,1,10,10,0
95,10,6,0,0.05,36,24,0,1,2,4,2,4,1,10,10,0
100,10,6,0,0.05,36,24,0,1,2,4,2,4,1,10,10,0
5,15,6,0,0.05,36,24,0,1,2,4,2,4,1,10,10,0
10,15,6,0,0.05,36,24,0,1,2,4,2,4,1,10,10,0
15,15,6,0,0.05,36,24,0,1,2,4,2,4,1,10,10,0
20,15,6,0,0.05,36,24,0,1,2,4,2,4,1,10,10,0
25,15,6,0,0.05,36,24,0,1,2,4,2,4,1,10,10,0
30,15,6,0,0.05,36,24,0,1,2,4,2,4,1,10,10,0
35,15,6,0,0.05,36,24,0,1,2,4,2,4,1,10,10,0
40,15,6,0,0.05,36,24,0,1,2,4,2,4,1,10,10,0
45,15,6,0,0.05,36,24,0,1,2,4,2,4,1,10,10,0
50,15,6,0,0.05,36,24,0,1,2,4,2,4,1,10,10,0
55,15,6,0,0.05,36,24,0,1,2,4,2,4,1,10,10,0
60,15,6,0,0.05,36,24,0,1,2,4,2,4,1,10,10,0
65,15,6,0,0.05,36,24,0,1,2,4,2,4,1,10,10,0
70,15,6,0,0.05,36,24,0,1,2,4,2,4,1,10,10,0
75,15,6,0,0.05,36,24,0,1,2,4,2,4,1,10,10,0
80,15,6,0,0.05,36,24,0,1,2,4,2,4,1,10,10,0
85,15,6,0,0.05,36,24,0,1,2,4,2,4,1,10,10,0
90,15,6,0,0.05,36,24,0,1,2,4,2,4,1,10,10,0
95,15,6,0,0.05,36,24,0,1,2,4,2,4,1,10,10,0
100,15,6,0,0.05,36,24,0,1,2,4,2,4,1,10,10,0
5,20,6,0,0.05,36,24,0,1,2,4,2,4,1,10,10,0
10,20,6,0,0.05,36,24,0,1,2,4,2,4,1,10,10,0
15,20,6,0,0.05,36,24,0,1,2,4,2,4,1,10,10,0
20,20,6,0,0.05,36,24,0,1,2,4,2,4,1,10,10,0
25,20,6,0,0.05,36,24,0,1,2,4,2,4,1,10,10,0
30,20,6,0,0.05,36,24,0,1,2,4,2,4,1,10,10,0
35,20,6,0,0.05,36,24,0,1,2,4,2,4,1,10,10,0
40,20,6,0,0.05,36,24,0,1,2,4,2,4,1,10,10,0
45,20,6,0,0.05,36,24,0,1,2,4,2,4,1,10,10,0
50,20,6,0,0.05,36,24,0,1,2,4,2,4,1,10,10,0
55,20,6,0,0.05,36,24,0,1,2,4,2,4,1,10,10,0
60,20,6,0,0.05,36,24,0,1,2,4,2,4,1,10,10,0
65,20,6,0,0.05,36,24,0,1,2,4,2,4,1,10,10,0
70,20,6,0,0.05,36,24,0,1,2,4,2,4,1,10,10,0
75,20,6,0,0.05,36,24,0,1,2,4,2,4,1,10,10,0
80,20,6,0,0.05,36,24,0,1,2,4,2,4,1,10,10,0
85,20,6,0,0.05,36,24,0,1,2,4,2,4,1,10,10,0
90,20,6,0,0.05,36,24,0,1,2,4,2,4,1,10,10,0
95,20,6,0,0.05,36,24,0,1,2,4,2,4,1,10,10,0
100,20,6,0,0.05,36,24,0,1,2,4,2,4,1,10,10,0
5,25,6,0,0.05,36,24,0,1,2,4,2,4,1,10,10,0
10,25,6,0,0.05,36,24,0,1,2,4,2,4,1,10,10,0
15,25,6,0,0.05,36,24,0,1,2,4,2,4,1,10,10,0
20,25,6,0,0.05,36,24,0,1,2,4,2,4,1,10,10,0
25,25,6,0,0.05,36,24,0,1,2,4,2,4,1,10,10,0
30,25,6,0,0.05,36,24,0,1,2,4,2,4,1,10,10,0
35,25,6,0,0.05,36,24,0,1,2,4,2,4,1,10,10,0
40,25,6,0,0.05,36,24,0,1,2,4,2,4,1,10,10,0
45,25,6,0,0.05,36,24,0,1,2,4,2,4,1,10,10,0
50,25,6,0,0.05,36,24,0,1,2,4,2,4,1,10,10,0
55,25,6,0,0.05,36,24,0,1,2,4,2,4,1,10,10,0
60,25,6,0,0.05,36,24,0,1,2,4,2,4,1,10,10,0
65,25,6,0,0.05,36,24,0,1,2,4,2,4,1,10,10,0
70,25,6,0,0.05,36,24,0,1,2,4,2,4,1,10,10,0
75,25,6,0,0.05,36,24,0,1,2,4,2,4,1,10,10,0
80,25,6,0,0.05,36,24,0,1,2,4,2,4,1,10,10,0
85,25,6,0,0.05,36,24,0,1,2,4,2,4,1,10,10,0
90,25,6,0,0.05,36,24,0,1,2,4,2,4,1,10,10,0
95,25,6,0,0.05,36,24,0,1,2,4,2,4,1,10,10,0
100,25,6,0,0.05,36,24,0,1,2,4,2,4,1,10,10,0
5,30,6,0,0.05,36,24,0,1,2,4,2,4,1,10,10,0
10,30,6,0,0.05,36,24,0,1,2,4,2,4,1,10,10,0
15,30,6,0,0.05,36,24,0,1,2,4,2,4,1,10,10,0
20,30,6,0,0.05,36,24,0,1,2,4,2,4,1,10,10,0
25,30,6,0,0.05,36,24,0,1,2,4,2,4,1,10,10,0
30,30,6,0,0.05,36,24,0,1,2,4,2,4,1,10,10,0
35,30,6,0,0.05,36,24,0,1,2,4,2,4,1,10,10,0
40,30,6,0,0.05,36,24,0,1,2,4,2,4,1,10,10,0
45,30,6,0,0.05,36,24,0,1,2,4,2,4,1,10,10,0
50,30,6,0,0.05,36,24,0,1,2,4,2,4,1,10,10,0
55,30,6,0,0.05,36,24,0,1,2,4,2,4,1,10,10,0
60,30,6,0,0.05,36,24,0,1,2,4,2,4,1,10,10,0
65,30,6,0,0.05,36,24,0,1,2,4,2,4,1,10,10,0
70,30,6,0,0.05,36,24,0,1,2,4,2,4,1,10,10,0
75,30,6,0,0.05,36,24,0,1,2,4,2,4,1,10,10,0
80,30,6,0,0.05,36,24,0,1,2,4,2,4,1,10,10,0
85,30,6,0,0.05,36,24,0,1,2,4,2,4,1,10,10,0
90,30,6,0,0.05,36,24,0,1,2,4,2,4,1,10,10,0
95,30,6,0,0.05,36,24,0,1,2,4,2,4,1,10,10,0
100,30,6,0,0.05,36,24,0,1,2,4,2,4,1,10,10,0
5,35,6,0,0.05,36,24,0,1,2,4,2,4,1,10,10,0
10,35,6,0,0.05,36,24,0,1,2,4,2,4,1,10,10,0
15,35,6,0,0.05,36,24,0,1,2,4,2,4,1,10,10,0
20,35,6,0,0.05,36,24,0,1,2,4,2,4,1,10,10,0
25,35,6,0,0.05,36,24,0,1,2,4,2,4,1,10,10,0
30,35,6,0,0.05,36,24,0,1,2,4,2,4,1,10,10,0
35,35,6,0,0.05,36,24,0,1,2,4,2,4,1,10,10,0
40,35,6,0,0.05,36,24,0,1,2,4,2,4,1,10,10,0
45,35,6,0,0.05,36,24,0,1,2,4,2,4,1,10,10,0
50,35,6,0,0.05,36,24,0,1,2,4,2,4,1,10,10,0
55,35,6,0,0.05,36,24,0,1,2,4,2,4,1,10,10,0
60,35,6,0,0.05,36,24,0,1,2,4,2,4,1,10,10,0
65,35,6,0,0.05,36,24,0,1,2,4,2,4,1,10,10,0
70,35,6,0,0.05,36,24,0,1,2,4,2,4,1,10,10,0
75,35,6,0,0.05,36,24,0,1,2,4,2,4,1,10,10,0
80,35,6,0,0.05,36,24,0,1,2,4,2,4,1,10,10,0
85,35,6,0,0.05,36,24,0,1,2,4,2,4,1,10,10,0
90,35,6,0,0.05,36,24,0,1,2,4,2,4,1,10,10,0
95,35,6,0,0.05,36,24,0,1,2,4,2,4,1,10,10,0
100,35,6,0,0.05,36,24,0,1,2,4,2,4,1,10,10,0
5,40,6,0,0.05,36,24,0,1,2,4,2,4,1,10,10,0
10,40,6,0,0.05,36,24,0,1,2,4,2,4,1,10,10,0
15,40,6,0,0.05,36,24,0,1,2,4,2,4,1,10,10,0
20,40,6,0,0.05,36,24,0,1,2,4,2,4,1,10,10,0
25,40,6,0,0.05,36,24,0,1,2,4,2,4,1,10,10,0
30,40,6,0,0.05,36,24,0,1,2,4,2,4,1,10,10,0
35,40,6,0,0.05,36,24,0,1,2,4,2,4,1,10,10,0
40,40,6,0,0.05,36,24,0,1,2,4,2,4,1,10,10,0
45,40,6,0,0.05,36,24,0,1,2,4,2,4,1,10,10,0
50,40,6,0,0.05,36,24,0,1,2,4,2,4,1,10,10,0
55,40,6,0,0.05,36,24,0,1,2,4,2,4,1,10,10,0
60,40,6,0,0.05,36,24,0,1,2,4,2,4,1,10,10,0
65,40,6,0,0.05,36,24,0,1,2,4,2,4,1,10,10,0
70,40,6,0,0.05,36,24,0,1,2,4,2,4,1,10,10,0
75,40,6,0,0.05,36,24,0,1,2,4,2,4,1,10,10,0
80,40,6,0,0.05,36,24,0,1,2,4,2,4,1,10,10,0
85,40,6,0,0.05,36,24,0,1,2,4,2,4,1,10,10,0
90,40,6,0,0.05,36,24,0,1,2,4,2,4,1,10,10,0
95,40,6,0,0.05,36,24,0,1,2,4,2,4,1,10,10,0
100,40,6,0,0.05,36,24,0,1,2,4,2,4,1,10,10,0
5,45,6,0,0.05,36,24,0,1,2,4,2,4,1,10,10,0
10,45,6,0,0.05,36,24,0,1,2,4,2,4,1,10,10,0
15,45,6,0,0.05,36,24,0,1,2,4,2,4,1,10,10,0
20,45,6,0,0.05,36,24,0,1,2,4,2,4,1,10,10,0
25,45,6,0,0.05,36,24,0,1,2,4,2,4,1,10,10,0
30,45,6,0,0.05,36,24,0,1,2,4,2,4,1,10,10,0
35,45,6,0,0.05,36,24,0,1,2,4,2,4,1,10,10,0
40,45,6,0,0.05,36,24,0,1,2,4,2,4,1,10,10,0
45,45,6,0,0.05,36,24,0,1,2,4,2,4,1,10,10,0
50,45,6,0,0.05,36,24,0,1,2,4,2,4,1,10,10,0
55,45,6,0,0.05,36,24,0,1,2,4,2,4,1,10,10,0
60,45,6,0,0.05,36,24,0,1,2,4,2,4,1,10,10,0
65,45,6,0,0.05,36,24,0,1,2,4,2,4,1,10,10,0
70,45,6,0,0.05,36,24,0,1,2,4,2,4,1,10,10,0
75,45,6,0,0.05,36,24,0,1,2,4,2,4,1,10,10,0
80,45,6,0,0.05,36,24,0,1,2,4,2,4,1,10,10,0
85,45,6,0,0.05,36,24,0,1,2,4,2,4,1,10,10,0
90,45,6,0,0.05,36,24,0,1,2,4,2,4,1,10,10,0
95,45,6,0,0.05,36,24,0,1,2,4,2,4,1,10,10,0
100,45,6,0,0.05,36,24,0,1,2,4,2,4,1,10,10,0
5,50,6,0,0.05,36,24,0,1,2,4,2,4,1,10,10,0
10,50,6,0,0.05,36,24,0,1,2,4,2,4,1,10,10,0
15,50,6,0,0.05,36,24,0,1,2,4,2,4,1,10,10,0
20,50,6,0,0.05,36,24,0,1,2,4,2,4,1,10,10,0
25,50,6,0,0.05,36,24,0,1,2,4,2,4,1,10,10,0
30,50,6,0,0.05,36,24,0,1,2,4,2,4,1,10,10,0
35,50,6,0,0.05,36,24,0,1,2,4,2,4,1,10,10,0
40,50,6,0,0.05,36,24,0,1,2,4,2,4,1,10,10,0
45,50,6,0,0.05,36,24,0,1,2,4,2,4,1,10,10,0
50,50,6,0,0.05,36,24,0,1,2,4,2,4,1,10,10,0
55,50,6,0,0.05,36,24,0,1,2,4,2,4,1,10,10,0
60,50,6,0,0.05,36,24,0,1,2,4,2,4,1,10,10,0
65,50,6,0,0.05,36,24,0,1,2,4,2,4,1,10,10,0
70,50,6,0,0.05,36,24,0,1,2,4,2,4,1,10,10,0
75,50,6,0,0.05,36,24,0,1,2,4,2,4,1,10,10,0
80,50,6,0,0.05,36,24,0,1,2,4,2,4,1,10,10,0
85,50,6,0,0.05,36,24,0,1,2,4,2,4,1,10,10,0
90,50,6,0,0.05,36,24,0,1,2,4,2,4,1,10,10,0
95,50,6,0,0.05,36,24,0,1,2,4,2,4,1,10,10,0
100,50,6,0,0.05,36,24,0,1,2,4,2,4,1,10,10,0
5,55,6,0,0.05,36,24,0,1,2,4,2,4,1,10,10,0
10,55,6,0,0.05,36,24,0,1,2,4,2,4,1,10,10,0
15,55,6,0,0.05,36,24,0,1,2,4,2,4,1,10,10,0
20,55,6,0,0.05,36,24,0,1,2,4,2,4,1,10,10,0
25,55,6,0,0.05,36,24,0,1,2,4,2,4,1,10,10,0
30,55,6,0,0.05,36,24,0,1,2,4,2,4,1,10,10,0
35,55,6,0,0.05,36,24,0,1,2,4,2,4,1,10,10,0
40,55,6,0,0.05,36,24,0,1,2,4,2,4,1,10,10,0
45,55,6,0,0.05,36,24,0,1,2,4,2,4,1,10,10,0
50,55,6,0,0.05,36,24,0,1,2,4,2,4,1,10,10,0
55,55,6,0,0.05,36,24,0,1,2,4,2,4,1,10,10,0
60,55,6,0,0.05,36,24,0,1,2,4,2,4,1,10,10,0
65,55,6,0,0.05,36,24,0,1,2,4,2,4,1,10,10,0
70,55,6,0,0.05,36,24,0,1,2,4,2,4,1,10,10,0
75,55,6,0,0.05,36,24,0,1,2,4,2,4,1,10,10,0
80,55,6,0,0.05,36,24,0,1,2,4,2,4,1,10,10,0
85,55,6,0,0.05,36,24,0,1,2,4,2,4,1,10,10,0
90,55,6,0,0.05,36,24,0,1,2,4,2,4,1,10,10,0
95,55,6,0,0.05,36,24,0,1,2,4,2,4,1,10,10,0
100,55,6,0,0.05,36,24,0,1,2,4,2,4,1,10,10,0
5,60,6,0,0.05,36,24,0,1,2,4,2,4,1,10,10,0
10,60,6,0,0.05,36,24,0,1,2,4,2,4,1,10,10,0
15,60,6,0,0.05,36,24,0,1,2,4,2,4,1,10,10,0
20,60,6,0,0.05,36,24,0,1,2,4,2,4,1,10,10,0
25,60,6,0,0.05,36,24,0,1,2,4,2,4,1,10,10,0
30,60,6,0,0.05,36,24,0,1,2,4,2,4,1,10,10,0
35,60,6,0,0.05,36,24,0,1,2,4,2,4,1,10,10,0
40,60,6,0,0.05,36,24,0,1,2,4,2,4,1,10,10,0
45,60,6,0,0.05,36,24,0,1,2,4,2,4,1,10,10,0
50,60,6,0,0.05,36,24,0,1,2,4,2,4,1,10,10,0
55,60,6,0,0.05,36,24,0,1,2,4,2,4,1,10,10,0
60,60,6,0,0.05,36,24,0,1,2,4,2,4,1,10,10,0
65,60,6,0,0.05,36,24,0,1,2,4,2,4,1,10,10,0
70,60,6,0,0.05,36,24,0,1,2,4,2,4,1,10,10,0
75,60,6,0,0.05,36,24,0,1,2,4,2,4,1,10,10,0
80,60,6,0,0.05,36,24,0,1,2,4,2,4,1,10,10,0
85,60,6,0,0.05,36,24,0,1,2,4,2,4,1,10,10,0
90,60,6,0,0.05,36,24,0,1,2,4,2,4,1,10,10,0
95,60,6,0,0.05,36,24,0,1,2,4,2,4,1,10,10,0
100,60,6,0,0.05,36,24,0,1,2,4,2,4,1,10,10,0
5,65,6,0,0.05,36,24,0,1,2,4,2,4,1,10,10,0
10,65,6,0,0.05,36,24,0,1,2,4,2,4,1,10,10,0
15,65,6,0,0.05,36,24,0,1,2,4,2,4,1,10,10,0
20,65,6,0,0.05,36,24,0,1,2,4,2,4,1,10,10,0
25,65,6,0,0.05,36,24,0,1,2,4,2,4,1,10,10,0
30,65,6,0,0.05,36,24,0,1,2,4,2,4,1,10,10,0
35,65,6,0,0.05,36,24,0,1,2,4,2,4,1,10,10,0
40,65,6,0,0.05,36,24,0,1,2,4,2,4,1,10,10,0
45,65,6,0,0.05,36,24,0,1,2,4,2,4,1,10,10,0
50,65,6,0,0.05,36,24,0,1,2,4,2,4,1,10,10,0
55,65,6,0,0.05,36,24,0,1,2,4,2,4,1,10,10,0
60,65,6,0,0.05,36,24,0,1,2,4,2,4,1,10,10,0
65,65,6,0,0.05,36,24,0,1,2,4,2,4,1,10,10,0
70,65,6,0,0.05,36,24,0,1,2,4,2,4,1,10,10,0
75,65,6,0,0.05,36,24,0,1,2,4,2,4,1,10,10,0
80,65,6,0,0.05,36,24,0,1,2,4,2,4,1,10,10,0
85,65,6,0,0.05,36,24,0,1,2,4,2,4,1,10,10,0
90,65,6,0,0.05,36,24,0,1,2,4,2,4,1,10,10,0
95,65,6,0,0.05,36,24,0,1,2,4,2,4,1,10,10,0
100,65,6,0,0.05,36,24,0,1,2,4,2,4,1,10,10,0
5,70,6,0,0.05,36,24,0,1,2,4,2,4,1,10,10,0
10,70,6,0,0.05,36,24,0,1,2,4,2,4,1,10,10,0
15,70,6,0,0.05,36,24,0,1,2,4,2,4,1,10,10,0
20,70,6,0,0.05,36,24,0,1,2,4,2,4,1,10,10,0
25,70,6,0,0.05,36,24,0,1,2,4,2,4,1,10,10,0
30,70,6,0,0.05,36,24,0,1,2,4,2,4,1,10,10,0
35,70,6,0,0.05,36,24,0,1,2,4,2,4,1,10,10,0
40,70,6,0,0.05,36,24,0,1,2,4,2,4,1,10,10,0
45,70,6,0,0.05,36,24,0,1,2,4,2,4,1,10,10,0
50,70,6,0,0.05,36,24,0,1,2,4,2,4,1,10,10,0
55,70,6,0,0.05,36,24,0,1,2,4,2,4,1,10,10,0
60,70,6,0,0.05,36,24,0,1,2,4,2,4,1,10,10,0
65,70,6,0,0.05,36,24,0,1,2,4,2,4,1,10,10,0
70,70,6,0,0.05,36,24,0,1,2,4,2,4,1,10,10,0
75,70,6,0,0.05,36,24,0,1,2,4,2,4,1,10,10,0
80,70,6,0,0.05,36,24,0,1,2,4,2,4,1,10,10,0
85,70,6,0,0.05,36,24,0,1,2,4,2,4,1,10,10,0
90,70,6,0,0.05,36,24,0,1,2,4,2,4,1,10,10,0
95,70,6,0,0.05,36,24,0,1,2,4,2,4,1,10,10,0
100,70,6,0,0.05,36,24,0,1,2,4,2,4,1,10,10,0
5,75,6,0,0.05,36,24,0,1,2,4,2,4,1,10,10,0
10,75,6,0,0.05,36,24,0,1,2,4,2,4,1,10,10,0
15,75,6,0,0.05,36,24,0,1,2,4,2,4,1,10,10,0
20,75,6,0,0.05,36,24,0,1,2,4,2,4,1,10,10,0
25,75,6,0,0.05,36,24,0,1,2,4,2,4,1,10,10,0
30,75,6,0,0.05,36,24,0,1,2,4,2,4,1,10,10,0
35,75,6,0,0.05,36,24,0,1,2,4,2,4,1,10,10,0
40,75,6,0,0.05,36,24,0,1,2,4,2,4,1,10,10,0
45,75,6,0,0.05,36,24,0,1,2,4,2,4,1,10,10,0
50,75,6,0,0.05,36,24,0,1,2,4,2,4,1,10,10,0
55,75,6,0,0.05,36,24,0,1,2,4,2,4,1,10,10,0
60,75,6,0,0.05,36,24,0,1,2,4,2,4,1,10,10,0
65,75,6,0,0.05,36,24,0,1,2,4,2,4,1,10,10,0
70,75,6,0,0.05,36,24,0,1,2,4,2,4,1,10,10,0
75,75,6,0,0.05,36,24,0,1,2,4,2,4,1,10,10,0
80,75,6,0,0.05,36,24,0,1,2,4,2,4,1,10,10,0
85,75,6,0,0.05,36,24,0,1,2,4,2,4,1,10,10,0
90,75,6,0,0.05,36,24,0,1,2,4,2,4,1,10,10,0
95,75,6,0,0.05,36,24,0,1,2,4,2,4,1,10,10,0
100,75,6,0,0.05,36,24,0,1,2,4,2,4,1,10,10,0
5,80,6,0,0.05,36,24,0,1,2,4,2,4,1,10,10,0
10,80,6,0,0.05,36,24,0,1,2,4,2,4,1,10,10,0
15,80,6,0,0.05,36,24,0,1,2,4,2,4,1,10,10,0
20,80,6,0,0.05,36,24,0,1,2,4,2,4,1,10,10,0
25,80,6,0,0.05,36,24,0,1,2,4,2,4,1,10,10,0
30,80,6,0,0.05,36,24,0,1,2,4,2,4,1,10,10,0
35,80,6,0,0.05,36,24,0,1,2,4,2,4,1,10,10,0
40,80,6,0,0.05,36,24,0,1,2,4,2,4,1,10,10,0
45,80,6,0,0.05,36,24,0,1,2,4,2,4,1,10,10,0
50,80,6,0,0.05,36,24,0,1,2,4,2,4,1,10,10,0
55,80,6,0,0.05,36,24,0,1,2,4,2,4,1,10,10,0
60,80,6,0,0.05,36,24,0,1,2,4,2,4,1,10,10,0
65,80,6,0,0.05,36,24,0,1,2,4,2,4,1,10,10,0
70,80,6,0,0.05,36,24,0,1,2,4,2,4,1,10,10,0
75,80,6,0,0.05,36,24,0,1,2,4,2,4,1,10,10,0
80,80,6,0,0.05,36,24,0,1,2,4,2,4,1,10,10,0
85,80,6,0,0.05,36,24,0,1,2,4,2,4,1,10,10,0
90,80,6,0,0.05,36,24,0,1,2,4,2,4,1,10,10,0
95,80,6,0,0.05,36,24,0,1,2,4,2,4,1,10,10,0
100,80,6,0,0.05,36,24,0,1,2,4,2,4,1,10,10,0
5,85,6,0,0.05,36,24,0,1,2,4,2,4,1,10,10,0
10,85,6,0,0.05,36,24,0,1,2,4,2,4,1,10,10,0
15,85,6,0,0.05,36,24,0,1,2,4,2,4,1,10,10,0
20,85,6,0,0.05,36,24,0,1,2,4,2,4,1,10,10,0
25,85,6,0,0.05,36,24,0,1,2,4,2,4,1,10,10,0
30,85,6,0,0.05,36,24,0,1,2,4,2,4,1,10,10,0
35,85,6,0,0.05,36,24,0,1,2,4,2,4,1,10,10,0
40,85,6,0,0.05,36,24,0,1,2,4,2,4,1,10,10,0
45,85,6,0,0.05,36,24,0,1,2,4,2,4,1,10,10,0
50,85,6,0,0.05,36,24,0,1,2,4,2,4,1,10,10,0
55,85,6,0,0.05,36,24,0,1,2,4,2,4,1,10,10,0
60,85,6,0,0.05,36,24,0,1,2,4,2,4,1,10,10,0
65,85,6,0,0.05,36,24,0,1,2,4,2,4,1,10,10,0
70,85,6,0,0.05,36,24,0,1,2,4,2,4,1,10,10,0
75,85,6,0,0.05,36,24,0,1,2,4,2,4,1,10,10,0
80,85,6,0,0.05,36,24,0,1,2,4,2,4,1,10,10,0
85,85,6,0,0.05,36,24,0,1,2,4,2,4,1,10,10,0
90,85,6,0,0.05,36,24,0,1,2,4,2,4,1,10,10,0
95,85,6,0,0.05,36,24,0,1,2,4,2,4,1,10,10,0
100,85,6,0,0.05,36,24,0,1,2,4,2,4,1,10,10,0
5,90,6,0,0.05,36,24,0,1,2,4,2,4,1,10,10,0
10,90,6,0,0.05,36,24,0,1,2,4,2,4,1,10,10,0
15,90,6,0,0.05,36,24,0,1,2,4,2,4,1,10,10,0
20,90,6,0,0.05,36,24,0,1,2,4,2,4,1,10,10,0
25,90,6,0,0.05,36,24,0,1,2,4,2,4,1,10,10,0
30,90,6,0,0.05,36,24,0,1,2,4,2,4,1,10,10,0
35,90,6,0,0.05,36,24,0,1,2,4,2,4,1,10,10,0
40,90,6,0,0.05,36,24,0,1,2,4,2,4,1,10,10,0
45,90,6,0,0.05,36,24,0,1,2,4,2,4,1,10,10,0
50,90,6,0,0.05,36,24,0,1,2,4,2,4,1,10,10,0
55,90,6,0,0.05,36,24,0,1,2,4,2,4,1,10,10,0
60,90,6,0,0.05,36,24,0,1,2,4,2,4,1,10,10,0
65,90,6,0,0.05,36,24,0,1,2,4,2,4,1,10,10,0
70,90,6,0,0.05,36,24,0,1,2,4,2,4,1,10,10,0
75,90,6,0,0.05,36,24,0,1,2,4,2,4,1,10,10,0
80,90,6,0,0.05,36,24,0,1,2,4,2,4,1,10,10,0
85,90,6,0,0.05,36,24,0,1,2,4,2,4,1,10,10,0
90,90,6,0,0.05,36,24,0,1,2,4,2,4,1,10,10,0
95,90,6,0,0.05,36,24,0,1,2,4,2,4,1,10,10,0
100,90,6,0,0.05,36,24,0,1,2,4,2,4,1,10,10,0
5,95,6,0,0.05,36,24,0,1,2,4,2,4,1,10,10,0
10,95,6,0,0.05,36,24,0,1,2,4,2,4,1,10,10,0
15,95,6,0,0.05,36,24,0,1,2,4,2,4,1,10,10,0
20,95,6,0,0.05,36,24,0,1,2,4,2,4,1,10,10,0
25,95,6,0,0.05,36,24,0,1,2,4,2,4,1,10,10,0
30,95,6,0,0.05,36,24,0,1,2,4,2,4,1,10,10,0
35,95,6,0,0.05,36,24,0,1,2,4,2,4,1,10,10,0
40,95,6,0,0.05,36,24,0,1,2,4,2,4,1,10,10,0
45,95,6,0,0.05,36,24,0,1,2,4,2,4,1,10,10,0
50,95,6,0,0.05,36,24,0,1,2,4,2,4,1,10,10,0
55,95,6,0,0.05,36,24,0,1,2,4,2,4,1,10,10,0
60,95,6,0,0.05,36,24,0,1,2,4,2,4,1,10,10,0
65,95,6,0,0.05,36,24,0,1,2,4,2,4,1,10,10,0
70,95,6,0,0.05,36,24,0,1,2,4,2,4,1,10,10,0
75,95,6,0,0.05,36,24,0,1,2,4,2,4,1,10,10,0
80,95,6,0,0.05,36,24,0,1,2,4,2,4,1,10,10,0
85,95,6,0,0.05,36,24,0,1,2,4,2,4,1,10,10,0
90,95,6,0,0.05,36,24,0,1,2,4,2,4,1,10,10,0
95,95,6,0,0.05,36,24,0,1,2,4,2,4,1,10,10,0
100,95,6,0,0.05,36,24,0,1,2,4,2,4,1,10,10,0
5,100,6,0,0.05,36,24,0,1,2,4,2,4,1,10,10,0
10,100,6,0,0.05,36,24,0,1,2,4,2,4,1,10,10,0
15,100,6,0,0.05,36,24,0,1,2,4,2,4,1,10,10,0
20,100,6,0,0.05,36,24,0,1,2,4,2,4,1,10,10,0
25,100,6,0,0.05,36,24,0,1,2,4,2,4,1,10,10,0
30,100,6,0,0.05,36,24,0,1,2,4,2,4,1,10,10,0
35,100,6,0,0.05,36,24,0,1,2,4,2,4,1,10,10,0
40,100,6,0,0.05,36,24,0,1,2,4,2,4,1,10,10,0
45,100,6,0,0.05,36,24,0,1,2,4,2,4,1,10,10,0
50,100,6,0,0.05,36,24,0,1,2,4,2,4,1,10,10,0
55,100,6,0,0.05,36,24,0,1,2,4,2,4,1,10,10,0
60,100,6,0,0.05,36,24,0,1,2,4,2,4,1,10,10,0
65,100,6,0,0.05,36,24,0,1,2,4,2,4,1,10,10,0
70,100,6,0,0.05,36,24,0,1,2,4,2,4,1,10,10,0
75,100,6,0,0.05,36,24,0,1,2,4,2,4,1,10,10,0
80,100,6,0,0.05,36,24,0,1,2,4,2,4,1,10,10,0
85,100,6,0,0.05,36,24,0,1,2,4,2,4,1,10,10,0
90,100,6,0,0.05,36,24,0,1,2,4,2,4,1,10,10,0
95,100,6,0,0.05,36,24,0,1,2,4,2,4,1,10,10,0
100,100,6,0,0.05,36,24,0,1,2,4,2,4,1,10,10,0
5,5,8,0,0.05,36,24,0,1,2,4,2,4,1,10,10,0
10,5,8,0,0.05,36,24,0,1,2,4,2,4,1,10,10,0
15,5,8,0,0.05,36,24,0,1,2,4,2,4,1,10,10,0
20,5,8,0,0.05,36,24,0,1,2,4,2,4,1,10,10,0
25,5,8,0,0.05,36,24,0,1,2,4,2,4,1,10,10,0
30,5,8,0,0.05,36,24,0,1,2,4,2,4,1,10,10,0
35,5,8,0,0.05,36,24,0,1,2,4,2,4,1,10,10,0
40,5,8,0,0.05,36,24,0,1,2,4,2,4,1,10,10,0
45,5,8,0,0.05,36,24,0,1,2,4,2,4,1,10,10,0
50,5,8,0,0.05,36,24,0,1,2,4,2,4,1,10,10,0
55,5,8,0,0.05,36,24,0,1,2,4,2,4,1,10,10,0
60,5,8,0,0.05,36,24,0,1,2,4,2,4,1,10,10,0
65,5,8,0,0.05,36,24,0,1,2,4,2,4,1,10,10,0
70,5,8,0,0.05,36,24,0,1,2,4,2,4,1,10,10,0
75,5,8,0,0.05,36,24,0,1,2,4,2,4,1,10,10,0
80,5,8,0,0.05,36,24,0,1,2,4,2,4,1,10,10,0
85,5,8,0,0.05,36,24,0,1,2,4,2,4,1,10,10,0
90,5,8,0,0.05,36,24,0,1,2,4,2,4,1,10,10,0
95,5,8,0,0.05,36,24,0,1,2,4,2,4,1,10,10,0
100,5,8,0,0.05,36,24,0,1,2,4,2,4,1,10,10,0
5,10,8,0,0.05,36,24,0,1,2,4,2,4,1,10,10,0
10,10,8,0,0.05,36,24,0,1,2,4,2,4,1,10,10,0
15,10,8,0,0.05,36,24,0,1,2,4,2,4,1,10,10,0
20,10,8,0,0.05,36,24,0,1,2,4,2,4,1,10,10,0
25,10,8,0,0.05,36,24,0,1,2,4,2,4,1,10,10,0
30,10,8,0,0.05,36,24,0,1,2,4,2,4,1,10,10,0
35,10,8,0,0.05,36,24,0,1,2,4,2,4,1,10,10,0
40,10,8,0,0.05,36,24,0,1,2,4,2,4,1,10,10,0
45,10,8,0,0.05,36,24,0,1,2,4,2,4,1,10,10,0
50,10,8,0,0.05,36,24,0,1,2,4,2,4,1,10,10,0
55,10,8,0,0.05,36,24,0,1,2,4,2,4,1,10,10,0
60,10,8,0,0.05,36,24,0,1,2,4,2,4,1,10,10,0
65,10,8,0,0.05,36,24,0,1,2,4,2,4,1,10,10,0
70,10,8,0,0.05,36,24,0,1,2,4,2,4,1,10,10,0
75,10,8,0,0.05,36,24,0,1,2,4,2,4,1,10,10,0
80,10,8,0,0.05,36,24,0,1,2,4,2,4,1,10,10,0
85,10,8,0,0.05,36,24,0,1,2,4,2,4,1,10,10,0
90,10,8,0,0.05,36,24,0,1,2,4,2,4,1,10,10,0
95,10,8,0,0.05,36,24,0,1,2,4,2,4,1,10,10,0
100,10,8,0,0.05,36,24,0,1,2,4,2,4,1,10,10,0
5,15,8,0,0.05,36,24,0,1,2,4,2,4,1,10,10,0
10,15,8,0,0.05,36,24,0,1,2,4,2,4,1,10,10,0
15,15,8,0,0.05,36,24,0,1,2,4,2,4,1,10,10,0
20,15,8,0,0.05,36,24,0,1,2,4,2,4,1,10,10,0
25,15,8,0,0.05,36,24,0,1,2,4,2,4,1,10,10,0
30,15,8,0,0.05,36,24,0,1,2,4,2,4,1,10,10,0
35,15,8,0,0.05,36,24,0,1,2,4,2,4,1,10,10,0
40,15,8,0,0.05,36,24,0,1,2,4,2,4,1,10,10,0
45,15,8,0,0.05,36,24,0,1,2,4,2,4,1,10,10,0
50,15,8,0,0.05,36,24,0,1,2,4,2,4,1,10,10,0
55,15,8,0,0.05,36,24,0,1,2,4,2,4,1,10,10,0
60,15,8,0,0.05,36,24,0,1,2,4,2,4,1,10,10,0
65,15,8,0,0.05,36,24,0,1,2,4,2,4,1,10,10,0
70,15,8,0,0.05,36,24,0,1,2,4,2,4,1,10,10,0
75,15,8,0,0.05,36,24,0,1,2,4,2,4,1,10,10,0
80,15,8,0,0.05,36,24,0,1,2,4,2,4,1,10,10,0
85,15,8,0,0.05,36,24,0,1,2,4,2,4,1,10,10,0
90,15,8,0,0.05,36,24,0,1,2,4,2,4,1,10,10,0
95,15,8,0,0.05,36,24,0,1,2,4,2,4,1,10,10,0
100,15,8,0,0.05,36,24,0,1,2,4,2,4,1,10,10,0
5,20,8,0,0.05,36,24,0,1,2,4,2,4,1,10,10,0
10,20,8,0,0.05,36,24,0,1,2,4,2,4,1,10,10,0
15,20,8,0,0.05,36,24,0,1,2,4,2,4,1,10,10,0
20,20,8,0,0.05,36,24,0,1,2,4,2,4,1,10,10,0
25,20,8,0,0.05,36,24,0,1,2,4,2,4,1,10,10,0
30,20,8,0,0.05,36,24,0,1,2,4,2,4,1,10,10,0
35,20,8,0,0.05,36,24,0,1,2,4,2,4,1,10,10,0
40,20,8,0,0.05,36,24,0,1,2,4,2,4,1,10,10,0
45,20,8,0,0.05,36,24,0,1,2,4,2,4,1,10,10,0
50,20,8,0,0.05,36,24,0,1,2,4,2,4,1,10,10,0
55,20,8,0,0.05,36,24,0,1,2,4,2,4,1,10,10,0
60,20,8,0,0.05,36,24,0,1,2,4,2,4,1,10,10,0
65,20,8,0,0.05,36,24,0,1,2,4,2,4,1,10,10,0
70,20,8,0,0.05,36,24,0,1,2,4,2,4,1,10,10,0
75,20,8,0,0.05,36,24,0,1,2,4,2,4,1,10,10,0
80,20,8,0,0.05,36,24,0,1,2,4,2,4,1,10,10,0
85,20,8,0,0.05,36,24,0,1,2,4,2,4,1,10,10,0
90,20,8,0,0.05,36,24,0,1,2,4,2,4,1,10,10,0
95,20,8,0,0.05,36,24,0,1,2,4,2,4,1,10,10,0
100,20,8,0,0.05,36,24,0,1,2,4,2,4,1,10,10,0
5,25,8,0,0.05,36,24,0,1,2,4,2,4,1,10,10,0
10,25,8,0,0.05,36,24,0,1,2,4,2,4,1,10,10,0
15,25,8,0,0.05,36,24,0,1,2,4,2,4,1,10,10,0
20,25,8,0,0.05,36,24,0,1,2,4,2,4,1,10,10,0
25,25,8,0,0.05,36,24,0,1,2,4,2,4,1,10,10,0
30,25,8,0,0.05,36,24,0,1,2,4,2,4,1,10,10,0
35,25,8,0,0.05,36,24,0,1,2,4,2,4,1,10,10,0
40,25,8,0,0.05,36,24,0,1,2,4,2,4,1,10,10,0
45,25,8,0,0.05,36,24,0,1,2,4,2,4,1,10,10,0
50,25,8,0,0.05,36,24,0,1,2,4,2,4,1,10,10,0
55,25,8,0,0.05,36,24,0,1,2,4,2,4,1,10,10,0
60,25,8,0,0.05,36,24,0,1,2,4,2,4,1,10,10,0
65,25,8,0,0.05,36,24,0,1,2,4,2,4,1,10,10,0
70,25,8,0,0.05,36,24,0,1,2,4,2,4,1,10,10,0
75,25,8,0,0.05,36,24,0,1,2,4,2,4,1,10,10,0
80,25,8,0,0.05,36,24,0,1,2,4,2,4,1,10,10,0
85,25,8,0,0.05,36,24,0,1,2,4,2,4,1,10,10,0
90,25,8,0,0.05,36,24,0,1,2,4,2,4,1,10,10,0
95,25,8,0,0.05,36,24,0,1,2,4,2,4,1,10,10,0
100,25,8,0,0.05,36,24,0,1,2,4,2,4,1,10,10,0
5,30,8,0,0.05,36,24,0,1,2,4,2,4,1,10,10,0
10,30,8,0,0.05,36,24,0,1,2,4,2,4,1,10,10,0
15,30,8,0,0.05,36,24,0,1,2,4,2,4,1,10,10,0
20,30,8,0,0.05,36,24,0,1,2,4,2,4,1,10,10,0
25,30,8,0,0.05,36,24,0,1,2,4,2,4,1,10,10,0
30,30,8,0,0.05,36,24,0,1,2,4,2,4,1,10,10,0
35,30,8,0,0.05,36,24,0,1,2,4,2,4,1,10,10,0
40,30,8,0,0.05,36,24,0,1,2,4,2,4,1,10,10,0
45,30,8,0,0.05,36,24,0,1,2,4,2,4,1,10,10,0
50,30,8,0,0.05,36,24,0,1,2,4,2,4,1,10,10,0
55,30,8,0,0.05,36,24,0,1,2,4,2,4,1,10,10,0
60,30,8,0,0.05,36,24,0,1,2,4,2,4,1,10,10,0
65,30,8,0,0.05,36,24,0,1,2,4,2,4,1,10,10,0
70,30,8,0,0.05,36,24,0,1,2,4,2,4,1,10,10,0
75,30,8,0,0.05,36,24,0,1,2,4,2,4,1,10,10,0
80,30,8,0,0.05,36,24,0,1,2,4,2,4,1,10,10,0
85,30,8,0,0.05,36,24,0,1,2,4,2,4,1,10,10,0
90,30,8,0,0.05,36,24,0,1,2,4,2,4,1,10,10,0
95,30,8,0,0.05,36,24,0,1,2,4,2,4,1,10,10,0
100,30,8,0,0.05,36,24,0,1,2,4,2,4,1,10,10,0
5,35,8,0,0.05,36,24,0,1,2,4,2,4,1,10,10,0
10,35,8,0,0.05,36,24,0,1,2,4,2,4,1,10,10,0
15,35,8,0,0.05,36,24,0,1,2,4,2,4,1,10,10,0
20,35,8,0,0.05,36,24,0,1,2,4,2,4,1,10,10,0
25,35,8,0,0.05,36,24,0,1,2,4,2,4,1,10,10,0
30,35,8,0,0.05,36,24,0,1,2,4,2,4,1,10,10,0
35,35,8,0,0.05,36,24,0,1,2,4,2,4,1,10,10,0
40,35,8,0,0.05,36,24,0,1,2,4,2,4,1,10,10,0
45,35,8,0,0.05,36,24,0,1,2,4,2,4,1,10,10,0
50,35,8,0,0.05,36,24,0,1,2,4,2,4,1,10,10,0
55,35,8,0,0.05,36,24,0,1,2,4,2,4,1,10,10,0
60,35,8,0,0.05,36,24,0,1,2,4,2,4,1,10,10,0
65,35,8,0,0.05,36,24,0,1,2,4,2,4,1,10,10,0
70,35,8,0,0.05,36,24,0,1,2,4,2,4,1,10,10,0
75,35,8,0,0.05,36,24,0,1,2,4,2,4,1,10,10,0
80,35,8,0,0.05,36,24,0,1,2,4,2,4,1,10,10,0
85,35,8,0,0.05,36,24,0,1,2,4,2,4,1,10,10,0
90,35,8,0,0.05,36,24,0,1,2,4,2,4,1,10,10,0
95,35,8,0,0.05,36,24,0,1,2,4,2,4,1,10,10,0
100,35,8,0,0.05,36,24,0,1,2,4,2,4,1,10,10,0
5,40,8,0,0.05,36,24,0,1,2,4,2,4,1,10,10,0
10,40,8,0,0.05,36,24,0,1,2,4,2,4,1,10,10,0
15,40,8,0,0.05,36,24,0,1,2,4,2,4,1,10,10,0
20,40,8,0,0.05,36,24,0,1,2,4,2,4,1,10,10,0
25,40,8,0,0.05,36,24,0,1,2,4,2,4,1,10,10,0
30,40,8,0,0.05,36,24,0,1,2,4,2,4,1,10,10,0
35,40,8,0,0.05,36,24,0,1,2,4,2,4,1,10,10,0
40,40,8,0,0.05,36,24,0,1,2,4,2,4,1,10,10,0
45,40,8,0,0.05,36,24,0,1,2,4,2,4,1,10,10,0
50,40,8,0,0.05,36,24,0,1,2,4,2,4,1,10,10,0
55,40,8,0,0.05,36,24,0,1,2,4,2,4,1,10,10,0
60,40,8,0,0.05,36,24,0,1,2,4,2,4,1,10,10,0
65,40,8,0,0.05,36,24,0,1,2,4,2,4,1,10,10,0
70,40,8,0,0.05,36,24,0,1,2,4,2,4,1,10,10,0
75,40,8,0,0.05,36,24,0,1,2,4,2,4,1,10,10,0
80,40,8,0,0.05,36,24,0,1,2,4,2,4,1,10,10,0
85,40,8,0,0.05,36,24,0,1,2,4,2,4,1,10,10,0
90,40,8,0,0.05,36,24,0,1,2,4,2,4,1,10,10,0
95,40,8,0,0.05,36,24,0,1,2,4,2,4,1,10,10,0
100,40,8,0,0.05,36,24,0,1,2,4,2,4,1,10,10,0
5,45,8,0,0.05,36,24,0,1,2,4,2,4,1,10,10,0
10,45,8,0,0.05,36,24,0,1,2,4,2,4,1,10,10,0
15,45,8,0,0.05,36,24,0,1,2,4,2,4,1,10,10,0
20,45,8,0,0.05,36,24,0,1,2,4,2,4,1,10,10,0
25,45,8,0,0.05,36,24,0,1,2,4,2,4,1,10,10,0
30,45,8,0,0.05,36,24,0,1,2,4,2,4,1,10,10,0
35,45,8,0,0.05,36,24,0,1,2,4,2,4,1,10,10,0
40,45,8,0,0.05,36,24,0,1,2,4,2,4,1,10,10,0
45,45,8,0,0.05,36,24,0,1,2,4,2,4,1,10,10,0
50,45,8,0,0.05,36,24,0,1,2,4,2,4,1,10,10,0
55,45,8,0,0.05,36,24,0,1,2,4,2,4,1,10,10,0
60,45,8,0,0.05,36,24,0,1,2,4,2,4,1,10,10,0
65,45,8,0,0.05,36,24,0,1,2,4,2,4,1,10,10,0
70,45,8,0,0.05,36,24,0,1,2,4,2,4,1,10,10,0
75,45,8,0,0.05,36,24,0,1,2,4,2,4,1,10,10,0
80,45,8,0,0.05,36,24,0,1,2,4,2,4,1,10,10,0
85,45,8,0,0.05,36,24,0,1,2,4,2,4,1,10,10,0
90,45,8,0,0.05,36,24,0,1,2,4,2,4,1,10,10,0
95,45,8,0,0.05,36,24,0,1,2,4,2,4,1,10,10,0
100,45,8,0,0.05,36,24,0,1,2,4,2,4,1,10,10,0
5,50,8,0,0.05,36,24,0,1,2,4,2,4,1,10,10,0
10,50,8,0,0.05,36,24,0,1,2,4,2,4,1,10,10,0
15,50,8,0,0.05,36,24,0,1,2,4,2,4,1,10,10,0
20,50,8,0,0.05,36,24,0,1,2,4,2,4,1,10,10,0
25,50,8,0,0.05,36,24,0,1,2,4,2,4,1,10,10,0
30,50,8,0,0.05,36,24,0,1,2,4,2,4,1,10,10,0
35,50,8,0,0.05,36,24,0,1,2,4,2,4,1,10,10,0
40,50,8,0,0.05,36,24,0,1,2,4,2,4,1,10,10,0
45,50,8,0,0.05,36,24,0,1,2,4,2,4,1,10,10,0
50,50,8,0,0.05,36,24,0,1,2,4,2,4,1,10,10,0
55,50,8,0,0.05,36,24,0,1,2,4,2,4,1,10,10,0
60,50,8,0,0.05,36,24,0,1,2,4,2,4,1,10,10,0
65,50,8,0,0.05,36,24,0,1,2,4,2,4,1,10,10,0
70,50,8,0,0.05,36,24,0,1,2,4,2,4,1,10,10,0
75,50,8,0,0.05,36,24,0,1,2,4,2,4,1,10,10,0
80,50,8,0,0.05,36,24,0,1,2,4,2,4,1,10,10,0
85,50,8,0,0.05,36,24,0,1,2,4,2,4,1,10,10,0
90,50,8,0,0.05,36,24,0,1,2,4,2,4,1,10,10,0
95,50,8,0,0.05,36,24,0,1,2,4,2,4,1,10,10,0
100,50,8,0,0.05,36,24,0,1,2,4,2,4,1,10,10,0
5,55,8,0,0.05,36,24,0,1,2,4,2,4,1,10,10,0
10,55,8,0,0.05,36,24,0,1,2,4,2,4,1,10,10,0
15,55,8,0,0.05,36,24,0,1,2,4,2,4,1,10,10,0
20,55,8,0,0.05,36,24,0,1,2,4,2,4,1,10,10,0
25,55,8,0,0.05,36,24,0,1,2,4,2,4,1,10,10,0
30,55,8,0,0.05,36,24,0,1,2,4,2,4,1,10,10,0
35,55,8,0,0.05,36,24,0,1,2,4,2,4,1,10,10,0
40,55,8,0,0.05,36,24,0,1,2,4,2,4,1,10,10,0
45,55,8,0,0.05,36,24,0,1,2,4,2,4,1,10,10,0
50,55,8,0,0.05,36,24,0,1,2,4,2,4,1,10,10,0
55,55,8,0,0.05,36,24,0,1,2,4,2,4,1,10,10,0
60,55,8,0,0.05,36,24,0,1,2,4,2,4,1,10,10,0
65,55,8,0,0.05,36,24,0,1,2,4,2,4,1,10,10,0
70,55,8,0,0.05,36,24,0,1,2,4,2,4,1,10,10,0
75,55,8,0,0.05,36,24,0,1,2,4,2,4,1,10,10,0
80,55,8,0,0.05,36,24,0,1,2,4,2,4,1,10,10,0
85,55,8,0,0.05,36,24,0,1,2,4,2,4,1,10,10,0
90,55,8,0,0.05,36,24,0,1,2,4,2,4,1,10,10,0
95,55,8,0,0.05,36,24,0,1,2,4,2,4,1,10,10,0
100,55,8,0,0.05,36,24,0,1,2,4,2,4,1,10,10,0
5,60,8,0,0.05,36,24,0,1,2,4,2,4,1,10,10,0
10,60,8,0,0.05,36,24,0,1,2,4,2,4,1,10,10,0
15,60,8,0,0.05,36,24,0,1,2,4,2,4,1,10,10,0
20,60,8,0,0.05,36,24,0,1,2,4,2,4,1,10,10,0
25,60,8,0,0.05,36,24,0,1,2,4,2,4,1,10,10,0
30,60,8,0,0.05,36,24,0,1,2,4,2,4,1,10,10,0
35,60,8,0,0.05,36,24,0,1,2,4,2,4,1,10,10,0
40,60,8,0,0.05,36,24,0,1,2,4,2,4,1,10,10,0
45,60,8,0,0.05,36,24,0,1,2,4,2,4,1,10,10,0
50,60,8,0,0.05,36,24,0,1,2,4,2,4,1,10,10,0
55,60,8,0,0.05,36,24,0,1,2,4,2,4,1,10,10,0
60,60,8,0,0.05,36,24,0,1,2,4,2,4,1,10,10,0
65,60,8,0,0.05,36,24,0,1,2,4,2,4,1,10,10,0
70,60,8,0,0.05,36,24,0,1,2,4,2,4,1,10,10,0
75,60,8,0,0.05,36,24,0,1,2,4,2,4,1,10,10,0
80,60,8,0,0.05,36,24,0,1,2,4,2,4,1,10,10,0
85,60,8,0,0.05,36,24,0,1,2,4,2,4,1,10,10,0
90,60,8,0,0.05,36,24,0,1,2,4,2,4,1,10,10,0
95,60,8,0,0.05,36,24,0,1,2,4,2,4,1,10,10,0
100,60,8,0,0.05,36,24,0,1,2,4,2,4,1,10,10,0
5,65,8,0,0.05,36,24,0,1,2,4,2,4,1,10,10,0
10,65,8,0,0.05,36,24,0,1,2,4,2,4,1,10,10,0
15,65,8,0,0.05,36,24,0,1,2,4,2,4,1,10,10,0
20,65,8,0,0.05,36,24,0,1,2,4,2,4,1,10,10,0
25,65,8,0,0.05,36,24,0,1,2,4,2,4,1,10,10,0
30,65,8,0,0.05,36,24,0,1,2,4,2,4,1,10,10,0
35,65,8,0,0.05,36,24,0,1,2,4,2,4,1,10,10,0
40,65,8,0,0.05,36,24,0,1,2,4,2,4,1,10,10,0
45,65,8,0,0.05,36,24,0,1,2,4,2,4,1,10,10,0
50,65,8,0,0.05,36,24,0,1,2,4,2,4,1,10,10,0
55,65,8,0,0.05,36,24,0,1,2,4,2,4,1,10,10,0
60,65,8,0,0.05,36,24,0,1,2,4,2,4,1,10,10,0
65,65,8,0,0.05,36,24,0,1,2,4,2,4,1,10,10,0
70,65,8,0,0.05,36,24,0,1,2,4,2,4,1,10,10,0
75,65,8,0,0.05,36,24,0,1,2,4,2,4,1,10,10,0
80,65,8,0,0.05,36,24,0,1,2,4,2,4,1,10,10,0
85,65,8,0,0.05,36,24,0,1,2,4,2,4,1,10,10,0
90,65,8,0,0.05,36,24,0,1,2,4,2,4,1,10,10,0
95,65,8,0,0.05,36,24,0,1,2,4,2,4,1,10,10,0
100,65,8,0,0.05,36,24,0,1,2,4,2,4,1,10,10,0
5,70,8,0,0.05,36,24,0,1,2,4,2,4,1,10,10,0
10,70,8,0,0.05,36,24,0,1,2,4,2,4,1,10,10,0
15,70,8,0,0.05,36,24,0,1,2,4,2,4,1,10,10,0
20,70,8,0,0.05,36,24,0,1,2,4,2,4,1,10,10,0
25,70,8,0,0.05,36,24,0,1,2,4,2,4,1,10,10,0
30,70,8,0,0.05,36,24,0,1,2,4,2,4,1,10,10,0
35,70,8,0,0.05,36,24,0,1,2,4,2,4,1,10,10,0
40,70,8,0,0.05,36,24,0,1,2,4,2,4,1,10,10,0
45,70,8,0,0.05,36,24,0,1,2,4,2,4,1,10,10,0
50,70,8,0,0.05,36,24,0,1,2,4,2,4,1,10,10,0
55,70,8,0,0.05,36,24,0,1,2,4,2,4,1,10,10,0
60,70,8,0,0.05,36,24,0,1,2,4,2,4,1,10,10,0
65,70,8,0,0.05,36,24,0,1,2,4,2,4,1,10,10,0
70,70,8,0,0.05,36,24,0,1,2,4,2,4,1,10,10,0
75,70,8,0,0.05,36,24,0,1,2,4,2,4,1,10,10,0
80,70,8,0,0.05,36,24,0,1,2,4,2,4,1,10,10,0
85,70,8,0,0.05,36,24,0,1,2,4,2,4,1,10,10,0
90,70,8,0,0.05,36,24,0,1,2,4,2,4,1,10,10,0
95,70,8,0,0.05,36,24,0,1,2,4,2,4,1,10,10,0
100,70,8,0,0.05,36,24,0,1,2,4,2,4,1,10,10,0
5,75,8,0,0.05,36,24,0,1,2,4,2,4,1,10,10,0
10,75,8,0,0.05,36,24,0,1,2,4,2,4,1,10,10,0
15,75,8,0,0.05,36,24,0,1,2,4,2,4,1,10,10,0
20,75,8,0,0.05,36,24,0,1,2,4,2,4,1,10,10,0
25,75,8,0,0.05,36,24,0,1,2,4,2,4,1,10,10,0
30,75,8,0,0.05,36,24,0,1,2,4,2,4,1,10,10,0
35,75,8,0,0.05,36,24,0,1,2,4,2,4,1,10,10,0
40,75,8,0,0.05,36,24,0,1,2,4,2,4,1,10,10,0
45,75,8,0,0.05,36,24,0,1,2,4,2,4,1,10,10,0
50,75,8,0,0.05,36,24,0,1,2,4,2,4,1,10,10,0
55,75,8,0,0.05,36,24,0,1,2,4,2,4,1,10,10,0
60,75,8,0,0.05,36,24,0,1,2,4,2,4,1,10,10,0
65,75,8,0,0.05,36,24,0,1,2,4,2,4,1,10,10,0
70,75,8,0,0.05,36,24,0,1,2,4,2,4,1,10,10,0
75,75,8,0,0.05,36,24,0,1,2,4,2,4,1,10,10,0
80,75,8,0,0.05,36,24,0,1,2,4,2,4,1,10,10,0
85,75,8,0,0.05,36,24,0,1,2,4,2,4,1,10,10,0
90,75,8,0,0.05,36,24,0,1,2,4,2,4,1,10,10,0
95,75,8,0,0.05,36,24,0,1,2,4,2,4,1,10,10,0
100,75,8,0,0.05,36,24,0,1,2,4,2,4,1,10,10,0
5,80,8,0,0.05,36,24,0,1,2,4,2,4,1,10,10,0
10,80,8,0,0.05,36,24,0,1,2,4,2,4,1,10,10,0
15,80,8,0,0.05,36,24,0,1,2,4,2,4,1,10,10,0
20,80,8,0,0.05,36,24,0,1,2,4,2,4,1,10,10,0
25,80,8,0,0.05,36,24,0,1,2,4,2,4,1,10,10,0
30,80,8,0,0.05,36,24,0,1,2,4,2,4,1,10,10,0
35,80,8,0,0.05,36,24,0,1,2,4,2,4,1,10,10,0
40,80,8,0,0.05,36,24,0,1,2,4,2,4,1,10,10,0
45,80,8,0,0.05,36,24,0,1,2,4,2,4,1,10,10,0
50,80,8,0,0.05,36,24,0,1,2,4,2,4,1,10,10,0
55,80,8,0,0.05,36,24,0,1,2,4,2,4,1,10,10,0
60,80,8,0,0.05,36,24,0,1,2,4,2,4,1,10,10,0
65,80,8,0,0.05,36,24,0,1,2,4,2,4,1,10,10,0
70,80,8,0,0.05,36,24,0,1,2,4,2,4,1,10,10,0
75,80,8,0,0.05,36,24,0,1,2,4,2,4,1,10,10,0
80,80,8,0,0.05,36,24,0,1,2,4,2,4,1,10,10,0
85,80,8,0,0.05,36,24,0,1,2,4,2,4,1,10,10,0
90,80,8,0,0.05,36,24,0,1,2,4,2,4,1,10,10,0
95,80,8,0,0.05,36,24,0,1,2,4,2,4,1,10,10,0
100,80,8,0,0.05,36,24,0,1,2,4,2,4,1,10,10,0
5,85,8,0,0.05,36,24,0,1,2,4,2,4,1,10,10,0
10,85,8,0,0.05,36,24,0,1,2,4,2,4,1,10,10,0
15,85,8,0,0.05,36,24,0,1,2,4,2,4,1,10,10,0
20,85,8,0,0.05,36,24,0,1,2,4,2,4,1,10,10,0
25,85,8,0,0.05,36,24,0,1,2,4,2,4,1,10,10,0
30,85,8,0,0.05,36,24,0,1,2,4,2,4,1,10,10,0
35,85,8,0,0.05,36,24,0,1,2,4,2,4,1,10,10,0
40,85,8,0,0.05,36,24,0,1,2,4,2,4,1,10,10,0
45,85,8,0,0.05,36,24,0,1,2,4,2,4,1,10,10,0
50,85,8,0,0.05,36,24,0,1,2,4,2,4,1,10,10,0
55,85,8,0,0.05,36,24,0,1,2,4,2,4,1,10,10,0
60,85,8,0,0.05,36,24,0,1,2,4,2,4,1,10,10,0
65,85,8,0,0.05,36,24,0,1,2,4,2,4,1,10,10,0
70,85,8,0,0.05,36,24,0,1,2,4,2,4,1,10,10,0
75,85,8,0,0.05,36,24,0,1,2,4,2,4,1,10,10,0
80,85,8,0,0.05,36,24,0,1,2,4,2,4,1,10,10,0
85,85,8,0,0.05,36,24,0,1,2,4,2,4,1,10,10,0
90,85,8,0,0.05,36,24,0,1,2,4,2,4,1,10,10,0
95,85,8,0,0.05,36,24,0,1,2,4,2,4,1,10,10,0
100,85,8,0,0.05,36,24,0,1,2,4,2,4,1,10,10,0
5,90,8,0,0.05,36,24,0,1,2,4,2,4,1,10,10,0
10,90,8,0,0.05,36,24,0,1,2,4,2,4,1,10,10,0
15,90,8,0,0.05,36,24,0,1,2,4,2,4,1,10,10,0
20,90,8,0,0.05,36,24,0,1,2,4,2,4,1,10,10,0
25,90,8,0,0.05,36,24,0,1,2,4,2,4,1,10,10,0
30,90,8,0,0.05,36,24,0,1,2,4,2,4,1,10,10,0
35,90,8,0,0.05,36,24,0,1,2,4,2,4,1,10,10,0
40,90,8,0,0.05,36,24,0,1,2,4,2,4,1,10,10,0
45,90,8,0,0.05,36,24,0,1,2,4,2,4,1,10,10,0
50,90,8,0,0.05,36,24,0,1,2,4,2,4,1,10,10,0
55,90,8,0,0.05,36,24,0,1,2,4,2,4,1,10,10,0
60,90,8,0,0.05,36,24,0,1,2,4,2,4,1,10,10,0
65,90,8,0,0.05,36,24,0,1,2,4,2,4,1,10,10,0
70,90,8,0,0.05,36,24,0,1,2,4,2,4,1,10,10,0
75,90,8,0,0.05,36,24,0,1,2,4,2,4,1,10,10,0
80,90,8,0,0.05,36,24,0,1,2,4,2,4,1,10,10,0
85,90,8,0,0.05,36,24,0,1,2,4,2,4,1,10,10,0
90,90,8,0,0.05,36,24,0,1,2,4,2,4,1,10,10,0
95,90,8,0,0.05,36,24,0,1,2,4,2,4,1,10,10,0
100,90,8,0,0.05,36,24,0,1,2,4,2,4,1,10,10,0
5,95,8,0,0.05,36,24,0,1,2,4,2,4,1,10,10,0
10,95,8,0,0.05,36,24,0,1,2,4,2,4,1,10,10,0
15,95,8,0,0.05,36,24,0,1,2,4,2,4,1,10,10,0
20,95,8,0,0.05,36,24,0,1,2,4,2,4,1,10,10,0
25,95,8,0,0.05,36,24,0,1,2,4,2,4,1,10,10,0
30,95,8,0,0.05,36,24,0,1,2,4,2,4,1,10,10,0
35,95,8,0,0.05,36,24,0,1,2,4,2,4,1,10,10,0
40,95,8,0,0.05,36,24,0,1,2,4,2,4,1,10,10,0
45,95,8,0,0.05,36,24,0,1,2,4,2,4,1,10,10,0
50,95,8,0,0.05,36,24,0,1,2,4,2,4,1,10,10,0
55,95,8,0,0.05,36,24,0,1,2,4,2,4,1,10,10,0
60,95,8,0,0.05,36,24,0,1,2,4,2,4,1,10,10,0
65,95,8,0,0.05,36,24,0,1,2,4,2,4,1,10,10,0
70,95,8,0,0.05,36,24,0,1,2,4,2,4,1,10,10,0
75,95,8,0,0.05,36,24,0,1,2,4,2,4,1,10,10,0
80,95,8,0,0.05,36,24,0,1,2,4,2,4,1,10,10,0
85,95,8,0,0.05,36,24,0,1,2,4,2,4,1,10,10,0
90,95,8,0,0.05,36,24,0,1,2,4,2,4,1,10,10,0
95,95,8,0,0.05,36,24,0,1,2,4,2,4,1,10,10,0
100,95,8,0,0.05,36,24,0,1,2,4,2,4,1,10,10,0
5,100,8,0,0.05,36,24,0,1,2,4,2,4,1,10,10,0
10,100,8,0,0.05,36,24,0,1,2,4,2,4,1,10,10,0
15,100,8,0,0.05,36,24,0,1,2,4,2,4,1,10,10,0
20,100,8,0,0.05,36,24,0,1,2,4,2,4,1,10,10,0
25,100,8,0,0.05,36,24,0,1,2,4,2,4,1,10,10,0
30,100,8,0,0.05,36,24,0,1,2,4,2,4,1,10,10,0
35,100,8,0,0.05,36,24,0,1,2,4,2,4,1,10,10,0
40,100,8,0,0.05,36,24,0,1,2,4,2,4,1,10,10,0
45,100,8,0,0.05,36,24,0,1,2,4,2,4,1,10,10,0
50,100,8,0,0.05,36,24,0,1,2,4,2,4,1,10,10,0
55,100,8,0,0.05,36,24,0,1,2,4,2,4,1,10,10,0
60,100,8,0,0.05,36,24,0,1,2,4,2,4,1,10,10,0
65,100,8,0,0.05,36,24,0,1,2,4,2,4,1,10,10,0
70,100,8,0,0.05,36,24,0,1,2,4,2,4,1,10,10,0
75,100,8,0,0.05,36,24,0,1,2,4,2,4,1,10,10,0
80,100,8,0,0.05,36,24,0,1,2,4,2,4,1,10,10,0
85,100,8,0,0.05,36,24,0,1,2,4,2,4,1,10,10,0
90,100,8,0,0.05,36,24,0,1,2,4,2,4,1,10,10,0
95,100,8,0,0.05,36,24,0,1,2,4,2,4,1,10,10,0
100,100,8,0,0.05,36,24,0,1,2,4,2,4,1,10,10,0
5,5,10,0,0.05,36,24,0,1,2,4,2,4,1,10,10,0
10,5,10,0,0.05,36,24,0,1,2,4,2,4,1,10,10,0
15,5,10,0,0.05,36,24,0,1,2,4,2,4,1,10,10,0
20,5,10,0,0.05,36,24,0,1,2,4,2,4,1,10,10,0
25,5,10,0,0.05,36,24,0,1,2,4,2,4,1,10,10,0
30,5,10,0,0.05,36,24,0,1,2,4,2,4,1,10,10,0
35,5,10,0,0.05,36,24,0,1,2,4,2,4,1,10,10,0
40,5,10,0,0.05,36,24,0,1,2,4,2,4,1,10,10,0
45,5,10,0,0.05,36,24,0,1,2,4,2,4,1,10,10,0
50,5,10,0,0.05,36,24,0,1,2,4,2,4,1,10,10,0
55,5,10,0,0.05,36,24,0,1,2,4,2,4,1,10,10,0
60,5,10,0,0.05,36,24,0,1,2,4,2,4,1,10,10,0
65,5,10,0,0.05,36,24,0,1,2,4,2,4,1,10,10,0
70,5,10,0,0.05,36,24,0,1,2,4,2,4,1,10,10,0
75,5,10,0,0.05,36,24,0,1,2,4,2,4,1,10,10,0
80,5,10,0,0.05,36,24,0,1,2,4,2,4,1,10,10,0
85,5,10,0,0.05,36,24,0,1,2,4,2,4,1,10,10,0
90,5,10,0,0.05,36,24,0,1,2,4,2,4,1,10,10,0
95,5,10,0,0.05,36,24,0,1,2,4,2,4,1,10,10,0
100,5,10,0,0.05,36,24,0,1,2,4,2,4,1,10,10,0
5,10,10,0,0.05,36,24,0,1,2,4,2,4,1,10,10,0
10,10,10,0,0.05,36,24,0,1,2,4,2,4,1,10,10,0
15,10,10,0,0.05,36,24,0,1,2,4,2,4,1,10,10,0
20,10,10,0,0.05,36,24,0,1,2,4,2,4,1,10,10,0
25,10,10,0,0.05,36,24,0,1,2,4,2,4,1,10,10,0
30,10,10,0,0.05,36,24,0,1,2,4,2,4,1,10,10,0
35,10,10,0,0.05,36,24,0,1,2,4,2,4,1,10,10,0
40,10,10,0,0.05,36,24,0,1,2,4,2,4,1,10,10,0
45,10,10,0,0.05,36,24,0,1,2,4,2,4,1,10,10,0
50,10,10,0,0.05,36,24,0,1,2,4,2,4,1,10,10,0
55,10,10,0,0.05,36,24,0,1,2,4,2,4,1,10,10,0
60,10,10,0,0.05,36,24,0,1,2,4,2,4,1,10,10,0
65,10,10,0,0.05,36,24,0,1,2,4,2,4,1,10,10,0
70,10,10,0,0.05,36,24,0,1,2,4,2,4,1,10,10,0
75,10,10,0,0.05,36,24,0,1,2,4,2,4,1,10,10,0
80,10,10,0,0.05,36,24,0,1,2,4,2,4,1,10,10,0
85,10,10,0,0.05,36,24,0,1,2,4,2,4,1,10,10,0
90,10,10,0,0.05,36,24,0,1,2,4,2,4,1,10,10,0
95,10,10,0,0.05,36,24,0,1,2,4,2,4,1,10,10,0
100,10,10,0,0.05,36,24,0,1,2,4,2,4,1,10,10,0
5,15,10,0,0.05,36,24,0,1,2,4,2,4,1,10,10,0
10,15,10,0,0.05,36,24,0,1,2,4,2,4,1,10,10,0
15,15,10,0,0.05,36,24,0,1,2,4,2,4,1,10,10,0
20,15,10,0,0.05,36,24,0,1,2,4,2,4,1,10,10,0
25,15,10,0,0.05,36,24,0,1,2,4,2,4,1,10,10,0
30,15,10,0,0.05,36,24,0,1,2,4,2,4,1,10,10,0
35,15,10,0,0.05,36,24,0,1,2,4,2,4,1,10,10,0
40,15,10,0,0.05,36,24,0,1,2,4,2,4,1,10,10,0
45,15,10,0,0.05,36,24,0,1,2,4,2,4,1,10,10,0
50,15,10,0,0.05,36,24,0,1,2,4,2,4,1,10,10,0
55,15,10,0,0.05,36,24,0,1,2,4,2,4,1,10,10,0
60,15,10,0,0.05,36,24,0,1,2,4,2,4,1,10,10,0
65,15,10,0,0.05,36,24,0,1,2,4,2,4,1,10,10,0
70,15,10,0,0.05,36,24,0,1,2,4,2,4,1,10,10,0
75,15,10,0,0.05,36,24,0,1,2,4,2,4,1,10,10,0
80,15,10,0,0.05,36,24,0,1,2,4,2,4,1,10,10,0
85,15,10,0,0.05,36,24,0,1,2,4,2,4,1,10,10,0
90,15,10,0,0.05,36,24,0,1,2,4,2,4,1,10,10,0
95,15,10,0,0.05,36,24,0,1,2,4,2,4,1,10,10,0
100,15,10,0,0.05,36,24,0,1,2,4,2,4,1,10,10,0
5,20,10,0,0.05,36,24,0,1,2,4,2,4,1,10,10,0
10,20,10,0,0.05,36,24,0,1,2,4,2,4,1,10,10,0
15,20,10,0,0.05,36,24,0,1,2,4,2,4,1,10,10,0
20,20,10,0,0.05,36,24,0,1,2,4,2,4,1,10,10,0
25,20,10,0,0.05,36,24,0,1,2,4,2,4,1,10,10,0
30,20,10,0,0.05,36,24,0,1,2,4,2,4,1,10,10,0
35,20,10,0,0.05,36,24,0,1,2,4,2,4,1,10,10,0
40,20,10,0,0.05,36,24,0,1,2,4,2,4,1,10,10,0
45,20,10,0,0.05,36,24,0,1,2,4,2,4,1,10,10,0
50,20,10,0,0.05,36,24,0,1,2,4,2,4,1,10,10,0
55,20,10,0,0.05,36,24,0,1,2,4,2,4,1,10,10,0
60,20,10,0,0.05,36,24,0,1,2,4,2,4,1,10,10,0
65,20,10,0,0.05,36,24,0,1,2,4,2,4,1,10,10,0
70,20,10,0,0.05,36,24,0,1,2,4,2,4,1,10,10,0
75,20,10,0,0.05,36,24,0,1,2,4,2,4,1,10,10,0
80,20,10,0,0.05,36,24,0,1,2,4,2,4,1,10,10,0
85,20,10,0,0.05,36,24,0,1,2,4,2,4,1,10,10,0
90,20,10,0,0.05,36,24,0,1,2,4,2,4,1,10,10,0
95,20,10,0,0.05,36,24,0,1,2,4,2,4,1,10,10,0
100,20,10,0,0.05,36,24,0,1,2,4,2,4,1,10,10,0
5,25,10,0,0.05,36,24,0,1,2,4,2,4,1,10,10,0
10,25,10,0,0.05,36,24,0,1,2,4,2,4,1,10,10,0
15,25,10,0,0.05,36,24,0,1,2,4,2,4,1,10,10,0
20,25,10,0,0.05,36,24,0,1,2,4,2,4,1,10,10,0
25,25,10,0,0.05,36,24,0,1,2,4,2,4,1,10,10,0
30,25,10,0,0.05,36,24,0,1,2,4,2,4,1,10,10,0
35,25,10,0,0.05,36,24,0,1,2,4,2,4,1,10,10,0
40,25,10,0,0.05,36,24,0,1,2,4,2,4,1,10,10,0
45,25,10,0,0.05,36,24,0,1,2,4,2,4,1,10,10,0
50,25,10,0,0.05,36,24,0,1,2,4,2,4,1,10,10,0
55,25,10,0,0.05,36,24,0,1,2,4,2,4,1,10,10,0
60,25,10,0,0.05,36,24,0,1,2,4,2,4,1,10,10,0
65,25,10,0,0.05,36,24,0,1,2,4,2,4,1,10,10,0
70,25,10,0,0.05,36,24,0,1,2,4,2,4,1,10,10,0
75,25,10,0,0.05,36,24,0,1,2,4,2,4,1,10,10,0
80,25,10,0,0.05,36,24,0,1,2,4,2,4,1,10,10,0
85,25,10,0,0.05,36,24,0,1,2,4,2,4,1,10,10,0
90,25,10,0,0.05,36,24,0,1,2,4,2,4,1,10,10,0
95,25,10,0,0.05,36,24,0,1,2,4,2,4,1,10,10,0
100,25,10,0,0.05,36,24,0,1,2,4,2,4,1,10,10,0
5,30,10,0,0.05,36,24,0,1,2,4,2,4,1,10,10,0
10,30,10,0,0.05,36,24,0,1,2,4,2,4,1,10,10,0
15,30,10,0,0.05,36,24,0,1,2,4,2,4,1,10,10,0
20,30,10,0,0.05,36,24,0,1,2,4,2,4,1,10,10,0
25,30,10,0,0.05,36,24,0,1,2,4,2,4,1,10,10,0
30,30,10,0,0.05,36,24,0,1,2,4,2,4,1,10,10,0
35,30,10,0,0.05,36,24,0,1,2,4,2,4,1,10,10,0
40,30,10,0,0.05,36,24,0,1,2,4,2,4,1,10,10,0
45,30,10,0,0.05,36,24,0,1,2,4,2,4,1,10,10,0
50,30,10,0,0.05,36,24,0,1,2,4,2,4,1,10,10,0
55,30,10,0,0.05,36,24,0,1,2,4,2,4,1,10,10,0
60,30,10,0,0.05,36,24,0,1,2,4,2,4,1,10,10,0
65,30,10,0,0.05,36,24,0,1,2,4,2,4,1,10,10,0
70,30,10,0,0.05,36,24,0,1,2,4,2,4,1,10,10,0
75,30,10,0,0.05,36,24,0,1,2,4,2,4,1,10,10,0
80,30,10,0,0.05,36,24,0,1,2,4,2,4,1,10,10,0
85,30,10,0,0.05,36,24,0,1,2,4,2,4,1,10,10,0
90,30,10,0,0.05,36,24,0,1,2,4,2,4,1,10,10,0
95,30,10,0,0.05,36,24,0,1,2,4,2,4,1,10,10,0
100,30,10,0,0.05,36,24,0,1,2,4,2,4,1,10,10,0
5,35,10,0,0.05,36,24,0,1,2,4,2,4,1,10,10,0
10,35,10,0,0.05,36,24,0,1,2,4,2,4,1,10,10,0
15,35,10,0,0.05,36,24,0,1,2,4,2,4,1,10,10,0
20,35,10,0,0.05,36,24,0,1,2,4,2,4,1,10,10,0
25,35,10,0,0.05,36,24,0,1,2,4,2,4,1,10,10,0
30,35,10,0,0.05,36,24,0,1,2,4,2,4,1,10,10,0
35,35,10,0,0.05,36,24,0,1,2,4,2,4,1,10,10,0
40,35,10,0,0.05,36,24,0,1,2,4,2,4,1,10,10,0
45,35,10,0,0.05,36,24,0,1,2,4,2,4,1,10,10,0
50,35,10,0,0.05,36,24,0,1,2,4,2,4,1,10,10,0
55,35,10,0,0.05,36,24,0,1,2,4,2,4,1,10,10,0
60,35,10,0,0.05,36,24,0,1,2,4,2,4,1,10,10,0
65,35,10,0,0.05,36,24,0,1,2,4,2,4,1,10,10,0
70,35,10,0,0.05,36,24,0,1,2,4,2,4,1,10,10,0
75,35,10,0,0.05,36,24,0,1,2,4,2,4,1,10,10,0
80,35,10,0,0.05,36,24,0,1,2,4,2,4,1,10,10,0
85,35,10,0,0.05,36,24,0,1,2,4,2,4,1,10,10,0
90,35,10,0,0.05,36,24,0,1,2,4,2,4,1,10,10,0
95,35,10,0,0.05,36,24,0,1,2,4,2,4,1,10,10,0
100,35,10,0,0.05,36,24,0,1,2,4,2,4,1,10,10,0
5,40,10,0,0.05,36,24,0,1,2,4,2,4,1,10,10,0
10,40,10,0,0.05,36,24,0,1,2,4,2,4,1,10,10,0
15,40,10,0,0.05,36,24,0,1,2,4,2,4,1,10,10,0
20,40,10,0,0.05,36,24,0,1,2,4,2,4,1,10,10,0
25,40,10,0,0.05,36,24,0,1,2,4,2,4,1,10,10,0
30,40,10,0,0.05,36,24,0,1,2,4,2,4,1,10,10,0
35,40,10,0,0.05,36,24,0,1,2,4,2,4,1,10,10,0
40,40,10,0,0.05,36,24,0,1,2,4,2,4,1,10,10,0
45,40,10,0,0.05,36,24,0,1,2,4,2,4,1,10,10,0
50,40,10,0,0.05,36,24,0,1,2,4,2,4,1,10,10,0
55,40,10,0,0.05,36,24,0,1,2,4,2,4,1,10,10,0
60,40,10,0,0.05,36,24,0,1,2,4,2,4,1,10,10,0
65,40,10,0,0.05,36,24,0,1,2,4,2,4,1,10,10,0
70,40,10,0,0.05,36,24,0,1,2,4,2,4,1,10,10,0
75,40,10,0,0.05,36,24,0,1,2,4,2,4,1,10,10,0
80,40,10,0,0.05,36,24,0,1,2,4,2,4,1,10,10,0
85,40,10,0,0.05,36,24,0,1,2,4,2,4,1,10,10,0
90,40,10,0,0.05,36,24,0,1,2,4,2,4,1,10,10,0
95,40,10,0,0.05,36,24,0,1,2,4,2,4,1,10,10,0
100,40,10,0,0.05,36,24,0,1,2,4,2,4,1,10,10,0
5,45,10,0,0.05,36,24,0,1,2,4,2,4,1,10,10,0
10,45,10,0,0.05,36,24,0,1,2,4,2,4,1,10,10,0
15,45,10,0,0.05,36,24,0,1,2,4,2,4,1,10,10,0
20,45,10,0,0.05,36,24,0,1,2,4,2,4,1,10,10,0
25,45,10,0,0.05,36,24,0,1,2,4,2,4,1,10,10,0
30,45,10,0,0.05,36,24,0,1,2,4,2,4,1,10,10,0
35,45,10,0,0.05,36,24,0,1,2,4,2,4,1,10,10,0
40,45,10,0,0.05,36,24,0,1,2,4,2,4,1,10,10,0
45,45,10,0,0.05,36,24,0,1,2,4,2,4,1,10,10,0
50,45,10,0,0.05,36,24,0,1,2,4,2,4,1,10,10,0
55,45,10,0,0.05,36,24,0,1,2,4,2,4,1,10,10,0
60,45,10,0,0.05,36,24,0,1,2,4,2,4,1,10,10,0
65,45,10,0,0.05,36,24,0,1,2,4,2,4,1,10,10,0
70,45,10,0,0.05,36,24,0,1,2,4,2,4,1,10,10,0
75,45,10,0,0.05,36,24,0,1,2,4,2,4,1,10,10,0
80,45,10,0,0.05,36,24,0,1,2,4,2,4,1,10,10,0
85,45,10,0,0.05,36,24,0,1,2,4,2,4,1,10,10,0
90,45,10,0,0.05,36,24,0,1,2,4,2,4,1,10,10,0
95,45,10,0,0.05,36,24,0,1,2,4,2,4,1,10,10,0
100,45,10,0,0.05,36,24,0,1,2,4,2,4,1,10,10,0
5,50,10,0,0.05,36,24,0,1,2,4,2,4,1,10,10,0
10,50,10,0,0.05,36,24,0,1,2,4,2,4,1,10,10,0
15,50,10,0,0.05,36,24,0,1,2,4,2,4,1,10,10,0
20,50,10,0,0.05,36,24,0,1,2,4,2,4,1,10,10,0
25,50,10,0,0.05,36,24,0,1,2,4,2,4,1,10,10,0
30,50,10,0,0.05,36,24,0,1,2,4,2,4,1,10,10,0
35,50,10,0,0.05,36,24,0,1,2,4,2,4,1,10,10,0
40,50,10,0,0.05,36,24,0,1,2,4,2,4,1,10,10,0
45,50,10,0,0.05,36,24,0,1,2,4,2,4,1,10,10,0
50,50,10,0,0.05,36,24,0,1,2,4,2,4,1,10,10,0
55,50,10,0,0.05,36,24,0,1,2,4,2,4,1,10,10,0
60,50,10,0,0.05,36,24,0,1,2,4,2,4,1,10,10,0
65,50,10,0,0.05,36,24,0,1,2,4,2,4,1,10,10,0
70,50,10,0,0.05,36,24,0,1,2,4,2,4,1,10,10,0
75,50,10,0,0.05,36,24,0,1,2,4,2,4,1,10,10,0
80,50,10,0,0.05,36,24,0,1,2,4,2,4,1,10,10,0
85,50,10,0,0.05,36,24,0,1,2,4,2,4,1,10,10,0
90,50,10,0,0.05,36,24,0,1,2,4,2,4,1,10,10,0
95,50,10,0,0.05,36,24,0,1,2,4,2,4,1,10,10,0
100,50,10,0,0.05,36,24,0,1,2,4,2,4,1,10,10,0
5,55,10,0,0.05,36,24,0,1,2,4,2,4,1,10,10,0
10,55,10,0,0.05,36,24,0,1,2,4,2,4,1,10,10,0
15,55,10,0,0.05,36,24,0,1,2,4,2,4,1,10,10,0
20,55,10,0,0.05,36,24,0,1,2,4,2,4,1,10,10,0
25,55,10,0,0.05,36,24,0,1,2,4,2,4,1,10,10,0
30,55,10,0,0.05,36,24,0,1,2,4,2,4,1,10,10,0
35,55,10,0,0.05,36,24,0,1,2,4,2,4,1,10,10,0
40,55,10,0,0.05,36,24,0,1,2,4,2,4,1,10,10,0
45,55,10,0,0.05,36,24,0,1,2,4,2,4,1,10,10,0
50,55,10,0,0.05,36,24,0,1,2,4,2,4,1,10,10,0
55,55,10,0,0.05,36,24,0,1,2,4,2,4,1,10,10,0
60,55,10,0,0.05,36,24,0,1,2,4,2,4,1,10,10,0
65,55,10,0,0.05,36,24,0,1,2,4,2,4,1,10,10,0
70,55,10,0,0.05,36,24,0,1,2,4,2,4,1,10,10,0
75,55,10,0,0.05,36,24,0,1,2,4,2,4,1,10,10,0
80,55,10,0,0.05,36,24,0,1,2,4,2,4,1,10,10,0
85,55,10,0,0.05,36,24,0,1,2,4,2,4,1,10,10,0
90,55,10,0,0.05,36,24,0,1,2,4,2,4,1,10,10,0
95,55,10,0,0.05,36,24,0,1,2,4,2,4,1,10,10,0
100,55,10,0,0.05,36,24,0,1,2,4,2,4,1,10,10,0
5,60,10,0,0.05,36,24,0,1,2,4,2,4,1,10,10,0
10,60,10,0,0.05,36,24,0,1,2,4,2,4,1,10,10,0
15,60,10,0,0.05,36,24,0,1,2,4,2,4,1,10,10,0
20,60,10,0,0.05,36,24,0,1,2,4,2,4,1,10,10,0
25,60,10,0,0.05,36,24,0,1,2,4,2,4,1,10,10,0
30,60,10,0,0.05,36,24,0,1,2,4,2,4,1,10,10,0
35,60,10,0,0.05,36,24,0,1,2,4,2,4,1,10,10,0
40,60,10,0,0.05,36,24,0,1,2,4,2,4,1,10,10,0
45,60,10,0,0.05,36,24,0,1,2,4,2,4,1,10,10,0
50,60,10,0,0.05,36,24,0,1,2,4,2,4,1,10,10,0
55,60,10,0,0.05,36,24,0,1,2,4,2,4,1,10,10,0
60,60,10,0,0.05,36,24,0,1,2,4,2,4,1,10,10,0
65,60,10,0,0.05,36,24,0,1,2,4,2,4,1,10,10,0
70,60,10,0,0.05,36,24,0,1,2,4,2,4,1,10,10,0
75,60,10,0,0.05,36,24,0,1,2,4,2,4,1,10,10,0
80,60,10,0,0.05,36,24,0,1,2,4,2,4,1,10,10,0
85,60,10,0,0.05,36,24,0,1,2,4,2,4,1,10,10,0
90,60,10,0,0.05,36,24,0,1,2,4,2,4,1,10,10,0
95,60,10,0,0.05,36,24,0,1,2,4,2,4,1,10,10,0
100,60,10,0,0.05,36,24,0,1,2,4,2,4,1,10,10,0
5,65,10,0,0.05,36,24,0,1,2,4,2,4,1,10,10,0
10,65,10,0,0.05,36,24,0,1,2,4,2,4,1,10,10,0
15,65,10,0,0.05,36,24,0,1,2,4,2,4,1,10,10,0
20,65,10,0,0.05,36,24,0,1,2,4,2,4,1,10,10,0
25,65,10,0,0.05,36,24,0,1,2,4,2,4,1,10,10,0
30,65,10,0,0.05,36,24,0,1,2,4,2,4,1,10,10,0
35,65,10,0,0.05,36,24,0,1,2,4,2,4,1,10,10,0
40,65,10,0,0.05,36,24,0,1,2,4,2,4,1,10,10,0
45,65,10,0,0.05,36,24,0,1,2,4,2,4,1,10,10,0
50,65,10,0,0.05,36,24,0,1,2,4,2,4,1,10,10,0
55,65,10,0,0.05,36,24,0,1,2,4,2,4,1,10,10,0
60,65,10,0,0.05,36,24,0,1,2,4,2,4,1,10,10,0
65,65,10,0,0.05,36,24,0,1,2,4,2,4,1,10,10,0
70,65,10,0,0.05,36,24,0,1,2,4,2,4,1,10,10,0
75,65,10,0,0.05,36,24,0,1,2,4,2,4,1,10,10,0
80,65,10,0,0.05,36,24,0,1,2,4,2,4,1,10,10,0
85,65,10,0,0.05,36,24,0,1,2,4,2,4,1,10,10,0
90,65,10,0,0.05,36,24,0,1,2,4,2,4,1,10,10,0
95,65,10,0,0.05,36,24,0,1,2,4,2,4,1,10,10,0
100,65,10,0,0.05,36,24,0,1,2,4,2,4,1,10,10,0
5,70,10,0,0.05,36,24,0,1,2,4,2,4,1,10,10,0
10,70,10,0,0.05,36,24,0,1,2,4,2,4,1,10,10,0
15,70,10,0,0.05,36,24,0,1,2,4,2,4,1,10,10,0
20,70,10,0,0.05,36,24,0,1,2,4,2,4,1,10,10,0
25,70,10,0,0.05,36,24,0,1,2,4,2,4,1,10,10,0
30,70,10,0,0.05,36,24,0,1,2,4,2,4,1,10,10,0
35,70,10,0,0.05,36,24,0,1,2,4,2,4,1,10,10,0
40,70,10,0,0.05,36,24,0,1,2,4,2,4,1,10,10,0
45,70,10,0,0.05,36,24,0,1,2,4,2,4,1,10,10,0
50,70,10,0,0.05,36,24,0,1,2,4,2,4,1,10,10,0
55,70,10,0,0.05,36,24,0,1,2,4,2,4,1,10,10,0
60,70,10,0,0.05,36,24,0,1,2,4,2,4,1,10,10,0
65,70,10,0,0.05,36,24,0,1,2,4,2,4,1,10,10,0
70,70,10,0,0.05,36,24,0,1,2,4,2,4,1,10,10,0
75,70,10,0,0.05,36,24,0,1,2,4,2,4,1,10,10,0
80,70,10,0,0.05,36,24,0,1,2,4,2,4,1,10,10,0
85,70,10,0,0.05,36,24,0,1,2,4,2,4,1,10,10,0
90,70,10,0,0.05,36,24,0,1,2,4,2,4,1,10,10,0
95,70,10,0,0.05,36,24,0,1,2,4,2,4,1,10,10,0
100,70,10,0,0.05,36,24,0,1,2,4,2,4,1,10,10,0
5,75,10,0,0.05,36,24,0,1,2,4,2,4,1,10,10,0
10,75,10,0,0.05,36,24,0,1,2,4,2,4,1,10,10,0
15,75,10,0,0.05,36,24,0,1,2,4,2,4,1,10,10,0
20,75,10,0,0.05,36,24,0,1,2,4,2,4,1,10,10,0
25,75,10,0,0.05,36,24,0,1,2,4,2,4,1,10,10,0
30,75,10,0,0.05,36,24,0,1,2,4,2,4,1,10,10,0
35,75,10,0,0.05,36,24,0,1,2,4,2,4,1,10,10,0
40,75,10,0,0.05,36,24,0,1,2,4,2,4,1,10,10,0
45,75,10,0,0.05,36,24,0,1,2,4,2,4,1,10,10,0
50,75,10,0,0.05,36,24,0,1,2,4,2,4,1,10,10,0
55,75,10,0,0.05,36,24,0,1,2,4,2,4,1,10,10,0
60,75,10,0,0.05,36,24,0,1,2,4,2,4,1,10,10,0
65,75,10,0,0.05,36,24,0,1,2,4,2,4,1,10,10,0
70,75,10,0,0.05,36,24,0,1,2,4,2,4,1,10,10,0
75,75,10,0,0.05,36,24,0,1,2,4,2,4,1,10,10,0
80,75,10,0,0.05,36,24,0,1,2,4,2,4,1,10,10,0
85,75,10,0,0.05,36,24,0,1,2,4,2,4,1,10,10,0
90,75,10,0,0.05,36,24,0,1,2,4,2,4,1,10,10,0
95,75,10,0,0.05,36,24,0,1,2,4,2,4,1,10,10,0
100,75,10,0,0.05,36,24,0,1,2,4,2,4,1,10,10,0
5,80,10,0,0.05,36,24,0,1,2,4,2,4,1,10,10,0
10,80,10,0,0.05,36,24,0,1,2,4,2,4,1,10,10,0
15,80,10,0,0.05,36,24,0,1,2,4,2,4,1,10,10,0
20,80,10,0,0.05,36,24,0,1,2,4,2,4,1,10,10,0
25,80,10,0,0.05,36,24,0,1,2,4,2,4,1,10,10,0
30,80,10,0,0.05,36,24,0,1,2,4,2,4,1,10,10,0
35,80,10,0,0.05,36,24,0,1,2,4,2,4,1,10,10,0
40,80,10,0,0.05,36,24,0,1,2,4,2,4,1,10,10,0
45,80,10,0,0.05,36,24,0,1,2,4,2,4,1,10,10,0
50,80,10,0,0.05,36,24,0,1,2,4,2,4,1,10,10,0
55,80,10,0,0.05,36,24,0,1,2,4,2,4,1,10,10,0
60,80,10,0,0.05,36,24,0,1,2,4,2,4,1,10,10,0
65,80,10,0,0.05,36,24,0,1,2,4,2,4,1,10,10,0
70,80,10,0,0.05,36,24,0,1,2,4,2,4,1,10,10,0
75,80,10,0,0.05,36,24,0,1,2,4,2,4,1,10,10,0
80,80,10,0,0.05,36,24,0,1,2,4,2,4,1,10,10,0
85,80,10,0,0.05,36,24,0,1,2,4,2,4,1,10,10,0
90,80,10,0,0.05,36,24,0,1,2,4,2,4,1,10,10,0
95,80,10,0,0.05,36,24,0,1,2,4,2,4,1,10,10,0
100,80,10,0,0.05,36,24,0,1,2,4,2,4,1,10,10,0
5,85,10,0,0.05,36,24,0,1,2,4,2,4,1,10,10,0
10,85,10,0,0.05,36,24,0,1,2,4,2,4,1,10,10,0
15,85,10,0,0.05,36,24,0,1,2,4,2,4,1,10,10,0
20,85,10,0,0.05,36,24,0,1,2,4,2,4,1,10,10,0
25,85,10,0,0.05,36,24,0,1,2,4,2,4,1,10,10,0
30,85,10,0,0.05,36,24,0,1,2,4,2,4,1,10,10,0
35,85,10,0,0.05,36,24,0,1,2,4,2,4,1,10,10,0
40,85,10,0,0.05,36,24,0,1,2,4,2,4,1,10,10,0
45,85,10,0,0.05,36,24,0,1,2,4,2,4,1,10,10,0
50,85,10,0,0.05,36,24,0,1,2,4,2,4,1,10,10,0
55,85,10,0,0.05,36,24,0,1,2,4,2,4,1,10,10,0
60,85,10,0,0.05,36,24,0,1,2,4,2,4,1,10,10,0
65,85,10,0,0.05,36,24,0,1,2,4,2,4,1,10,10,0
70,85,10,0,0.05,36,24,0,1,2,4,2,4,1,10,10,0
75,85,10,0,0.05,36,24,0,1,2,4,2,4,1,10,10,0
80,85,10,0,0.05,36,24,0,1,2,4,2,4,1,10,10,0
85,85,10,0,0.05,36,24,0,1,2,4,2,4,1,10,10,0
90,85,10,0,0.05,36,24,0,1,2,4,2,4,1,10,10,0
95,85,10,0,0.05,36,24,0,1,2,4,2,4,1,10,10,0
100,85,10,0,0.05,36,24,0,1,2,4,2,4,1,10,10,0
5,90,10,0,0.05,36,24,0,1,2,4,2,4,1,10,10,0
10,90,10,0,0.05,36,24,0,1,2,4,2,4,1,10,10,0
15,90,10,0,0.05,36,24,0,1,2,4,2,4,1,10,10,0
20,90,10,0,0.05,36,24,0,1,2,4,2,4,1,10,10,0
25,90,10,0,0.05,36,24,0,1,2,4,2,4,1,10,10,0
30,90,10,0,0.05,36,24,0,1,2,4,2,4,1,10,10,0
35,90,10,0,0.05,36,24,0,1,2,4,2,4,1,10,10,0
40,90,10,0,0.05,36,24,0,1,2,4,2,4,1,10,10,0
45,90,10,0,0.05,36,24,0,1,2,4,2,4,1,10,10,0
50,90,10,0,0.05,36,24,0,1,2,4,2,4,1,10,10,0
55,90,10,0,0.05,36,24,0,1,2,4,2,4,1,10,10,0
60,90,10,0,0.05,36,24,0,1,2,4,2,4,1,10,10,0
65,90,10,0,0.05,36,24,0,1,2,4,2,4,1,10,10,0
70,90,10,0,0.05,36,24,0,1,2,4,2,4,1,10,10,0
75,90,10,0,0.05,36,24,0,1,2,4,2,4,1,10,10,0
80,90,10,0,0.05,36,24,0,1,2,4,2,4,1,10,10,0
85,90,10,0,0.05,36,24,0,1,2,4,2,4,1,10,10,0
90,90,10,0,0.05,36,24,0,1,2,4,2,4,1,10,10,0
95,90,10,0,0.05,36,24,0,1,2,4,2,4,1,10,10,0
100,90,10,0,0.05,36,24,0,1,2,4,2,4,1,10,10,0
5,95,10,0,0.05,36,24,0,1,2,4,2,4,1,10,10,0
10,95,10,0,0.05,36,24,0,1,2,4,2,4,1,10,10,0
15,95,10,0,0.05,36,24,0,1,2,4,2,4,1,10,10,0
20,95,10,0,0.05,36,24,0,1,2,4,2,4,1,10,10,0
25,95,10,0,0.05,36,24,0,1,2,4,2,4,1,10,10,0
30,95,10,0,0.05,36,24,0,1,2,4,2,4,1,10,10,0
35,95,10,0,0.05,36,24,0,1,2,4,2,4,1,10,10,0
40,95,10,0,0.05,36,24,0,1,2,4,2,4,1,10,10,0
45,95,10,0,0.05,36,24,0,1,2,4,2,4,1,10,10,0
50,95,10,0,0.05,36,24,0,1,2,4,2,4,1,10,10,0
55,95,10,0,0.05,36,24,0,1,2,4,2,4,1,10,10,0
60,95,10,0,0.05,36,24,0,1,2,4,2,4,1,10,10,0
65,95,10,0,0.05,36,24,0,1,2,4,2,4,1,10,10,0
70,95,10,0,0.05,36,24,0,1,2,4,2,4,1,10,10,0
75,95,10,0,0.05,36,24,0,1,2,4,2,4,1,10,10,0
80,95,10,0,0.05,36,24,0,1,2,4,2,4,1,10,10,0
85,95,10,0,0.05,36,24,0,1,2,4,2,4,1,10,10,0
90,95,10,0,0.05,36,24,0,1,2,4,2,4,1,10,10,0
95,95,10,0,0.05,36,24,0,1,2,4,2,4,1,10,10,0
100,95,10,0,0.05,36,24,0,1,2,4,2,4,1,10,10,0
5,100,10,0,0.05,36,24,0,1,2,4,2,4,1,10,10,0
10,100,10,0,0.05,36,24,0,1,2,4,2,4,1,10,10,0
15,100,10,0,0.05,36,24,0,1,2,4,2,4,1,10,10,0
20,100,10,0,0.05,36,24,0,1,2,4,2,4,1,10,10,0
25,100,10,0,0.05,36,24,0,1,2,4,2,4,1,10,10,0
30,100,10,0,0.05,36,24,0,1,2,4,2,4,1,10,10,0
35,100,10,0,0.05,36,24,0,1,2,4,2,4,1,10,10,0
40,100,10,0,0.05,36,24,0,1,2,4,2,4,1,10,10,0
45,100,10,0,0.05,36,24,0,1,2,4,2,4,1,10,10,0
50,100,10,0,0.05,36,24,0,1,2,4,2,4,1,10,10,0
55,100,10,0,0.05,36,24,0,1,2,4,2,4,1,10,10,0
60,100,10,0,0.05,36,24,0,1,2,4,2,4,1,10,10,0
65,100,10,0,0.05,36,24,0,1,2,4,2,4,1,10,10,0
70,100,10,0,0.05,36,24,0,1,2,4,2,4,1,10,10,0
75,100,10,0,0.05,36,24,0,1,2,4,2,4,1,10,10,0
80,100,10,0,0.05,36,24,0,1,2,4,2,4,1,10,10,0
85,100,10,0,0.05,36,24,0,1,2,4,2,4,1,10,10,0
90,100,10,0,0.05,36,24,0,1,2,4,2,4,1,10,10,0
95,100,10,0,0.05,36,24,0,1,2,4,2,4,1,10,10,0
100,100,10,0,0.05,36,24,0,1,2,4,2,4,1,10,10,0
5,5,12,0,0.05,36,24,0,1,2,4,2,4,1,10,10,0
10,5,12,0,0.05,36,24,0,1,2,4,2,4,1,10,10,0
15,5,12,0,0.05,36,24,0,1,2,4,2,4,1,10,10,0
20,5,12,0,0.05,36,24,0,1,2,4,2,4,1,10,10,0
25,5,12,0,0.05,36,24,0,1,2,4,2,4,1,10,10,0
30,5,12,0,0.05,36,24,0,1,2,4,2,4,1,10,10,0
35,5,12,0,0.05,36,24,0,1,2,4,2,4,1,10,10,0
40,5,12,0,0.05,36,24,0,1,2,4,2,4,1,10,10,0
45,5,12,0,0.05,36,24,0,1,2,4,2,4,1,10,10,0
50,5,12,0,0.05,36,24,0,1,2,4,2,4,1,10,10,0
55,5,12,0,0.05,36,24,0,1,2,4,2,4,1,10,10,0
60,5,12,0,0.05,36,24,0,1,2,4,2,4,1,10,10,0
65,5,12,0,0.05,36,24,0,1,2,4,2,4,1,10,10,0
70,5,12,0,0.05,36,24,0,1,2,4,2,4,1,10,10,0
75,5,12,0,0.05,36,24,0,1,2,4,2,4,1,10,10,0
80,5,12,0,0.05,36,24,0,1,2,4,2,4,1,10,10,0
85,5,12,0,0.05,36,24,0,1,2,4,2,4,1,10,10,0
90,5,12,0,0.05,36,24,0,1,2,4,2,4,1,10,10,0
95,5,12,0,0.05,36,24,0,1,2,4,2,4,1,10,10,0
100,5,12,0,0.05,36,24,0,1,2,4,2,4,1,10,10,0
5,10,12,0,0.05,36,24,0,1,2,4,2,4,1,10,10,0
10,10,12,0,0.05,36,24,0,1,2,4,2,4,1,10,10,0
15,10,12,0,0.05,36,24,0,1,2,4,2,4,1,10,10,0
20,10,12,0,0.05,36,24,0,1,2,4,2,4,1,10,10,0
25,10,12,0,0.05,36,24,0,1,2,4,2,4,1,10,10,0
30,10,12,0,0.05,36,24,0,1,2,4,2,4,1,10,10,0
35,10,12,0,0.05,36,24,0,1,2,4,2,4,1,10,10,0
40,10,12,0,0.05,36,24,0,1,2,4,2,4,1,10,10,0
45,10,12,0,0.05,36,24,0,1,2,4,2,4,1,10,10,0
50,10,12,0,0.05,36,24,0,1,2,4,2,4,1,10,10,0
55,10,12,0,0.05,36,24,0,1,2,4,2,4,1,10,10,0
60,10,12,0,0.05,36,24,0,1,2,4,2,4,1,10,10,0
65,10,12,0,0.05,36,24,0,1,2,4,2,4,1,10,10,0
70,10,12,0,0.05,36,24,0,1,2,4,2,4,1,10,10,0
75,10,12,0,0.05,36,24,0,1,2,4,2,4,1,10,10,0
80,10,12,0,0.05,36,24,0,1,2,4,2,4,1,10,10,0
85,10,12,0,0.05,36,24,0,1,2,4,2,4,1,10,10,0
90,10,12,0,0.05,36,24,0,1,2,4,2,4,1,10,10,0
95,10,12,0,0.05,36,24,0,1,2,4,2,4,1,10,10,0
100,10,12,0,0.05,36,24,0,1,2,4,2,4,1,10,10,0
5,15,12,0,0.05,36,24,0,1,2,4,2,4,1,10,10,0
10,15,12,0,0.05,36,24,0,1,2,4,2,4,1,10,10,0
15,15,12,0,0.05,36,24,0,1,2,4,2,4,1,10,10,0
20,15,12,0,0.05,36,24,0,1,2,4,2,4,1,10,10,0
25,15,12,0,0.05,36,24,0,1,2,4,2,4,1,10,10,0
30,15,12,0,0.05,36,24,0,1,2,4,2,4,1,10,10,0
35,15,12,0,0.05,36,24,0,1,2,4,2,4,1,10,10,0
40,15,12,0,0.05,36,24,0,1,2,4,2,4,1,10,10,0
45,15,12,0,0.05,36,24,0,1,2,4,2,4,1,10,10,0
50,15,12,0,0.05,36,24,0,1,2,4,2,4,1,10,10,0
55,15,12,0,0.05,36,24,0,1,2,4,2,4,1,10,10,0
60,15,12,0,0.05,36,24,0,1,2,4,2,4,1,10,10,0
65,15,12,0,0.05,36,24,0,1,2,4,2,4,1,10,10,0
70,15,12,0,0.05,36,24,0,1,2,4,2,4,1,10,10,0
75,15,12,0,0.05,36,24,0,1,2,4,2,4,1,10,10,0
80,15,12,0,0.05,36,24,0,1,2,4,2,4,1,10,10,0
85,15,12,0,0.05,36,24,0,1,2,4,2,4,1,10,10,0
90,15,12,0,0.05,36,24,0,1,2,4,2,4,1,10,10,0
95,15,12,0,0.05,36,24,0,1,2,4,2,4,1,10,10,0
100,15,12,0,0.05,36,24,0,1,2,4,2,4,1,10,10,0
5,20,12,0,0.05,36,24,0,1,2,4,2,4,1,10,10,0
10,20,12,0,0.05,36,24,0,1,2,4,2,4,1,10,10,0
15,20,12,0,0.05,36,24,0,1,2,4,2,4,1,10,10,0
20,20,12,0,0.05,36,24,0,1,2,4,2,4,1,10,10,0
25,20,12,0,0.05,36,24,0,1,2,4,2,4,1,10,10,0
30,20,12,0,0.05,36,24,0,1,2,4,2,4,1,10,10,0
35,20,12,0,0.05,36,24,0,1,2,4,2,4,1,10,10,0
40,20,12,0,0.05,36,24,0,1,2,4,2,4,1,10,10,0
45,20,12,0,0.05,36,24,0,1,2,4,2,4,1,10,10,0
50,20,12,0,0.05,36,24,0,1,2,4,2,4,1,10,10,0
55,20,12,0,0.05,36,24,0,1,2,4,2,4,1,10,10,0
60,20,12,0,0.05,36,24,0,1,2,4,2,4,1,10,10,0
65,20,12,0,0.05,36,24,0,1,2,4,2,4,1,10,10,0
70,20,12,0,0.05,36,24,0,1,2,4,2,4,1,10,10,0
75,20,12,0,0.05,36,24,0,1,2,4,2,4,1,10,10,0
80,20,12,0,0.05,36,24,0,1,2,4,2,4,1,10,10,0
85,20,12,0,0.05,36,24,0,1,2,4,2,4,1,10,10,0
90,20,12,0,0.05,36,24,0,1,2,4,2,4,1,10,10,0
95,20,12,0,0.05,36,24,0,1,2,4,2,4,1,10,10,0
100,20,12,0,0.05,36,24,0,1,2,4,2,4,1,10,10,0
5,25,12,0,0.05,36,24,0,1,2,4,2,4,1,10,10,0
10,25,12,0,0.05,36,24,0,1,2,4,2,4,1,10,10,0
15,25,12,0,0.05,36,24,0,1,2,4,2,4,1,10,10,0
20,25,12,0,0.05,36,24,0,1,2,4,2,4,1,10,10,0
25,25,12,0,0.05,36,24,0,1,2,4,2,4,1,10,10,0
30,25,12,0,0.05,36,24,0,1,2,4,2,4,1,10,10,0
35,25,12,0,0.05,36,24,0,1,2,4,2,4,1,10,10,0
40,25,12,0,0.05,36,24,0,1,2,4,2,4,1,10,10,0
45,25,12,0,0.05,36,24,0,1,2,4,2,4,1,10,10,0
50,25,12,0,0.05,36,24,0,1,2,4,2,4,1,10,10,0
55,25,12,0,0.05,36,24,0,1,2,4,2,4,1,10,10,0
60,25,12,0,0.05,36,24,0,1,2,4,2,4,1,10,10,0
65,25,12,0,0.05,36,24,0,1,2,4,2,4,1,10,10,0
70,25,12,0,0.05,36,24,0,1,2,4,2,4,1,10,10,0
75,25,12,0,0.05,36,24,0,1,2,4,2,4,1,10,10,0
80,25,12,0,0.05,36,24,0,1,2,4,2,4,1,10,10,0
85,25,12,0,0.05,36,24,0,1,2,4,2,4,1,10,10,0
90,25,12,0,0.05,36,24,0,1,2,4,2,4,1,10,10,0
95,25,12,0,0.05,36,24,0,1,2,4,2,4,1,10,10,0
100,25,12,0,0.05,36,24,0,1,2,4,2,4,1,10,10,0
5,30,12,0,0.05,36,24,0,1,2,4,2,4,1,10,10,0
10,30,12,0,0.05,36,24,0,1,2,4,2,4,1,10,10,0
15,30,12,0,0.05,36,24,0,1,2,4,2,4,1,10,10,0
20,30,12,0,0.05,36,24,0,1,2,4,2,4,1,10,10,0
25,30,12,0,0.05,36,24,0,1,2,4,2,4,1,10,10,0
30,30,12,0,0.05,36,24,0,1,2,4,2,4,1,10,10,0
35,30,12,0,0.05,36,24,0,1,2,4,2,4,1,10,10,0
40,30,12,0,0.05,36,24,0,1,2,4,2,4,1,10,10,0
45,30,12,0,0.05,36,24,0,1,2,4,2,4,1,10,10,0
50,30,12,0,0.05,36,24,0,1,2,4,2,4,1,10,10,0
55,30,12,0,0.05,36,24,0,1,2,4,2,4,1,10,10,0
60,30,12,0,0.05,36,24,0,1,2,4,2,4,1,10,10,0
65,30,12,0,0.05,36,24,0,1,2,4,2,4,1,10,10,0
70,30,12,0,0.05,36,24,0,1,2,4,2,4,1,10,10,0
75,30,12,0,0.05,36,24,0,1,2,4,2,4,1,10,10,0
80,30,12,0,0.05,36,24,0,1,2,4,2,4,1,10,10,0
85,30,12,0,0.05,36,24,0,1,2,4,2,4,1,10,10,0
90,30,12,0,0.05,36,24,0,1,2,4,2,4,1,10,10,0
95,30,12,0,0.05,36,24,0,1,2,4,2,4,1,10,10,0
100,30,12,0,0.05,36,24,0,1,2,4,2,4,1,10,10,0
5,35,12,0,0.05,36,24,0,1,2,4,2,4,1,10,10,0
10,35,12,0,0.05,36,24,0,1,2,4,2,4,1,10,10,0
15,35,12,0,0.05,36,24,0,1,2,4,2,4,1,10,10,0
20,35,12,0,0.05,36,24,0,1,2,4,2,4,1,10,10,0
25,35,12,0,0.05,36,24,0,1,2,4,2,4,1,10,10,0
30,35,12,0,0.05,36,24,0,1,2,4,2,4,1,10,10,0
35,35,12,0,0.05,36,24,0,1,2,4,2,4,1,10,10,0
40,35,12,0,0.05,36,24,0,1,2,4,2,4,1,10,10,0
45,35,12,0,0.05,36,24,0,1,2,4,2,4,1,10,10,0
50,35,12,0,0.05,36,24,0,1,2,4,2,4,1,10,10,0
55,35,12,0,0.05,36,24,0,1,2,4,2,4,1,10,10,0
60,35,12,0,0.05,36,24,0,1,2,4,2,4,1,10,10,0
65,35,12,0,0.05,36,24,0,1,2,4,2,4,1,10,10,0
70,35,12,0,0.05,36,24,0,1,2,4,2,4,1,10,10,0
75,35,12,0,0.05,36,24,0,1,2,4,2,4,1,10,10,0
80,35,12,0,0.05,36,24,0,1,2,4,2,4,1,10,10,0
85,35,12,0,0.05,36,24,0,1,2,4,2,4,1,10,10,0
90,35,12,0,0.05,36,24,0,1,2,4,2,4,1,10,10,0
95,35,12,0,0.05,36,24,0,1,2,4,2,4,1,10,10,0
100,35,12,0,0.05,36,24,0,1,2,4,2,4,1,10,10,0
5,40,12,0,0.05,36,24,0,1,2,4,2,4,1,10,10,0
10,40,12,0,0.05,36,24,0,1,2,4,2,4,1,10,10,0
15,40,12,0,0.05,36,24,0,1,2,4,2,4,1,10,10,0
20,40,12,0,0.05,36,24,0,1,2,4,2,4,1,10,10,0
25,40,12,0,0.05,36,24,0,1,2,4,2,4,1,10,10,0
30,40,12,0,0.05,36,24,0,1,2,4,2,4,1,10,10,0
35,40,12,0,0.05,36,24,0,1,2,4,2,4,1,10,10,0
40,40,12,0,0.05,36,24,0,1,2,4,2,4,1,10,10,0
45,40,12,0,0.05,36,24,0,1,2,4,2,4,1,10,10,0
50,40,12,0,0.05,36,24,0,1,2,4,2,4,1,10,10,0
55,40,12,0,0.05,36,24,0,1,2,4,2,4,1,10,10,0
60,40,12,0,0.05,36,24,0,1,2,4,2,4,1,10,10,0
65,40,12,0,0.05,36,24,0,1,2,4,2,4,1,10,10,0
70,40,12,0,0.05,36,24,0,1,2,4,2,4,1,10,10,0
75,40,12,0,0.05,36,24,0,1,2,4,2,4,1,10,10,0
80,40,12,0,0.05,36,24,0,1,2,4,2,4,1,10,10,0
85,40,12,0,0.05,36,24,0,1,2,4,2,4,1,10,10,0
90,40,12,0,0.05,36,24,0,1,2,4,2,4,1,10,10,0
95,40,12,0,0.05,36,24,0,1,2,4,2,4,1,10,10,0
100,40,12,0,0.05,36,24,0,1,2,4,2,4,1,10,10,0
5,45,12,0,0.05,36,24,0,1,2,4,2,4,1,10,10,0
10,45,12,0,0.05,36,24,0,1,2,4,2,4,1,10,10,0
15,45,12,0,0.05,36,24,0,1,2,4,2,4,1,10,10,0
20,45,12,0,0.05,36,24,0,1,2,4,2,4,1,10,10,0
25,45,12,0,0.05,36,24,0,1,2,4,2,4,1,10,10,0
30,45,12,0,0.05,36,24,0,1,2,4,2,4,1,10,10,0
35,45,12,0,0.05,36,24,0,1,2,4,2,4,1,10,10,0
40,45,12,0,0.05,36,24,0,1,2,4,2,4,1,10,10,0
45,45,12,0,0.05,36,24,0,1,2,4,2,4,1,10,10,0
50,45,12,0,0.05,36,24,0,1,2,4,2,4,1,10,10,0
55,45,12,0,0.05,36,24,0,1,2,4,2,4,1,10,10,0
60,45,12,0,0.05,36,24,0,1,2,4,2,4,1,10,10,0
65,45,12,0,0.05,36,24,0,1,2,4,2,4,1,10,10,0
70,45,12,0,0.05,36,24,0,1,2,4,2,4,1,10,10,0
75,45,12,0,0.05,36,24,0,1,2,4,2,4,1,10,10,0
80,45,12,0,0.05,36,24,0,1,2,4,2,4,1,10,10,0
85,45,12,0,0.05,36,24,0,1,2,4,2,4,1,10,10,0
90,45,12,0,0.05,36,24,0,1,2,4,2,4,1,10,10,0
95,45,12,0,0.05,36,24,0,1,2,4,2,4,1,10,10,0
100,45,12,0,0.05,36,24,0,1,2,4,2,4,1,10,10,0
5,50,12,0,0.05,36,24,0,1,2,4,2,4,1,10,10,0
10,50,12,0,0.05,36,24,0,1,2,4,2,4,1,10,10,0
15,50,12,0,0.05,36,24,0,1,2,4,2,4,1,10,10,0
20,50,12,0,0.05,36,24,0,1,2,4,2,4,1,10,10,0
25,50,12,0,0.05,36,24,0,1,2,4,2,4,1,10,10,0
30,50,12,0,0.05,36,24,0,1,2,4,2,4,1,10,10,0
35,50,12,0,0.05,36,24,0,1,2,4,2,4,1,10,10,0
40,50,12,0,0.05,36,24,0,1,2,4,2,4,1,10,10,0
45,50,12,0,0.05,36,24,0,1,2,4,2,4,1,10,10,0
50,50,12,0,0.05,36,24,0,1,2,4,2,4,1,10,10,0
55,50,12,0,0.05,36,24,0,1,2,4,2,4,1,10,10,0
60,50,12,0,0.05,36,24,0,1,2,4,2,4,1,10,10,0
65,50,12,0,0.05,36,24,0,1,2,4,2,4,1,10,10,0
70,50,12,0,0.05,36,24,0,1,2,4,2,4,1,10,10,0
75,50,12,0,0.05,36,24,0,1,2,4,2,4,1,10,10,0
80,50,12,0,0.05,36,24,0,1,2,4,2,4,1,10,10,0
85,50,12,0,0.05,36,24,0,1,2,4,2,4,1,10,10,0
90,50,12,0,0.05,36,24,0,1,2,4,2,4,1,10,10,0
95,50,12,0,0.05,36,24,0,1,2,4,2,4,1,10,10,0
100,50,12,0,0.05,36,24,0,1,2,4,2,4,1,10,10,0
5,55,12,0,0.05,36,24,0,1,2,4,2,4,1,10,10,0
10,55,12,0,0.05,36,24,0,1,2,4,2,4,1,10,10,0
15,55,12,0,0.05,36,24,0,1,2,4,2,4,1,10,10,0
20,55,12,0,0.05,36,24,0,1,2,4,2,4,1,10,10,0
25,55,12,0,0.05,36,24,0,1,2,4,2,4,1,10,10,0
30,55,12,0,0.05,36,24,0,1,2,4,2,4,1,10,10,0
35,55,12,0,0.05,36,24,0,1,2,4,2,4,1,10,10,0
40,55,12,0,0.05,36,24,0,1,2,4,2,4,1,10,10,0
45,55,12,0,0.05,36,24,0,1,2,4,2,4,1,10,10,0
50,55,12,0,0.05,36,24,0,1,2,4,2,4,1,10,10,0
55,55,12,0,0.05,36,24,0,1,2,4,2,4,1,10,10,0
60,55,12,0,0.05,36,24,0,1,2,4,2,4,1,10,10,0
65,55,12,0,0.05,36,24,0,1,2,4,2,4,1,10,10,0
70,55,12,0,0.05,36,24,0,1,2,4,2,4,1,10,10,0
75,55,12,0,0.05,36,24,0,1,2,4,2,4,1,10,10,0
80,55,12,0,0.05,36,24,0,1,2,4,2,4,1,10,10,0
85,55,12,0,0.05,36,24,0,1,2,4,2,4,1,10,10,0
90,55,12,0,0.05,36,24,0,1,2,4,2,4,1,10,10,0
95,55,12,0,0.05,36,24,0,1,2,4,2,4,1,10,10,0
100,55,12,0,0.05,36,24,0,1,2,4,2,4,1,10,10,0
5,60,12,0,0.05,36,24,0,1,2,4,2,4,1,10,10,0
10,60,12,0,0.05,36,24,0,1,2,4,2,4,1,10,10,0
15,60,12,0,0.05,36,24,0,1,2,4,2,4,1,10,10,0
20,60,12,0,0.05,36,24,0,1,2,4,2,4,1,10,10,0
25,60,12,0,0.05,36,24,0,1,2,4,2,4,1,10,10,0
30,60,12,0,0.05,36,24,0,1,2,4,2,4,1,10,10,0
35,60,12,0,0.05,36,24,0,1,2,4,2,4,1,10,10,0
40,60,12,0,0.05,36,24,0,1,2,4,2,4,1,10,10,0
45,60,12,0,0.05,36,24,0,1,2,4,2,4,1,10,10,0
50,60,12,0,0.05,36,24,0,1,2,4,2,4,1,10,10,0
55,60,12,0,0.05,36,24,0,1,2,4,2,4,1,10,10,0
60,60,12,0,0.05,36,24,0,1,2,4,2,4,1,10,10,0
65,60,12,0,0.05,36,24,0,1,2,4,2,4,1,10,10,0
70,60,12,0,0.05,36,24,0,1,2,4,2,4,1,10,10,0
75,60,12,0,0.05,36,24,0,1,2,4,2,4,1,10,10,0
80,60,12,0,0.05,36,24,0,1,2,4,2,4,1,10,10,0
85,60,12,0,0.05,36,24,0,1,2,4,2,4,1,10,10,0
90,60,12,0,0.05,36,24,0,1,2,4,2,4,1,10,10,0
95,60,12,0,0.05,36,24,0,1,2,4,2,4,1,10,10,0
100,60,12,0,0.05,36,24,0,1,2,4,2,4,1,10,10,0
5,65,12,0,0.05,36,24,0,1,2,4,2,4,1,10,10,0
10,65,12,0,0.05,36,24,0,1,2,4,2,4,1,10,10,0
15,65,12,0,0.05,36,24,0,1,2,4,2,4,1,10,10,0
20,65,12,0,0.05,36,24,0,1,2,4,2,4,1,10,10,0
25,65,12,0,0.05,36,24,0,1,2,4,2,4,1,10,10,0
30,65,12,0,0.05,36,24,0,1,2,4,2,4,1,10,10,0
35,65,12,0,0.05,36,24,0,1,2,4,2,4,1,10,10,0
40,65,12,0,0.05,36,24,0,1,2,4,2,4,1,10,10,0
45,65,12,0,0.05,36,24,0,1,2,4,2,4,1,10,10,0
50,65,12,0,0.05,36,24,0,1,2,4,2,4,1,10,10,0
55,65,12,0,0.05,36,24,0,1,2,4,2,4,1,10,10,0
60,65,12,0,0.05,36,24,0,1,2,4,2,4,1,10,10,0
65,65,12,0,0.05,36,24,0,1,2,4,2,4,1,10,10,0
70,65,12,0,0.05,36,24,0,1,2,4,2,4,1,10,10,0
75,65,12,0,0.05,36,24,0,1,2,4,2,4,1,10,10,0
80,65,12,0,0.05,36,24,0,1,2,4,2,4,1,10,10,0
85,65,12,0,0.05,36,24,0,1,2,4,2,4,1,10,10,0
90,65,12,0,0.05,36,24,0,1,2,4,2,4,1,10,10,0
95,65,12,0,0.05,36,24,0,1,2,4,2,4,1,10,10,0
100,65,12,0,0.05,36,24,0,1,2,4,2,4,1,10,10,0
5,70,12,0,0.05,36,24,0,1,2,4,2,4,1,10,10,0
10,70,12,0,0.05,36,24,0,1,2,4,2,4,1,10,10,0
15,70,12,0,0.05,36,24,0,1,2,4,2,4,1,10,10,0
20,70,12,0,0.05,36,24,0,1,2,4,2,4,1,10,10,0
25,70,12,0,0.05,36,24,0,1,2,4,2,4,1,10,10,0
30,70,12,0,0.05,36,24,0,1,2,4,2,4,1,10,10,0
35,70,12,0,0.05,36,24,0,1,2,4,2,4,1,10,10,0
40,70,12,0,0.05,36,24,0,1,2,4,2,4,1,10,10,0
45,70,12,0,0.05,36,24,0,1,2,4,2,4,1,10,10,0
50,70,12,0,0.05,36,24,0,1,2,4,2,4,1,10,10,0
55,70,12,0,0.05,36,24,0,1,2,4,2,4,1,10,10,0
60,70,12,0,0.05,36,24,0,1,2,4,2,4,1,10,10,0
65,70,12,0,0.05,36,24,0,1,2,4,2,4,1,10,10,0
70,70,12,0,0.05,36,24,0,1,2,4,2,4,1,10,10,0
75,70,12,0,0.05,36,24,0,1,2,4,2,4,1,10,10,0
80,70,12,0,0.05,36,24,0,1,2,4,2,4,1,10,10,0
85,70,12,0,0.05,36,24,0,1,2,4,2,4,1,10,10,0
90,70,12,0,0.05,36,24,0,1,2,4,2,4,1,10,10,0
95,70,12,0,0.05,36,24,0,1,2,4,2,4,1,10,10,0
100,70,12,0,0.05,36,24,0,1,2,4,2,4,1,10,10,0
5,75,12,0,0.05,36,24,0,1,2,4,2,4,1,10,10,0
10,75,12,0,0.05,36,24,0,1,2,4,2,4,1,10,10,0
15,75,12,0,0.05,36,24,0,1,2,4,2,4,1,10,10,0
20,75,12,0,0.05,36,24,0,1,2,4,2,4,1,10,10,0
25,75,12,0,0.05,36,24,0,1,2,4,2,4,1,10,10,0
30,75,12,0,0.05,36,24,0,1,2,4,2,4,1,10,10,0
35,75,12,0,0.05,36,24,0,1,2,4,2,4,1,10,10,0
40,75,12,0,0.05,36,24,0,1,2,4,2,4,1,10,10,0
45,75,12,0,0.05,36,24,0,1,2,4,2,4,1,10,10,0
50,75,12,0,0.05,36,24,0,1,2,4,2,4,1,10,10,0
55,75,12,0,0.05,36,24,0,1,2,4,2,4,1,10,10,0
60,75,12,0,0.05,36,24,0,1,2,4,2,4,1,10,10,0
65,75,12,0,0.05,36,24,0,1,2,4,2,4,1,10,10,0
70,75,12,0,0.05,36,24,0,1,2,4,2,4,1,10,10,0
75,75,12,0,0.05,36,24,0,1,2,4,2,4,1,10,10,0
80,75,12,0,0.05,36,24,0,1,2,4,2,4,1,10,10,0
85,75,12,0,0.05,36,24,0,1,2,4,2,4,1,10,10,0
90,75,12,0,0.05,36,24,0,1,2,4,2,4,1,10,10,0
95,75,12,0,0.05,36,24,0,1,2,4,2,4,1,10,10,0
100,75,12,0,0.05,36,24,0,1,2,4,2,4,1,10,10,0
5,80,12,0,0.05,36,24,0,1,2,4,2,4,1,10,10,0
10,80,12,0,0.05,36,24,0,1,2,4,2,4,1,10,10,0
15,80,12,0,0.05,36,24,0,1,2,4,2,4,1,10,10,0
20,80,12,0,0.05,36,24,0,1,2,4,2,4,1,10,10,0
25,80,12,0,0.05,36,24,0,1,2,4,2,4,1,10,10,0
30,80,12,0,0.05,36,24,0,1,2,4,2,4,1,10,10,0
35,80,12,0,0.05,36,24,0,1,2,4,2,4,1,10,10,0
40,80,12,0,0.05,36,24,0,1,2,4,2,4,1,10,10,0
45,80,12,0,0.05,36,24,0,1,2,4,2,4,1,10,10,0
50,80,12,0,0.05,36,24,0,1,2,4,2,4,1,10,10,0
55,80,12,0,0.05,36,24,0,1,2,4,2,4,1,10,10,0
60,80,12,0,0.05,36,24,0,1,2,4,2,4,1,10,10,0
65,80,12,0,0.05,36,24,0,1,2,4,2,4,1,10,10,0
70,80,12,0,0.05,36,24,0,1,2,4,2,4,1,10,10,0
75,80,12,0,0.05,36,24,0,1,2,4,2,4,1,10,10,0
80,80,12,0,0.05,36,24,0,1,2,4,2,4,1,10,10,0
85,80,12,0,0.05,36,24,0,1,2,4,2,4,1,10,10,0
90,80,12,0,0.05,36,24,0,1,2,4,2,4,1,10,10,0
95,80,12,0,0.05,36,24,0,1,2,4,2,4,1,10,10,0
100,80,12,0,0.05,36,24,0,1,2,4,2,4,1,10,10,0
5,85,12,0,0.05,36,24,0,1,2,4,2,4,1,10,10,0
10,85,12,0,0.05,36,24,0,1,2,4,2,4,1,10,10,0
15,85,12,0,0.05,36,24,0,1,2,4,2,4,1,10,10,0
20,85,12,0,0.05,36,24,0,1,2,4,2,4,1,10,10,0
25,85,12,0,0.05,36,24,0,1,2,4,2,4,1,10,10,0
30,85,12,0,0.05,36,24,0,1,2,4,2,4,1,10,10,0
35,85,12,0,0.05,36,24,0,1,2,4,2,4,1,10,10,0
40,85,12,0,0.05,36,24,0,1,2,4,2,4,1,10,10,0
45,85,12,0,0.05,36,24,0,1,2,4,2,4,1,10,10,0
50,85,12,0,0.05,36,24,0,1,2,4,2,4,1,10,10,0
55,85,12,0,0.05,36,24,0,1,2,4,2,4,1,10,10,0
60,85,12,0,0.05,36,24,0,1,2,4,2,4,1,10,10,0
65,85,12,0,0.05,36,24,0,1,2,4,2,4,1,10,10,0
70,85,12,0,0.05,36,24,0,1,2,4,2,4,1,10,10,0
75,85,12,0,0.05,36,24,0,1,2,4,2,4,1,10,10,0
80,85,12,0,0.05,36,24,0,1,2,4,2,4,1,10,10,0
85,85,12,0,0.05,36,24,0,1,2,4,2,4,1,10,10,0
90,85,12,0,0.05,36,24,0,1,2,4,2,4,1,10,10,0
95,85,12,0,0.05,36,24,0,1,2,4,2,4,1,10,10,0
100,85,12,0,0.05,36,24,0,1,2,4,2,4,1,10,10,0
5,90,12,0,0.05,36,24,0,1,2,4,2,4,1,10,10,0
10,90,12,0,0.05,36,24,0,1,2,4,2,4,1,10,10,0
15,90,12,0,0.05,36,24,0,1,2,4,2,4,1,10,10,0
20,90,12,0,0.05,36,24,0,1,2,4,2,4,1,10,10,0
25,90,12,0,0.05,36,24,0,1,2,4,2,4,1,10,10,0
30,90,12,0,0.05,36,24,0,1,2,4,2,4,1,10,10,0
35,90,12,0,0.05,36,24,0,1,2,4,2,4,1,10,10,0
40,90,12,0,0.05,36,24,0,1,2,4,2,4,1,10,10,0
45,90,12,0,0.05,36,24,0,1,2,4,2,4,1,10,10,0
50,90,12,0,0.05,36,24,0,1,2,4,2,4,1,10,10,0
55,90,12,0,0.05,36,24,0,1,2,4,2,4,1,10,10,0
60,90,12,0,0.05,36,24,0,1,2,4,2,4,1,10,10,0
65,90,12,0,0.05,36,24,0,1,2,4,2,4,1,10,10,0
70,90,12,0,0.05,36,24,0,1,2,4,2,4,1,10,10,0
75,90,12,0,0.05,36,24,0,1,2,4,2,4,1,10,10,0
80,90,12,0,0.05,36,24,0,1,2,4,2,4,1,10,10,0
85,90,12,0,0.05,36,24,0,1,2,4,2,4,1,10,10,0
90,90,12,0,0.05,36,24,0,1,2,4,2,4,1,10,10,0
95,90,12,0,0.05,36,24,0,1,2,4,2,4,1,10,10,0
100,90,12,0,0.05,36,24,0,1,2,4,2,4,1,10,10,0
5,95,12,0,0.05,36,24,0,1,2,4,2,4,1,10,10,0
10,95,12,0,0.05,36,24,0,1,2,4,2,4,1,10,10,0
15,95,12,0,0.05,36,24,0,1,2,4,2,4,1,10,10,0
20,95,12,0,0.05,36,24,0,1,2,4,2,4,1,10,10,0
25,95,12,0,0.05,36,24,0,1,2,4,2,4,1,10,10,0
30,95,12,0,0.05,36,24,0,1,2,4,2,4,1,10,10,0
35,95,12,0,0.05,36,24,0,1,2,4,2,4,1,10,10,0
40,95,12,0,0.05,36,24,0,1,2,4,2,4,1,10,10,0
45,95,12,0,0.05,36,24,0,1,2,4,2,4,1,10,10,0
50,95,12,0,0.05,36,24,0,1,2,4,2,4,1,10,10,0
55,95,12,0,0.05,36,24,0,1,2,4,2,4,1,10,10,0
60,95,12,0,0.05,36,24,0,1,2,4,2,4,1,10,10,0
65,95,12,0,0.05,36,24,0,1,2,4,2,4,1,10,10,0
70,95,12,0,0.05,36,24,0,1,2,4,2,4,1,10,10,0
75,95,12,0,0.05,36,24,0,1,2,4,2,4,1,10,10,0
80,95,12,0,0.05,36,24,0,1,2,4,2,4,1,10,10,0
85,95,12,0,0.05,36,24,0,1,2,4,2,4,1,10,10,0
90,95,12,0,0.05,36,24,0,1,2,4,2,4,1,10,10,0
95,95,12,0,0.05,36,24,0,1,2,4,2,4,1,10,10,0
100,95,12,0,0.05,36,24,0,1,2,4,2,4,1,10,10,0
5,100,12,0,0.05,36,24,0,1,2,4,2,4,1,10,10,0
10,100,12,0,0.05,36,24,0,1,2,4,2,4,1,10,10,0
15,100,12,0,0.05,36,24,0,1,2,4,2,4,1,10,10,0
20,100,12,0,0.05,36,24,0,1,2,4,2,4,1,10,10,0
25,100,12,0,0.05,36,24,0,1,2,4,2,4,1,10,10,0
30,100,12,0,0.05,36,24,0,1,2,4,2,4,1,10,10,0
35,100,12,0,0.05,36,24,0,1,2,4,2,4,1,10,10,0
40,100,12,0,0.05,36,24,0,1,2,4,2,4,1,10,10,0
45,100,12,0,0.05,36,24,0,1,2,4,2,4,1,10,10,0
50,100,12,0,0.05,36,24,0,1,2,4,2,4,1,10,10,0
55,100,12,0,0.05,36,24,0,1,2,4,2,4,1,10,10,0
60,100,12,0,0.05,36,24,0,1,2,4,2,4,1,10,10,0
65,100,12,0,0.05,36,24,0,1,2,4,2,4,1,10,10,0
70,100,12,0,0.05,36,24,0,1,2,4,2,4,1,10,10,0
75,100,12,0,0.05,36,24,0,1,2,4,2,4,1,10,10,0
80,100,12,0,0.05,36,24,0,1,2,4,2,4,1,10,10,0
85,100,12,0,0.05,36,24,0,1,2,4,2,4,1,10,10,0
90,100,12,0,0.05,36,24,0,1,2,4,2,4,1,10,10,0
95,100,12,0,0.05,36,24,0,1,2,4,2,4,1,10,10,0
100,100,12,0,0.05,36,24,0,1,2,4,2,4,1,10,10,0
5,5,14,0,0.05,36,24,0,1,2,4,2,4,1,10,10,0
10,5,14,0,0.05,36,24,0,1,2,4,2,4,1,10,10,0
15,5,14,0,0.05,36,24,0,1,2,4,2,4,1,10,10,0
20,5,14,0,0.05,36,24,0,1,2,4,2,4,1,10,10,0
25,5,14,0,0.05,36,24,0,1,2,4,2,4,1,10,10,0
30,5,14,0,0.05,36,24,0,1,2,4,2,4,1,10,10,0
35,5,14,0,0.05,36,24,0,1,2,4,2,4,1,10,10,0
40,5,14,0,0.05,36,24,0,1,2,4,2,4,1,10,10,0
45,5,14,0,0.05,36,24,0,1,2,4,2,4,1,10,10,0
50,5,14,0,0.05,36,24,0,1,2,4,2,4,1,10,10,0
55,5,14,0,0.05,36,24,0,1,2,4,2,4,1,10,10,0
60,5,14,0,0.05,36,24,0,1,2,4,2,4,1,10,10,0
65,5,14,0,0.05,36,24,0,1,2,4,2,4,1,10,10,0
70,5,14,0,0.05,36,24,0,1,2,4,2,4,1,10,10,0
75,5,14,0,0.05,36,24,0,1,2,4,2,4,1,10,10,0
80,5,14,0,0.05,36,24,0,1,2,4,2,4,1,10,10,0
85,5,14,0,0.05,36,24,0,1,2,4,2,4,1,10,10,0
90,5,14,0,0.05,36,24,0,1,2,4,2,4,1,10,10,0
95,5,14,0,0.05,36,24,0,1,2,4,2,4,1,10,10,0
100,5,14,0,0.05,36,24,0,1,2,4,2,4,1,10,10,0
5,10,14,0,0.05,36,24,0,1,2,4,2,4,1,10,10,0
10,10,14,0,0.05,36,24,0,1,2,4,2,4,1,10,10,0
15,10,14,0,0.05,36,24,0,1,2,4,2,4,1,10,10,0
20,10,14,0,0.05,36,24,0,1,2,4,2,4,1,10,10,0
25,10,14,0,0.05,36,24,0,1,2,4,2,4,1,10,10,0
30,10,14,0,0.05,36,24,0,1,2,4,2,4,1,10,10,0
35,10,14,0,0.05,36,24,0,1,2,4,2,4,1,10,10,0
40,10,14,0,0.05,36,24,0,1,2,4,2,4,1,10,10,0
45,10,14,0,0.05,36,24,0,1,2,4,2,4,1,10,10,0
50,10,14,0,0.05,36,24,0,1,2,4,2,4,1,10,10,0
55,10,14,0,0.05,36,24,0,1,2,4,2,4,1,10,10,0
60,10,14,0,0.05,36,24,0,1,2,4,2,4,1,10,10,0
65,10,14,0,0.05,36,24,0,1,2,4,2,4,1,10,10,0
70,10,14,0,0.05,36,24,0,1,2,4,2,4,1,10,10,0
75,10,14,0,0.05,36,24,0,1,2,4,2,4,1,10,10,0
80,10,14,0,0.05,36,24,0,1,2,4,2,4,1,10,10,0
85,10,14,0,0.05,36,24,0,1,2,4,2,4,1,10,10,0
90,10,14,0,0.05,36,24,0,1,2,4,2,4,1,10,10,0
95,10,14,0,0.05,36,24,0,1,2,4,2,4,1,10,10,0
100,10,14,0,0.05,36,24,0,1,2,4,2,4,1,10,10,0
5,15,14,0,0.05,36,24,0,1,2,4,2,4,1,10,10,0
10,15,14,0,0.05,36,24,0,1,2,4,2,4,1,10,10,0
15,15,14,0,0.05,36,24,0,1,2,4,2,4,1,10,10,0
20,15,14,0,0.05,36,24,0,1,2,4,2,4,1,10,10,0
25,15,14,0,0.05,36,24,0,1,2,4,2,4,1,10,10,0
30,15,14,0,0.05,36,24,0,1,2,4,2,4,1,10,10,0
35,15,14,0,0.05,36,24,0,1,2,4,2,4,1,10,10,0
40,15,14,0,0.05,36,24,0,1,2,4,2,4,1,10,10,0
45,15,14,0,0.05,36,24,0,1,2,4,2,4,1,10,10,0
50,15,14,0,0.05,36,24,0,1,2,4,2,4,1,10,10,0
55,15,14,0,0.05,36,24,0,1,2,4,2,4,1,10,10,0
60,15,14,0,0.05,36,24,0,1,2,4,2,4,1,10,10,0
65,15,14,0,0.05,36,24,0,1,2,4,2,4,1,10,10,0
70,15,14,0,0.05,36,24,0,1,2,4,2,4,1,10,10,0
75,15,14,0,0.05,36,24,0,1,2,4,2,4,1,10,10,0
80,15,14,0,0.05,36,24,0,1,2,4,2,4,1,10,10,0
85,15,14,0,0.05,36,24,0,1,2,4,2,4,1,10,10,0
90,15,14,0,0.05,36,24,0,1,2,4,2,4,1,10,10,0
95,15,14,0,0.05,36,24,0,1,2,4,2,4,1,10,10,0
100,15,14,0,0.05,36,24,0,1,2,4,2,4,1,10,10,0
5,20,14,0,0.05,36,24,0,1,2,4,2,4,1,10,10,0
10,20,14,0,0.05,36,24,0,1,2,4,2,4,1,10,10,0
15,20,14,0,0.05,36,24,0,1,2,4,2,4,1,10,10,0
20,20,14,0,0.05,36,24,0,1,2,4,2,4,1,10,10,0
25,20,14,0,0.05,36,24,0,1,2,4,2,4,1,10,10,0
30,20,14,0,0.05,36,24,0,1,2,4,2,4,1,10,10,0
35,20,14,0,0.05,36,24,0,1,2,4,2,4,1,10,10,0
40,20,14,0,0.05,36,24,0,1,2,4,2,4,1,10,10,0
45,20,14,0,0.05,36,24,0,1,2,4,2,4,1,10,10,0
50,20,14,0,0.05,36,24,0,1,2,4,2,4,1,10,10,0
55,20,14,0,0.05,36,24,0,1,2,4,2,4,1,10,10,0
60,20,14,0,0.05,36,24,0,1,2,4,2,4,1,10,10,0
65,20,14,0,0.05,36,24,0,1,2,4,2,4,1,10,10,0
70,20,14,0,0.05,36,24,0,1,2,4,2,4,1,10,10,0
75,20,14,0,0.05,36,24,0,1,2,4,2,4,1,10,10,0
80,20,14,0,0.05,36,24,0,1,2,4,2,4,1,10,10,0
85,20,14,0,0.05,36,24,0,1,2,4,2,4,1,10,10,0
90,20,14,0,0.05,36,24,0,1,2,4,2,4,1,10,10,0
95,20,14,0,0.05,36,24,0,1,2,4,2,4,1,10,10,0
100,20,14,0,0.05,36,24,0,1,2,4,2,4,1,10,10,0
5,25,14,0,0.05,36,24,0,1,2,4,2,4,1,10,10,0
10,25,14,0,0.05,36,24,0,1,2,4,2,4,1,10,10,0
15,25,14,0,0.05,36,24,0,1,2,4,2,4,1,10,10,0
20,25,14,0,0.05,36,24,0,1,2,4,2,4,1,10,10,0
25,25,14,0,0.05,36,24,0,1,2,4,2,4,1,10,10,0
30,25,14,0,0.05,36,24,0,1,2,4,2,4,1,10,10,0
35,25,14,0,0.05,36,24,0,1,2,4,2,4,1,10,10,0
40,25,14,0,0.05,36,24,0,1,2,4,2,4,1,10,10,0
45,25,14,0,0.05,36,24,0,1,2,4,2,4,1,10,10,0
50,25,14,0,0.05,36,24,0,1,2,4,2,4,1,10,10,0
55,25,14,0,0.05,36,24,0,1,2,4,2,4,1,10,10,0
60,25,14,0,0.05,36,24,0,1,2,4,2,4,1,10,10,0
65,25,14,0,0.05,36,24,0,1,2,4,2,4,1,10,10,0
70,25,14,0,0.05,36,24,0,1,2,4,2,4,1,10,10,0
75,25,14,0,0.05,36,24,0,1,2,4,2,4,1,10,10,0
80,25,14,0,0.05,36,24,0,1,2,4,2,4,1,10,10,0
85,25,14,0,0.05,36,24,0,1,2,4,2,4,1,10,10,0
90,25,14,0,0.05,36,24,0,1,2,4,2,4,1,10,10,0
95,25,14,0,0.05,36,24,0,1,2,4,2,4,1,10,10,0
100,25,14,0,0.05,36,24,0,1,2,4,2,4,1,10,10,0
5,30,14,0,0.05,36,24,0,1,2,4,2,4,1,10,10,0
10,30,14,0,0.05,36,24,0,1,2,4,2,4,1,10,10,0
15,30,14,0,0.05,36,24,0,1,2,4,2,4,1,10,10,0
20,30,14,0,0.05,36,24,0,1,2,4,2,4,1,10,10,0
25,30,14,0,0.05,36,24,0,1,2,4,2,4,1,10,10,0
30,30,14,0,0.05,36,24,0,1,2,4,2,4,1,10,10,0
35,30,14,0,0.05,36,24,0,1,2,4,2,4,1,10,10,0
40,30,14,0,0.05,36,24,0,1,2,4,2,4,1,10,10,0
45,30,14,0,0.05,36,24,0,1,2,4,2,4,1,10,10,0
50,30,14,0,0.05,36,24,0,1,2,4,2,4,1,10,10,0
55,30,14,0,0.05,36,24,0,1,2,4,2,4,1,10,10,0
60,30,14,0,0.05,36,24,0,1,2,4,2,4,1,10,10,0
65,30,14,0,0.05,36,24,0,1,2,4,2,4,1,10,10,0
70,30,14,0,0.05,36,24,0,1,2,4,2,4,1,10,10,0
75,30,14,0,0.05,36,24,0,1,2,4,2,4,1,10,10,0
80,30,14,0,0.05,36,24,0,1,2,4,2,4,1,10,10,0
85,30,14,0,0.05,36,24,0,1,2,4,2,4,1,10,10,0
90,30,14,0,0.05,36,24,0,1,2,4,2,4,1,10,10,0
95,30,14,0,0.05,36,24,0,1,2,4,2,4,1,10,10,0
100,30,14,0,0.05,36,24,0,1,2,4,2,4,1,10,10,0
5,35,14,0,0.05,36,24,0,1,2,4,2,4,1,10,10,0
10,35,14,0,0.05,36,24,0,1,2,4,2,4,1,10,10,0
15,35,14,0,0.05,36,24,0,1,2,4,2,4,1,10,10,0
20,35,14,0,0.05,36,24,0,1,2,4,2,4,1,10,10,0
25,35,14,0,0.05,36,24,0,1,2,4,2,4,1,10,10,0
30,35,14,0,0.05,36,24,0,1,2,4,2,4,1,10,10,0
35,35,14,0,0.05,36,24,0,1,2,4,2,4,1,10,10,0
40,35,14,0,0.05,36,24,0,1,2,4,2,4,1,10,10,0
45,35,14,0,0.05,36,24,0,1,2,4,2,4,1,10,10,0
50,35,14,0,0.05,36,24,0,1,2,4,2,4,1,10,10,0
55,35,14,0,0.05,36,24,0,1,2,4,2,4,1,10,10,0
60,35,14,0,0.05,36,24,0,1,2,4,2,4,1,10,10,0
65,35,14,0,0.05,36,24,0,1,2,4,2,4,1,10,10,0
70,35,14,0,0.05,36,24,0,1,2,4,2,4,1,10,10,0
75,35,14,0,0.05,36,24,0,1,2,4,2,4,1,10,10,0
80,35,14,0,0.05,36,24,0,1,2,4,2,4,1,10,10,0
85,35,14,0,0.05,36,24,0,1,2,4,2,4,1,10,10,0
90,35,14,0,0.05,36,24,0,1,2,4,2,4,1,10,10,0
95,35,14,0,0.05,36,24,0,1,2,4,2,4,1,10,10,0
100,35,14,0,0.05,36,24,0,1,2,4,2,4,1,10,10,0
5,40,14,0,0.05,36,24,0,1,2,4,2,4,1,10,10,0
10,40,14,0,0.05,36,24,0,1,2,4,2,4,1,10,10,0
15,40,14,0,0.05,36,24,0,1,2,4,2,4,1,10,10,0
20,40,14,0,0.05,36,24,0,1,2,4,2,4,1,10,10,0
25,40,14,0,0.05,36,24,0,1,2,4,2,4,1,10,10,0
30,40,14,0,0.05,36,24,0,1,2,4,2,4,1,10,10,0
35,40,14,0,0.05,36,24,0,1,2,4,2,4,1,10,10,0
40,40,14,0,0.05,36,24,0,1,2,4,2,4,1,10,10,0
45,40,14,0,0.05,36,24,0,1,2,4,2,4,1,10,10,0
50,40,14,0,0.05,36,24,0,1,2,4,2,4,1,10,10,0
55,40,14,0,0.05,36,24,0,1,2,4,2,4,1,10,10,0
60,40,14,0,0.05,36,24,0,1,2,4,2,4,1,10,10,0
65,40,14,0,0.05,36,24,0,1,2,4,2,4,1,10,10,0
70,40,14,0,0.05,36,24,0,1,2,4,2,4,1,10,10,0
75,40,14,0,0.05,36,24,0,1,2,4,2,4,1,10,10,0
80,40,14,0,0.05,36,24,0,1,2,4,2,4,1,10,10,0
85,40,14,0,0.05,36,24,0,1,2,4,2,4,1,10,10,0
90,40,14,0,0.05,36,24,0,1,2,4,2,4,1,10,10,0
95,40,14,0,0.05,36,24,0,1,2,4,2,4,1,10,10,0
100,40,14,0,0.05,36,24,0,1,2,4,2,4,1,10,10,0
5,45,14,0,0.05,36,24,0,1,2,4,2,4,1,10,10,0
10,45,14,0,0.05,36,24,0,1,2,4,2,4,1,10,10,0
15,45,14,0,0.05,36,24,0,1,2,4,2,4,1,10,10,0
20,45,14,0,0.05,36,24,0,1,2,4,2,4,1,10,10,0
25,45,14,0,0.05,36,24,0,1,2,4,2,4,1,10,10,0
30,45,14,0,0.05,36,24,0,1,2,4,2,4,1,10,10,0
35,45,14,0,0.05,36,24,0,1,2,4,2,4,1,10,10,0
40,45,14,0,0.05,36,24,0,1,2,4,2,4,1,10,10,0
45,45,14,0,0.05,36,24,0,1,2,4,2,4,1,10,10,0
50,45,14,0,0.05,36,24,0,1,2,4,2,4,1,10,10,0
55,45,14,0,0.05,36,24,0,1,2,4,2,4,1,10,10,0
60,45,14,0,0.05,36,24,0,1,2,4,2,4,1,10,10,0
65,45,14,0,0.05,36,24,0,1,2,4,2,4,1,10,10,0
70,45,14,0,0.05,36,24,0,1,2,4,2,4,1,10,10,0
75,45,14,0,0.05,36,24,0,1,2,4,2,4,1,10,10,0
80,45,14,0,0.05,36,24,0,1,2,4,2,4,1,10,10,0
85,45,14,0,0.05,36,24,0,1,2,4,2,4,1,10,10,0
90,45,14,0,0.05,36,24,0,1,2,4,2,4,1,10,10,0
95,45,14,0,0.05,36,24,0,1,2,4,2,4,1,10,10,0
100,45,14,0,0.05,36,24,0,1,2,4,2,4,1,10,10,0
5,50,14,0,0.05,36,24,0,1,2,4,2,4,1,10,10,0
10,50,14,0,0.05,36,24,0,1,2,4,2,4,1,10,10,0
15,50,14,0,0.05,36,24,0,1,2,4,2,4,1,10,10,0
20,50,14,0,0.05,36,24,0,1,2,4,2,4,1,10,10,0
25,50,14,0,0.05,36,24,0,1,2,4,2,4,1,10,10,0
30,50,14,0,0.05,36,24,0,1,2,4,2,4,1,10,10,0
35,50,14,0,0.05,36,24,0,1,2,4,2,4,1,10,10,0
40,50,14,0,0.05,36,24,0,1,2,4,2,4,1,10,10,0
45,50,14,0,0.05,36,24,0,1,2,4,2,4,1,10,10,0
50,50,14,0,0.05,36,24,0,1,2,4,2,4,1,10,10,0
55,50,14,0,0.05,36,24,0,1,2,4,2,4,1,10,10,0
60,50,14,0,0.05,36,24,0,1,2,4,2,4,1,10,10,0
65,50,14,0,0.05,36,24,0,1,2,4,2,4,1,10,10,0
70,50,14,0,0.05,36,24,0,1,2,4,2,4,1,10,10,0
75,50,14,0,0.05,36,24,0,1,2,4,2,4,1,10,10,0
80,50,14,0,0.05,36,24,0,1,2,4,2,4,1,10,10,0
85,50,14,0,0.05,36,24,0,1,2,4,2,4,1,10,10,0
90,50,14,0,0.05,36,24,0,1,2,4,2,4,1,10,10,0
95,50,14,0,0.05,36,24,0,1,2,4,2,4,1,10,10,0
100,50,14,0,0.05,36,24,0,1,2,4,2,4,1,10,10,0
5,55,14,0,0.05,36,24,0,1,2,4,2,4,1,10,10,0
10,55,14,0,0.05,36,24,0,1,2,4,2,4,1,10,10,0
15,55,14,0,0.05,36,24,0,1,2,4,2,4,1,10,10,0
20,55,14,0,0.05,36,24,0,1,2,4,2,4,1,10,10,0
25,55,14,0,0.05,36,24,0,1,2,4,2,4,1,10,10,0
30,55,14,0,0.05,36,24,0,1,2,4,2,4,1,10,10,0
35,55,14,0,0.05,36,24,0,1,2,4,2,4,1,10,10,0
40,55,14,0,0.05,36,24,0,1,2,4,2,4,1,10,10,0
45,55,14,0,0.05,36,24,0,1,2,4,2,4,1,10,10,0
50,55,14,0,0.05,36,24,0,1,2,4,2,4,1,10,10,0
55,55,14,0,0.05,36,24,0,1,2,4,2,4,1,10,10,0
60,55,14,0,0.05,36,24,0,1,2,4,2,4,1,10,10,0
65,55,14,0,0.05,36,24,0,1,2,4,2,4,1,10,10,0
70,55,14,0,0.05,36,24,0,1,2,4,2,4,1,10,10,0
75,55,14,0,0.05,36,24,0,1,2,4,2,4,1,10,10,0
80,55,14,0,0.05,36,24,0,1,2,4,2,4,1,10,10,0
85,55,14,0,0.05,36,24,0,1,2,4,2,4,1,10,10,0
90,55,14,0,0.05,36,24,0,1,2,4,2,4,1,10,10,0
95,55,14,0,0.05,36,24,0,1,2,4,2,4,1,10,10,0
100,55,14,0,0.05,36,24,0,1,2,4,2,4,1,10,10,0
5,60,14,0,0.05,36,24,0,1,2,4,2,4,1,10,10,0
10,60,14,0,0.05,36,24,0,1,2,4,2,4,1,10,10,0
15,60,14,0,0.05,36,24,0,1,2,4,2,4,1,10,10,0
20,60,14,0,0.05,36,24,0,1,2,4,2,4,1,10,10,0
25,60,14,0,0.05,36,24,0,1,2,4,2,4,1,10,10,0
30,60,14,0,0.05,36,24,0,1,2,4,2,4,1,10,10,0
35,60,14,0,0.05,36,24,0,1,2,4,2,4,1,10,10,0
40,60,14,0,0.05,36,24,0,1,2,4,2,4,1,10,10,0
45,60,14,0,0.05,36,24,0,1,2,4,2,4,1,10,10,0
50,60,14,0,0.05,36,24,0,1,2,4,2,4,1,10,10,0
55,60,14,0,0.05,36,24,0,1,2,4,2,4,1,10,10,0
60,60,14,0,0.05,36,24,0,1,2,4,2,4,1,10,10,0
65,60,14,0,0.05,36,24,0,1,2,4,2,4,1,10,10,0
70,60,14,0,0.05,36,24,0,1,2,4,2,4,1,10,10,0
75,60,14,0,0.05,36,24,0,1,2,4,2,4,1,10,10,0
80,60,14,0,0.05,36,24,0,1,2,4,2,4,1,10,10,0
85,60,14,0,0.05,36,24,0,1,2,4,2,4,1,10,10,0
90,60,14,0,0.05,36,24,0,1,2,4,2,4,1,10,10,0
95,60,14,0,0.05,36,24,0,1,2,4,2,4,1,10,10,0
100,60,14,0,0.05,36,24,0,1,2,4,2,4,1,10,10,0
5,65,14,0,0.05,36,24,0,1,2,4,2,4,1,10,10,0
10,65,14,0,0.05,36,24,0,1,2,4,2,4,1,10,10,0
15,65,14,0,0.05,36,24,0,1,2,4,2,4,1,10,10,0
20,65,14,0,0.05,36,24,0,1,2,4,2,4,1,10,10,0
25,65,14,0,0.05,36,24,0,1,2,4,2,4,1,10,10,0
30,65,14,0,0.05,36,24,0,1,2,4,2,4,1,10,10,0
35,65,14,0,0.05,36,24,0,1,2,4,2,4,1,10,10,0
40,65,14,0,0.05,36,24,0,1,2,4,2,4,1,10,10,0
45,65,14,0,0.05,36,24,0,1,2,4,2,4,1,10,10,0
50,65,14,0,0.05,36,24,0,1,2,4,2,4,1,10,10,0
55,65,14,0,0.05,36,24,0,1,2,4,2,4,1,10,10,0
60,65,14,0,0.05,36,24,0,1,2,4,2,4,1,10,10,0
65,65,14,0,0.05,36,24,0,1,2,4,2,4,1,10,10,0
70,65,14,0,0.05,36,24,0,1,2,4,2,4,1,10,10,0
75,65,14,0,0.05,36,24,0,1,2,4,2,4,1,10,10,0
80,65,14,0,0.05,36,24,0,1,2,4,2,4,1,10,10,0
85,65,14,0,0.05,36,24,0,1,2,4,2,4,1,10,10,0
90,65,14,0,0.05,36,24,0,1,2,4,2,4,1,10,10,0
95,65,14,0,0.05,36,24,0,1,2,4,2,4,1,10,10,0
100,65,14,0,0.05,36,24,0,1,2,4,2,4,1,10,10,0
5,70,14,0,0.05,36,24,0,1,2,4,2,4,1,10,10,0
10,70,14,0,0.05,36,24,0,1,2,4,2,4,1,10,10,0
15,70,14,0,0.05,36,24,0,1,2,4,2,4,1,10,10,0
20,70,14,0,0.05,36,24,0,1,2,4,2,4,1,10,10,0
25,70,14,0,0.05,36,24,0,1,2,4,2,4,1,10,10,0
30,70,14,0,0.05,36,24,0,1,2,4,2,4,1,10,10,0
35,70,14,0,0.05,36,24,0,1,2,4,2,4,1,10,10,0
40,70,14,0,0.05,36,24,0,1,2,4,2,4,1,10,10,0
45,70,14,0,0.05,36,24,0,1,2,4,2,4,1,10,10,0
50,70,14,0,0.05,36,24,0,1,2,4,2,4,1,10,10,0
55,70,14,0,0.05,36,24,0,1,2,4,2,4,1,10,10,0
60,70,14,0,0.05,36,24,0,1,2,4,2,4,1,10,10,0
65,70,14,0,0.05,36,24,0,1,2,4,2,4,1,10,10,0
70,70,14,0,0.05,36,24,0,1,2,4,2,4,1,10,10,0
75,70,14,0,0.05,36,24,0,1,2,4,2,4,1,10,10,0
80,70,14,0,0.05,36,24,0,1,2,4,2,4,1,10,10,0
85,70,14,0,0.05,36,24,0,1,2,4,2,4,1,10,10,0
90,70,14,0,0.05,36,24,0,1,2,4,2,4,1,10,10,0
95,70,14,0,0.05,36,24,0,1,2,4,2,4,1,10,10,0
100,70,14,0,0.05,36,24,0,1,2,4,2,4,1,10,10,0
5,75,14,0,0.05,36,24,0,1,2,4,2,4,1,10,10,0
10,75,14,0,0.05,36,24,0,1,2,4,2,4,1,10,10,0
15,75,14,0,0.05,36,24,0,1,2,4,2,4,1,10,10,0
20,75,14,0,0.05,36,24,0,1,2,4,2,4,1,10,10,0
25,75,14,0,0.05,36,24,0,1,2,4,2,4,1,10,10,0
30,75,14,0,0.05,36,24,0,1,2,4,2,4,1,10,10,0
35,75,14,0,0.05,36,24,0,1,2,4,2,4,1,10,10,0
40,75,14,0,0.05,36,24,0,1,2,4,2,4,1,10,10,0
45,75,14,0,0.05,36,24,0,1,2,4,2,4,1,10,10,0
50,75,14,0,0.05,36,24,0,1,2,4,2,4,1,10,10,0
55,75,14,0,0.05,36,24,0,1,2,4,2,4,1,10,10,0
60,75,14,0,0.05,36,24,0,1,2,4,2,4,1,10,10,0
65,75,14,0,0.05,36,24,0,1,2,4,2,4,1,10,10,0
70,75,14,0,0.05,36,24,0,1,2,4,2,4,1,10,10,0
75,75,14,0,0.05,36,24,0,1,2,4,2,4,1,10,10,0
80,75,14,0,0.05,36,24,0,1,2,4,2,4,1,10,10,0
85,75,14,0,0.05,36,24,0,1,2,4,2,4,1,10,10,0
90,75,14,0,0.05,36,24,0,1,2,4,2,4,1,10,10,0
95,75,14,0,0.05,36,24,0,1,2,4,2,4,1,10,10,0
100,75,14,0,0.05,36,24,0,1,2,4,2,4,1,10,10,0
5,80,14,0,0.05,36,24,0,1,2,4,2,4,1,10,10,0
10,80,14,0,0.05,36,24,0,1,2,4,2,4,1,10,10,0
15,80,14,0,0.05,36,24,0,1,2,4,2,4,1,10,10,0
20,80,14,0,0.05,36,24,0,1,2,4,2,4,1,10,10,0
25,80,14,0,0.05,36,24,0,1,2,4,2,4,1,10,10,0
30,80,14,0,0.05,36,24,0,1,2,4,2,4,1,10,10,0
35,80,14,0,0.05,36,24,0,1,2,4,2,4,1,10,10,0
40,80,14,0,0.05,36,24,0,1,2,4,2,4,1,10,10,0
45,80,14,0,0.05,36,24,0,1,2,4,2,4,1,10,10,0
50,80,14,0,0.05,36,24,0,1,2,4,2,4,1,10,10,0
55,80,14,0,0.05,36,24,0,1,2,4,2,4,1,10,10,0
60,80,14,0,0.05,36,24,0,1,2,4,2,4,1,10,10,0
65,80,14,0,0.05,36,24,0,1,2,4,2,4,1,10,10,0
70,80,14,0,0.05,36,24,0,1,2,4,2,4,1,10,10,0
75,80,14,0,0.05,36,24,0,1,2,4,2,4,1,10,10,0
80,80,14,0,0.05,36,24,0,1,2,4,2,4,1,10,10,0
85,80,14,0,0.05,36,24,0,1,2,4,2,4,1,10,10,0
90,80,14,0,0.05,36,24,0,1,2,4,2,4,1,10,10,0
95,80,14,0,0.05,36,24,0,1,2,4,2,4,1,10,10,0
100,80,14,0,0.05,36,24,0,1,2,4,2,4,1,10,10,0
5,85,14,0,0.05,36,24,0,1,2,4,2,4,1,10,10,0
10,85,14,0,0.05,36,24,0,1,2,4,2,4,1,10,10,0
15,85,14,0,0.05,36,24,0,1,2,4,2,4,1,10,10,0
20,85,14,0,0.05,36,24,0,1,2,4,2,4,1,10,10,0
25,85,14,0,0.05,36,24,0,1,2,4,2,4,1,10,10,0
30,85,14,0,0.05,36,24,0,1,2,4,2,4,1,10,10,0
35,85,14,0,0.05,36,24,0,1,2,4,2,4,1,10,10,0
40,85,14,0,0.05,36,24,0,1,2,4,2,4,1,10,10,0
45,85,14,0,0.05,36,24,0,1,2,4,2,4,1,10,10,0
50,85,14,0,0.05,36,24,0,1,2,4,2,4,1,10,10,0
55,85,14,0,0.05,36,24,0,1,2,4,2,4,1,10,10,0
60,85,14,0,0.05,36,24,0,1,2,4,2,4,1,10,10,0
65,85,14,0,0.05,36,24,0,1,2,4,2,4,1,10,10,0
70,85,14,0,0.05,36,24,0,1,2,4,2,4,1,10,10,0
75,85,14,0,0.05,36,24,0,1,2,4,2,4,1,10,10,0
80,85,14,0,0.05,36,24,0,1,2,4,2,4,1,10,10,0
85,85,14,0,0.05,36,24,0,1,2,4,2,4,1,10,10,0
90,85,14,0,0.05,36,24,0,1,2,4,2,4,1,10,10,0
95,85,14,0,0.05,36,24,0,1,2,4,2,4,1,10,10,0
100,85,14,0,0.05,36,24,0,1,2,4,2,4,1,10,10,0
5,90,14,0,0.05,36,24,0,1,2,4,2,4,1,10,10,0
10,90,14,0,0.05,36,24,0,1,2,4,2,4,1,10,10,0
15,90,14,0,0.05,36,24,0,1,2,4,2,4,1,10,10,0
20,90,14,0,0.05,36,24,0,1,2,4,2,4,1,10,10,0
25,90,14,0,0.05,36,24,0,1,2,4,2,4,1,10,10,0
30,90,14,0,0.05,36,24,0,1,2,4,2,4,1,10,10,0
35,90,14,0,0.05,36,24,0,1,2,4,2,4,1,10,10,0
40,90,14,0,0.05,36,24,0,1,2,4,2,4,1,10,10,0
45,90,14,0,0.05,36,24,0,1,2,4,2,4,1,10,10,0
50,90,14,0,0.05,36,24,0,1,2,4,2,4,1,10,10,0
55,90,14,0,0.05,36,24,0,1,2,4,2,4,1,10,10,0
60,90,14,0,0.05,36,24,0,1,2,4,2,4,1,10,10,0
65,90,14,0,0.05,36,24,0,1,2,4,2,4,1,10,10,0
70,90,14,0,0.05,36,24,0,1,2,4,2,4,1,10,10,0
75,90,14,0,0.05,36,24,0,1,2,4,2,4,1,10,10,0
80,90,14,0,0.05,36,24,0,1,2,4,2,4,1,10,10,0
85,90,14,0,0.05,36,24,0,1,2,4,2,4,1,10,10,0
90,90,14,0,0.05,36,24,0,1,2,4,2,4,1,10,10,0
95,90,14,0,0.05,36,24,0,1,2,4,2,4,1,10,10,0
100,90,14,0,0.05,36,24,0,1,2,4,2,4,1,10,10,0
5,95,14,0,0.05,36,24,0,1,2,4,2,4,1,10,10,0
10,95,14,0,0.05,36,24,0,1,2,4,2,4,1,10,10,0
15,95,14,0,0.05,36,24,0,1,2,4,2,4,1,10,10,0
20,95,14,0,0.05,36,24,0,1,2,4,2,4,1,10,10,0
25,95,14,0,0.05,36,24,0,1,2,4,2,4,1,10,10,0
30,95,14,0,0.05,36,24,0,1,2,4,2,4,1,10,10,0
35,95,14,0,0.05,36,24,0,1,2,4,2,4,1,10,10,0
40,95,14,0,0.05,36,24,0,1,2,4,2,4,1,10,10,0
45,95,14,0,0.05,36,24,0,1,2,4,2,4,1,10,10,0
50,95,14,0,0.05,36,24,0,1,2,4,2,4,1,10,10,0
55,95,14,0,0.05,36,24,0,1,2,4,2,4,1,10,10,0
60,95,14,0,0.05,36,24,0,1,2,4,2,4,1,10,10,0
65,95,14,0,0.05,36,24,0,1,2,4,2,4,1,10,10,0
70,95,14,0,0.05,36,24,0,1,2,4,2,4,1,10,10,0
75,95,14,0,0.05,36,24,0,1,2,4,2,4,1,10,10,0
80,95,14,0,0.05,36,24,0,1,2,4,2,4,1,10,10,0
85,95,14,0,0.05,36,24,0,1,2,4,2,4,1,10,10,0
90,95,14,0,0.05,36,24,0,1,2,4,2,4,1,10,10,0
95,95,14,0,0.05,36,24,0,1,2,4,2,4,1,10,10,0
100,95,14,0,0.05,36,24,0,1,2,4,2,4,1,10,10,0
5,100,14,0,0.05,36,24,0,1,2,4,2,4,1,10,10,0
10,100,14,0,0.05,36,24,0,1,2,4,2,4,1,10,10,0
15,100,14,0,0.05,36,24,0,1,2,4,2,4,1,10,10,0
20,100,14,0,0.05,36,24,0,1,2,4,2,4,1,10,10,0
25,100,14,0,0.05,36,24,0,1,2,4,2,4,1,10,10,0
30,100,14,0,0.05,36,24,0,1,2,4,2,4,1,10,10,0
35,100,14,0,0.05,36,24,0,1,2,4,2,4,1,10,10,0
40,100,14,0,0.05,36,24,0,1,2,4,2,4,1,10,10,0
45,100,14,0,0.05,36,24,0,1,2,4,2,4,1,10,10,0
50,100,14,0,0.05,36,24,0,1,2,4,2,4,1,10,10,0
55,100,14,0,0.05,36,24,0,1,2,4,2,4,1,10,10,0
60,100,14,0,0.05,36,24,0,1,2,4,2,4,1,10,10,0
65,100,14,0,0.05,36,24,0,1,2,4,2,4,1,10,10,0
70,100,14,0,0.05,36,24,0,1,2,4,2,4,1,10,10,0
75,100,14,0,0.05,36,24,0,1,2,4,2,4,1,10,10,0
80,100,14,0,0.05,36,24,0,1,2,4,2,4,1,10,10,0
85,100,14,0,0.05,36,24,0,1,2,4,2,4,1,10,10,0
90,100,14,0,0.05,36,24,0,1,2,4,2,4,1,10,10,0
95,100,14,0,0.05,36,24,0,1,2,4,2,4,1,10,10,0
100,100,14,0,0.05,36,24,0,1,2,4,2,4,1,10,10,0
5,5,16,0,0.05,36,24,0,1,2,4,2,4,1,10,10,0
10,5,16,0,0.05,36,24,0,1,2,4,2,4,1,10,10,0
15,5,16,0,0.05,36,24,0,1,2,4,2,4,1,10,10,0
20,5,16,0,0.05,36,24,0,1,2,4,2,4,1,10,10,0
25,5,16,0,0.05,36,24,0,1,2,4,2,4,1,10,10,0
30,5,16,0,0.05,36,24,0,1,2,4,2,4,1,10,10,0
35,5,16,0,0.05,36,24,0,1,2,4,2,4,1,10,10,0
40,5,16,0,0.05,36,24,0,1,2,4,2,4,1,10,10,0
45,5,16,0,0.05,36,24,0,1,2,4,2,4,1,10,10,0
50,5,16,0,0.05,36,24,0,1,2,4,2,4,1,10,10,0
55,5,16,0,0.05,36,24,0,1,2,4,2,4,1,10,10,0
60,5,16,0,0.05,36,24,0,1,2,4,2,4,1,10,10,0
65,5,16,0,0.05,36,24,0,1,2,4,2,4,1,10,10,0
70,5,16,0,0.05,36,24,0,1,2,4,2,4,1,10,10,0
75,5,16,0,0.05,36,24,0,1,2,4,2,4,1,10,10,0
80,5,16,0,0.05,36,24,0,1,2,4,2,4,1,10,10,0
85,5,16,0,0.05,36,24,0,1,2,4,2,4,1,10,10,0
90,5,16,0,0.05,36,24,0,1,2,4,2,4,1,10,10,0
95,5,16,0,0.05,36,24,0,1,2,4,2,4,1,10,10,0
100,5,16,0,0.05,36,24,0,1,2,4,2,4,1,10,10,0
5,10,16,0,0.05,36,24,0,1,2,4,2,4,1,10,10,0
10,10,16,0,0.05,36,24,0,1,2,4,2,4,1,10,10,0
15,10,16,0,0.05,36,24,0,1,2,4,2,4,1,10,10,0
20,10,16,0,0.05,36,24,0,1,2,4,2,4,1,10,10,0
25,10,16,0,0.05,36,24,0,1,2,4,2,4,1,10,10,0
30,10,16,0,0.05,36,24,0,1,2,4,2,4,1,10,10,0
35,10,16,0,0.05,36,24,0,1,2,4,2,4,1,10,10,0
40,10,16,0,0.05,36,24,0,1,2,4,2,4,1,10,10,0
45,10,16,0,0.05,36,24,0,1,2,4,2,4,1,10,10,0
50,10,16,0,0.05,36,24,0,1,2,4,2,4,1,10,10,0
55,10,16,0,0.05,36,24,0,1,2,4,2,4,1,10,10,0
60,10,16,0,0.05,36,24,0,1,2,4,2,4,1,10,10,0
65,10,16,0,0.05,36,24,0,1,2,4,2,4,1,10,10,0
70,10,16,0,0.05,36,24,0,1,2,4,2,4,1,10,10,0
75,10,16,0,0.05,36,24,0,1,2,4,2,4,1,10,10,0
80,10,16,0,0.05,36,24,0,1,2,4,2,4,1,10,10,0
85,10,16,0,0.05,36,24,0,1,2,4,2,4,1,10,10,0
90,10,16,0,0.05,36,24,0,1,2,4,2,4,1,10,10,0
95,10,16,0,0.05,36,24,0,1,2,4,2,4,1,10,10,0
100,10,16,0,0.05,36,24,0,1,2,4,2,4,1,10,10,0
5,15,16,0,0.05,36,24,0,1,2,4,2,4,1,10,10,0
10,15,16,0,0.05,36,24,0,1,2,4,2,4,1,10,10,0
15,15,16,0,0.05,36,24,0,1,2,4,2,4,1,10,10,0
20,15,16,0,0.05,36,24,0,1,2,4,2,4,1,10,10,0
25,15,16,0,0.05,36,24,0,1,2,4,2,4,1,10,10,0
30,15,16,0,0.05,36,24,0,1,2,4,2,4,1,10,10,0
35,15,16,0,0.05,36,24,0,1,2,4,2,4,1,10,10,0
40,15,16,0,0.05,36,24,0,1,2,4,2,4,1,10,10,0
45,15,16,0,0.05,36,24,0,1,2,4,2,4,1,10,10,0
50,15,16,0,0.05,36,24,0,1,2,4,2,4,1,10,10,0
55,15,16,0,0.05,36,24,0,1,2,4,2,4,1,10,10,0
60,15,16,0,0.05,36,24,0,1,2,4,2,4,1,10,10,0
65,15,16,0,0.05,36,24,0,1,2,4,2,4,1,10,10,0
70,15,16,0,0.05,36,24,0,1,2,4,2,4,1,10,10,0
75,15,16,0,0.05,36,24,0,1,2,4,2,4,1,10,10,0
80,15,16,0,0.05,36,24,0,1,2,4,2,4,1,10,10,0
85,15,16,0,0.05,36,24,0,1,2,4,2,4,1,10,10,0
90,15,16,0,0.05,36,24,0,1,2,4,2,4,1,10,10,0
95,15,16,0,0.05,36,24,0,1,2,4,2,4,1,10,10,0
100,15,16,0,0.05,36,24,0,1,2,4,2,4,1,10,10,0
5,20,16,0,0.05,36,24,0,1,2,4,2,4,1,10,10,0
10,20,16,0,0.05,36,24,0,1,2,4,2,4,1,10,10,0
15,20,16,0,0.05,36,24,0,1,2,4,2,4,1,10,10,0
20,20,16,0,0.05,36,24,0,1,2,4,2,4,1,10,10,0
25,20,16,0,0.05,36,24,0,1,2,4,2,4,1,10,10,0
30,20,16,0,0.05,36,24,0,1,2,4,2,4,1,10,10,0
35,20,16,0,0.05,36,24,0,1,2,4,2,4,1,10,10,0
40,20,16,0,0.05,36,24,0,1,2,4,2,4,1,10,10,0
45,20,16,0,0.05,36,24,0,1,2,4,2,4,1,10,10,0
50,20,16,0,0.05,36,24,0,1,2,4,2,4,1,10,10,0
55,20,16,0,0.05,36,24,0,1,2,4,2,4,1,10,10,0
60,20,16,0,0.05,36,24,0,1,2,4,2,4,1,10,10,0
65,20,16,0,0.05,36,24,0,1,2,4,2,4,1,10,10,0
70,20,16,0,0.05,36,24,0,1,2,4,2,4,1,10,10,0
75,20,16,0,0.05,36,24,0,1,2,4,2,4,1,10,10,0
80,20,16,0,0.05,36,24,0,1,2,4,2,4,1,10,10,0
85,20,16,0,0.05,36,24,0,1,2,4,2,4,1,10,10,0
90,20,16,0,0.05,36,24,0,1,2,4,2,4,1,10,10,0
95,20,16,0,0.05,36,24,0,1,2,4,2,4,1,10,10,0
100,20,16,0,0.05,36,24,0,1,2,4,2,4,1,10,10,0
5,25,16,0,0.05,36,24,0,1,2,4,2,4,1,10,10,0
10,25,16,0,0.05,36,24,0,1,2,4,2,4,1,10,10,0
15,25,16,0,0.05,36,24,0,1,2,4,2,4,1,10,10,0
20,25,16,0,0.05,36,24,0,1,2,4,2,4,1,10,10,0
25,25,16,0,0.05,36,24,0,1,2,4,2,4,1,10,10,0
30,25,16,0,0.05,36,24,0,1,2,4,2,4,1,10,10,0
35,25,16,0,0.05,36,24,0,1,2,4,2,4,1,10,10,0
40,25,16,0,0.05,36,24,0,1,2,4,2,4,1,10,10,0
45,25,16,0,0.05,36,24,0,1,2,4,2,4,1,10,10,0
50,25,16,0,0.05,36,24,0,1,2,4,2,4,1,10,10,0
55,25,16,0,0.05,36,24,0,1,2,4,2,4,1,10,10,0
60,25,16,0,0.05,36,24,0,1,2,4,2,4,1,10,10,0
65,25,16,0,0.05,36,24,0,1,2,4,2,4,1,10,10,0
70,25,16,0,0.05,36,24,0,1,2,4,2,4,1,10,10,0
75,25,16,0,0.05,36,24,0,1,2,4,2,4,1,10,10,0
80,25,16,0,0.05,36,24,0,1,2,4,2,4,1,10,10,0
85,25,16,0,0.05,36,24,0,1,2,4,2,4,1,10,10,0
90,25,16,0,0.05,36,24,0,1,2,4,2,4,1,10,10,0
95,25,16,0,0.05,36,24,0,1,2,4,2,4,1,10,10,0
100,25,16,0,0.05,36,24,0,1,2,4,2,4,1,10,10,0
5,30,16,0,0.05,36,24,0,1,2,4,2,4,1,10,10,0
10,30,16,0,0.05,36,24,0,1,2,4,2,4,1,10,10,0
15,30,16,0,0.05,36,24,0,1,2,4,2,4,1,10,10,0
20,30,16,0,0.05,36,24,0,1,2,4,2,4,1,10,10,0
25,30,16,0,0.05,36,24,0,1,2,4,2,4,1,10,10,0
30,30,16,0,0.05,36,24,0,1,2,4,2,4,1,10,10,0
35,30,16,0,0.05,36,24,0,1,2,4,2,4,1,10,10,0
40,30,16,0,0.05,36,24,0,1,2,4,2,4,1,10,10,0
45,30,16,0,0.05,36,24,0,1,2,4,2,4,1,10,10,0
50,30,16,0,0.05,36,24,0,1,2,4,2,4,1,10,10,0
55,30,16,0,0.05,36,24,0,1,2,4,2,4,1,10,10,0
60,30,16,0,0.05,36,24,0,1,2,4,2,4,1,10,10,0
65,30,16,0,0.05,36,24,0,1,2,4,2,4,1,10,10,0
70,30,16,0,0.05,36,24,0,1,2,4,2,4,1,10,10,0
75,30,16,0,0.05,36,24,0,1,2,4,2,4,1,10,10,0
80,30,16,0,0.05,36,24,0,1,2,4,2,4,1,10,10,0
85,30,16,0,0.05,36,24,0,1,2,4,2,4,1,10,10,0
90,30,16,0,0.05,36,24,0,1,2,4,2,4,1,10,10,0
95,30,16,0,0.05,36,24,0,1,2,4,2,4,1,10,10,0
100,30,16,0,0.05,36,24,0,1,2,4,2,4,1,10,10,0
5,35,16,0,0.05,36,24,0,1,2,4,2,4,1,10,10,0
10,35,16,0,0.05,36,24,0,1,2,4,2,4,1,10,10,0
15,35,16,0,0.05,36,24,0,1,2,4,2,4,1,10,10,0
20,35,16,0,0.05,36,24,0,1,2,4,2,4,1,10,10,0
25,35,16,0,0.05,36,24,0,1,2,4,2,4,1,10,10,0
30,35,16,0,0.05,36,24,0,1,2,4,2,4,1,10,10,0
35,35,16,0,0.05,36,24,0,1,2,4,2,4,1,10,10,0
40,35,16,0,0.05,36,24,0,1,2,4,2,4,1,10,10,0
45,35,16,0,0.05,36,24,0,1,2,4,2,4,1,10,10,0
50,35,16,0,0.05,36,24,0,1,2,4,2,4,1,10,10,0
55,35,16,0,0.05,36,24,0,1,2,4,2,4,1,10,10,0
60,35,16,0,0.05,36,24,0,1,2,4,2,4,1,10,10,0
65,35,16,0,0.05,36,24,0,1,2,4,2,4,1,10,10,0
70,35,16,0,0.05,36,24,0,1,2,4,2,4,1,10,10,0
75,35,16,0,0.05,36,24,0,1,2,4,2,4,1,10,10,0
80,35,16,0,0.05,36,24,0,1,2,4,2,4,1,10,10,0
85,35,16,0,0.05,36,24,0,1,2,4,2,4,1,10,10,0
90,35,16,0,0.05,36,24,0,1,2,4,2,4,1,10,10,0
95,35,16,0,0.05,36,24,0,1,2,4,2,4,1,10,10,0
100,35,16,0,0.05,36,24,0,1,2,4,2,4,1,10,10,0
5,40,16,0,0.05,36,24,0,1,2,4,2,4,1,10,10,0
10,40,16,0,0.05,36,24,0,1,2,4,2,4,1,10,10,0
15,40,16,0,0.05,36,24,0,1,2,4,2,4,1,10,10,0
20,40,16,0,0.05,36,24,0,1,2,4,2,4,1,10,10,0
25,40,16,0,0.05,36,24,0,1,2,4,2,4,1,10,10,0
30,40,16,0,0.05,36,24,0,1,2,4,2,4,1,10,10,0
35,40,16,0,0.05,36,24,0,1,2,4,2,4,1,10,10,0
40,40,16,0,0.05,36,24,0,1,2,4,2,4,1,10,10,0
45,40,16,0,0.05,36,24,0,1,2,4,2,4,1,10,10,0
50,40,16,0,0.05,36,24,0,1,2,4,2,4,1,10,10,0
55,40,16,0,0.05,36,24,0,1,2,4,2,4,1,10,10,0
60,40,16,0,0.05,36,24,0,1,2,4,2,4,1,10,10,0
65,40,16,0,0.05,36,24,0,1,2,4,2,4,1,10,10,0
70,40,16,0,0.05,36,24,0,1,2,4,2,4,1,10,10,0
75,40,16,0,0.05,36,24,0,1,2,4,2,4,1,10,10,0
80,40,16,0,0.05,36,24,0,1,2,4,2,4,1,10,10,0
85,40,16,0,0.05,36,24,0,1,2,4,2,4,1,10,10,0
90,40,16,0,0.05,36,24,0,1,2,4,2,4,1,10,10,0
95,40,16,0,0.05,36,24,0,1,2,4,2,4,1,10,10,0
100,40,16,0,0.05,36,24,0,1,2,4,2,4,1,10,10,0
5,45,16,0,0.05,36,24,0,1,2,4,2,4,1,10,10,0
10,45,16,0,0.05,36,24,0,1,2,4,2,4,1,10,10,0
15,45,16,0,0.05,36,24,0,1,2,4,2,4,1,10,10,0
20,45,16,0,0.05,36,24,0,1,2,4,2,4,1,10,10,0
25,45,16,0,0.05,36,24,0,1,2,4,2,4,1,10,10,0
30,45,16,0,0.05,36,24,0,1,2,4,2,4,1,10,10,0
35,45,16,0,0.05,36,24,0,1,2,4,2,4,1,10,10,0
40,45,16,0,0.05,36,24,0,1,2,4,2,4,1,10,10,0
45,45,16,0,0.05,36,24,0,1,2,4,2,4,1,10,10,0
50,45,16,0,0.05,36,24,0,1,2,4,2,4,1,10,10,0
55,45,16,0,0.05,36,24,0,1,2,4,2,4,1,10,10,0
60,45,16,0,0.05,36,24,0,1,2,4,2,4,1,10,10,0
65,45,16,0,0.05,36,24,0,1,2,4,2,4,1,10,10,0
70,45,16,0,0.05,36,24,0,1,2,4,2,4,1,10,10,0
75,45,16,0,0.05,36,24,0,1,2,4,2,4,1,10,10,0
80,45,16,0,0.05,36,24,0,1,2,4,2,4,1,10,10,0
85,45,16,0,0.05,36,24,0,1,2,4,2,4,1,10,10,0
90,45,16,0,0.05,36,24,0,1,2,4,2,4,1,10,10,0
95,45,16,0,0.05,36,24,0,1,2,4,2,4,1,10,10,0
100,45,16,0,0.05,36,24,0,1,2,4,2,4,1,10,10,0
5,50,16,0,0.05,36,24,0,1,2,4,2,4,1,10,10,0
10,50,16,0,0.05,36,24,0,1,2,4,2,4,1,10,10,0
15,50,16,0,0.05,36,24,0,1,2,4,2,4,1,10,10,0
20,50,16,0,0.05,36,24,0,1,2,4,2,4,1,10,10,0
25,50,16,0,0.05,36,24,0,1,2,4,2,4,1,10,10,0
30,50,16,0,0.05,36,24,0,1,2,4,2,4,1,10,10,0
35,50,16,0,0.05,36,24,0,1,2,4,2,4,1,10,10,0
40,50,16,0,0.05,36,24,0,1,2,4,2,4,1,10,10,0
45,50,16,0,0.05,36,24,0,1,2,4,2,4,1,10,10,0
50,50,16,0,0.05,36,24,0,1,2,4,2,4,1,10,10,0
55,50,16,0,0.05,36,24,0,1,2,4,2,4,1,10,10,0
60,50,16,0,0.05,36,24,0,1,2,4,2,4,1,10,10,0
65,50,16,0,0.05,36,24,0,1,2,4,2,4,1,10,10,0
70,50,16,0,0.05,36,24,0,1,2,4,2,4,1,10,10,0
75,50,16,0,0.05,36,24,0,1,2,4,2,4,1,10,10,0
80,50,16,0,0.05,36,24,0,1,2,4,2,4,1,10,10,0
85,50,16,0,0.05,36,24,0,1,2,4,2,4,1,10,10,0
90,50,16,0,0.05,36,24,0,1,2,4,2,4,1,10,10,0
95,50,16,0,0.05,36,24,0,1,2,4,2,4,1,10,10,0
100,50,16,0,0.05,36,24,0,1,2,4,2,4,1,10,10,0
5,55,16,0,0.05,36,24,0,1,2,4,2,4,1,10,10,0
10,55,16,0,0.05,36,24,0,1,2,4,2,4,1,10,10,0
15,55,16,0,0.05,36,24,0,1,2,4,2,4,1,10,10,0
20,55,16,0,0.05,36,24,0,1,2,4,2,4,1,10,10,0
25,55,16,0,0.05,36,24,0,1,2,4,2,4,1,10,10,0
30,55,16,0,0.05,36,24,0,1,2,4,2,4,1,10,10,0
35,55,16,0,0.05,36,24,0,1,2,4,2,4,1,10,10,0
40,55,16,0,0.05,36,24,0,1,2,4,2,4,1,10,10,0
45,55,16,0,0.05,36,24,0,1,2,4,2,4,1,10,10,0
50,55,16,0,0.05,36,24,0,1,2,4,2,4,1,10,10,0
55,55,16,0,0.05,36,24,0,1,2,4,2,4,1,10,10,0
60,55,16,0,0.05,36,24,0,1,2,4,2,4,1,10,10,0
65,55,16,0,0.05,36,24,0,1,2,4,2,4,1,10,10,0
70,55,16,0,0.05,36,24,0,1,2,4,2,4,1,10,10,0
75,55,16,0,0.05,36,24,0,1,2,4,2,4,1,10,10,0
80,55,16,0,0.05,36,24,0,1,2,4,2,4,1,10,10,0
85,55,16,0,0.05,36,24,0,1,2,4,2,4,1,10,10,0
90,55,16,0,0.05,36,24,0,1,2,4,2,4,1,10,10,0
95,55,16,0,0.05,36,24,0,1,2,4,2,4,1,10,10,0
100,55,16,0,0.05,36,24,0,1,2,4,2,4,1,10,10,0
5,60,16,0,0.05,36,24,0,1,2,4,2,4,1,10,10,0
10,60,16,0,0.05,36,24,0,1,2,4,2,4,1,10,10,0
15,60,16,0,0.05,36,24,0,1,2,4,2,4,1,10,10,0
20,60,16,0,0.05,36,24,0,1,2,4,2,4,1,10,10,0
25,60,16,0,0.05,36,24,0,1,2,4,2,4,1,10,10,0
30,60,16,0,0.05,36,24,0,1,2,4,2,4,1,10,10,0
35,60,16,0,0.05,36,24,0,1,2,4,2,4,1,10,10,0
40,60,16,0,0.05,36,24,0,1,2,4,2,4,1,10,10,0
45,60,16,0,0.05,36,24,0,1,2,4,2,4,1,10,10,0
50,60,16,0,0.05,36,24,0,1,2,4,2,4,1,10,10,0
55,60,16,0,0.05,36,24,0,1,2,4,2,4,1,10,10,0
60,60,16,0,0.05,36,24,0,1,2,4,2,4,1,10,10,0
65,60,16,0,0.05,36,24,0,1,2,4,2,4,1,10,10,0
70,60,16,0,0.05,36,24,0,1,2,4,2,4,1,10,10,0
75,60,16,0,0.05,36,24,0,1,2,4,2,4,1,10,10,0
80,60,16,0,0.05,36,24,0,1,2,4,2,4,1,10,10,0
85,60,16,0,0.05,36,24,0,1,2,4,2,4,1,10,10,0
90,60,16,0,0.05,36,24,0,1,2,4,2,4,1,10,10,0
95,60,16,0,0.05,36,24,0,1,2,4,2,4,1,10,10,0
100,60,16,0,0.05,36,24,0,1,2,4,2,4,1,10,10,0
5,65,16,0,0.05,36,24,0,1,2,4,2,4,1,10,10,0
10,65,16,0,0.05,36,24,0,1,2,4,2,4,1,10,10,0
15,65,16,0,0.05,36,24,0,1,2,4,2,4,1,10,10,0
20,65,16,0,0.05,36,24,0,1,2,4,2,4,1,10,10,0
25,65,16,0,0.05,36,24,0,1,2,4,2,4,1,10,10,0
30,65,16,0,0.05,36,24,0,1,2,4,2,4,1,10,10,0
35,65,16,0,0.05,36,24,0,1,2,4,2,4,1,10,10,0
40,65,16,0,0.05,36,24,0,1,2,4,2,4,1,10,10,0
45,65,16,0,0.05,36,24,0,1,2,4,2,4,1,10,10,0
50,65,16,0,0.05,36,24,0,1,2,4,2,4,1,10,10,0
55,65,16,0,0.05,36,24,0,1,2,4,2,4,1,10,10,0
60,65,16,0,0.05,36,24,0,1,2,4,2,4,1,10,10,0
65,65,16,0,0.05,36,24,0,1,2,4,2,4,1,10,10,0
70,65,16,0,0.05,36,24,0,1,2,4,2,4,1,10,10,0
75,65,16,0,0.05,36,24,0,1,2,4,2,4,1,10,10,0
80,65,16,0,0.05,36,24,0,1,2,4,2,4,1,10,10,0
85,65,16,0,0.05,36,24,0,1,2,4,2,4,1,10,10,0
90,65,16,0,0.05,36,24,0,1,2,4,2,4,1,10,10,0
95,65,16,0,0.05,36,24,0,1,2,4,2,4,1,10,10,0
100,65,16,0,0.05,36,24,0,1,2,4,2,4,1,10,10,0
5,70,16,0,0.05,36,24,0,1,2,4,2,4,1,10,10,0
10,70,16,0,0.05,36,24,0,1,2,4,2,4,1,10,10,0
15,70,16,0,0.05,36,24,0,1,2,4,2,4,1,10,10,0
20,70,16,0,0.05,36,24,0,1,2,4,2,4,1,10,10,0
25,70,16,0,0.05,36,24,0,1,2,4,2,4,1,10,10,0
30,70,16,0,0.05,36,24,0,1,2,4,2,4,1,10,10,0
35,70,16,0,0.05,36,24,0,1,2,4,2,4,1,10,10,0
40,70,16,0,0.05,36,24,0,1,2,4,2,4,1,10,10,0
45,70,16,0,0.05,36,24,0,1,2,4,2,4,1,10,10,0
50,70,16,0,0.05,36,24,0,1,2,4,2,4,1,10,10,0
55,70,16,0,0.05,36,24,0,1,2,4,2,4,1,10,10,0
60,70,16,0,0.05,36,24,0,1,2,4,2,4,1,10,10,0
65,70,16,0,0.05,36,24,0,1,2,4,2,4,1,10,10,0
70,70,16,0,0.05,36,24,0,1,2,4,2,4,1,10,10,0
75,70,16,0,0.05,36,24,0,1,2,4,2,4,1,10,10,0
80,70,16,0,0.05,36,24,0,1,2,4,2,4,1,10,10,0
85,70,16,0,0.05,36,24,0,1,2,4,2,4,1,10,10,0
90,70,16,0,0.05,36,24,0,1,2,4,2,4,1,10,10,0
95,70,16,0,0.05,36,24,0,1,2,4,2,4,1,10,10,0
100,70,16,0,0.05,36,24,0,1,2,4,2,4,1,10,10,0
5,75,16,0,0.05,36,24,0,1,2,4,2,4,1,10,10,0
10,75,16,0,0.05,36,24,0,1,2,4,2,4,1,10,10,0
15,75,16,0,0.05,36,24,0,1,2,4,2,4,1,10,10,0
20,75,16,0,0.05,36,24,0,1,2,4,2,4,1,10,10,0
25,75,16,0,0.05,36,24,0,1,2,4,2,4,1,10,10,0
30,75,16,0,0.05,36,24,0,1,2,4,2,4,1,10,10,0
35,75,16,0,0.05,36,24,0,1,2,4,2,4,1,10,10,0
40,75,16,0,0.05,36,24,0,1,2,4,2,4,1,10,10,0
45,75,16,0,0.05,36,24,0,1,2,4,2,4,1,10,10,0
50,75,16,0,0.05,36,24,0,1,2,4,2,4,1,10,10,0
55,75,16,0,0.05,36,24,0,1,2,4,2,4,1,10,10,0
60,75,16,0,0.05,36,24,0,1,2,4,2,4,1,10,10,0
65,75,16,0,0.05,36,24,0,1,2,4,2,4,1,10,10,0
70,75,16,0,0.05,36,24,0,1,2,4,2,4,1,10,10,0
75,75,16,0,0.05,36,24,0,1,2,4,2,4,1,10,10,0
80,75,16,0,0.05,36,24,0,1,2,4,2,4,1,10,10,0
85,75,16,0,0.05,36,24,0,1,2,4,2,4,1,10,10,0
90,75,16,0,0.05,36,24,0,1,2,4,2,4,1,10,10,0
95,75,16,0,0.05,36,24,0,1,2,4,2,4,1,10,10,0
100,75,16,0,0.05,36,24,0,1,2,4,2,4,1,10,10,0
5,80,16,0,0.05,36,24,0,1,2,4,2,4,1,10,10,0
10,80,16,0,0.05,36,24,0,1,2,4,2,4,1,10,10,0
15,80,16,0,0.05,36,24,0,1,2,4,2,4,1,10,10,0
20,80,16,0,0.05,36,24,0,1,2,4,2,4,1,10,10,0
25,80,16,0,0.05,36,24,0,1,2,4,2,4,1,10,10,0
30,80,16,0,0.05,36,24,0,1,2,4,2,4,1,10,10,0
35,80,16,0,0.05,36,24,0,1,2,4,2,4,1,10,10,0
40,80,16,0,0.05,36,24,0,1,2,4,2,4,1,10,10,0
45,80,16,0,0.05,36,24,0,1,2,4,2,4,1,10,10,0
50,80,16,0,0.05,36,24,0,1,2,4,2,4,1,10,10,0
55,80,16,0,0.05,36,24,0,1,2,4,2,4,1,10,10,0
60,80,16,0,0.05,36,24,0,1,2,4,2,4,1,10,10,0
65,80,16,0,0.05,36,24,0,1,2,4,2,4,1,10,10,0
70,80,16,0,0.05,36,24,0,1,2,4,2,4,1,10,10,0
75,80,16,0,0.05,36,24,0,1,2,4,2,4,1,10,10,0
80,80,16,0,0.05,36,24,0,1,2,4,2,4,1,10,10,0
85,80,16,0,0.05,36,24,0,1,2,4,2,4,1,10,10,0
90,80,16,0,0.05,36,24,0,1,2,4,2,4,1,10,10,0
95,80,16,0,0.05,36,24,0,1,2,4,2,4,1,10,10,0
100,80,16,0,0.05,36,24,0,1,2,4,2,4,1,10,10,0
5,85,16,0,0.05,36,24,0,1,2,4,2,4,1,10,10,0
10,85,16,0,0.05,36,24,0,1,2,4,2,4,1,10,10,0
15,85,16,0,0.05,36,24,0,1,2,4,2,4,1,10,10,0
20,85,16,0,0.05,36,24,0,1,2,4,2,4,1,10,10,0
25,85,16,0,0.05,36,24,0,1,2,4,2,4,1,10,10,0
30,85,16,0,0.05,36,24,0,1,2,4,2,4,1,10,10,0
35,85,16,0,0.05,36,24,0,1,2,4,2,4,1,10,10,0
40,85,16,0,0.05,36,24,0,1,2,4,2,4,1,10,10,0
45,85,16,0,0.05,36,24,0,1,2,4,2,4,1,10,10,0
50,85,16,0,0.05,36,24,0,1,2,4,2,4,1,10,10,0
55,85,16,0,0.05,36,24,0,1,2,4,2,4,1,10,10,0
60,85,16,0,0.05,36,24,0,1,2,4,2,4,1,10,10,0
65,85,16,0,0.05,36,24,0,1,2,4,2,4,1,10,10,0
70,85,16,0,0.05,36,24,0,1,2,4,2,4,1,10,10,0
75,85,16,0,0.05,36,24,0,1,2,4,2,4,1,10,10,0
80,85,16,0,0.05,36,24,0,1,2,4,2,4,1,10,10,0
85,85,16,0,0.05,36,24,0,1,2,4,2,4,1,10,10,0
90,85,16,0,0.05,36,24,0,1,2,4,2,4,1,10,10,0
95,85,16,0,0.05,36,24,0,1,2,4,2,4,1,10,10,0
100,85,16,0,0.05,36,24,0,1,2,4,2,4,1,10,10,0
5,90,16,0,0.05,36,24,0,1,2,4,2,4,1,10,10,0
10,90,16,0,0.05,36,24,0,1,2,4,2,4,1,10,10,0
15,90,16,0,0.05,36,24,0,1,2,4,2,4,1,10,10,0
20,90,16,0,0.05,36,24,0,1,2,4,2,4,1,10,10,0
25,90,16,0,0.05,36,24,0,1,2,4,2,4,1,10,10,0
30,90,16,0,0.05,36,24,0,1,2,4,2,4,1,10,10,0
35,90,16,0,0.05,36,24,0,1,2,4,2,4,1,10,10,0
40,90,16,0,0.05,36,24,0,1,2,4,2,4,1,10,10,0
45,90,16,0,0.05,36,24,0,1,2,4,2,4,1,10,10,0
50,90,16,0,0.05,36,24,0,1,2,4,2,4,1,10,10,0
55,90,16,0,0.05,36,24,0,1,2,4,2,4,1,10,10,0
60,90,16,0,0.05,36,24,0,1,2,4,2,4,1,10,10,0
65,90,16,0,0.05,36,24,0,1,2,4,2,4,1,10,10,0
70,90,16,0,0.05,36,24,0,1,2,4,2,4,1,10,10,0
75,90,16,0,0.05,36,24,0,1,2,4,2,4,1,10,10,0
80,90,16,0,0.05,36,24,0,1,2,4,2,4,1,10,10,0
85,90,16,0,0.05,36,24,0,1,2,4,2,4,1,10,10,0
90,90,16,0,0.05,36,24,0,1,2,4,2,4,1,10,10,0
95,90,16,0,0.05,36,24,0,1,2,4,2,4,1,10,10,0
100,90,16,0,0.05,36,24,0,1,2,4,2,4,1,10,10,0
5,95,16,0,0.05,36,24,0,1,2,4,2,4,1,10,10,0
10,95,16,0,0.05,36,24,0,1,2,4,2,4,1,10,10,0
15,95,16,0,0.05,36,24,0,1,2,4,2,4,1,10,10,0
20,95,16,0,0.05,36,24,0,1,2,4,2,4,1,10,10,0
25,95,16,0,0.05,36,24,0,1,2,4,2,4,1,10,10,0
30,95,16,0,0.05,36,24,0,1,2,4,2,4,1,10,10,0
35,95,16,0,0.05,36,24,0,1,2,4,2,4,1,10,10,0
40,95,16,0,0.05,36,24,0,1,2,4,2,4,1,10,10,0
45,95,16,0,0.05,36,24,0,1,2,4,2,4,1,10,10,0
50,95,16,0,0.05,36,24,0,1,2,4,2,4,1,10,10,0
55,95,16,0,0.05,36,24,0,1,2,4,2,4,1,10,10,0
60,95,16,0,0.05,36,24,0,1,2,4,2,4,1,10,10,0
65,95,16,0,0.05,36,24,0,1,2,4,2,4,1,10,10,0
70,95,16,0,0.05,36,24,0,1,2,4,2,4,1,10,10,0
75,95,16,0,0.05,36,24,0,1,2,4,2,4,1,10,10,0
80,95,16,0,0.05,36,24,0,1,2,4,2,4,1,10,10,0
85,95,16,0,0.05,36,24,0,1,2,4,2,4,1,10,10,0
90,95,16,0,0.05,36,24,0,1,2,4,2,4,1,10,10,0
95,95,16,0,0.05,36,24,0,1,2,4,2,4,1,10,10,0
100,95,16,0,0.05,36,24,0,1,2,4,2,4,1,10,10,0
5,100,16,0,0.05,36,24,0,1,2,4,2,4,1,10,10,0
10,100,16,0,0.05,36,24,0,1,2,4,2,4,1,10,10,0
15,100,16,0,0.05,36,24,0,1,2,4,2,4,1,10,10,0
20,100,16,0,0.05,36,24,0,1,2,4,2,4,1,10,10,0
25,100,16,0,0.05,36,24,0,1,2,4,2,4,1,10,10,0
30,100,16,0,0.05,36,24,0,1,2,4,2,4,1,10,10,0
35,100,16,0,0.05,36,24,0,1,2,4,2,4,1,10,10,0
40,100,16,0,0.05,36,24,0,1,2,4,2,4,1,10,10,0
45,100,16,0,0.05,36,24,0,1,2,4,2,4,1,10,10,0
50,100,16,0,0.05,36,24,0,1,2,4,2,4,1,10,10,0
55,100,16,0,0.05,36,24,0,1,2,4,2,4,1,10,10,0
60,100,16,0,0.05,36,24,0,1,2,4,2,4,1,10,10,0
65,100,16,0,0.05,36,24,0,1,2,4,2,4,1,10,10,0
70,100,16,0,0.05,36,24,0,1,2,4,2,4,1,10,10,0
75,100,16,0,0.05,36,24,0,1,2,4,2,4,1,10,10,0
80,100,16,0,0.05,36,24,0,1,2,4,2,4,1,10,10,0
85,100,16,0,0.05,36,24,0,1,2,4,2,4,1,10,10,0
90,100,16,0,0.05,36,24,0,1,2,4,2,4,1,10,10,0
95,100,16,0,0.05,36,24,0,1,2,4,2,4,1,10,10,0
100,100,16,0,0.05,36,24,0,1,2,4,2,4,1,10,10,0
5,5,18,0,0.05,36,24,0,1,2,4,2,4,1,10,10,0
10,5,18,0,0.05,36,24,0,1,2,4,2,4,1,10,10,0
15,5,18,0,0.05,36,24,0,1,2,4,2,4,1,10,10,0
20,5,18,0,0.05,36,24,0,1,2,4,2,4,1,10,10,0
25,5,18,0,0.05,36,24,0,1,2,4,2,4,1,10,10,0
30,5,18,0,0.05,36,24,0,1,2,4,2,4,1,10,10,0
35,5,18,0,0.05,36,24,0,1,2,4,2,4,1,10,10,0
40,5,18,0,0.05,36,24,0,1,2,4,2,4,1,10,10,0
45,5,18,0,0.05,36,24,0,1,2,4,2,4,1,10,10,0
50,5,18,0,0.05,36,24,0,1,2,4,2,4,1,10,10,0
55,5,18,0,0.05,36,24,0,1,2,4,2,4,1,10,10,0
60,5,18,0,0.05,36,24,0,1,2,4,2,4,1,10,10,0
65,5,18,0,0.05,36,24,0,1,2,4,2,4,1,10,10,0
70,5,18,0,0.05,36,24,0,1,2,4,2,4,1,10,10,0
75,5,18,0,0.05,36,24,0,1,2,4,2,4,1,10,10,0
80,5,18,0,0.05,36,24,0,1,2,4,2,4,1,10,10,0
85,5,18,0,0.05,36,24,0,1,2,4,2,4,1,10,10,0
90,5,18,0,0.05,36,24,0,1,2,4,2,4,1,10,10,0
95,5,18,0,0.05,36,24,0,1,2,4,2,4,1,10,10,0
100,5,18,0,0.05,36,24,0,1,2,4,2,4,1,10,10,0
5,10,18,0,0.05,36,24,0,1,2,4,2,4,1,10,10,0
10,10,18,0,0.05,36,24,0,1,2,4,2,4,1,10,10,0
15,10,18,0,0.05,36,24,0,1,2,4,2,4,1,10,10,0
20,10,18,0,0.05,36,24,0,1,2,4,2,4,1,10,10,0
25,10,18,0,0.05,36,24,0,1,2,4,2,4,1,10,10,0
30,10,18,0,0.05,36,24,0,1,2,4,2,4,1,10,10,0
35,10,18,0,0.05,36,24,0,1,2,4,2,4,1,10,10,0
40,10,18,0,0.05,36,24,0,1,2,4,2,4,1,10,10,0
45,10,18,0,0.05,36,24,0,1,2,4,2,4,1,10,10,0
50,10,18,0,0.05,36,24,0,1,2,4,2,4,1,10,10,0
55,10,18,0,0.05,36,24,0,1,2,4,2,4,1,10,10,0
60,10,18,0,0.05,36,24,0,1,2,4,2,4,1,10,10,0
65,10,18,0,0.05,36,24,0,1,2,4,2,4,1,10,10,0
70,10,18,0,0.05,36,24,0,1,2,4,2,4,1,10,10,0
75,10,18,0,0.05,36,24,0,1,2,4,2,4,1,10,10,0
80,10,18,0,0.05,36,24,0,1,2,4,2,4,1,10,10,0
85,10,18,0,0.05,36,24,0,1,2,4,2,4,1,10,10,0
90,10,18,0,0.05,36,24,0,1,2,4,2,4,1,10,10,0
95,10,18,0,0.05,36,24,0,1,2,4,2,4,1,10,10,0
100,10,18,0,0.05,36,24,0,1,2,4,2,4,1,10,10,0
5,15,18,0,0.05,36,24,0,1,2,4,2,4,1,10,10,0
10,15,18,0,0.05,36,24,0,1,2,4,2,4,1,10,10,0
15,15,18,0,0.05,36,24,0,1,2,4,2,4,1,10,10,0
20,15,18,0,0.05,36,24,0,1,2,4,2,4,1,10,10,0
25,15,18,0,0.05,36,24,0,1,2,4,2,4,1,10,10,0
30,15,18,0,0.05,36,24,0,1,2,4,2,4,1,10,10,0
35,15,18,0,0.05,36,24,0,1,2,4,2,4,1,10,10,0
40,15,18,0,0.05,36,24,0,1,2,4,2,4,1,10,10,0
45,15,18,0,0.05,36,24,0,1,2,4,2,4,1,10,10,0
50,15,18,0,0.05,36,24,0,1,2,4,2,4,1,10,10,0
55,15,18,0,0.05,36,24,0,1,2,4,2,4,1,10,10,0
60,15,18,0,0.05,36,24,0,1,2,4,2,4,1,10,10,0
65,15,18,0,0.05,36,24,0,1,2,4,2,4,1,10,10,0
70,15,18,0,0.05,36,24,0,1,2,4,2,4,1,10,10,0
75,15,18,0,0.05,36,24,0,1,2,4,2,4,1,10,10,0
80,15,18,0,0.05,36,24,0,1,2,4,2,4,1,10,10,0
85,15,18,0,0.05,36,24,0,1,2,4,2,4,1,10,10,0
90,15,18,0,0.05,36,24,0,1,2,4,2,4,1,10,10,0
95,15,18,0,0.05,36,24,0,1,2,4,2,4,1,10,10,0
100,15,18,0,0.05,36,24,0,1,2,4,2,4,1,10,10,0
5,20,18,0,0.05,36,24,0,1,2,4,2,4,1,10,10,0
10,20,18,0,0.05,36,24,0,1,2,4,2,4,1,10,10,0
15,20,18,0,0.05,36,24,0,1,2,4,2,4,1,10,10,0
20,20,18,0,0.05,36,24,0,1,2,4,2,4,1,10,10,0
25,20,18,0,0.05,36,24,0,1,2,4,2,4,1,10,10,0
30,20,18,0,0.05,36,24,0,1,2,4,2,4,1,10,10,0
35,20,18,0,0.05,36,24,0,1,2,4,2,4,1,10,10,0
40,20,18,0,0.05,36,24,0,1,2,4,2,4,1,10,10,0
45,20,18,0,0.05,36,24,0,1,2,4,2,4,1,10,10,0
50,20,18,0,0.05,36,24,0,1,2,4,2,4,1,10,10,0
55,20,18,0,0.05,36,24,0,1,2,4,2,4,1,10,10,0
60,20,18,0,0.05,36,24,0,1,2,4,2,4,1,10,10,0
65,20,18,0,0.05,36,24,0,1,2,4,2,4,1,10,10,0
70,20,18,0,0.05,36,24,0,1,2,4,2,4,1,10,10,0
75,20,18,0,0.05,36,24,0,1,2,4,2,4,1,10,10,0
80,20,18,0,0.05,36,24,0,1,2,4,2,4,1,10,10,0
85,20,18,0,0.05,36,24,0,1,2,4,2,4,1,10,10,0
90,20,18,0,0.05,36,24,0,1,2,4,2,4,1,10,10,0
95,20,18,0,0.05,36,24,0,1,2,4,2,4,1,10,10,0
100,20,18,0,0.05,36,24,0,1,2,4,2,4,1,10,10,0
5,25,18,0,0.05,36,24,0,1,2,4,2,4,1,10,10,0
10,25,18,0,0.05,36,24,0,1,2,4,2,4,1,10,10,0
15,25,18,0,0.05,36,24,0,1,2,4,2,4,1,10,10,0
20,25,18,0,0.05,36,24,0,1,2,4,2,4,1,10,10,0
25,25,18,0,0.05,36,24,0,1,2,4,2,4,1,10,10,0
30,25,18,0,0.05,36,24,0,1,2,4,2,4,1,10,10,0
35,25,18,0,0.05,36,24,0,1,2,4,2,4,1,10,10,0
40,25,18,0,0.05,36,24,0,1,2,4,2,4,1,10,10,0
45,25,18,0,0.05,36,24,0,1,2,4,2,4,1,10,10,0
50,25,18,0,0.05,36,24,0,1,2,4,2,4,1,10,10,0
55,25,18,0,0.05,36,24,0,1,2,4,2,4,1,10,10,0
60,25,18,0,0.05,36,24,0,1,2,4,2,4,1,10,10,0
65,25,18,0,0.05,36,24,0,1,2,4,2,4,1,10,10,0
70,25,18,0,0.05,36,24,0,1,2,4,2,4,1,10,10,0
75,25,18,0,0.05,36,24,0,1,2,4,2,4,1,10,10,0
80,25,18,0,0.05,36,24,0,1,2,4,2,4,1,10,10,0
85,25,18,0,0.05,36,24,0,1,2,4,2,4,1,10,10,0
90,25,18,0,0.05,36,24,0,1,2,4,2,4,1,10,10,0
95,25,18,0,0.05,36,24,0,1,2,4,2,4,1,10,10,0
100,25,18,0,0.05,36,24,0,1,2,4,2,4,1,10,10,0
5,30,18,0,0.05,36,24,0,1,2,4,2,4,1,10,10,0
10,30,18,0,0.05,36,24,0,1,2,4,2,4,1,10,10,0
15,30,18,0,0.05,36,24,0,1,2,4,2,4,1,10,10,0
20,30,18,0,0.05,36,24,0,1,2,4,2,4,1,10,10,0
25,30,18,0,0.05,36,24,0,1,2,4,2,4,1,10,10,0
30,30,18,0,0.05,36,24,0,1,2,4,2,4,1,10,10,0
35,30,18,0,0.05,36,24,0,1,2,4,2,4,1,10,10,0
40,30,18,0,0.05,36,24,0,1,2,4,2,4,1,10,10,0
45,30,18,0,0.05,36,24,0,1,2,4,2,4,1,10,10,0
50,30,18,0,0.05,36,24,0,1,2,4,2,4,1,10,10,0
55,30,18,0,0.05,36,24,0,1,2,4,2,4,1,10,10,0
60,30,18,0,0.05,36,24,0,1,2,4,2,4,1,10,10,0
65,30,18,0,0.05,36,24,0,1,2,4,2,4,1,10,10,0
70,30,18,0,0.05,36,24,0,1,2,4,2,4,1,10,10,0
75,30,18,0,0.05,36,24,0,1,2,4,2,4,1,10,10,0
80,30,18,0,0.05,36,24,0,1,2,4,2,4,1,10,10,0
85,30,18,0,0.05,36,24,0,1,2,4,2,4,1,10,10,0
90,30,18,0,0.05,36,24,0,1,2,4,2,4,1,10,10,0
95,30,18,0,0.05,36,24,0,1,2,4,2,4,1,10,10,0
100,30,18,0,0.05,36,24,0,1,2,4,2,4,1,10,10,0
5,35,18,0,0.05,36,24,0,1,2,4,2,4,1,10,10,0
10,35,18,0,0.05,36,24,0,1,2,4,2,4,1,10,10,0
15,35,18,0,0.05,36,24,0,1,2,4,2,4,1,10,10,0
20,35,18,0,0.05,36,24,0,1,2,4,2,4,1,10,10,0
25,35,18,0,0.05,36,24,0,1,2,4,2,4,1,10,10,0
30,35,18,0,0.05,36,24,0,1,2,4,2,4,1,10,10,0
35,35,18,0,0.05,36,24,0,1,2,4,2,4,1,10,10,0
40,35,18,0,0.05,36,24,0,1,2,4,2,4,1,10,10,0
45,35,18,0,0.05,36,24,0,1,2,4,2,4,1,10,10,0
50,35,18,0,0.05,36,24,0,1,2,4,2,4,1,10,10,0
55,35,18,0,0.05,36,24,0,1,2,4,2,4,1,10,10,0
60,35,18,0,0.05,36,24,0,1,2,4,2,4,1,10,10,0
65,35,18,0,0.05,36,24,0,1,2,4,2,4,1,10,10,0
70,35,18,0,0.05,36,24,0,1,2,4,2,4,1,10,10,0
75,35,18,0,0.05,36,24,0,1,2,4,2,4,1,10,10,0
80,35,18,0,0.05,36,24,0,1,2,4,2,4,1,10,10,0
85,35,18,0,0.05,36,24,0,1,2,4,2,4,1,10,10,0
90,35,18,0,0.05,36,24,0,1,2,4,2,4,1,10,10,0
95,35,18,0,0.05,36,24,0,1,2,4,2,4,1,10,10,0
100,35,18,0,0.05,36,24,0,1,2,4,2,4,1,10,10,0
5,40,18,0,0.05,36,24,0,1,2,4,2,4,1,10,10,0
10,40,18,0,0.05,36,24,0,1,2,4,2,4,1,10,10,0
15,40,18,0,0.05,36,24,0,1,2,4,2,4,1,10,10,0
20,40,18,0,0.05,36,24,0,1,2,4,2,4,1,10,10,0
25,40,18,0,0.05,36,24,0,1,2,4,2,4,1,10,10,0
30,40,18,0,0.05,36,24,0,1,2,4,2,4,1,10,10,0
35,40,18,0,0.05,36,24,0,1,2,4,2,4,1,10,10,0
40,40,18,0,0.05,36,24,0,1,2,4,2,4,1,10,10,0
45,40,18,0,0.05,36,24,0,1,2,4,2,4,1,10,10,0
50,40,18,0,0.05,36,24,0,1,2,4,2,4,1,10,10,0
55,40,18,0,0.05,36,24,0,1,2,4,2,4,1,10,10,0
60,40,18,0,0.05,36,24,0,1,2,4,2,4,1,10,10,0
65,40,18,0,0.05,36,24,0,1,2,4,2,4,1,10,10,0
70,40,18,0,0.05,36,24,0,1,2,4,2,4,1,10,10,0
75,40,18,0,0.05,36,24,0,1,2,4,2,4,1,10,10,0
80,40,18,0,0.05,36,24,0,1,2,4,2,4,1,10,10,0
85,40,18,0,0.05,36,24,0,1,2,4,2,4,1,10,10,0
90,40,18,0,0.05,36,24,0,1,2,4,2,4,1,10,10,0
95,40,18,0,0.05,36,24,0,1,2,4,2,4,1,10,10,0
100,40,18,0,0.05,36,24,0,1,2,4,2,4,1,10,10,0
5,45,18,0,0.05,36,24,0,1,2,4,2,4,1,10,10,0
10,45,18,0,0.05,36,24,0,1,2,4,2,4,1,10,10,0
15,45,18,0,0.05,36,24,0,1,2,4,2,4,1,10,10,0
20,45,18,0,0.05,36,24,0,1,2,4,2,4,1,10,10,0
25,45,18,0,0.05,36,24,0,1,2,4,2,4,1,10,10,0
30,45,18,0,0.05,36,24,0,1,2,4,2,4,1,10,10,0
35,45,18,0,0.05,36,24,0,1,2,4,2,4,1,10,10,0
40,45,18,0,0.05,36,24,0,1,2,4,2,4,1,10,10,0
45,45,18,0,0.05,36,24,0,1,2,4,2,4,1,10,10,0
50,45,18,0,0.05,36,24,0,1,2,4,2,4,1,10,10,0
55,45,18,0,0.05,36,24,0,1,2,4,2,4,1,10,10,0
60,45,18,0,0.05,36,24,0,1,2,4,2,4,1,10,10,0
65,45,18,0,0.05,36,24,0,1,2,4,2,4,1,10,10,0
70,45,18,0,0.05,36,24,0,1,2,4,2,4,1,10,10,0
75,45,18,0,0.05,36,24,0,1,2,4,2,4,1,10,10,0
80,45,18,0,0.05,36,24,0,1,2,4,2,4,1,10,10,0
85,45,18,0,0.05,36,24,0,1,2,4,2,4,1,10,10,0
90,45,18,0,0.05,36,24,0,1,2,4,2,4,1,10,10,0
95,45,18,0,0.05,36,24,0,1,2,4,2,4,1,10,10,0
100,45,18,0,0.05,36,24,0,1,2,4,2,4,1,10,10,0
5,50,18,0,0.05,36,24,0,1,2,4,2,4,1,10,10,0
10,50,18,0,0.05,36,24,0,1,2,4,2,4,1,10,10,0
15,50,18,0,0.05,36,24,0,1,2,4,2,4,1,10,10,0
20,50,18,0,0.05,36,24,0,1,2,4,2,4,1,10,10,0
25,50,18,0,0.05,36,24,0,1,2,4,2,4,1,10,10,0
30,50,18,0,0.05,36,24,0,1,2,4,2,4,1,10,10,0
35,50,18,0,0.05,36,24,0,1,2,4,2,4,1,10,10,0
40,50,18,0,0.05,36,24,0,1,2,4,2,4,1,10,10,0
45,50,18,0,0.05,36,24,0,1,2,4,2,4,1,10,10,0
50,50,18,0,0.05,36,24,0,1,2,4,2,4,1,10,10,0
55,50,18,0,0.05,36,24,0,1,2,4,2,4,1,10,10,0
60,50,18,0,0.05,36,24,0,1,2,4,2,4,1,10,10,0
65,50,18,0,0.05,36,24,0,1,2,4,2,4,1,10,10,0
70,50,18,0,0.05,36,24,0,1,2,4,2,4,1,10,10,0
75,50,18,0,0.05,36,24,0,1,2,4,2,4,1,10,10,0
80,50,18,0,0.05,36,24,0,1,2,4,2,4,1,10,10,0
85,50,18,0,0.05,36,24,0,1,2,4,2,4,1,10,10,0
90,50,18,0,0.05,36,24,0,1,2,4,2,4,1,10,10,0
95,50,18,0,0.05,36,24,0,1,2,4,2,4,1,10,10,0
100,50,18,0,0.05,36,24,0,1,2,4,2,4,1,10,10,0
5,55,18,0,0.05,36,24,0,1,2,4,2,4,1,10,10,0
10,55,18,0,0.05,36,24,0,1,2,4,2,4,1,10,10,0
15,55,18,0,0.05,36,24,0,1,2,4,2,4,1,10,10,0
20,55,18,0,0.05,36,24,0,1,2,4,2,4,1,10,10,0
25,55,18,0,0.05,36,24,0,1,2,4,2,4,1,10,10,0
30,55,18,0,0.05,36,24,0,1,2,4,2,4,1,10,10,0
35,55,18,0,0.05,36,24,0,1,2,4,2,4,1,10,10,0
40,55,18,0,0.05,36,24,0,1,2,4,2,4,1,10,10,0
45,55,18,0,0.05,36,24,0,1,2,4,2,4,1,10,10,0
50,55,18,0,0.05,36,24,0,1,2,4,2,4,1,10,10,0
55,55,18,0,0.05,36,24,0,1,2,4,2,4,1,10,10,0
60,55,18,0,0.05,36,24,0,1,2,4,2,4,1,10,10,0
65,55,18,0,0.05,36,24,0,1,2,4,2,4,1,10,10,0
70,55,18,0,0.05,36,24,0,1,2,4,2,4,1,10,10,0
75,55,18,0,0.05,36,24,0,1,2,4,2,4,1,10,10,0
80,55,18,0,0.05,36,24,0,1,2,4,2,4,1,10,10,0
85,55,18,0,0.05,36,24,0,1,2,4,2,4,1,10,10,0
90,55,18,0,0.05,36,24,0,1,2,4,2,4,1,10,10,0
95,55,18,0,0.05,36,24,0,1,2,4,2,4,1,10,10,0
100,55,18,0,0.05,36,24,0,1,2,4,2,4,1,10,10,0
5,60,18,0,0.05,36,24,0,1,2,4,2,4,1,10,10,0
10,60,18,0,0.05,36,24,0,1,2,4,2,4,1,10,10,0
15,60,18,0,0.05,36,24,0,1,2,4,2,4,1,10,10,0
20,60,18,0,0.05,36,24,0,1,2,4,2,4,1,10,10,0
25,60,18,0,0.05,36,24,0,1,2,4,2,4,1,10,10,0
30,60,18,0,0.05,36,24,0,1,2,4,2,4,1,10,10,0
35,60,18,0,0.05,36,24,0,1,2,4,2,4,1,10,10,0
40,60,18,0,0.05,36,24,0,1,2,4,2,4,1,10,10,0
45,60,18,0,0.05,36,24,0,1,2,4,2,4,1,10,10,0
50,60,18,0,0.05,36,24,0,1,2,4,2,4,1,10,10,0
55,60,18,0,0.05,36,24,0,1,2,4,2,4,1,10,10,0
60,60,18,0,0.05,36,24,0,1,2,4,2,4,1,10,10,0
65,60,18,0,0.05,36,24,0,1,2,4,2,4,1,10,10,0
70,60,18,0,0.05,36,24,0,1,2,4,2,4,1,10,10,0
75,60,18,0,0.05,36,24,0,1,2,4,2,4,1,10,10,0
80,60,18,0,0.05,36,24,0,1,2,4,2,4,1,10,10,0
85,60,18,0,0.05,36,24,0,1,2,4,2,4,1,10,10,0
90,60,18,0,0.05,36,24,0,1,2,4,2,4,1,10,10,0
95,60,18,0,0.05,36,24,0,1,2,4,2,4,1,10,10,0
100,60,18,0,0.05,36,24,0,1,2,4,2,4,1,10,10,0
5,65,18,0,0.05,36,24,0,1,2,4,2,4,1,10,10,0
10,65,18,0,0.05,36,24,0,1,2,4,2,4,1,10,10,0
15,65,18,0,0.05,36,24,0,1,2,4,2,4,1,10,10,0
20,65,18,0,0.05,36,24,0,1,2,4,2,4,1,10,10,0
25,65,18,0,0.05,36,24,0,1,2,4,2,4,1,10,10,0
30,65,18,0,0.05,36,24,0,1,2,4,2,4,1,10,10,0
35,65,18,0,0.05,36,24,0,1,2,4,2,4,1,10,10,0
40,65,18,0,0.05,36,24,0,1,2,4,2,4,1,10,10,0
45,65,18,0,0.05,36,24,0,1,2,4,2,4,1,10,10,0
50,65,18,0,0.05,36,24,0,1,2,4,2,4,1,10,10,0
55,65,18,0,0.05,36,24,0,1,2,4,2,4,1,10,10,0
60,65,18,0,0.05,36,24,0,1,2,4,2,4,1,10,10,0
65,65,18,0,0.05,36,24,0,1,2,4,2,4,1,10,10,0
70,65,18,0,0.05,36,24,0,1,2,4,2,4,1,10,10,0
75,65,18,0,0.05,36,24,0,1,2,4,2,4,1,10,10,0
80,65,18,0,0.05,36,24,0,1,2,4,2,4,1,10,10,0
85,65,18,0,0.05,36,24,0,1,2,4,2,4,1,10,10,0
90,65,18,0,0.05,36,24,0,1,2,4,2,4,1,10,10,0
95,65,18,0,0.05,36,24,0,1,2,4,2,4,1,10,10,0
100,65,18,0,0.05,36,24,0,1,2,4,2,4,1,10,10,0
5,70,18,0,0.05,36,24,0,1,2,4,2,4,1,10,10,0
10,70,18,0,0.05,36,24,0,1,2,4,2,4,1,10,10,0
15,70,18,0,0.05,36,24,0,1,2,4,2,4,1,10,10,0
20,70,18,0,0.05,36,24,0,1,2,4,2,4,1,10,10,0
25,70,18,0,0.05,36,24,0,1,2,4,2,4,1,10,10,0
30,70,18,0,0.05,36,24,0,1,2,4,2,4,1,10,10,0
35,70,18,0,0.05,36,24,0,1,2,4,2,4,1,10,10,0
40,70,18,0,0.05,36,24,0,1,2,4,2,4,1,10,10,0
45,70,18,0,0.05,36,24,0,1,2,4,2,4,1,10,10,0
50,70,18,0,0.05,36,24,0,1,2,4,2,4,1,10,10,0
55,70,18,0,0.05,36,24,0,1,2,4,2,4,1,10,10,0
60,70,18,0,0.05,36,24,0,1,2,4,2,4,1,10,10,0
65,70,18,0,0.05,36,24,0,1,2,4,2,4,1,10,10,0
70,70,18,0,0.05,36,24,0,1,2,4,2,4,1,10,10,0
75,70,18,0,0.05,36,24,0,1,2,4,2,4,1,10,10,0
80,70,18,0,0.05,36,24,0,1,2,4,2,4,1,10,10,0
85,70,18,0,0.05,36,24,0,1,2,4,2,4,1,10,10,0
90,70,18,0,0.05,36,24,0,1,2,4,2,4,1,10,10,0
95,70,18,0,0.05,36,24,0,1,2,4,2,4,1,10,10,0
100,70,18,0,0.05,36,24,0,1,2,4,2,4,1,10,10,0
5,75,18,0,0.05,36,24,0,1,2,4,2,4,1,10,10,0
10,75,18,0,0.05,36,24,0,1,2,4,2,4,1,10,10,0
15,75,18,0,0.05,36,24,0,1,2,4,2,4,1,10,10,0
20,75,18,0,0.05,36,24,0,1,2,4,2,4,1,10,10,0
25,75,18,0,0.05,36,24,0,1,2,4,2,4,1,10,10,0
30,75,18,0,0.05,36,24,0,1,2,4,2,4,1,10,10,0
35,75,18,0,0.05,36,24,0,1,2,4,2,4,1,10,10,0
40,75,18,0,0.05,36,24,0,1,2,4,2,4,1,10,10,0
45,75,18,0,0.05,36,24,0,1,2,4,2,4,1,10,10,0
50,75,18,0,0.05,36,24,0,1,2,4,2,4,1,10,10,0
55,75,18,0,0.05,36,24,0,1,2,4,2,4,1,10,10,0
60,75,18,0,0.05,36,24,0,1,2,4,2,4,1,10,10,0
65,75,18,0,0.05,36,24,0,1,2,4,2,4,1,10,10,0
70,75,18,0,0.05,36,24,0,1,2,4,2,4,1,10,10,0
75,75,18,0,0.05,36,24,0,1,2,4,2,4,1,10,10,0
80,75,18,0,0.05,36,24,0,1,2,4,2,4,1,10,10,0
85,75,18,0,0.05,36,24,0,1,2,4,2,4,1,10,10,0
90,75,18,0,0.05,36,24,0,1,2,4,2,4,1,10,10,0
95,75,18,0,0.05,36,24,0,1,2,4,2,4,1,10,10,0
100,75,18,0,0.05,36,24,0,1,2,4,2,4,1,10,10,0
5,80,18,0,0.05,36,24,0,1,2,4,2,4,1,10,10,0
10,80,18,0,0.05,36,24,0,1,2,4,2,4,1,10,10,0
15,80,18,0,0.05,36,24,0,1,2,4,2,4,1,10,10,0
20,80,18,0,0.05,36,24,0,1,2,4,2,4,1,10,10,0
25,80,18,0,0.05,36,24,0,1,2,4,2,4,1,10,10,0
30,80,18,0,0.05,36,24,0,1,2,4,2,4,1,10,10,0
35,80,18,0,0.05,36,24,0,1,2,4,2,4,1,10,10,0
40,80,18,0,0.05,36,24,0,1,2,4,2,4,1,10,10,0
45,80,18,0,0.05,36,24,0,1,2,4,2,4,1,10,10,0
50,80,18,0,0.05,36,24,0,1,2,4,2,4,1,10,10,0
55,80,18,0,0.05,36,24,0,1,2,4,2,4,1,10,10,0
60,80,18,0,0.05,36,24,0,1,2,4,2,4,1,10,10,0
65,80,18,0,0.05,36,24,0,1,2,4,2,4,1,10,10,0
70,80,18,0,0.05,36,24,0,1,2,4,2,4,1,10,10,0
75,80,18,0,0.05,36,24,0,1,2,4,2,4,1,10,10,0
80,80,18,0,0.05,36,24,0,1,2,4,2,4,1,10,10,0
85,80,18,0,0.05,36,24,0,1,2,4,2,4,1,10,10,0
90,80,18,0,0.05,36,24,0,1,2,4,2,4,1,10,10,0
95,80,18,0,0.05,36,24,0,1,2,4,2,4,1,10,10,0
100,80,18,0,0.05,36,24,0,1,2,4,2,4,1,10,10,0
5,85,18,0,0.05,36,24,0,1,2,4,2,4,1,10,10,0
10,85,18,0,0.05,36,24,0,1,2,4,2,4,1,10,10,0
15,85,18,0,0.05,36,24,0,1,2,4,2,4,1,10,10,0
20,85,18,0,0.05,36,24,0,1,2,4,2,4,1,10,10,0
25,85,18,0,0.05,36,24,0,1,2,4,2,4,1,10,10,0
30,85,18,0,0.05,36,24,0,1,2,4,2,4,1,10,10,0
35,85,18,0,0.05,36,24,0,1,2,4,2,4,1,10,10,0
40,85,18,0,0.05,36,24,0,1,2,4,2,4,1,10,10,0
45,85,18,0,0.05,36,24,0,1,2,4,2,4,1,10,10,0
50,85,18,0,0.05,36,24,0,1,2,4,2,4,1,10,10,0
55,85,18,0,0.05,36,24,0,1,2,4,2,4,1,10,10,0
60,85,18,0,0.05,36,24,0,1,2,4,2,4,1,10,10,0
65,85,18,0,0.05,36,24,0,1,2,4,2,4,1,10,10,0
70,85,18,0,0.05,36,24,0,1,2,4,2,4,1,10,10,0
75,85,18,0,0.05,36,24,0,1,2,4,2,4,1,10,10,0
80,85,18,0,0.05,36,24,0,1,2,4,2,4,1,10,10,0
85,85,18,0,0.05,36,24,0,1,2,4,2,4,1,10,10,0
90,85,18,0,0.05,36,24,0,1,2,4,2,4,1,10,10,0
95,85,18,0,0.05,36,24,0,1,2,4,2,4,1,10,10,0
100,85,18,0,0.05,36,24,0,1,2,4,2,4,1,10,10,0
5,90,18,0,0.05,36,24,0,1,2,4,2,4,1,10,10,0
10,90,18,0,0.05,36,24,0,1,2,4,2,4,1,10,10,0
15,90,18,0,0.05,36,24,0,1,2,4,2,4,1,10,10,0
20,90,18,0,0.05,36,24,0,1,2,4,2,4,1,10,10,0
25,90,18,0,0.05,36,24,0,1,2,4,2,4,1,10,10,0
30,90,18,0,0.05,36,24,0,1,2,4,2,4,1,10,10,0
35,90,18,0,0.05,36,24,0,1,2,4,2,4,1,10,10,0
40,90,18,0,0.05,36,24,0,1,2,4,2,4,1,10,10,0
45,90,18,0,0.05,36,24,0,1,2,4,2,4,1,10,10,0
50,90,18,0,0.05,36,24,0,1,2,4,2,4,1,10,10,0
55,90,18,0,0.05,36,24,0,1,2,4,2,4,1,10,10,0
60,90,18,0,0.05,36,24,0,1,2,4,2,4,1,10,10,0
65,90,18,0,0.05,36,24,0,1,2,4,2,4,1,10,10,0
70,90,18,0,0.05,36,24,0,1,2,4,2,4,1,10,10,0
75,90,18,0,0.05,36,24,0,1,2,4,2,4,1,10,10,0
80,90,18,0,0.05,36,24,0,1,2,4,2,4,1,10,10,0
85,90,18,0,0.05,36,24,0,1,2,4,2,4,1,10,10,0
90,90,18,0,0.05,36,24,0,1,2,4,2,4,1,10,10,0
95,90,18,0,0.05,36,24,0,1,2,4,2,4,1,10,10,0
100,90,18,0,0.05,36,24,0,1,2,4,2,4,1,10,10,0
5,95,18,0,0.05,36,24,0,1,2,4,2,4,1,10,10,0
10,95,18,0,0.05,36,24,0,1,2,4,2,4,1,10,10,0
15,95,18,0,0.05,36,24,0,1,2,4,2,4,1,10,10,0
20,95,18,0,0.05,36,24,0,1,2,4,2,4,1,10,10,0
25,95,18,0,0.05,36,24,0,1,2,4,2,4,1,10,10,0
30,95,18,0,0.05,36,24,0,1,2,4,2,4,1,10,10,0
35,95,18,0,0.05,36,24,0,1,2,4,2,4,1,10,10,0
40,95,18,0,0.05,36,24,0,1,2,4,2,4,1,10,10,0
45,95,18,0,0.05,36,24,0,1,2,4,2,4,1,10,10,0
50,95,18,0,0.05,36,24,0,1,2,4,2,4,1,10,10,0
55,95,18,0,0.05,36,24,0,1,2,4,2,4,1,10,10,0
60,95,18,0,0.05,36,24,0,1,2,4,2,4,1,10,10,0
65,95,18,0,0.05,36,24,0,1,2,4,2,4,1,10,10,0
70,95,18,0,0.05,36,24,0,1,2,4,2,4,1,10,10,0
75,95,18,0,0.05,36,24,0,1,2,4,2,4,1,10,10,0
80,95,18,0,0.05,36,24,0,1,2,4,2,4,1,10,10,0
85,95,18,0,0.05,36,24,0,1,2,4,2,4,1,10,10,0
90,95,18,0,0.05,36,24,0,1,2,4,2,4,1,10,10,0
95,95,18,0,0.05,36,24,0,1,2,4,2,4,1,10,10,0
100,95,18,0,0.05,36,24,0,1,2,4,2,4,1,10,10,0
5,100,18,0,0.05,36,24,0,1,2,4,2,4,1,10,10,0
10,100,18,0,0.05,36,24,0,1,2,4,2,4,1,10,10,0
15,100,18,0,0.05,36,24,0,1,2,4,2,4,1,10,10,0
20,100,18,0,0.05,36,24,0,1,2,4,2,4,1,10,10,0
25,100,18,0,0.05,36,24,0,1,2,4,2,4,1,10,10,0
30,100,18,0,0.05,36,24,0,1,2,4,2,4,1,10,10,0
35,100,18,0,0.05,36,24,0,1,2,4,2,4,1,10,10,0
40,100,18,0,0.05,36,24,0,1,2,4,2,4,1,10,10,0
45,100,18,0,0.05,36,24,0,1,2,4,2,4,1,10,10,0
50,100,18,0,0.05,36,24,0,1,2,4,2,4,1,10,10,0
55,100,18,0,0.05,36,24,0,1,2,4,2,4,1,10,10,0
60,100,18,0,0.05,36,24,0,1,2,4,2,4,1,10,10,0
65,100,18,0,0.05,36,24,0,1,2,4,2,4,1,10,10,0
70,100,18,0,0.05,36,24,0,1,2,4,2,4,1,10,10,0
75,100,18,0,0.05,36,24,0,1,2,4,2,4,1,10,10,0
80,100,18,0,0.05,36,24,0,1,2,4,2,4,1,10,10,0
85,100,18,0,0.05,36,24,0,1,2,4,2,4,1,10,10,0
90,100,18,0,0.05,36,24,0,1,2,4,2,4,1,10,10,0
95,100,18,0,0.05,36,24,0,1,2,4,2,4,1,10,10,0
100,100,18,0,0.05,36,24,0,1,2,4,2,4,1,10,10,0
5,5,20,0,0.05,36,24,0,1,2,4,2,4,1,10,10,0
10,5,20,0,0.05,36,24,0,1,2,4,2,4,1,10,10,0
15,5,20,0,0.05,36,24,0,1,2,4,2,4,1,10,10,0
20,5,20,0,0.05,36,24,0,1,2,4,2,4,1,10,10,0
25,5,20,0,0.05,36,24,0,1,2,4,2,4,1,10,10,0
30,5,20,0,0.05,36,24,0,1,2,4,2,4,1,10,10,0
35,5,20,0,0.05,36,24,0,1,2,4,2,4,1,10,10,0
40,5,20,0,0.05,36,24,0,1,2,4,2,4,1,10,10,0
45,5,20,0,0.05,36,24,0,1,2,4,2,4,1,10,10,0
50,5,20,0,0.05,36,24,0,1,2,4,2,4,1,10,10,0
55,5,20,0,0.05,36,24,0,1,2,4,2,4,1,10,10,0
60,5,20,0,0.05,36,24,0,1,2,4,2,4,1,10,10,0
65,5,20,0,0.05,36,24,0,1,2,4,2,4,1,10,10,0
70,5,20,0,0.05,36,24,0,1,2,4,2,4,1,10,10,0
75,5,20,0,0.05,36,24,0,1,2,4,2,4,1,10,10,0
80,5,20,0,0.05,36,24,0,1,2,4,2,4,1,10,10,0
85,5,20,0,0.05,36,24,0,1,2,4,2,4,1,10,10,0
90,5,20,0,0.05,36,24,0,1,2,4,2,4,1,10,10,0
95,5,20,0,0.05,36,24,0,1,2,4,2,4,1,10,10,0
100,5,20,0,0.05,36,24,0,1,2,4,2,4,1,10,10,0
5,10,20,0,0.05,36,24,0,1,2,4,2,4,1,10,10,0
10,10,20,0,0.05,36,24,0,1,2,4,2,4,1,10,10,0
15,10,20,0,0.05,36,24,0,1,2,4,2,4,1,10,10,0
20,10,20,0,0.05,36,24,0,1,2,4,2,4,1,10,10,0
25,10,20,0,0.05,36,24,0,1,2,4,2,4,1,10,10,0
30,10,20,0,0.05,36,24,0,1,2,4,2,4,1,10,10,0
35,10,20,0,0.05,36,24,0,1,2,4,2,4,1,10,10,0
40,10,20,0,0.05,36,24,0,1,2,4,2,4,1,10,10,0
45,10,20,0,0.05,36,24,0,1,2,4,2,4,1,10,10,0
50,10,20,0,0.05,36,24,0,1,2,4,2,4,1,10,10,0
55,10,20,0,0.05,36,24,0,1,2,4,2,4,1,10,10,0
60,10,20,0,0.05,36,24,0,1,2,4,2,4,1,10,10,0
65,10,20,0,0.05,36,24,0,1,2,4,2,4,1,10,10,0
70,10,20,0,0.05,36,24,0,1,2,4,2,4,1,10,10,0
75,10,20,0,0.05,36,24,0,1,2,4,2,4,1,10,10,0
80,10,20,0,0.05,36,24,0,1,2,4,2,4,1,10,10,0
85,10,20,0,0.05,36,24,0,1,2,4,2,4,1,10,10,0
90,10,20,0,0.05,36,24,0,1,2,4,2,4,1,10,10,0
95,10,20,0,0.05,36,24,0,1,2,4,2,4,1,10,10,0
100,10,20,0,0.05,36,24,0,1,2,4,2,4,1,10,10,0
5,15,20,0,0.05,36,24,0,1,2,4,2,4,1,10,10,0
10,15,20,0,0.05,36,24,0,1,2,4,2,4,1,10,10,0
15,15,20,0,0.05,36,24,0,1,2,4,2,4,1,10,10,0
20,15,20,0,0.05,36,24,0,1,2,4,2,4,1,10,10,0
25,15,20,0,0.05,36,24,0,1,2,4,2,4,1,10,10,0
30,15,20,0,0.05,36,24,0,1,2,4,2,4,1,10,10,0
35,15,20,0,0.05,36,24,0,1,2,4,2,4,1,10,10,0
40,15,20,0,0.05,36,24,0,1,2,4,2,4,1,10,10,0
45,15,20,0,0.05,36,24,0,1,2,4,2,4,1,10,10,0
50,15,20,0,0.05,36,24,0,1,2,4,2,4,1,10,10,0
55,15,20,0,0.05,36,24,0,1,2,4,2,4,1,10,10,0
60,15,20,0,0.05,36,24,0,1,2,4,2,4,1,10,10,0
65,15,20,0,0.05,36,24,0,1,2,4,2,4,1,10,10,0
70,15,20,0,0.05,36,24,0,1,2,4,2,4,1,10,10,0
75,15,20,0,0.05,36,24,0,1,2,4,2,4,1,10,10,0
80,15,20,0,0.05,36,24,0,1,2,4,2,4,1,10,10,0
85,15,20,0,0.05,36,24,0,1,2,4,2,4,1,10,10,0
90,15,20,0,0.05,36,24,0,1,2,4,2,4,1,10,10,0
95,15,20,0,0.05,36,24,0,1,2,4,2,4,1,10,10,0
100,15,20,0,0.05,36,24,0,1,2,4,2,4,1,10,10,0
5,20,20,0,0.05,36,24,0,1,2,4,2,4,1,10,10,0
10,20,20,0,0.05,36,24,0,1,2,4,2,4,1,10,10,0
15,20,20,0,0.05,36,24,0,1,2,4,2,4,1,10,10,0
20,20,20,0,0.05,36,24,0,1,2,4,2,4,1,10,10,0
25,20,20,0,0.05,36,24,0,1,2,4,2,4,1,10,10,0
30,20,20,0,0.05,36,24,0,1,2,4,2,4,1,10,10,0
35,20,20,0,0.05,36,24,0,1,2,4,2,4,1,10,10,0
40,20,20,0,0.05,36,24,0,1,2,4,2,4,1,10,10,0
45,20,20,0,0.05,36,24,0,1,2,4,2,4,1,10,10,0
50,20,20,0,0.05,36,24,0,1,2,4,2,4,1,10,10,0
55,20,20,0,0.05,36,24,0,1,2,4,2,4,1,10,10,0
60,20,20,0,0.05,36,24,0,1,2,4,2,4,1,10,10,0
65,20,20,0,0.05,36,24,0,1,2,4,2,4,1,10,10,0
70,20,20,0,0.05,36,24,0,1,2,4,2,4,1,10,10,0
75,20,20,0,0.05,36,24,0,1,2,4,2,4,1,10,10,0
80,20,20,0,0.05,36,24,0,1,2,4,2,4,1,10,10,0
85,20,20,0,0.05,36,24,0,1,2,4,2,4,1,10,10,0
90,20,20,0,0.05,36,24,0,1,2,4,2,4,1,10,10,0
95,20,20,0,0.05,36,24,0,1,2,4,2,4,1,10,10,0
100,20,20,0,0.05,36,24,0,1,2,4,2,4,1,10,10,0
5,25,20,0,0.05,36,24,0,1,2,4,2,4,1,10,10,0
10,25,20,0,0.05,36,24,0,1,2,4,2,4,1,10,10,0
15,25,20,0,0.05,36,24,0,1,2,4,2,4,1,10,10,0
20,25,20,0,0.05,36,24,0,1,2,4,2,4,1,10,10,0
25,25,20,0,0.05,36,24,0,1,2,4,2,4,1,10,10,0
30,25,20,0,0.05,36,24,0,1,2,4,2,4,1,10,10,0
35,25,20,0,0.05,36,24,0,1,2,4,2,4,1,10,10,0
40,25,20,0,0.05,36,24,0,1,2,4,2,4,1,10,10,0
45,25,20,0,0.05,36,24,0,1,2,4,2,4,1,10,10,0
50,25,20,0,0.05,36,24,0,1,2,4,2,4,1,10,10,0
55,25,20,0,0.05,36,24,0,1,2,4,2,4,1,10,10,0
60,25,20,0,0.05,36,24,0,1,2,4,2,4,1,10,10,0
65,25,20,0,0.05,36,24,0,1,2,4,2,4,1,10,10,0
70,25,20,0,0.05,36,24,0,1,2,4,2,4,1,10,10,0
75,25,20,0,0.05,36,24,0,1,2,4,2,4,1,10,10,0
80,25,20,0,0.05,36,24,0,1,2,4,2,4,1,10,10,0
85,25,20,0,0.05,36,24,0,1,2,4,2,4,1,10,10,0
90,25,20,0,0.05,36,24,0,1,2,4,2,4,1,10,10,0
95,25,20,0,0.05,36,24,0,1,2,4,2,4,1,10,10,0
100,25,20,0,0.05,36,24,0,1,2,4,2,4,1,10,10,0
5,30,20,0,0.05,36,24,0,1,2,4,2,4,1,10,10,0
10,30,20,0,0.05,36,24,0,1,2,4,2,4,1,10,10,0
15,30,20,0,0.05,36,24,0,1,2,4,2,4,1,10,10,0
20,30,20,0,0.05,36,24,0,1,2,4,2,4,1,10,10,0
25,30,20,0,0.05,36,24,0,1,2,4,2,4,1,10,10,0
30,30,20,0,0.05,36,24,0,1,2,4,2,4,1,10,10,0
35,30,20,0,0.05,36,24,0,1,2,4,2,4,1,10,10,0
40,30,20,0,0.05,36,24,0,1,2,4,2,4,1,10,10,0
45,30,20,0,0.05,36,24,0,1,2,4,2,4,1,10,10,0
50,30,20,0,0.05,36,24,0,1,2,4,2,4,1,10,10,0
55,30,20,0,0.05,36,24,0,1,2,4,2,4,1,10,10,0
60,30,20,0,0.05,36,24,0,1,2,4,2,4,1,10,10,0
65,30,20,0,0.05,36,24,0,1,2,4,2,4,1,10,10,0
70,30,20,0,0.05,36,24,0,1,2,4,2,4,1,10,10,0
75,30,20,0,0.05,36,24,0,1,2,4,2,4,1,10,10,0
80,30,20,0,0.05,36,24,0,1,2,4,2,4,1,10,10,0
85,30,20,0,0.05,36,24,0,1,2,4,2,4,1,10,10,0
90,30,20,0,0.05,36,24,0,1,2,4,2,4,1,10,10,0
95,30,20,0,0.05,36,24,0,1,2,4,2,4,1,10,10,0
100,30,20,0,0.05,36,24,0,1,2,4,2,4,1,10,10,0
5,35,20,0,0.05,36,24,0,1,2,4,2,4,1,10,10,0
10,35,20,0,0.05,36,24,0,1,2,4,2,4,1,10,10,0
15,35,20,0,0.05,36,24,0,1,2,4,2,4,1,10,10,0
20,35,20,0,0.05,36,24,0,1,2,4,2,4,1,10,10,0
25,35,20,0,0.05,36,24,0,1,2,4,2,4,1,10,10,0
30,35,20,0,0.05,36,24,0,1,2,4,2,4,1,10,10,0
35,35,20,0,0.05,36,24,0,1,2,4,2,4,1,10,10,0
40,35,20,0,0.05,36,24,0,1,2,4,2,4,1,10,10,0
45,35,20,0,0.05,36,24,0,1,2,4,2,4,1,10,10,0
50,35,20,0,0.05,36,24,0,1,2,4,2,4,1,10,10,0
55,35,20,0,0.05,36,24,0,1,2,4,2,4,1,10,10,0
60,35,20,0,0.05,36,24,0,1,2,4,2,4,1,10,10,0
65,35,20,0,0.05,36,24,0,1,2,4,2,4,1,10,10,0
70,35,20,0,0.05,36,24,0,1,2,4,2,4,1,10,10,0
75,35,20,0,0.05,36,24,0,1,2,4,2,4,1,10,10,0
80,35,20,0,0.05,36,24,0,1,2,4,2,4,1,10,10,0
85,35,20,0,0.05,36,24,0,1,2,4,2,4,1,10,10,0
90,35,20,0,0.05,36,24,0,1,2,4,2,4,1,10,10,0
95,35,20,0,0.05,36,24,0,1,2,4,2,4,1,10,10,0
100,35,20,0,0.05,36,24,0,1,2,4,2,4,1,10,10,0
5,40,20,0,0.05,36,24,0,1,2,4,2,4,1,10,10,0
10,40,20,0,0.05,36,24,0,1,2,4,2,4,1,10,10,0
15,40,20,0,0.05,36,24,0,1,2,4,2,4,1,10,10,0
20,40,20,0,0.05,36,24,0,1,2,4,2,4,1,10,10,0
25,40,20,0,0.05,36,24,0,1,2,4,2,4,1,10,10,0
30,40,20,0,0.05,36,24,0,1,2,4,2,4,1,10,10,0
35,40,20,0,0.05,36,24,0,1,2,4,2,4,1,10,10,0
40,40,20,0,0.05,36,24,0,1,2,4,2,4,1,10,10,0
45,40,20,0,0.05,36,24,0,1,2,4,2,4,1,10,10,0
50,40,20,0,0.05,36,24,0,1,2,4,2,4,1,10,10,0
55,40,20,0,0.05,36,24,0,1,2,4,2,4,1,10,10,0
60,40,20,0,0.05,36,24,0,1,2,4,2,4,1,10,10,0
65,40,20,0,0.05,36,24,0,1,2,4,2,4,1,10,10,0
70,40,20,0,0.05,36,24,0,1,2,4,2,4,1,10,10,0
75,40,20,0,0.05,36,24,0,1,2,4,2,4,1,10,10,0
80,40,20,0,0.05,36,24,0,1,2,4,2,4,1,10,10,0
85,40,20,0,0.05,36,24,0,1,2,4,2,4,1,10,10,0
90,40,20,0,0.05,36,24,0,1,2,4,2,4,1,10,10,0
95,40,20,0,0.05,36,24,0,1,2,4,2,4,1,10,10,0
100,40,20,0,0.05,36,24,0,1,2,4,2,4,1,10,10,0
5,45,20,0,0.05,36,24,0,1,2,4,2,4,1,10,10,0
10,45,20,0,0.05,36,24,0,1,2,4,2,4,1,10,10,0
15,45,20,0,0.05,36,24,0,1,2,4,2,4,1,10,10,0
20,45,20,0,0.05,36,24,0,1,2,4,2,4,1,10,10,0
25,45,20,0,0.05,36,24,0,1,2,4,2,4,1,10,10,0
30,45,20,0,0.05,36,24,0,1,2,4,2,4,1,10,10,0
35,45,20,0,0.05,36,24,0,1,2,4,2,4,1,10,10,0
40,45,20,0,0.05,36,24,0,1,2,4,2,4,1,10,10,0
45,45,20,0,0.05,36,24,0,1,2,4,2,4,1,10,10,0
50,45,20,0,0.05,36,24,0,1,2,4,2,4,1,10,10,0
55,45,20,0,0.05,36,24,0,1,2,4,2,4,1,10,10,0
60,45,20,0,0.05,36,24,0,1,2,4,2,4,1,10,10,0
65,45,20,0,0.05,36,24,0,1,2,4,2,4,1,10,10,0
70,45,20,0,0.05,36,24,0,1,2,4,2,4,1,10,10,0
75,45,20,0,0.05,36,24,0,1,2,4,2,4,1,10,10,0
80,45,20,0,0.05,36,24,0,1,2,4,2,4,1,10,10,0
85,45,20,0,0.05,36,24,0,1,2,4,2,4,1,10,10,0
90,45,20,0,0.05,36,24,0,1,2,4,2,4,1,10,10,0
95,45,20,0,0.05,36,24,0,1,2,4,2,4,1,10,10,0
100,45,20,0,0.05,36,24,0,1,2,4,2,4,1,10,10,0
5,50,20,0,0.05,36,24,0,1,2,4,2,4,1,10,10,0
10,50,20,0,0.05,36,24,0,1,2,4,2,4,1,10,10,0
15,50,20,0,0.05,36,24,0,1,2,4,2,4,1,10,10,0
20,50,20,0,0.05,36,24,0,1,2,4,2,4,1,10,10,0
25,50,20,0,0.05,36,24,0,1,2,4,2,4,1,10,10,0
30,50,20,0,0.05,36,24,0,1,2,4,2,4,1,10,10,0
35,50,20,0,0.05,36,24,0,1,2,4,2,4,1,10,10,0
40,50,20,0,0.05,36,24,0,1,2,4,2,4,1,10,10,0
45,50,20,0,0.05,36,24,0,1,2,4,2,4,1,10,10,0
50,50,20,0,0.05,36,24,0,1,2,4,2,4,1,10,10,0
55,50,20,0,0.05,36,24,0,1,2,4,2,4,1,10,10,0
60,50,20,0,0.05,36,24,0,1,2,4,2,4,1,10,10,0
65,50,20,0,0.05,36,24,0,1,2,4,2,4,1,10,10,0
70,50,20,0,0.05,36,24,0,1,2,4,2,4,1,10,10,0
75,50,20,0,0.05,36,24,0,1,2,4,2,4,1,10,10,0
80,50,20,0,0.05,36,24,0,1,2,4,2,4,1,10,10,0
85,50,20,0,0.05,36,24,0,1,2,4,2,4,1,10,10,0
90,50,20,0,0.05,36,24,0,1,2,4,2,4,1,10,10,0
95,50,20,0,0.05,36,24,0,1,2,4,2,4,1,10,10,0
100,50,20,0,0.05,36,24,0,1,2,4,2,4,1,10,10,0
5,55,20,0,0.05,36,24,0,1,2,4,2,4,1,10,10,0
10,55,20,0,0.05,36,24,0,1,2,4,2,4,1,10,10,0
15,55,20,0,0.05,36,24,0,1,2,4,2,4,1,10,10,0
20,55,20,0,0.05,36,24,0,1,2,4,2,4,1,10,10,0
25,55,20,0,0.05,36,24,0,1,2,4,2,4,1,10,10,0
30,55,20,0,0.05,36,24,0,1,2,4,2,4,1,10,10,0
35,55,20,0,0.05,36,24,0,1,2,4,2,4,1,10,10,0
40,55,20,0,0.05,36,24,0,1,2,4,2,4,1,10,10,0
45,55,20,0,0.05,36,24,0,1,2,4,2,4,1,10,10,0
50,55,20,0,0.05,36,24,0,1,2,4,2,4,1,10,10,0
55,55,20,0,0.05,36,24,0,1,2,4,2,4,1,10,10,0
60,55,20,0,0.05,36,24,0,1,2,4,2,4,1,10,10,0
65,55,20,0,0.05,36,24,0,1,2,4,2,4,1,10,10,0
70,55,20,0,0.05,36,24,0,1,2,4,2,4,1,10,10,0
75,55,20,0,0.05,36,24,0,1,2,4,2,4,1,10,10,0
80,55,20,0,0.05,36,24,0,1,2,4,2,4,1,10,10,0
85,55,20,0,0.05,36,24,0,1,2,4,2,4,1,10,10,0
90,55,20,0,0.05,36,24,0,1,2,4,2,4,1,10,10,0
95,55,20,0,0.05,36,24,0,1,2,4,2,4,1,10,10,0
100,55,20,0,0.05,36,24,0,1,2,4,2,4,1,10,10,0
5,60,20,0,0.05,36,24,0,1,2,4,2,4,1,10,10,0
10,60,20,0,0.05,36,24,0,1,2,4,2,4,1,10,10,0
15,60,20,0,0.05,36,24,0,1,2,4,2,4,1,10,10,0
20,60,20,0,0.05,36,24,0,1,2,4,2,4,1,10,10,0
25,60,20,0,0.05,36,24,0,1,2,4,2,4,1,10,10,0
30,60,20,0,0.05,36,24,0,1,2,4,2,4,1,10,10,0
35,60,20,0,0.05,36,24,0,1,2,4,2,4,1,10,10,0
40,60,20,0,0.05,36,24,0,1,2,4,2,4,1,10,10,0
45,60,20,0,0.05,36,24,0,1,2,4,2,4,1,10,10,0
50,60,20,0,0.05,36,24,0,1,2,4,2,4,1,10,10,0
55,60,20,0,0.05,36,24,0,1,2,4,2,4,1,10,10,0
60,60,20,0,0.05,36,24,0,1,2,4,2,4,1,10,10,0
65,60,20,0,0.05,36,24,0,1,2,4,2,4,1,10,10,0
70,60,20,0,0.05,36,24,0,1,2,4,2,4,1,10,10,0
75,60,20,0,0.05,36,24,0,1,2,4,2,4,1,10,10,0
80,60,20,0,0.05,36,24,0,1,2,4,2,4,1,10,10,0
85,60,20,0,0.05,36,24,0,1,2,4,2,4,1,10,10,0
90,60,20,0,0.05,36,24,0,1,2,4,2,4,1,10,10,0
95,60,20,0,0.05,36,24,0,1,2,4,2,4,1,10,10,0
100,60,20,0,0.05,36,24,0,1,2,4,2,4,1,10,10,0
5,65,20,0,0.05,36,24,0,1,2,4,2,4,1,10,10,0
10,65,20,0,0.05,36,24,0,1,2,4,2,4,1,10,10,0
15,65,20,0,0.05,36,24,0,1,2,4,2,4,1,10,10,0
20,65,20,0,0.05,36,24,0,1,2,4,2,4,1,10,10,0
25,65,20,0,0.05,36,24,0,1,2,4,2,4,1,10,10,0
30,65,20,0,0.05,36,24,0,1,2,4,2,4,1,10,10,0
35,65,20,0,0.05,36,24,0,1,2,4,2,4,1,10,10,0
40,65,20,0,0.05,36,24,0,1,2,4,2,4,1,10,10,0
45,65,20,0,0.05,36,24,0,1,2,4,2,4,1,10,10,0
50,65,20,0,0.05,36,24,0,1,2,4,2,4,1,10,10,0
55,65,20,0,0.05,36,24,0,1,2,4,2,4,1,10,10,0
60,65,20,0,0.05,36,24,0,1,2,4,2,4,1,10,10,0
65,65,20,0,0.05,36,24,0,1,2,4,2,4,1,10,10,0
70,65,20,0,0.05,36,24,0,1,2,4,2,4,1,10,10,0
75,65,20,0,0.05,36,24,0,1,2,4,2,4,1,10,10,0
80,65,20,0,0.05,36,24,0,1,2,4,2,4,1,10,10,0
85,65,20,0,0.05,36,24,0,1,2,4,2,4,1,10,10,0
90,65,20,0,0.05,36,24,0,1,2,4,2,4,1,10,10,0
95,65,20,0,0.05,36,24,0,1,2,4,2,4,1,10,10,0
100,65,20,0,0.05,36,24,0,1,2,4,2,4,1,10,10,0
5,70,20,0,0.05,36,24,0,1,2,4,2,4,1,10,10,0
10,70,20,0,0.05,36,24,0,1,2,4,2,4,1,10,10,0
15,70,20,0,0.05,36,24,0,1,2,4,2,4,1,10,10,0
20,70,20,0,0.05,36,24,0,1,2,4,2,4,1,10,10,0
25,70,20,0,0.05,36,24,0,1,2,4,2,4,1,10,10,0
30,70,20,0,0.05,36,24,0,1,2,4,2,4,1,10,10,0
35,70,20,0,0.05,36,24,0,1,2,4,2,4,1,10,10,0
40,70,20,0,0.05,36,24,0,1,2,4,2,4,1,10,10,0
45,70,20,0,0.05,36,24,0,1,2,4,2,4,1,10,10,0
50,70,20,0,0.05,36,24,0,1,2,4,2,4,1,10,10,0
55,70,20,0,0.05,36,24,0,1,2,4,2,4,1,10,10,0
60,70,20,0,0.05,36,24,0,1,2,4,2,4,1,10,10,0
65,70,20,0,0.05,36,24,0,1,2,4,2,4,1,10,10,0
70,70,20,0,0.05,36,24,0,1,2,4,2,4,1,10,10,0
75,70,20,0,0.05,36,24,0,1,2,4,2,4,1,10,10,0
80,70,20,0,0.05,36,24,0,1,2,4,2,4,1,10,10,0
85,70,20,0,0.05,36,24,0,1,2,4,2,4,1,10,10,0
90,70,20,0,0.05,36,24,0,1,2,4,2,4,1,10,10,0
95,70,20,0,0.05,36,24,0,1,2,4,2,4,1,10,10,0
100,70,20,0,0.05,36,24,0,1,2,4,2,4,1,10,10,0
5,75,20,0,0.05,36,24,0,1,2,4,2,4,1,10,10,0
10,75,20,0,0.05,36,24,0,1,2,4,2,4,1,10,10,0
15,75,20,0,0.05,36,24,0,1,2,4,2,4,1,10,10,0
20,75,20,0,0.05,36,24,0,1,2,4,2,4,1,10,10,0
25,75,20,0,0.05,36,24,0,1,2,4,2,4,1,10,10,0
30,75,20,0,0.05,36,24,0,1,2,4,2,4,1,10,10,0
35,75,20,0,0.05,36,24,0,1,2,4,2,4,1,10,10,0
40,75,20,0,0.05,36,24,0,1,2,4,2,4,1,10,10,0
45,75,20,0,0.05,36,24,0,1,2,4,2,4,1,10,10,0
50,75,20,0,0.05,36,24,0,1,2,4,2,4,1,10,10,0
55,75,20,0,0.05,36,24,0,1,2,4,2,4,1,10,10,0
60,75,20,0,0.05,36,24,0,1,2,4,2,4,1,10,10,0
65,75,20,0,0.05,36,24,0,1,2,4,2,4,1,10,10,0
70,75,20,0,0.05,36,24,0,1,2,4,2,4,1,10,10,0
75,75,20,0,0.05,36,24,0,1,2,4,2,4,1,10,10,0
80,75,20,0,0.05,36,24,0,1,2,4,2,4,1,10,10,0
85,75,20,0,0.05,36,24,0,1,2,4,2,4,1,10,10,0
90,75,20,0,0.05,36,24,0,1,2,4,2,4,1,10,10,0
95,75,20,0,0.05,36,24,0,1,2,4,2,4,1,10,10,0
100,75,20,0,0.05,36,24,0,1,2,4,2,4,1,10,10,0
5,80,20,0,0.05,36,24,0,1,2,4,2,4,1,10,10,0
10,80,20,0,0.05,36,24,0,1,2,4,2,4,1,10,10,0
15,80,20,0,0.05,36,24,0,1,2,4,2,4,1,10,10,0
20,80,20,0,0.05,36,24,0,1,2,4,2,4,1,10,10,0
25,80,20,0,0.05,36,24,0,1,2,4,2,4,1,10,10,0
30,80,20,0,0.05,36,24,0,1,2,4,2,4,1,10,10,0
35,80,20,0,0.05,36,24,0,1,2,4,2,4,1,10,10,0
40,80,20,0,0.05,36,24,0,1,2,4,2,4,1,10,10,0
45,80,20,0,0.05,36,24,0,1,2,4,2,4,1,10,10,0
50,80,20,0,0.05,36,24,0,1,2,4,2,4,1,10,10,0
55,80,20,0,0.05,36,24,0,1,2,4,2,4,1,10,10,0
60,80,20,0,0.05,36,24,0,1,2,4,2,4,1,10,10,0
65,80,20,0,0.05,36,24,0,1,2,4,2,4,1,10,10,0
70,80,20,0,0.05,36,24,0,1,2,4,2,4,1,10,10,0
75,80,20,0,0.05,36,24,0,1,2,4,2,4,1,10,10,0
80,80,20,0,0.05,36,24,0,1,2,4,2,4,1,10,10,0
85,80,20,0,0.05,36,24,0,1,2,4,2,4,1,10,10,0
90,80,20,0,0.05,36,24,0,1,2,4,2,4,1,10,10,0
95,80,20,0,0.05,36,24,0,1,2,4,2,4,1,10,10,0
100,80,20,0,0.05,36,24,0,1,2,4,2,4,1,10,10,0
5,85,20,0,0.05,36,24,0,1,2,4,2,4,1,10,10,0
10,85,20,0,0.05,36,24,0,1,2,4,2,4,1,10,10,0
15,85,20,0,0.05,36,24,0,1,2,4,2,4,1,10,10,0
20,85,20,0,0.05,36,24,0,1,2,4,2,4,1,10,10,0
25,85,20,0,0.05,36,24,0,1,2,4,2,4,1,10,10,0
30,85,20,0,0.05,36,24,0,1,2,4,2,4,1,10,10,0
35,85,20,0,0.05,36,24,0,1,2,4,2,4,1,10,10,0
40,85,20,0,0.05,36,24,0,1,2,4,2,4,1,10,10,0
45,85,20,0,0.05,36,24,0,1,2,4,2,4,1,10,10,0
50,85,20,0,0.05,36,24,0,1,2,4,2,4,1,10,10,0
55,85,20,0,0.05,36,24,0,1,2,4,2,4,1,10,10,0
60,85,20,0,0.05,36,24,0,1,2,4,2,4,1,10,10,0
65,85,20,0,0.05,36,24,0,1,2,4,2,4,1,10,10,0
70,85,20,0,0.05,36,24,0,1,2,4,2,4,1,10,10,0
75,85,20,0,0.05,36,24,0,1,2,4,2,4,1,10,10,0
80,85,20,0,0.05,36,24,0,1,2,4,2,4,1,10,10,0
85,85,20,0,0.05,36,24,0,1,2,4,2,4,1,10,10,0
90,85,20,0,0.05,36,24,0,1,2,4,2,4,1,10,10,0
95,85,20,0,0.05,36,24,0,1,2,4,2,4,1,10,10,0
100,85,20,0,0.05,36,24,0,1,2,4,2,4,1,10,10,0
5,90,20,0,0.05,36,24,0,1,2,4,2,4,1,10,10,0
10,90,20,0,0.05,36,24,0,1,2,4,2,4,1,10,10,0
15,90,20,0,0.05,36,24,0,1,2,4,2,4,1,10,10,0
20,90,20,0,0.05,36,24,0,1,2,4,2,4,1,10,10,0
25,90,20,0,0.05,36,24,0,1,2,4,2,4,1,10,10,0
30,90,20,0,0.05,36,24,0,1,2,4,2,4,1,10,10,0
35,90,20,0,0.05,36,24,0,1,2,4,2,4,1,10,10,0
40,90,20,0,0.05,36,24,0,1,2,4,2,4,1,10,10,0
45,90,20,0,0.05,36,24,0,1,2,4,2,4,1,10,10,0
50,90,20,0,0.05,36,24,0,1,2,4,2,4,1,10,10,0
55,90,20,0,0.05,36,24,0,1,2,4,2,4,1,10,10,0
60,90,20,0,0.05,36,24,0,1,2,4,2,4,1,10,10,0
65,90,20,0,0.05,36,24,0,1,2,4,2,4,1,10,10,0
70,90,20,0,0.05,36,24,0,1,2,4,2,4,1,10,10,0
75,90,20,0,0.05,36,24,0,1,2,4,2,4,1,10,10,0
80,90,20,0,0.05,36,24,0,1,2,4,2,4,1,10,10,0
85,90,20,0,0.05,36,24,0,1,2,4,2,4,1,10,10,0
90,90,20,0,0.05,36,24,0,1,2,4,2,4,1,10,10,0
95,90,20,0,0.05,36,24,0,1,2,4,2,4,1,10,10,0
100,90,20,0,0.05,36,24,0,1,2,4,2,4,1,10,10,0
5,95,20,0,0.05,36,24,0,1,2,4,2,4,1,10,10,0
10,95,20,0,0.05,36,24,0,1,2,4,2,4,1,10,10,0
15,95,20,0,0.05,36,24,0,1,2,4,2,4,1,10,10,0
20,95,20,0,0.05,36,24,0,1,2,4,2,4,1,10,10,0
25,95,20,0,0.05,36,24,0,1,2,4,2,4,1,10,10,0
30,95,20,0,0.05,36,24,0,1,2,4,2,4,1,10,10,0
35,95,20,0,0.05,36,24,0,1,2,4,2,4,1,10,10,0
40,95,20,0,0.05,36,24,0,1,2,4,2,4,1,10,10,0
45,95,20,0,0.05,36,24,0,1,2,4,2,4,1,10,10,0
50,95,20,0,0.05,36,24,0,1,2,4,2,4,1,10,10,0
55,95,20,0,0.05,36,24,0,1,2,4,2,4,1,10,10,0
60,95,20,0,0.05,36,24,0,1,2,4,2,4,1,10,10,0
65,95,20,0,0.05,36,24,0,1,2,4,2,4,1,10,10,0
70,95,20,0,0.05,36,24,0,1,2,4,2,4,1,10,10,0
75,95,20,0,0.05,36,24,0,1,2,4,2,4,1,10,10,0
80,95,20,0,0.05,36,24,0,1,2,4,2,4,1,10,10,0
85,95,20,0,0.05,36,24,0,1,2,4,2,4,1,10,10,0
90,95,20,0,0.05,36,24,0,1,2,4,2,4,1,10,10,0
95,95,20,0,0.05,36,24,0,1,2,4,2,4,1,10,10,0
100,95,20,0,0.05,36,24,0,1,2,4,2,4,1,10,10,0
5,100,20,0,0.05,36,24,0,1,2,4,2,4,1,10,10,0
10,100,20,0,0.05,36,24,0,1,2,4,2,4,1,10,10,0
15,100,20,0,0.05,36,24,0,1,2,4,2,4,1,10,10,0
20,100,20,0,0.05,36,24,0,1,2,4,2,4,1,10,10,0
25,100,20,0,0.05,36,24,0,1,2,4,2,4,1,10,10,0
30,100,20,0,0.05,36,24,0,1,2,4,2,4,1,10,10,0
35,100,20,0,0.05,36,24,0,1,2,4,2,4,1,10,10,0
40,100,20,0,0.05,36,24,0,1,2,4,2,4,1,10,10,0
45,100,20,0,0.05,36,24,0,1,2,4,2,4,1,10,10,0
50,100,20,0,0.05,36,24,0,1,2,4,2,4,1,10,10,0
55,100,20,0,0.05,36,24,0,1,2,4,2,4,1,10,10,0
60,100,20,0,0.05,36,24,0,1,2,4,2,4,1,10,10,0
65,100,20,0,0.05,36,24,0,1,2,4,2,4,1,10,10,0
70,100,20,0,0.05,36,24,0,1,2,4,2,4,1,10,10,0
75,100,20,0,0.05,36,24,0,1,2,4,2,4,1,10,10,0
80,100,20,0,0.05,36,24,0,1,2,4,2,4,1,10,10,0
85,100,20,0,0.05,36,24,0,1,2,4,2,4,1,10,10,0
90,100,20,0,0.05,36,24,0,1,2,4,2,4,1,10,10,0
95,100,20,0,0.05,36,24,0,1,2,4,2,4,1,10,10,0
100,100,20,0,0.05,36,24,0,1,2,4,2,4,1,10,10,0
5,5,2,0,0.1,36,24,0,1,2,4,2,4,1,10,10,0
10,5,2,0,0.1,36,24,0,1,2,4,2,4,1,10,10,0
15,5,2,0,0.1,36,24,0,1,2,4,2,4,1,10,10,0
20,5,2,0,0.1,36,24,0,1,2,4,2,4,1,10,10,0
25,5,2,0,0.1,36,24,0,1,2,4,2,4,1,10,10,0
30,5,2,0,0.1,36,24,0,1,2,4,2,4,1,10,10,0
35,5,2,0,0.1,36,24,0,1,2,4,2,4,1,10,10,0
40,5,2,0,0.1,36,24,0,1,2,4,2,4,1,10,10,0
45,5,2,0,0.1,36,24,0,1,2,4,2,4,1,10,10,0
50,5,2,0,0.1,36,24,0,1,2,4,2,4,1,10,10,0
55,5,2,0,0.1,36,24,0,1,2,4,2,4,1,10,10,0
60,5,2,0,0.1,36,24,0,1,2,4,2,4,1,10,10,0
65,5,2,0,0.1,36,24,0,1,2,4,2,4,1,10,10,0
70,5,2,0,0.1,36,24,0,1,2,4,2,4,1,10,10,0
75,5,2,0,0.1,36,24,0,1,2,4,2,4,1,10,10,0
80,5,2,0,0.1,36,24,0,1,2,4,2,4,1,10,10,0
85,5,2,0,0.1,36,24,0,1,2,4,2,4,1,10,10,0
90,5,2,0,0.1,36,24,0,1,2,4,2,4,1,10,10,0
95,5,2,0,0.1,36,24,0,1,2,4,2,4,1,10,10,0
100,5,2,0,0.1,36,24,0,1,2,4,2,4,1,10,10,0
5,10,2,0,0.1,36,24,0,1,2,4,2,4,1,10,10,0
10,10,2,0,0.1,36,24,0,1,2,4,2,4,1,10,10,0
15,10,2,0,0.1,36,24,0,1,2,4,2,4,1,10,10,0
20,10,2,0,0.1,36,24,0,1,2,4,2,4,1,10,10,0
25,10,2,0,0.1,36,24,0,1,2,4,2,4,1,10,10,0
30,10,2,0,0.1,36,24,0,1,2,4,2,4,1,10,10,0
35,10,2,0,0.1,36,24,0,1,2,4,2,4,1,10,10,0
40,10,2,0,0.1,36,24,0,1,2,4,2,4,1,10,10,0
45,10,2,0,0.1,36,24,0,1,2,4,2,4,1,10,10,0
50,10,2,0,0.1,36,24,0,1,2,4,2,4,1,10,10,0
55,10,2,0,0.1,36,24,0,1,2,4,2,4,1,10,10,0
60,10,2,0,0.1,36,24,0,1,2,4,2,4,1,10,10,0
65,10,2,0,0.1,36,24,0,1,2,4,2,4,1,10,10,0
70,10,2,0,0.1,36,24,0,1,2,4,2,4,1,10,10,0
75,10,2,0,0.1,36,24,0,1,2,4,2,4,1,10,10,0
80,10,2,0,0.1,36,24,0,1,2,4,2,4,1,10,10,0
85,10,2,0,0.1,36,24,0,1,2,4,2,4,1,10,10,0
90,10,2,0,0.1,36,24,0,1,2,4,2,4,1,10,10,0
95,10,2,0,0.1,36,24,0,1,2,4,2,4,1,10,10,0
100,10,2,0,0.1,36,24,0,1,2,4,2,4,1,10,10,0
5,15,2,0,0.1,36,24,0,1,2,4,2,4,1,10,10,0
10,15,2,0,0.1,36,24,0,1,2,4,2,4,1,10,10,0
15,15,2,0,0.1,36,24,0,1,2,4,2,4,1,10,10,0
20,15,2,0,0.1,36,24,0,1,2,4,2,4,1,10,10,0
25,15,2,0,0.1,36,24,0,1,2,4,2,4,1,10,10,0
30,15,2,0,0.1,36,24,0,1,2,4,2,4,1,10,10,0
35,15,2,0,0.1,36,24,0,1,2,4,2,4,1,10,10,0
40,15,2,0,0.1,36,24,0,1,2,4,2,4,1,10,10,0
45,15,2,0,0.1,36,24,0,1,2,4,2,4,1,10,10,0
50,15,2,0,0.1,36,24,0,1,2,4,2,4,1,10,10,0
55,15,2,0,0.1,36,24,0,1,2,4,2,4,1,10,10,0
60,15,2,0,0.1,36,24,0,1,2,4,2,4,1,10,10,0
65,15,2,0,0.1,36,24,0,1,2,4,2,4,1,10,10,0
70,15,2,0,0.1,36,24,0,1,2,4,2,4,1,10,10,0
75,15,2,0,0.1,36,24,0,1,2,4,2,4,1,10,10,0
80,15,2,0,0.1,36,24,0,1,2,4,2,4,1,10,10,0
85,15,2,0,0.1,36,24,0,1,2,4,2,4,1,10,10,0
90,15,2,0,0.1,36,24,0,1,2,4,2,4,1,10,10,0
95,15,2,0,0.1,36,24,0,1,2,4,2,4,1,10,10,0
100,15,2,0,0.1,36,24,0,1,2,4,2,4,1,10,10,0
5,20,2,0,0.1,36,24,0,1,2,4,2,4,1,10,10,0
10,20,2,0,0.1,36,24,0,1,2,4,2,4,1,10,10,0
15,20,2,0,0.1,36,24,0,1,2,4,2,4,1,10,10,0
20,20,2,0,0.1,36,24,0,1,2,4,2,4,1,10,10,0
25,20,2,0,0.1,36,24,0,1,2,4,2,4,1,10,10,0
30,20,2,0,0.1,36,24,0,1,2,4,2,4,1,10,10,0
35,20,2,0,0.1,36,24,0,1,2,4,2,4,1,10,10,0
40,20,2,0,0.1,36,24,0,1,2,4,2,4,1,10,10,0
45,20,2,0,0.1,36,24,0,1,2,4,2,4,1,10,10,0
50,20,2,0,0.1,36,24,0,1,2,4,2,4,1,10,10,0
55,20,2,0,0.1,36,24,0,1,2,4,2,4,1,10,10,0
60,20,2,0,0.1,36,24,0,1,2,4,2,4,1,10,10,0
65,20,2,0,0.1,36,24,0,1,2,4,2,4,1,10,10,0
70,20,2,0,0.1,36,24,0,1,2,4,2,4,1,10,10,0
75,20,2,0,0.1,36,24,0,1,2,4,2,4,1,10,10,0
80,20,2,0,0.1,36,24,0,1,2,4,2,4,1,10,10,0
85,20,2,0,0.1,36,24,0,1,2,4,2,4,1,10,10,0
90,20,2,0,0.1,36,24,0,1,2,4,2,4,1,10,10,0
95,20,2,0,0.1,36,24,0,1,2,4,2,4,1,10,10,0
100,20,2,0,0.1,36,24,0,1,2,4,2,4,1,10,10,0
5,25,2,0,0.1,36,24,0,1,2,4,2,4,1,10,10,0
10,25,2,0,0.1,36,24,0,1,2,4,2,4,1,10,10,0
15,25,2,0,0.1,36,24,0,1,2,4,2,4,1,10,10,0
20,25,2,0,0.1,36,24,0,1,2,4,2,4,1,10,10,0
25,25,2,0,0.1,36,24,0,1,2,4,2,4,1,10,10,0
30,25,2,0,0.1,36,24,0,1,2,4,2,4,1,10,10,0
35,25,2,0,0.1,36,24,0,1,2,4,2,4,1,10,10,0
40,25,2,0,0.1,36,24,0,1,2,4,2,4,1,10,10,0
45,25,2,0,0.1,36,24,0,1,2,4,2,4,1,10,10,0
50,25,2,0,0.1,36,24,0,1,2,4,2,4,1,10,10,0
55,25,2,0,0.1,36,24,0,1,2,4,2,4,1,10,10,0
60,25,2,0,0.1,36,24,0,1,2,4,2,4,1,10,10,0
65,25,2,0,0.1,36,24,0,1,2,4,2,4,1,10,10,0
70,25,2,0,0.1,36,24,0,1,2,4,2,4,1,10,10,0
75,25,2,0,0.1,36,24,0,1,2,4,2,4,1,10,10,0
80,25,2,0,0.1,36,24,0,1,2,4,2,4,1,10,10,0
85,25,2,0,0.1,36,24,0,1,2,4,2,4,1,10,10,0
90,25,2,0,0.1,36,24,0,1,2,4,2,4,1,10,10,0
95,25,2,0,0.1,36,24,0,1,2,4,2,4,1,10,10,0
100,25,2,0,0.1,36,24,0,1,2,4,2,4,1,10,10,0
5,30,2,0,0.1,36,24,0,1,2,4,2,4,1,10,10,0
10,30,2,0,0.1,36,24,0,1,2,4,2,4,1,10,10,0
15,30,2,0,0.1,36,24,0,1,2,4,2,4,1,10,10,0
20,30,2,0,0.1,36,24,0,1,2,4,2,4,1,10,10,0
25,30,2,0,0.1,36,24,0,1,2,4,2,4,1,10,10,0
30,30,2,0,0.1,36,24,0,1,2,4,2,4,1,10,10,0
35,30,2,0,0.1,36,24,0,1,2,4,2,4,1,10,10,0
40,30,2,0,0.1,36,24,0,1,2,4,2,4,1,10,10,0
45,30,2,0,0.1,36,24,0,1,2,4,2,4,1,10,10,0
50,30,2,0,0.1,36,24,0,1,2,4,2,4,1,10,10,0
55,30,2,0,0.1,36,24,0,1,2,4,2,4,1,10,10,0
60,30,2,0,0.1,36,24,0,1,2,4,2,4,1,10,10,0
65,30,2,0,0.1,36,24,0,1,2,4,2,4,1,10,10,0
70,30,2,0,0.1,36,24,0,1,2,4,2,4,1,10,10,0
75,30,2,0,0.1,36,24,0,1,2,4,2,4,1,10,10,0
80,30,2,0,0.1,36,24,0,1,2,4,2,4,1,10,10,0
85,30,2,0,0.1,36,24,0,1,2,4,2,4,1,10,10,0
90,30,2,0,0.1,36,24,0,1,2,4,2,4,1,10,10,0
95,30,2,0,0.1,36,24,0,1,2,4,2,4,1,10,10,0
100,30,2,0,0.1,36,24,0,1,2,4,2,4,1,10,10,0
5,35,2,0,0.1,36,24,0,1,2,4,2,4,1,10,10,0
10,35,2,0,0.1,36,24,0,1,2,4,2,4,1,10,10,0
15,35,2,0,0.1,36,24,0,1,2,4,2,4,1,10,10,0
20,35,2,0,0.1,36,24,0,1,2,4,2,4,1,10,10,0
25,35,2,0,0.1,36,24,0,1,2,4,2,4,1,10,10,0
30,35,2,0,0.1,36,24,0,1,2,4,2,4,1,10,10,0
35,35,2,0,0.1,36,24,0,1,2,4,2,4,1,10,10,0
40,35,2,0,0.1,36,24,0,1,2,4,2,4,1,10,10,0
45,35,2,0,0.1,36,24,0,1,2,4,2,4,1,10,10,0
50,35,2,0,0.1,36,24,0,1,2,4,2,4,1,10,10,0
55,35,2,0,0.1,36,24,0,1,2,4,2,4,1,10,10,0
60,35,2,0,0.1,36,24,0,1,2,4,2,4,1,10,10,0
65,35,2,0,0.1,36,24,0,1,2,4,2,4,1,10,10,0
70,35,2,0,0.1,36,24,0,1,2,4,2,4,1,10,10,0
75,35,2,0,0.1,36,24,0,1,2,4,2,4,1,10,10,0
80,35,2,0,0.1,36,24,0,1,2,4,2,4,1,10,10,0
85,35,2,0,0.1,36,24,0,1,2,4,2,4,1,10,10,0
90,35,2,0,0.1,36,24,0,1,2,4,2,4,1,10,10,0
95,35,2,0,0.1,36,24,0,1,2,4,2,4,1,10,10,0
100,35,2,0,0.1,36,24,0,1,2,4,2,4,1,10,10,0
5,40,2,0,0.1,36,24,0,1,2,4,2,4,1,10,10,0
10,40,2,0,0.1,36,24,0,1,2,4,2,4,1,10,10,0
15,40,2,0,0.1,36,24,0,1,2,4,2,4,1,10,10,0
20,40,2,0,0.1,36,24,0,1,2,4,2,4,1,10,10,0
25,40,2,0,0.1,36,24,0,1,2,4,2,4,1,10,10,0
30,40,2,0,0.1,36,24,0,1,2,4,2,4,1,10,10,0
35,40,2,0,0.1,36,24,0,1,2,4,2,4,1,10,10,0
40,40,2,0,0.1,36,24,0,1,2,4,2,4,1,10,10,0
45,40,2,0,0.1,36,24,0,1,2,4,2,4,1,10,10,0
50,40,2,0,0.1,36,24,0,1,2,4,2,4,1,10,10,0
55,40,2,0,0.1,36,24,0,1,2,4,2,4,1,10,10,0
60,40,2,0,0.1,36,24,0,1,2,4,2,4,1,10,10,0
65,40,2,0,0.1,36,24,0,1,2,4,2,4,1,10,10,0
70,40,2,0,0.1,36,24,0,1,2,4,2,4,1,10,10,0
75,40,2,0,0.1,36,24,0,1,2,4,2,4,1,10,10,0
80,40,2,0,0.1,36,24,0,1,2,4,2,4,1,10,10,0
85,40,2,0,0.1,36,24,0,1,2,4,2,4,1,10,10,0
90,40,2,0,0.1,36,24,0,1,2,4,2,4,1,10,10,0
95,40,2,0,0.1,36,24,0,1,2,4,2,4,1,10,10,0
100,40,2,0,0.1,36,24,0,1,2,4,2,4,1,10,10,0
5,45,2,0,0.1,36,24,0,1,2,4,2,4,1,10,10,0
10,45,2,0,0.1,36,24,0,1,2,4,2,4,1,10,10,0
15,45,2,0,0.1,36,24,0,1,2,4,2,4,1,10,10,0
20,45,2,0,0.1,36,24,0,1,2,4,2,4,1,10,10,0
25,45,2,0,0.1,36,24,0,1,2,4,2,4,1,10,10,0
30,45,2,0,0.1,36,24,0,1,2,4,2,4,1,10,10,0
35,45,2,0,0.1,36,24,0,1,2,4,2,4,1,10,10,0
40,45,2,0,0.1,36,24,0,1,2,4,2,4,1,10,10,0
45,45,2,0,0.1,36,24,0,1,2,4,2,4,1,10,10,0
50,45,2,0,0.1,36,24,0,1,2,4,2,4,1,10,10,0
55,45,2,0,0.1,36,24,0,1,2,4,2,4,1,10,10,0
60,45,2,0,0.1,36,24,0,1,2,4,2,4,1,10,10,0
65,45,2,0,0.1,36,24,0,1,2,4,2,4,1,10,10,0
70,45,2,0,0.1,36,24,0,1,2,4,2,4,1,10,10,0
75,45,2,0,0.1,36,24,0,1,2,4,2,4,1,10,10,0
80,45,2,0,0.1,36,24,0,1,2,4,2,4,1,10,10,0
85,45,2,0,0.1,36,24,0,1,2,4,2,4,1,10,10,0
90,45,2,0,0.1,36,24,0,1,2,4,2,4,1,10,10,0
95,45,2,0,0.1,36,24,0,1,2,4,2,4,1,10,10,0
100,45,2,0,0.1,36,24,0,1,2,4,2,4,1,10,10,0
5,50,2,0,0.1,36,24,0,1,2,4,2,4,1,10,10,0
10,50,2,0,0.1,36,24,0,1,2,4,2,4,1,10,10,0
15,50,2,0,0.1,36,24,0,1,2,4,2,4,1,10,10,0
20,50,2,0,0.1,36,24,0,1,2,4,2,4,1,10,10,0
25,50,2,0,0.1,36,24,0,1,2,4,2,4,1,10,10,0
30,50,2,0,0.1,36,24,0,1,2,4,2,4,1,10,10,0
35,50,2,0,0.1,36,24,0,1,2,4,2,4,1,10,10,0
40,50,2,0,0.1,36,24,0,1,2,4,2,4,1,10,10,0
45,50,2,0,0.1,36,24,0,1,2,4,2,4,1,10,10,0
50,50,2,0,0.1,36,24,0,1,2,4,2,4,1,10,10,0
55,50,2,0,0.1,36,24,0,1,2,4,2,4,1,10,10,0
60,50,2,0,0.1,36,24,0,1,2,4,2,4,1,10,10,0
65,50,2,0,0.1,36,24,0,1,2,4,2,4,1,10,10,0
70,50,2,0,0.1,36,24,0,1,2,4,2,4,1,10,10,0
75,50,2,0,0.1,36,24,0,1,2,4,2,4,1,10,10,0
80,50,2,0,0.1,36,24,0,1,2,4,2,4,1,10,10,0
85,50,2,0,0.1,36,24,0,1,2,4,2,4,1,10,10,0
90,50,2,0,0.1,36,24,0,1,2,4,2,4,1,10,10,0
95,50,2,0,0.1,36,24,0,1,2,4,2,4,1,10,10,0
100,50,2,0,0.1,36,24,0,1,2,4,2,4,1,10,10,0
5,55,2,0,0.1,36,24,0,1,2,4,2,4,1,10,10,0
10,55,2,0,0.1,36,24,0,1,2,4,2,4,1,10,10,0
15,55,2,0,0.1,36,24,0,1,2,4,2,4,1,10,10,0
20,55,2,0,0.1,36,24,0,1,2,4,2,4,1,10,10,0
25,55,2,0,0.1,36,24,0,1,2,4,2,4,1,10,10,0
30,55,2,0,0.1,36,24,0,1,2,4,2,4,1,10,10,0
35,55,2,0,0.1,36,24,0,1,2,4,2,4,1,10,10,0
40,55,2,0,0.1,36,24,0,1,2,4,2,4,1,10,10,0
45,55,2,0,0.1,36,24,0,1,2,4,2,4,1,10,10,0
50,55,2,0,0.1,36,24,0,1,2,4,2,4,1,10,10,0
55,55,2,0,0.1,36,24,0,1,2,4,2,4,1,10,10,0
60,55,2,0,0.1,36,24,0,1,2,4,2,4,1,10,10,0
65,55,2,0,0.1,36,24,0,1,2,4,2,4,1,10,10,0
70,55,2,0,0.1,36,24,0,1,2,4,2,4,1,10,10,0
75,55,2,0,0.1,36,24,0,1,2,4,2,4,1,10,10,0
80,55,2,0,0.1,36,24,0,1,2,4,2,4,1,10,10,0
85,55,2,0,0.1,36,24,0,1,2,4,2,4,1,10,10,0
90,55,2,0,0.1,36,24,0,1,2,4,2,4,1,10,10,0
95,55,2,0,0.1,36,24,0,1,2,4,2,4,1,10,10,0
100,55,2,0,0.1,36,24,0,1,2,4,2,4,1,10,10,0
5,60,2,0,0.1,36,24,0,1,2,4,2,4,1,10,10,0
10,60,2,0,0.1,36,24,0,1,2,4,2,4,1,10,10,0
15,60,2,0,0.1,36,24,0,1,2,4,2,4,1,10,10,0
20,60,2,0,0.1,36,24,0,1,2,4,2,4,1,10,10,0
25,60,2,0,0.1,36,24,0,1,2,4,2,4,1,10,10,0
30,60,2,0,0.1,36,24,0,1,2,4,2,4,1,10,10,0
35,60,2,0,0.1,36,24,0,1,2,4,2,4,1,10,10,0
40,60,2,0,0.1,36,24,0,1,2,4,2,4,1,10,10,0
45,60,2,0,0.1,36,24,0,1,2,4,2,4,1,10,10,0
50,60,2,0,0.1,36,24,0,1,2,4,2,4,1,10,10,0
55,60,2,0,0.1,36,24,0,1,2,4,2,4,1,10,10,0
60,60,2,0,0.1,36,24,0,1,2,4,2,4,1,10,10,0
65,60,2,0,0.1,36,24,0,1,2,4,2,4,1,10,10,0
70,60,2,0,0.1,36,24,0,1,2,4,2,4,1,10,10,0
75,60,2,0,0.1,36,24,0,1,2,4,2,4,1,10,10,0
80,60,2,0,0.1,36,24,0,1,2,4,2,4,1,10,10,0
85,60,2,0,0.1,36,24,0,1,2,4,2,4,1,10,10,0
90,60,2,0,0.1,36,24,0,1,2,4,2,4,1,10,10,0
95,60,2,0,0.1,36,24,0,1,2,4,2,4,1,10,10,0
100,60,2,0,0.1,36,24,0,1,2,4,2,4,1,10,10,0
5,65,2,0,0.1,36,24,0,1,2,4,2,4,1,10,10,0
10,65,2,0,0.1,36,24,0,1,2,4,2,4,1,10,10,0
15,65,2,0,0.1,36,24,0,1,2,4,2,4,1,10,10,0
20,65,2,0,0.1,36,24,0,1,2,4,2,4,1,10,10,0
25,65,2,0,0.1,36,24,0,1,2,4,2,4,1,10,10,0
30,65,2,0,0.1,36,24,0,1,2,4,2,4,1,10,10,0
35,65,2,0,0.1,36,24,0,1,2,4,2,4,1,10,10,0
40,65,2,0,0.1,36,24,0,1,2,4,2,4,1,10,10,0
45,65,2,0,0.1,36,24,0,1,2,4,2,4,1,10,10,0
50,65,2,0,0.1,36,24,0,1,2,4,2,4,1,10,10,0
55,65,2,0,0.1,36,24,0,1,2,4,2,4,1,10,10,0
60,65,2,0,0.1,36,24,0,1,2,4,2,4,1,10,10,0
65,65,2,0,0.1,36,24,0,1,2,4,2,4,1,10,10,0
70,65,2,0,0.1,36,24,0,1,2,4,2,4,1,10,10,0
75,65,2,0,0.1,36,24,0,1,2,4,2,4,1,10,10,0
80,65,2,0,0.1,36,24,0,1,2,4,2,4,1,10,10,0
85,65,2,0,0.1,36,24,0,1,2,4,2,4,1,10,10,0
90,65,2,0,0.1,36,24,0,1,2,4,2,4,1,10,10,0
95,65,2,0,0.1,36,24,0,1,2,4,2,4,1,10,10,0
100,65,2,0,0.1,36,24,0,1,2,4,2,4,1,10,10,0
5,70,2,0,0.1,36,24,0,1,2,4,2,4,1,10,10,0
10,70,2,0,0.1,36,24,0,1,2,4,2,4,1,10,10,0
15,70,2,0,0.1,36,24,0,1,2,4,2,4,1,10,10,0
20,70,2,0,0.1,36,24,0,1,2,4,2,4,1,10,10,0
25,70,2,0,0.1,36,24,0,1,2,4,2,4,1,10,10,0
30,70,2,0,0.1,36,24,0,1,2,4,2,4,1,10,10,0
35,70,2,0,0.1,36,24,0,1,2,4,2,4,1,10,10,0
40,70,2,0,0.1,36,24,0,1,2,4,2,4,1,10,10,0
45,70,2,0,0.1,36,24,0,1,2,4,2,4,1,10,10,0
50,70,2,0,0.1,36,24,0,1,2,4,2,4,1,10,10,0
55,70,2,0,0.1,36,24,0,1,2,4,2,4,1,10,10,0
60,70,2,0,0.1,36,24,0,1,2,4,2,4,1,10,10,0
65,70,2,0,0.1,36,24,0,1,2,4,2,4,1,10,10,0
70,70,2,0,0.1,36,24,0,1,2,4,2,4,1,10,10,0
75,70,2,0,0.1,36,24,0,1,2,4,2,4,1,10,10,0
80,70,2,0,0.1,36,24,0,1,2,4,2,4,1,10,10,0
85,70,2,0,0.1,36,24,0,1,2,4,2,4,1,10,10,0
90,70,2,0,0.1,36,24,0,1,2,4,2,4,1,10,10,0
95,70,2,0,0.1,36,24,0,1,2,4,2,4,1,10,10,0
100,70,2,0,0.1,36,24,0,1,2,4,2,4,1,10,10,0
5,75,2,0,0.1,36,24,0,1,2,4,2,4,1,10,10,0
10,75,2,0,0.1,36,24,0,1,2,4,2,4,1,10,10,0
15,75,2,0,0.1,36,24,0,1,2,4,2,4,1,10,10,0
20,75,2,0,0.1,36,24,0,1,2,4,2,4,1,10,10,0
25,75,2,0,0.1,36,24,0,1,2,4,2,4,1,10,10,0
30,75,2,0,0.1,36,24,0,1,2,4,2,4,1,10,10,0
35,75,2,0,0.1,36,24,0,1,2,4,2,4,1,10,10,0
40,75,2,0,0.1,36,24,0,1,2,4,2,4,1,10,10,0
45,75,2,0,0.1,36,24,0,1,2,4,2,4,1,10,10,0
50,75,2,0,0.1,36,24,0,1,2,4,2,4,1,10,10,0
55,75,2,0,0.1,36,24,0,1,2,4,2,4,1,10,10,0
60,75,2,0,0.1,36,24,0,1,2,4,2,4,1,10,10,0
65,75,2,0,0.1,36,24,0,1,2,4,2,4,1,10,10,0
70,75,2,0,0.1,36,24,0,1,2,4,2,4,1,10,10,0
75,75,2,0,0.1,36,24,0,1,2,4,2,4,1,10,10,0
80,75,2,0,0.1,36,24,0,1,2,4,2,4,1,10,10,0
85,75,2,0,0.1,36,24,0,1,2,4,2,4,1,10,10,0
90,75,2,0,0.1,36,24,0,1,2,4,2,4,1,10,10,0
95,75,2,0,0.1,36,24,0,1,2,4,2,4,1,10,10,0
100,75,2,0,0.1,36,24,0,1,2,4,2,4,1,10,10,0
5,80,2,0,0.1,36,24,0,1,2,4,2,4,1,10,10,0
10,80,2,0,0.1,36,24,0,1,2,4,2,4,1,10,10,0
15,80,2,0,0.1,36,24,0,1,2,4,2,4,1,10,10,0
20,80,2,0,0.1,36,24,0,1,2,4,2,4,1,10,10,0
25,80,2,0,0.1,36,24,0,1,2,4,2,4,1,10,10,0
30,80,2,0,0.1,36,24,0,1,2,4,2,4,1,10,10,0
35,80,2,0,0.1,36,24,0,1,2,4,2,4,1,10,10,0
40,80,2,0,0.1,36,24,0,1,2,4,2,4,1,10,10,0
45,80,2,0,0.1,36,24,0,1,2,4,2,4,1,10,10,0
50,80,2,0,0.1,36,24,0,1,2,4,2,4,1,10,10,0
55,80,2,0,0.1,36,24,0,1,2,4,2,4,1,10,10,0
60,80,2,0,0.1,36,24,0,1,2,4,2,4,1,10,10,0
65,80,2,0,0.1,36,24,0,1,2,4,2,4,1,10,10,0
70,80,2,0,0.1,36,24,0,1,2,4,2,4,1,10,10,0
75,80,2,0,0.1,36,24,0,1,2,4,2,4,1,10,10,0
80,80,2,0,0.1,36,24,0,1,2,4,2,4,1,10,10,0
85,80,2,0,0.1,36,24,0,1,2,4,2,4,1,10,10,0
90,80,2,0,0.1,36,24,0,1,2,4,2,4,1,10,10,0
95,80,2,0,0.1,36,24,0,1,2,4,2,4,1,10,10,0
100,80,2,0,0.1,36,24,0,1,2,4,2,4,1,10,10,0
5,85,2,0,0.1,36,24,0,1,2,4,2,4,1,10,10,0
10,85,2,0,0.1,36,24,0,1,2,4,2,4,1,10,10,0
15,85,2,0,0.1,36,24,0,1,2,4,2,4,1,10,10,0
20,85,2,0,0.1,36,24,0,1,2,4,2,4,1,10,10,0
25,85,2,0,0.1,36,24,0,1,2,4,2,4,1,10,10,0
30,85,2,0,0.1,36,24,0,1,2,4,2,4,1,10,10,0
35,85,2,0,0.1,36,24,0,1,2,4,2,4,1,10,10,0
40,85,2,0,0.1,36,24,0,1,2,4,2,4,1,10,10,0
45,85,2,0,0.1,36,24,0,1,2,4,2,4,1,10,10,0
50,85,2,0,0.1,36,24,0,1,2,4,2,4,1,10,10,0
55,85,2,0,0.1,36,24,0,1,2,4,2,4,1,10,10,0
60,85,2,0,0.1,36,24,0,1,2,4,2,4,1,10,10,0
65,85,2,0,0.1,36,24,0,1,2,4,2,4,1,10,10,0
70,85,2,0,0.1,36,24,0,1,2,4,2,4,1,10,10,0
75,85,2,0,0.1,36,24,0,1,2,4,2,4,1,10,10,0
80,85,2,0,0.1,36,24,0,1,2,4,2,4,1,10,10,0
85,85,2,0,0.1,36,24,0,1,2,4,2,4,1,10,10,0
90,85,2,0,0.1,36,24,0,1,2,4,2,4,1,10,10,0
95,85,2,0,0.1,36,24,0,1,2,4,2,4,1,10,10,0
100,85,2,0,0.1,36,24,0,1,2,4,2,4,1,10,10,0
5,90,2,0,0.1,36,24,0,1,2,4,2,4,1,10,10,0
10,90,2,0,0.1,36,24,0,1,2,4,2,4,1,10,10,0
15,90,2,0,0.1,36,24,0,1,2,4,2,4,1,10,10,0
20,90,2,0,0.1,36,24,0,1,2,4,2,4,1,10,10,0
25,90,2,0,0.1,36,24,0,1,2,4,2,4,1,10,10,0
30,90,2,0,0.1,36,24,0,1,2,4,2,4,1,10,10,0
35,90,2,0,0.1,36,24,0,1,2,4,2,4,1,10,10,0
40,90,2,0,0.1,36,24,0,1,2,4,2,4,1,10,10,0
45,90,2,0,0.1,36,24,0,1,2,4,2,4,1,10,10,0
50,90,2,0,0.1,36,24,0,1,2,4,2,4,1,10,10,0
55,90,2,0,0.1,36,24,0,1,2,4,2,4,1,10,10,0
60,90,2,0,0.1,36,24,0,1,2,4,2,4,1,10,10,0
65,90,2,0,0.1,36,24,0,1,2,4,2,4,1,10,10,0
70,90,2,0,0.1,36,24,0,1,2,4,2,4,1,10,10,0
75,90,2,0,0.1,36,24,0,1,2,4,2,4,1,10,10,0
80,90,2,0,0.1,36,24,0,1,2,4,2,4,1,10,10,0
85,90,2,0,0.1,36,24,0,1,2,4,2,4,1,10,10,0
90,90,2,0,0.1,36,24,0,1,2,4,2,4,1,10,10,0
95,90,2,0,0.1,36,24,0,1,2,4,2,4,1,10,10,0
100,90,2,0,0.1,36,24,0,1,2,4,2,4,1,10,10,0
5,95,2,0,0.1,36,24,0,1,2,4,2,4,1,10,10,0
10,95,2,0,0.1,36,24,0,1,2,4,2,4,1,10,10,0
15,95,2,0,0.1,36,24,0,1,2,4,2,4,1,10,10,0
20,95,2,0,0.1,36,24,0,1,2,4,2,4,1,10,10,0
25,95,2,0,0.1,36,24,0,1,2,4,2,4,1,10,10,0
30,95,2,0,0.1,36,24,0,1,2,4,2,4,1,10,10,0
35,95,2,0,0.1,36,24,0,1,2,4,2,4,1,10,10,0
40,95,2,0,0.1,36,24,0,1,2,4,2,4,1,10,10,0
45,95,2,0,0.1,36,24,0,1,2,4,2,4,1,10,10,0
50,95,2,0,0.1,36,24,0,1,2,4,2,4,1,10,10,0
55,95,2,0,0.1,36,24,0,1,2,4,2,4,1,10,10,0
60,95,2,0,0.1,36,24,0,1,2,4,2,4,1,10,10,0
65,95,2,0,0.1,36,24,0,1,2,4,2,4,1,10,10,0
70,95,2,0,0.1,36,24,0,1,2,4,2,4,1,10,10,0
75,95,2,0,0.1,36,24,0,1,2,4,2,4,1,10,10,0
80,95,2,0,0.1,36,24,0,1,2,4,2,4,1,10,10,0
85,95,2,0,0.1,36,24,0,1,2,4,2,4,1,10,10,0
90,95,2,0,0.1,36,24,0,1,2,4,2,4,1,10,10,0
95,95,2,0,0.1,36,24,0,1,2,4,2,4,1,10,10,0
100,95,2,0,0.1,36,24,0,1,2,4,2,4,1,10,10,0
5,100,2,0,0.1,36,24,0,1,2,4,2,4,1,10,10,0
10,100,2,0,0.1,36,24,0,1,2,4,2,4,1,10,10,0
15,100,2,0,0.1,36,24,0,1,2,4,2,4,1,10,10,0
20,100,2,0,0.1,36,24,0,1,2,4,2,4,1,10,10,0
25,100,2,0,0.1,36,24,0,1,2,4,2,4,1,10,10,0
30,100,2,0,0.1,36,24,0,1,2,4,2,4,1,10,10,0
35,100,2,0,0.1,36,24,0,1,2,4,2,4,1,10,10,0
40,100,2,0,0.1,36,24,0,1,2,4,2,4,1,10,10,0
45,100,2,0,0.1,36,24,0,1,2,4,2,4,1,10,10,0
50,100,2,0,0.1,36,24,0,1,2,4,2,4,1,10,10,0
55,100,2,0,0.1,36,24,0,1,2,4,2,4,1,10,10,0
60,100,2,0,0.1,36,24,0,1,2,4,2,4,1,10,10,0
65,100,2,0,0.1,36,24,0,1,2,4,2,4,1,10,10,0
70,100,2,0,0.1,36,24,0,1,2,4,2,4,1,10,10,0
75,100,2,0,0.1,36,24,0,1,2,4,2,4,1,10,10,0
80,100,2,0,0.1,36,24,0,1,2,4,2,4,1,10,10,0
85,100,2,0,0.1,36,24,0,1,2,4,2,4,1,10,10,0
90,100,2,0,0.1,36,24,0,1,2,4,2,4,1,10,10,0
95,100,2,0,0.1,36,24,0,1,2,4,2,4,1,10,10,0
100,100,2,0,0.1,36,24,0,1,2,4,2,4,1,10,10,0
5,5,4,0,0.1,36,24,0,1,2,4,2,4,1,10,10,0
10,5,4,0,0.1,36,24,0,1,2,4,2,4,1,10,10,0
15,5,4,0,0.1,36,24,0,1,2,4,2,4,1,10,10,0
20,5,4,0,0.1,36,24,0,1,2,4,2,4,1,10,10,0
25,5,4,0,0.1,36,24,0,1,2,4,2,4,1,10,10,0
30,5,4,0,0.1,36,24,0,1,2,4,2,4,1,10,10,0
35,5,4,0,0.1,36,24,0,1,2,4,2,4,1,10,10,0
40,5,4,0,0.1,36,24,0,1,2,4,2,4,1,10,10,0
45,5,4,0,0.1,36,24,0,1,2,4,2,4,1,10,10,0
50,5,4,0,0.1,36,24,0,1,2,4,2,4,1,10,10,0
55,5,4,0,0.1,36,24,0,1,2,4,2,4,1,10,10,0
60,5,4,0,0.1,36,24,0,1,2,4,2,4,1,10,10,0
65,5,4,0,0.1,36,24,0,1,2,4,2,4,1,10,10,0
70,5,4,0,0.1,36,24,0,1,2,4,2,4,1,10,10,0
75,5,4,0,0.1,36,24,0,1,2,4,2,4,1,10,10,0
80,5,4,0,0.1,36,24,0,1,2,4,2,4,1,10,10,0
85,5,4,0,0.1,36,24,0,1,2,4,2,4,1,10,10,0
90,5,4,0,0.1,36,24,0,1,2,4,2,4,1,10,10,0
95,5,4,0,0.1,36,24,0,1,2,4,2,4,1,10,10,0
100,5,4,0,0.1,36,24,0,1,2,4,2,4,1,10,10,0
5,10,4,0,0.1,36,24,0,1,2,4,2,4,1,10,10,0
10,10,4,0,0.1,36,24,0,1,2,4,2,4,1,10,10,0
15,10,4,0,0.1,36,24,0,1,2,4,2,4,1,10,10,0
20,10,4,0,0.1,36,24,0,1,2,4,2,4,1,10,10,0
25,10,4,0,0.1,36,24,0,1,2,4,2,4,1,10,10,0
30,10,4,0,0.1,36,24,0,1,2,4,2,4,1,10,10,0
35,10,4,0,0.1,36,24,0,1,2,4,2,4,1,10,10,0
40,10,4,0,0.1,36,24,0,1,2,4,2,4,1,10,10,0
45,10,4,0,0.1,36,24,0,1,2,4,2,4,1,10,10,0
50,10,4,0,0.1,36,24,0,1,2,4,2,4,1,10,10,0
55,10,4,0,0.1,36,24,0,1,2,4,2,4,1,10,10,0
60,10,4,0,0.1,36,24,0,1,2,4,2,4,1,10,10,0
65,10,4,0,0.1,36,24,0,1,2,4,2,4,1,10,10,0
70,10,4,0,0.1,36,24,0,1,2,4,2,4,1,10,10,0
75,10,4,0,0.1,36,24,0,1,2,4,2,4,1,10,10,0
80,10,4,0,0.1,36,24,0,1,2,4,2,4,1,10,10,0
85,10,4,0,0.1,36,24,0,1,2,4,2,4,1,10,10,0
90,10,4,0,0.1,36,24,0,1,2,4,2,4,1,10,10,0
95,10,4,0,0.1,36,24,0,1,2,4,2,4,1,10,10,0
100,10,4,0,0.1,36,24,0,1,2,4,2,4,1,10,10,0
5,15,4,0,0.1,36,24,0,1,2,4,2,4,1,10,10,0
10,15,4,0,0.1,36,24,0,1,2,4,2,4,1,10,10,0
15,15,4,0,0.1,36,24,0,1,2,4,2,4,1,10,10,0
20,15,4,0,0.1,36,24,0,1,2,4,2,4,1,10,10,0
25,15,4,0,0.1,36,24,0,1,2,4,2,4,1,10,10,0
30,15,4,0,0.1,36,24,0,1,2,4,2,4,1,10,10,0
35,15,4,0,0.1,36,24,0,1,2,4,2,4,1,10,10,0
40,15,4,0,0.1,36,24,0,1,2,4,2,4,1,10,10,0
45,15,4,0,0.1,36,24,0,1,2,4,2,4,1,10,10,0
50,15,4,0,0.1,36,24,0,1,2,4,2,4,1,10,10,0
55,15,4,0,0.1,36,24,0,1,2,4,2,4,1,10,10,0
60,15,4,0,0.1,36,24,0,1,2,4,2,4,1,10,10,0
65,15,4,0,0.1,36,24,0,1,2,4,2,4,1,10,10,0
70,15,4,0,0.1,36,24,0,1,2,4,2,4,1,10,10,0
75,15,4,0,0.1,36,24,0,1,2,4,2,4,1,10,10,0
80,15,4,0,0.1,36,24,0,1,2,4,2,4,1,10,10,0
85,15,4,0,0.1,36,24,0,1,2,4,2,4,1,10,10,0
90,15,4,0,0.1,36,24,0,1,2,4,2,4,1,10,10,0
95,15,4,0,0.1,36,24,0,1,2,4,2,4,1,10,10,0
100,15,4,0,0.1,36,24,0,1,2,4,2,4,1,10,10,0
5,20,4,0,0.1,36,24,0,1,2,4,2,4,1,10,10,0
10,20,4,0,0.1,36,24,0,1,2,4,2,4,1,10,10,0
15,20,4,0,0.1,36,24,0,1,2,4,2,4,1,10,10,0
20,20,4,0,0.1,36,24,0,1,2,4,2,4,1,10,10,0
25,20,4,0,0.1,36,24,0,1,2,4,2,4,1,10,10,0
30,20,4,0,0.1,36,24,0,1,2,4,2,4,1,10,10,0
35,20,4,0,0.1,36,24,0,1,2,4,2,4,1,10,10,0
40,20,4,0,0.1,36,24,0,1,2,4,2,4,1,10,10,0
45,20,4,0,0.1,36,24,0,1,2,4,2,4,1,10,10,0
50,20,4,0,0.1,36,24,0,1,2,4,2,4,1,10,10,0
55,20,4,0,0.1,36,24,0,1,2,4,2,4,1,10,10,0
60,20,4,0,0.1,36,24,0,1,2,4,2,4,1,10,10,0
65,20,4,0,0.1,36,24,0,1,2,4,2,4,1,10,10,0
70,20,4,0,0.1,36,24,0,1,2,4,2,4,1,10,10,0
75,20,4,0,0.1,36,24,0,1,2,4,2,4,1,10,10,0
80,20,4,0,0.1,36,24,0,1,2,4,2,4,1,10,10,0
85,20,4,0,0.1,36,24,0,1,2,4,2,4,1,10,10,0
90,20,4,0,0.1,36,24,0,1,2,4,2,4,1,10,10,0
95,20,4,0,0.1,36,24,0,1,2,4,2,4,1,10,10,0
100,20,4,0,0.1,36,24,0,1,2,4,2,4,1,10,10,0
5,25,4,0,0.1,36,24,0,1,2,4,2,4,1,10,10,0
10,25,4,0,0.1,36,24,0,1,2,4,2,4,1,10,10,0
15,25,4,0,0.1,36,24,0,1,2,4,2,4,1,10,10,0
20,25,4,0,0.1,36,24,0,1,2,4,2,4,1,10,10,0
25,25,4,0,0.1,36,24,0,1,2,4,2,4,1,10,10,0
30,25,4,0,0.1,36,24,0,1,2,4,2,4,1,10,10,0
35,25,4,0,0.1,36,24,0,1,2,4,2,4,1,10,10,0
40,25,4,0,0.1,36,24,0,1,2,4,2,4,1,10,10,0
45,25,4,0,0.1,36,24,0,1,2,4,2,4,1,10,10,0
50,25,4,0,0.1,36,24,0,1,2,4,2,4,1,10,10,0
55,25,4,0,0.1,36,24,0,1,2,4,2,4,1,10,10,0
60,25,4,0,0.1,36,24,0,1,2,4,2,4,1,10,10,0
65,25,4,0,0.1,36,24,0,1,2,4,2,4,1,10,10,0
70,25,4,0,0.1,36,24,0,1,2,4,2,4,1,10,10,0
75,25,4,0,0.1,36,24,0,1,2,4,2,4,1,10,10,0
80,25,4,0,0.1,36,24,0,1,2,4,2,4,1,10,10,0
85,25,4,0,0.1,36,24,0,1,2,4,2,4,1,10,10,0
90,25,4,0,0.1,36,24,0,1,2,4,2,4,1,10,10,0
95,25,4,0,0.1,36,24,0,1,2,4,2,4,1,10,10,0
100,25,4,0,0.1,36,24,0,1,2,4,2,4,1,10,10,0
5,30,4,0,0.1,36,24,0,1,2,4,2,4,1,10,10,0
10,30,4,0,0.1,36,24,0,1,2,4,2,4,1,10,10,0
15,30,4,0,0.1,36,24,0,1,2,4,2,4,1,10,10,0
20,30,4,0,0.1,36,24,0,1,2,4,2,4,1,10,10,0
25,30,4,0,0.1,36,24,0,1,2,4,2,4,1,10,10,0
30,30,4,0,0.1,36,24,0,1,2,4,2,4,1,10,10,0
35,30,4,0,0.1,36,24,0,1,2,4,2,4,1,10,10,0
40,30,4,0,0.1,36,24,0,1,2,4,2,4,1,10,10,0
45,30,4,0,0.1,36,24,0,1,2,4,2,4,1,10,10,0
50,30,4,0,0.1,36,24,0,1,2,4,2,4,1,10,10,0
55,30,4,0,0.1,36,24,0,1,2,4,2,4,1,10,10,0
60,30,4,0,0.1,36,24,0,1,2,4,2,4,1,10,10,0
65,30,4,0,0.1,36,24,0,1,2,4,2,4,1,10,10,0
70,30,4,0,0.1,36,24,0,1,2,4,2,4,1,10,10,0
75,30,4,0,0.1,36,24,0,1,2,4,2,4,1,10,10,0
80,30,4,0,0.1,36,24,0,1,2,4,2,4,1,10,10,0
85,30,4,0,0.1,36,24,0,1,2,4,2,4,1,10,10,0
90,30,4,0,0.1,36,24,0,1,2,4,2,4,1,10,10,0
95,30,4,0,0.1,36,24,0,1,2,4,2,4,1,10,10,0
100,30,4,0,0.1,36,24,0,1,2,4,2,4,1,10,10,0
5,35,4,0,0.1,36,24,0,1,2,4,2,4,1,10,10,0
10,35,4,0,0.1,36,24,0,1,2,4,2,4,1,10,10,0
15,35,4,0,0.1,36,24,0,1,2,4,2,4,1,10,10,0
20,35,4,0,0.1,36,24,0,1,2,4,2,4,1,10,10,0
25,35,4,0,0.1,36,24,0,1,2,4,2,4,1,10,10,0
30,35,4,0,0.1,36,24,0,1,2,4,2,4,1,10,10,0
35,35,4,0,0.1,36,24,0,1,2,4,2,4,1,10,10,0
40,35,4,0,0.1,36,24,0,1,2,4,2,4,1,10,10,0
45,35,4,0,0.1,36,24,0,1,2,4,2,4,1,10,10,0
50,35,4,0,0.1,36,24,0,1,2,4,2,4,1,10,10,0
55,35,4,0,0.1,36,24,0,1,2,4,2,4,1,10,10,0
60,35,4,0,0.1,36,24,0,1,2,4,2,4,1,10,10,0
65,35,4,0,0.1,36,24,0,1,2,4,2,4,1,10,10,0
70,35,4,0,0.1,36,24,0,1,2,4,2,4,1,10,10,0
75,35,4,0,0.1,36,24,0,1,2,4,2,4,1,10,10,0
80,35,4,0,0.1,36,24,0,1,2,4,2,4,1,10,10,0
85,35,4,0,0.1,36,24,0,1,2,4,2,4,1,10,10,0
90,35,4,0,0.1,36,24,0,1,2,4,2,4,1,10,10,0
95,35,4,0,0.1,36,24,0,1,2,4,2,4,1,10,10,0
100,35,4,0,0.1,36,24,0,1,2,4,2,4,1,10,10,0
5,40,4,0,0.1,36,24,0,1,2,4,2,4,1,10,10,0
10,40,4,0,0.1,36,24,0,1,2,4,2,4,1,10,10,0
15,40,4,0,0.1,36,24,0,1,2,4,2,4,1,10,10,0
20,40,4,0,0.1,36,24,0,1,2,4,2,4,1,10,10,0
25,40,4,0,0.1,36,24,0,1,2,4,2,4,1,10,10,0
30,40,4,0,0.1,36,24,0,1,2,4,2,4,1,10,10,0
35,40,4,0,0.1,36,24,0,1,2,4,2,4,1,10,10,0
40,40,4,0,0.1,36,24,0,1,2,4,2,4,1,10,10,0
45,40,4,0,0.1,36,24,0,1,2,4,2,4,1,10,10,0
50,40,4,0,0.1,36,24,0,1,2,4,2,4,1,10,10,0
55,40,4,0,0.1,36,24,0,1,2,4,2,4,1,10,10,0
60,40,4,0,0.1,36,24,0,1,2,4,2,4,1,10,10,0
65,40,4,0,0.1,36,24,0,1,2,4,2,4,1,10,10,0
70,40,4,0,0.1,36,24,0,1,2,4,2,4,1,10,10,0
75,40,4,0,0.1,36,24,0,1,2,4,2,4,1,10,10,0
80,40,4,0,0.1,36,24,0,1,2,4,2,4,1,10,10,0
85,40,4,0,0.1,36,24,0,1,2,4,2,4,1,10,10,0
90,40,4,0,0.1,36,24,0,1,2,4,2,4,1,10,10,0
95,40,4,0,0.1,36,24,0,1,2,4,2,4,1,10,10,0
100,40,4,0,0.1,36,24,0,1,2,4,2,4,1,10,10,0
5,45,4,0,0.1,36,24,0,1,2,4,2,4,1,10,10,0
10,45,4,0,0.1,36,24,0,1,2,4,2,4,1,10,10,0
15,45,4,0,0.1,36,24,0,1,2,4,2,4,1,10,10,0
20,45,4,0,0.1,36,24,0,1,2,4,2,4,1,10,10,0
25,45,4,0,0.1,36,24,0,1,2,4,2,4,1,10,10,0
30,45,4,0,0.1,36,24,0,1,2,4,2,4,1,10,10,0
35,45,4,0,0.1,36,24,0,1,2,4,2,4,1,10,10,0
40,45,4,0,0.1,36,24,0,1,2,4,2,4,1,10,10,0
45,45,4,0,0.1,36,24,0,1,2,4,2,4,1,10,10,0
50,45,4,0,0.1,36,24,0,1,2,4,2,4,1,10,10,0
55,45,4,0,0.1,36,24,0,1,2,4,2,4,1,10,10,0
60,45,4,0,0.1,36,24,0,1,2,4,2,4,1,10,10,0
65,45,4,0,0.1,36,24,0,1,2,4,2,4,1,10,10,0
70,45,4,0,0.1,36,24,0,1,2,4,2,4,1,10,10,0
75,45,4,0,0.1,36,24,0,1,2,4,2,4,1,10,10,0
80,45,4,0,0.1,36,24,0,1,2,4,2,4,1,10,10,0
85,45,4,0,0.1,36,24,0,1,2,4,2,4,1,10,10,0
90,45,4,0,0.1,36,24,0,1,2,4,2,4,1,10,10,0
95,45,4,0,0.1,36,24,0,1,2,4,2,4,1,10,10,0
100,45,4,0,0.1,36,24,0,1,2,4,2,4,1,10,10,0
5,50,4,0,0.1,36,24,0,1,2,4,2,4,1,10,10,0
10,50,4,0,0.1,36,24,0,1,2,4,2,4,1,10,10,0
15,50,4,0,0.1,36,24,0,1,2,4,2,4,1,10,10,0
20,50,4,0,0.1,36,24,0,1,2,4,2,4,1,10,10,0
25,50,4,0,0.1,36,24,0,1,2,4,2,4,1,10,10,0
30,50,4,0,0.1,36,24,0,1,2,4,2,4,1,10,10,0
35,50,4,0,0.1,36,24,0,1,2,4,2,4,1,10,10,0
40,50,4,0,0.1,36,24,0,1,2,4,2,4,1,10,10,0
45,50,4,0,0.1,36,24,0,1,2,4,2,4,1,10,10,0
50,50,4,0,0.1,36,24,0,1,2,4,2,4,1,10,10,0
55,50,4,0,0.1,36,24,0,1,2,4,2,4,1,10,10,0
60,50,4,0,0.1,36,24,0,1,2,4,2,4,1,10,10,0
65,50,4,0,0.1,36,24,0,1,2,4,2,4,1,10,10,0
70,50,4,0,0.1,36,24,0,1,2,4,2,4,1,10,10,0
75,50,4,0,0.1,36,24,0,1,2,4,2,4,1,10,10,0
80,50,4,0,0.1,36,24,0,1,2,4,2,4,1,10,10,0
85,50,4,0,0.1,36,24,0,1,2,4,2,4,1,10,10,0
90,50,4,0,0.1,36,24,0,1,2,4,2,4,1,10,10,0
95,50,4,0,0.1,36,24,0,1,2,4,2,4,1,10,10,0
100,50,4,0,0.1,36,24,0,1,2,4,2,4,1,10,10,0
5,55,4,0,0.1,36,24,0,1,2,4,2,4,1,10,10,0
10,55,4,0,0.1,36,24,0,1,2,4,2,4,1,10,10,0
15,55,4,0,0.1,36,24,0,1,2,4,2,4,1,10,10,0
20,55,4,0,0.1,36,24,0,1,2,4,2,4,1,10,10,0
25,55,4,0,0.1,36,24,0,1,2,4,2,4,1,10,10,0
30,55,4,0,0.1,36,24,0,1,2,4,2,4,1,10,10,0
35,55,4,0,0.1,36,24,0,1,2,4,2,4,1,10,10,0
40,55,4,0,0.1,36,24,0,1,2,4,2,4,1,10,10,0
45,55,4,0,0.1,36,24,0,1,2,4,2,4,1,10,10,0
50,55,4,0,0.1,36,24,0,1,2,4,2,4,1,10,10,0
55,55,4,0,0.1,36,24,0,1,2,4,2,4,1,10,10,0
60,55,4,0,0.1,36,24,0,1,2,4,2,4,1,10,10,0
65,55,4,0,0.1,36,24,0,1,2,4,2,4,1,10,10,0
70,55,4,0,0.1,36,24,0,1,2,4,2,4,1,10,10,0
75,55,4,0,0.1,36,24,0,1,2,4,2,4,1,10,10,0
80,55,4,0,0.1,36,24,0,1,2,4,2,4,1,10,10,0
85,55,4,0,0.1,36,24,0,1,2,4,2,4,1,10,10,0
90,55,4,0,0.1,36,24,0,1,2,4,2,4,1,10,10,0
95,55,4,0,0.1,36,24,0,1,2,4,2,4,1,10,10,0
100,55,4,0,0.1,36,24,0,1,2,4,2,4,1,10,10,0
5,60,4,0,0.1,36,24,0,1,2,4,2,4,1,10,10,0
10,60,4,0,0.1,36,24,0,1,2,4,2,4,1,10,10,0
15,60,4,0,0.1,36,24,0,1,2,4,2,4,1,10,10,0
20,60,4,0,0.1,36,24,0,1,2,4,2,4,1,10,10,0
25,60,4,0,0.1,36,24,0,1,2,4,2,4,1,10,10,0
30,60,4,0,0.1,36,24,0,1,2,4,2,4,1,10,10,0
35,60,4,0,0.1,36,24,0,1,2,4,2,4,1,10,10,0
40,60,4,0,0.1,36,24,0,1,2,4,2,4,1,10,10,0
45,60,4,0,0.1,36,24,0,1,2,4,2,4,1,10,10,0
50,60,4,0,0.1,36,24,0,1,2,4,2,4,1,10,10,0
55,60,4,0,0.1,36,24,0,1,2,4,2,4,1,10,10,0
60,60,4,0,0.1,36,24,0,1,2,4,2,4,1,10,10,0
65,60,4,0,0.1,36,24,0,1,2,4,2,4,1,10,10,0
70,60,4,0,0.1,36,24,0,1,2,4,2,4,1,10,10,0
75,60,4,0,0.1,36,24,0,1,2,4,2,4,1,10,10,0
80,60,4,0,0.1,36,24,0,1,2,4,2,4,1,10,10,0
85,60,4,0,0.1,36,24,0,1,2,4,2,4,1,10,10,0
90,60,4,0,0.1,36,24,0,1,2,4,2,4,1,10,10,0
95,60,4,0,0.1,36,24,0,1,2,4,2,4,1,10,10,0
100,60,4,0,0.1,36,24,0,1,2,4,2,4,1,10,10,0
5,65,4,0,0.1,36,24,0,1,2,4,2,4,1,10,10,0
10,65,4,0,0.1,36,24,0,1,2,4,2,4,1,10,10,0
15,65,4,0,0.1,36,24,0,1,2,4,2,4,1,10,10,0
20,65,4,0,0.1,36,24,0,1,2,4,2,4,1,10,10,0
25,65,4,0,0.1,36,24,0,1,2,4,2,4,1,10,10,0
30,65,4,0,0.1,36,24,0,1,2,4,2,4,1,10,10,0
35,65,4,0,0.1,36,24,0,1,2,4,2,4,1,10,10,0
40,65,4,0,0.1,36,24,0,1,2,4,2,4,1,10,10,0
45,65,4,0,0.1,36,24,0,1,2,4,2,4,1,10,10,0
50,65,4,0,0.1,36,24,0,1,2,4,2,4,1,10,10,0
55,65,4,0,0.1,36,24,0,1,2,4,2,4,1,10,10,0
60,65,4,0,0.1,36,24,0,1,2,4,2,4,1,10,10,0
65,65,4,0,0.1,36,24,0,1,2,4,2,4,1,10,10,0
70,65,4,0,0.1,36,24,0,1,2,4,2,4,1,10,10,0
75,65,4,0,0.1,36,24,0,1,2,4,2,4,1,10,10,0
80,65,4,0,0.1,36,24,0,1,2,4,2,4,1,10,10,0
85,65,4,0,0.1,36,24,0,1,2,4,2,4,1,10,10,0
90,65,4,0,0.1,36,24,0,1,2,4,2,4,1,10,10,0
95,65,4,0,0.1,36,24,0,1,2,4,2,4,1,10,10,0
100,65,4,0,0.1,36,24,0,1,2,4,2,4,1,10,10,0
5,70,4,0,0.1,36,24,0,1,2,4,2,4,1,10,10,0
10,70,4,0,0.1,36,24,0,1,2,4,2,4,1,10,10,0
15,70,4,0,0.1,36,24,0,1,2,4,2,4,1,10,10,0
20,70,4,0,0.1,36,24,0,1,2,4,2,4,1,10,10,0
25,70,4,0,0.1,36,24,0,1,2,4,2,4,1,10,10,0
30,70,4,0,0.1,36,24,0,1,2,4,2,4,1,10,10,0
35,70,4,0,0.1,36,24,0,1,2,4,2,4,1,10,10,0
40,70,4,0,0.1,36,24,0,1,2,4,2,4,1,10,10,0
45,70,4,0,0.1,36,24,0,1,2,4,2,4,1,10,10,0
50,70,4,0,0.1,36,24,0,1,2,4,2,4,1,10,10,0
55,70,4,0,0.1,36,24,0,1,2,4,2,4,1,10,10,0
60,70,4,0,0.1,36,24,0,1,2,4,2,4,1,10,10,0
65,70,4,0,0.1,36,24,0,1,2,4,2,4,1,10,10,0
70,70,4,0,0.1,36,24,0,1,2,4,2,4,1,10,10,0
75,70,4,0,0.1,36,24,0,1,2,4,2,4,1,10,10,0
80,70,4,0,0.1,36,24,0,1,2,4,2,4,1,10,10,0
85,70,4,0,0.1,36,24,0,1,2,4,2,4,1,10,10,0
90,70,4,0,0.1,36,24,0,1,2,4,2,4,1,10,10,0
95,70,4,0,0.1,36,24,0,1,2,4,2,4,1,10,10,0
100,70,4,0,0.1,36,24,0,1,2,4,2,4,1,10,10,0
5,75,4,0,0.1,36,24,0,1,2,4,2,4,1,10,10,0
10,75,4,0,0.1,36,24,0,1,2,4,2,4,1,10,10,0
15,75,4,0,0.1,36,24,0,1,2,4,2,4,1,10,10,0
20,75,4,0,0.1,36,24,0,1,2,4,2,4,1,10,10,0
25,75,4,0,0.1,36,24,0,1,2,4,2,4,1,10,10,0
30,75,4,0,0.1,36,24,0,1,2,4,2,4,1,10,10,0
35,75,4,0,0.1,36,24,0,1,2,4,2,4,1,10,10,0
40,75,4,0,0.1,36,24,0,1,2,4,2,4,1,10,10,0
45,75,4,0,0.1,36,24,0,1,2,4,2,4,1,10,10,0
50,75,4,0,0.1,36,24,0,1,2,4,2,4,1,10,10,0
55,75,4,0,0.1,36,24,0,1,2,4,2,4,1,10,10,0
60,75,4,0,0.1,36,24,0,1,2,4,2,4,1,10,10,0
65,75,4,0,0.1,36,24,0,1,2,4,2,4,1,10,10,0
70,75,4,0,0.1,36,24,0,1,2,4,2,4,1,10,10,0
75,75,4,0,0.1,36,24,0,1,2,4,2,4,1,10,10,0
80,75,4,0,0.1,36,24,0,1,2,4,2,4,1,10,10,0
85,75,4,0,0.1,36,24,0,1,2,4,2,4,1,10,10,0
90,75,4,0,0.1,36,24,0,1,2,4,2,4,1,10,10,0
95,75,4,0,0.1,36,24,0,1,2,4,2,4,1,10,10,0
100,75,4,0,0.1,36,24,0,1,2,4,2,4,1,10,10,0
5,80,4,0,0.1,36,24,0,1,2,4,2,4,1,10,10,0
10,80,4,0,0.1,36,24,0,1,2,4,2,4,1,10,10,0
15,80,4,0,0.1,36,24,0,1,2,4,2,4,1,10,10,0
20,80,4,0,0.1,36,24,0,1,2,4,2,4,1,10,10,0
25,80,4,0,0.1,36,24,0,1,2,4,2,4,1,10,10,0
30,80,4,0,0.1,36,24,0,1,2,4,2,4,1,10,10,0
35,80,4,0,0.1,36,24,0,1,2,4,2,4,1,10,10,0
40,80,4,0,0.1,36,24,0,1,2,4,2,4,1,10,10,0
45,80,4,0,0.1,36,24,0,1,2,4,2,4,1,10,10,0
50,80,4,0,0.1,36,24,0,1,2,4,2,4,1,10,10,0
55,80,4,0,0.1,36,24,0,1,2,4,2,4,1,10,10,0
60,80,4,0,0.1,36,24,0,1,2,4,2,4,1,10,10,0
65,80,4,0,0.1,36,24,0,1,2,4,2,4,1,10,10,0
70,80,4,0,0.1,36,24,0,1,2,4,2,4,1,10,10,0
75,80,4,0,0.1,36,24,0,1,2,4,2,4,1,10,10,0
80,80,4,0,0.1,36,24,0,1,2,4,2,4,1,10,10,0
85,80,4,0,0.1,36,24,0,1,2,4,2,4,1,10,10,0
90,80,4,0,0.1,36,24,0,1,2,4,2,4,1,10,10,0
95,80,4,0,0.1,36,24,0,1,2,4,2,4,1,10,10,0
100,80,4,0,0.1,36,24,0,1,2,4,2,4,1,10,10,0
5,85,4,0,0.1,36,24,0,1,2,4,2,4,1,10,10,0
10,85,4,0,0.1,36,24,0,1,2,4,2,4,1,10,10,0
15,85,4,0,0.1,36,24,0,1,2,4,2,4,1,10,10,0
20,85,4,0,0.1,36,24,0,1,2,4,2,4,1,10,10,0
25,85,4,0,0.1,36,24,0,1,2,4,2,4,1,10,10,0
30,85,4,0,0.1,36,24,0,1,2,4,2,4,1,10,10,0
35,85,4,0,0.1,36,24,0,1,2,4,2,4,1,10,10,0
40,85,4,0,0.1,36,24,0,1,2,4,2,4,1,10,10,0
45,85,4,0,0.1,36,24,0,1,2,4,2,4,1,10,10,0
50,85,4,0,0.1,36,24,0,1,2,4,2,4,1,10,10,0
55,85,4,0,0.1,36,24,0,1,2,4,2,4,1,10,10,0
60,85,4,0,0.1,36,24,0,1,2,4,2,4,1,10,10,0
65,85,4,0,0.1,36,24,0,1,2,4,2,4,1,10,10,0
70,85,4,0,0.1,36,24,0,1,2,4,2,4,1,10,10,0
75,85,4,0,0.1,36,24,0,1,2,4,2,4,1,10,10,0
80,85,4,0,0.1,36,24,0,1,2,4,2,4,1,10,10,0
85,85,4,0,0.1,36,24,0,1,2,4,2,4,1,10,10,0
90,85,4,0,0.1,36,24,0,1,2,4,2,4,1,10,10,0
95,85,4,0,0.1,36,24,0,1,2,4,2,4,1,10,10,0
100,85,4,0,0.1,36,24,0,1,2,4,2,4,1,10,10,0
5,90,4,0,0.1,36,24,0,1,2,4,2,4,1,10,10,0
10,90,4,0,0.1,36,24,0,1,2,4,2,4,1,10,10,0
15,90,4,0,0.1,36,24,0,1,2,4,2,4,1,10,10,0
20,90,4,0,0.1,36,24,0,1,2,4,2,4,1,10,10,0
25,90,4,0,0.1,36,24,0,1,2,4,2,4,1,10,10,0
30,90,4,0,0.1,36,24,0,1,2,4,2,4,1,10,10,0
35,90,4,0,0.1,36,24,0,1,2,4,2,4,1,10,10,0
40,90,4,0,0.1,36,24,0,1,2,4,2,4,1,10,10,0
45,90,4,0,0.1,36,24,0,1,2,4,2,4,1,10,10,0
50,90,4,0,0.1,36,24,0,1,2,4,2,4,1,10,10,0
55,90,4,0,0.1,36,24,0,1,2,4,2,4,1,10,10,0
60,90,4,0,0.1,36,24,0,1,2,4,2,4,1,10,10,0
65,90,4,0,0.1,36,24,0,1,2,4,2,4,1,10,10,0
70,90,4,0,0.1,36,24,0,1,2,4,2,4,1,10,10,0
75,90,4,0,0.1,36,24,0,1,2,4,2,4,1,10,10,0
80,90,4,0,0.1,36,24,0,1,2,4,2,4,1,10,10,0
85,90,4,0,0.1,36,24,0,1,2,4,2,4,1,10,10,0
90,90,4,0,0.1,36,24,0,1,2,4,2,4,1,10,10,0
95,90,4,0,0.1,36,24,0,1,2,4,2,4,1,10,10,0
100,90,4,0,0.1,36,24,0,1,2,4,2,4,1,10,10,0
5,95,4,0,0.1,36,24,0,1,2,4,2,4,1,10,10,0
10,95,4,0,0.1,36,24,0,1,2,4,2,4,1,10,10,0
15,95,4,0,0.1,36,24,0,1,2,4,2,4,1,10,10,0
20,95,4,0,0.1,36,24,0,1,2,4,2,4,1,10,10,0
25,95,4,0,0.1,36,24,0,1,2,4,2,4,1,10,10,0
30,95,4,0,0.1,36,24,0,1,2,4,2,4,1,10,10,0
35,95,4,0,0.1,36,24,0,1,2,4,2,4,1,10,10,0
40,95,4,0,0.1,36,24,0,1,2,4,2,4,1,10,10,0
45,95,4,0,0.1,36,24,0,1,2,4,2,4,1,10,10,0
50,95,4,0,0.1,36,24,0,1,2,4,2,4,1,10,10,0
55,95,4,0,0.1,36,24,0,1,2,4,2,4,1,10,10,0
60,95,4,0,0.1,36,24,0,1,2,4,2,4,1,10,10,0
65,95,4,0,0.1,36,24,0,1,2,4,2,4,1,10,10,0
70,95,4,0,0.1,36,24,0,1,2,4,2,4,1,10,10,0
75,95,4,0,0.1,36,24,0,1,2,4,2,4,1,10,10,0
80,95,4,0,0.1,36,24,0,1,2,4,2,4,1,10,10,0
85,95,4,0,0.1,36,24,0,1,2,4,2,4,1,10,10,0
90,95,4,0,0.1,36,24,0,1,2,4,2,4,1,10,10,0
95,95,4,0,0.1,36,24,0,1,2,4,2,4,1,10,10,0
100,95,4,0,0.1,36,24,0,1,2,4,2,4,1,10,10,0
5,100,4,0,0.1,36,24,0,1,2,4,2,4,1,10,10,0
10,100,4,0,0.1,36,24,0,1,2,4,2,4,1,10,10,0
15,100,4,0,0.1,36,24,0,1,2,4,2,4,1,10,10,0
20,100,4,0,0.1,36,24,0,1,2,4,2,4,1,10,10,0
25,100,4,0,0.1,36,24,0,1,2,4,2,4,1,10,10,0
30,100,4,0,0.1,36,24,0,1,2,4,2,4,1,10,10,0
35,100,4,0,0.1,36,24,0,1,2,4,2,4,1,10,10,0
40,100,4,0,0.1,36,24,0,1,2,4,2,4,1,10,10,0
45,100,4,0,0.1,36,24,0,1,2,4,2,4,1,10,10,0
50,100,4,0,0.1,36,24,0,1,2,4,2,4,1,10,10,0
55,100,4,0,0.1,36,24,0,1,2,4,2,4,1,10,10,0
60,100,4,0,0.1,36,24,0,1,2,4,2,4,1,10,10,0
65,100,4,0,0.1,36,24,0,1,2,4,2,4,1,10,10,0
70,100,4,0,0.1,36,24,0,1,2,4,2,4,1,10,10,0
75,100,4,0,0.1,36,24,0,1,2,4,2,4,1,10,10,0
80,100,4,0,0.1,36,24,0,1,2,4,2,4,1,10,10,0
85,100,4,0,0.1,36,24,0,1,2,4,2,4,1,10,10,0
90,100,4,0,0.1,36,24,0,1,2,4,2,4,1,10,10,0
95,100,4,0,0.1,36,24,0,1,2,4,2,4,1,10,10,0
100,100,4,0,0.1,36,24,0,1,2,4,2,4,1,10,10,0
5,5,6,0,0.1,36,24,0,1,2,4,2,4,1,10,10,0
10,5,6,0,0.1,36,24,0,1,2,4,2,4,1,10,10,0
15,5,6,0,0.1,36,24,0,1,2,4,2,4,1,10,10,0
20,5,6,0,0.1,36,24,0,1,2,4,2,4,1,10,10,0
25,5,6,0,0.1,36,24,0,1,2,4,2,4,1,10,10,0
30,5,6,0,0.1,36,24,0,1,2,4,2,4,1,10,10,0
35,5,6,0,0.1,36,24,0,1,2,4,2,4,1,10,10,0
40,5,6,0,0.1,36,24,0,1,2,4,2,4,1,10,10,0
45,5,6,0,0.1,36,24,0,1,2,4,2,4,1,10,10,0
50,5,6,0,0.1,36,24,0,1,2,4,2,4,1,10,10,0
55,5,6,0,0.1,36,24,0,1,2,4,2,4,1,10,10,0
60,5,6,0,0.1,36,24,0,1,2,4,2,4,1,10,10,0
65,5,6,0,0.1,36,24,0,1,2,4,2,4,1,10,10,0
70,5,6,0,0.1,36,24,0,1,2,4,2,4,1,10,10,0
75,5,6,0,0.1,36,24,0,1,2,4,2,4,1,10,10,0
80,5,6,0,0.1,36,24,0,1,2,4,2,4,1,10,10,0
85,5,6,0,0.1,36,24,0,1,2,4,2,4,1,10,10,0
90,5,6,0,0.1,36,24,0,1,2,4,2,4,1,10,10,0
95,5,6,0,0.1,36,24,0,1,2,4,2,4,1,10,10,0
100,5,6,0,0.1,36,24,0,1,2,4,2,4,1,10,10,0
5,10,6,0,0.1,36,24,0,1,2,4,2,4,1,10,10,0
10,10,6,0,0.1,36,24,0,1,2,4,2,4,1,10,10,0
15,10,6,0,0.1,36,24,0,1,2,4,2,4,1,10,10,0
20,10,6,0,0.1,36,24,0,1,2,4,2,4,1,10,10,0
25,10,6,0,0.1,36,24,0,1,2,4,2,4,1,10,10,0
30,10,6,0,0.1,36,24,0,1,2,4,2,4,1,10,10,0
35,10,6,0,0.1,36,24,0,1,2,4,2,4,1,10,10,0
40,10,6,0,0.1,36,24,0,1,2,4,2,4,1,10,10,0
45,10,6,0,0.1,36,24,0,1,2,4,2,4,1,10,10,0
50,10,6,0,0.1,36,24,0,1,2,4,2,4,1,10,10,0
55,10,6,0,0.1,36,24,0,1,2,4,2,4,1,10,10,0
60,10,6,0,0.1,36,24,0,1,2,4,2,4,1,10,10,0
65,10,6,0,0.1,36,24,0,1,2,4,2,4,1,10,10,0
70,10,6,0,0.1,36,24,0,1,2,4,2,4,1,10,10,0
75,10,6,0,0.1,36,24,0,1,2,4,2,4,1,10,10,0
80,10,6,0,0.1,36,24,0,1,2,4,2,4,1,10,10,0
85,10,6,0,0.1,36,24,0,1,2,4,2,4,1,10,10,0
90,10,6,0,0.1,36,24,0,1,2,4,2,4,1,10,10,0
95,10,6,0,0.1,36,24,0,1,2,4,2,4,1,10,10,0
100,10,6,0,0.1,36,24,0,1,2,4,2,4,1,10,10,0
5,15,6,0,0.1,36,24,0,1,2,4,2,4,1,10,10,0
10,15,6,0,0.1,36,24,0,1,2,4,2,4,1,10,10,0
15,15,6,0,0.1,36,24,0,1,2,4,2,4,1,10,10,0
20,15,6,0,0.1,36,24,0,1,2,4,2,4,1,10,10,0
25,15,6,0,0.1,36,24,0,1,2,4,2,4,1,10,10,0
30,15,6,0,0.1,36,24,0,1,2,4,2,4,1,10,10,0
35,15,6,0,0.1,36,24,0,1,2,4,2,4,1,10,10,0
40,15,6,0,0.1,36,24,0,1,2,4,2,4,1,10,10,0
45,15,6,0,0.1,36,24,0,1,2,4,2,4,1,10,10,0
50,15,6,0,0.1,36,24,0,1,2,4,2,4,1,10,10,0
55,15,6,0,0.1,36,24,0,1,2,4,2,4,1,10,10,0
60,15,6,0,0.1,36,24,0,1,2,4,2,4,1,10,10,0
65,15,6,0,0.1,36,24,0,1,2,4,2,4,1,10,10,0
70,15,6,0,0.1,36,24,0,1,2,4,2,4,1,10,10,0
75,15,6,0,0.1,36,24,0,1,2,4,2,4,1,10,10,0
80,15,6,0,0.1,36,24,0,1,2,4,2,4,1,10,10,0
85,15,6,0,0.1,36,24,0,1,2,4,2,4,1,10,10,0
90,15,6,0,0.1,36,24,0,1,2,4,2,4,1,10,10,0
95,15,6,0,0.1,36,24,0,1,2,4,2,4,1,10,10,0
100,15,6,0,0.1,36,24,0,1,2,4,2,4,1,10,10,0
5,20,6,0,0.1,36,24,0,1,2,4,2,4,1,10,10,0
10,20,6,0,0.1,36,24,0,1,2,4,2,4,1,10,10,0
15,20,6,0,0.1,36,24,0,1,2,4,2,4,1,10,10,0
20,20,6,0,0.1,36,24,0,1,2,4,2,4,1,10,10,0
25,20,6,0,0.1,36,24,0,1,2,4,2,4,1,10,10,0
30,20,6,0,0.1,36,24,0,1,2,4,2,4,1,10,10,0
35,20,6,0,0.1,36,24,0,1,2,4,2,4,1,10,10,0
40,20,6,0,0.1,36,24,0,1,2,4,2,4,1,10,10,0
45,20,6,0,0.1,36,24,0,1,2,4,2,4,1,10,10,0
50,20,6,0,0.1,36,24,0,1,2,4,2,4,1,10,10,0
55,20,6,0,0.1,36,24,0,1,2,4,2,4,1,10,10,0
60,20,6,0,0.1,36,24,0,1,2,4,2,4,1,10,10,0
65,20,6,0,0.1,36,24,0,1,2,4,2,4,1,10,10,0
70,20,6,0,0.1,36,24,0,1,2,4,2,4,1,10,10,0
75,20,6,0,0.1,36,24,0,1,2,4,2,4,1,10,10,0
80,20,6,0,0.1,36,24,0,1,2,4,2,4,1,10,10,0
85,20,6,0,0.1,36,24,0,1,2,4,2,4,1,10,10,0
90,20,6,0,0.1,36,24,0,1,2,4,2,4,1,10,10,0
95,20,6,0,0.1,36,24,0,1,2,4,2,4,1,10,10,0
100,20,6,0,0.1,36,24,0,1,2,4,2,4,1,10,10,0
5,25,6,0,0.1,36,24,0,1,2,4,2,4,1,10,10,0
10,25,6,0,0.1,36,24,0,1,2,4,2,4,1,10,10,0
15,25,6,0,0.1,36,24,0,1,2,4,2,4,1,10,10,0
20,25,6,0,0.1,36,24,0,1,2,4,2,4,1,10,10,0
25,25,6,0,0.1,36,24,0,1,2,4,2,4,1,10,10,0
30,25,6,0,0.1,36,24,0,1,2,4,2,4,1,10,10,0
35,25,6,0,0.1,36,24,0,1,2,4,2,4,1,10,10,0
40,25,6,0,0.1,36,24,0,1,2,4,2,4,1,10,10,0
45,25,6,0,0.1,36,24,0,1,2,4,2,4,1,10,10,0
50,25,6,0,0.1,36,24,0,1,2,4,2,4,1,10,10,0
55,25,6,0,0.1,36,24,0,1,2,4,2,4,1,10,10,0
60,25,6,0,0.1,36,24,0,1,2,4,2,4,1,10,10,0
65,25,6,0,0.1,36,24,0,1,2,4,2,4,1,10,10,0
70,25,6,0,0.1,36,24,0,1,2,4,2,4,1,10,10,0
75,25,6,0,0.1,36,24,0,1,2,4,2,4,1,10,10,0
80,25,6,0,0.1,36,24,0,1,2,4,2,4,1,10,10,0
85,25,6,0,0.1,36,24,0,1,2,4,2,4,1,10,10,0
90,25,6,0,0.1,36,24,0,1,2,4,2,4,1,10,10,0
95,25,6,0,0.1,36,24,0,1,2,4,2,4,1,10,10,0
100,25,6,0,0.1,36,24,0,1,2,4,2,4,1,10,10,0
5,30,6,0,0.1,36,24,0,1,2,4,2,4,1,10,10,0
10,30,6,0,0.1,36,24,0,1,2,4,2,4,1,10,10,0
15,30,6,0,0.1,36,24,0,1,2,4,2,4,1,10,10,0
20,30,6,0,0.1,36,24,0,1,2,4,2,4,1,10,10,0
25,30,6,0,0.1,36,24,0,1,2,4,2,4,1,10,10,0
30,30,6,0,0.1,36,24,0,1,2,4,2,4,1,10,10,0
35,30,6,0,0.1,36,24,0,1,2,4,2,4,1,10,10,0
40,30,6,0,0.1,36,24,0,1,2,4,2,4,1,10,10,0
45,30,6,0,0.1,36,24,0,1,2,4,2,4,1,10,10,0
50,30,6,0,0.1,36,24,0,1,2,4,2,4,1,10,10,0
55,30,6,0,0.1,36,24,0,1,2,4,2,4,1,10,10,0
60,30,6,0,0.1,36,24,0,1,2,4,2,4,1,10,10,0
65,30,6,0,0.1,36,24,0,1,2,4,2,4,1,10,10,0
70,30,6,0,0.1,36,24,0,1,2,4,2,4,1,10,10,0
75,30,6,0,0.1,36,24,0,1,2,4,2,4,1,10,10,0
80,30,6,0,0.1,36,24,0,1,2,4,2,4,1,10,10,0
85,30,6,0,0.1,36,24,0,1,2,4,2,4,1,10,10,0
90,30,6,0,0.1,36,24,0,1,2,4,2,4,1,10,10,0
95,30,6,0,0.1,36,24,0,1,2,4,2,4,1,10,10,0
100,30,6,0,0.1,36,24,0,1,2,4,2,4,1,10,10,0
5,35,6,0,0.1,36,24,0,1,2,4,2,4,1,10,10,0
10,35,6,0,0.1,36,24,0,1,2,4,2,4,1,10,10,0
15,35,6,0,0.1,36,24,0,1,2,4,2,4,1,10,10,0
20,35,6,0,0.1,36,24,0,1,2,4,2,4,1,10,10,0
25,35,6,0,0.1,36,24,0,1,2,4,2,4,1,10,10,0
30,35,6,0,0.1,36,24,0,1,2,4,2,4,1,10,10,0
35,35,6,0,0.1,36,24,0,1,2,4,2,4,1,10,10,0
40,35,6,0,0.1,36,24,0,1,2,4,2,4,1,10,10,0
45,35,6,0,0.1,36,24,0,1,2,4,2,4,1,10,10,0
50,35,6,0,0.1,36,24,0,1,2,4,2,4,1,10,10,0
55,35,6,0,0.1,36,24,0,1,2,4,2,4,1,10,10,0
60,35,6,0,0.1,36,24,0,1,2,4,2,4,1,10,10,0
65,35,6,0,0.1,36,24,0,1,2,4,2,4,1,10,10,0
70,35,6,0,0.1,36,24,0,1,2,4,2,4,1,10,10,0
75,35,6,0,0.1,36,24,0,1,2,4,2,4,1,10,10,0
80,35,6,0,0.1,36,24,0,1,2,4,2,4,1,10,10,0
85,35,6,0,0.1,36,24,0,1,2,4,2,4,1,10,10,0
90,35,6,0,0.1,36,24,0,1,2,4,2,4,1,10,10,0
95,35,6,0,0.1,36,24,0,1,2,4,2,4,1,10,10,0
100,35,6,0,0.1,36,24,0,1,2,4,2,4,1,10,10,0
5,40,6,0,0.1,36,24,0,1,2,4,2,4,1,10,10,0
10,40,6,0,0.1,36,24,0,1,2,4,2,4,1,10,10,0
15,40,6,0,0.1,36,24,0,1,2,4,2,4,1,10,10,0
20,40,6,0,0.1,36,24,0,1,2,4,2,4,1,10,10,0
25,40,6,0,0.1,36,24,0,1,2,4,2,4,1,10,10,0
30,40,6,0,0.1,36,24,0,1,2,4,2,4,1,10,10,0
35,40,6,0,0.1,36,24,0,1,2,4,2,4,1,10,10,0
40,40,6,0,0.1,36,24,0,1,2,4,2,4,1,10,10,0
45,40,6,0,0.1,36,24,0,1,2,4,2,4,1,10,10,0
50,40,6,0,0.1,36,24,0,1,2,4,2,4,1,10,10,0
55,40,6,0,0.1,36,24,0,1,2,4,2,4,1,10,10,0
60,40,6,0,0.1,36,24,0,1,2,4,2,4,1,10,10,0
65,40,6,0,0.1,36,24,0,1,2,4,2,4,1,10,10,0
70,40,6,0,0.1,36,24,0,1,2,4,2,4,1,10,10,0
75,40,6,0,0.1,36,24,0,1,2,4,2,4,1,10,10,0
80,40,6,0,0.1,36,24,0,1,2,4,2,4,1,10,10,0
85,40,6,0,0.1,36,24,0,1,2,4,2,4,1,10,10,0
90,40,6,0,0.1,36,24,0,1,2,4,2,4,1,10,10,0
95,40,6,0,0.1,36,24,0,1,2,4,2,4,1,10,10,0
100,40,6,0,0.1,36,24,0,1,2,4,2,4,1,10,10,0
5,45,6,0,0.1,36,24,0,1,2,4,2,4,1,10,10,0
10,45,6,0,0.1,36,24,0,1,2,4,2,4,1,10,10,0
15,45,6,0,0.1,36,24,0,1,2,4,2,4,1,10,10,0
20,45,6,0,0.1,36,24,0,1,2,4,2,4,1,10,10,0
25,45,6,0,0.1,36,24,0,1,2,4,2,4,1,10,10,0
30,45,6,0,0.1,36,24,0,1,2,4,2,4,1,10,10,0
35,45,6,0,0.1,36,24,0,1,2,4,2,4,1,10,10,0
40,45,6,0,0.1,36,24,0,1,2,4,2,4,1,10,10,0
45,45,6,0,0.1,36,24,0,1,2,4,2,4,1,10,10,0
50,45,6,0,0.1,36,24,0,1,2,4,2,4,1,10,10,0
55,45,6,0,0.1,36,24,0,1,2,4,2,4,1,10,10,0
60,45,6,0,0.1,36,24,0,1,2,4,2,4,1,10,10,0
65,45,6,0,0.1,36,24,0,1,2,4,2,4,1,10,10,0
70,45,6,0,0.1,36,24,0,1,2,4,2,4,1,10,10,0
75,45,6,0,0.1,36,24,0,1,2,4,2,4,1,10,10,0
80,45,6,0,0.1,36,24,0,1,2,4,2,4,1,10,10,0
85,45,6,0,0.1,36,24,0,1,2,4,2,4,1,10,10,0
90,45,6,0,0.1,36,24,0,1,2,4,2,4,1,10,10,0
95,45,6,0,0.1,36,24,0,1,2,4,2,4,1,10,10,0
100,45,6,0,0.1,36,24,0,1,2,4,2,4,1,10,10,0
5,50,6,0,0.1,36,24,0,1,2,4,2,4,1,10,10,0
10,50,6,0,0.1,36,24,0,1,2,4,2,4,1,10,10,0
15,50,6,0,0.1,36,24,0,1,2,4,2,4,1,10,10,0
20,50,6,0,0.1,36,24,0,1,2,4,2,4,1,10,10,0
25,50,6,0,0.1,36,24,0,1,2,4,2,4,1,10,10,0
30,50,6,0,0.1,36,24,0,1,2,4,2,4,1,10,10,0
35,50,6,0,0.1,36,24,0,1,2,4,2,4,1,10,10,0
40,50,6,0,0.1,36,24,0,1,2,4,2,4,1,10,10,0
45,50,6,0,0.1,36,24,0,1,2,4,2,4,1,10,10,0
50,50,6,0,0.1,36,24,0,1,2,4,2,4,1,10,10,0
55,50,6,0,0.1,36,24,0,1,2,4,2,4,1,10,10,0
60,50,6,0,0.1,36,24,0,1,2,4,2,4,1,10,10,0
65,50,6,0,0.1,36,24,0,1,2,4,2,4,1,10,10,0
70,50,6,0,0.1,36,24,0,1,2,4,2,4,1,10,10,0
75,50,6,0,0.1,36,24,0,1,2,4,2,4,1,10,10,0
80,50,6,0,0.1,36,24,0,1,2,4,2,4,1,10,10,0
85,50,6,0,0.1,36,24,0,1,2,4,2,4,1,10,10,0
90,50,6,0,0.1,36,24,0,1,2,4,2,4,1,10,10,0
95,50,6,0,0.1,36,24,0,1,2,4,2,4,1,10,10,0
100,50,6,0,0.1,36,24,0,1,2,4,2,4,1,10,10,0
5,55,6,0,0.1,36,24,0,1,2,4,2,4,1,10,10,0
10,55,6,0,0.1,36,24,0,1,2,4,2,4,1,10,10,0
15,55,6,0,0.1,36,24,0,1,2,4,2,4,1,10,10,0
20,55,6,0,0.1,36,24,0,1,2,4,2,4,1,10,10,0
25,55,6,0,0.1,36,24,0,1,2,4,2,4,1,10,10,0
30,55,6,0,0.1,36,24,0,1,2,4,2,4,1,10,10,0
35,55,6,0,0.1,36,24,0,1,2,4,2,4,1,10,10,0
40,55,6,0,0.1,36,24,0,1,2,4,2,4,1,10,10,0
45,55,6,0,0.1,36,24,0,1,2,4,2,4,1,10,10,0
50,55,6,0,0.1,36,24,0,1,2,4,2,4,1,10,10,0
55,55,6,0,0.1,36,24,0,1,2,4,2,4,1,10,10,0
60,55,6,0,0.1,36,24,0,1,2,4,2,4,1,10,10,0
65,55,6,0,0.1,36,24,0,1,2,4,2,4,1,10,10,0
70,55,6,0,0.1,36,24,0,1,2,4,2,4,1,10,10,0
75,55,6,0,0.1,36,24,0,1,2,4,2,4,1,10,10,0
80,55,6,0,0.1,36,24,0,1,2,4,2,4,1,10,10,0
85,55,6,0,0.1,36,24,0,1,2,4,2,4,1,10,10,0
90,55,6,0,0.1,36,24,0,1,2,4,2,4,1,10,10,0
95,55,6,0,0.1,36,24,0,1,2,4,2,4,1,10,10,0
100,55,6,0,0.1,36,24,0,1,2,4,2,4,1,10,10,0
5,60,6,0,0.1,36,24,0,1,2,4,2,4,1,10,10,0
10,60,6,0,0.1,36,24,0,1,2,4,2,4,1,10,10,0
15,60,6,0,0.1,36,24,0,1,2,4,2,4,1,10,10,0
20,60,6,0,0.1,36,24,0,1,2,4,2,4,1,10,10,0
25,60,6,0,0.1,36,24,0,1,2,4,2,4,1,10,10,0
30,60,6,0,0.1,36,24,0,1,2,4,2,4,1,10,10,0
35,60,6,0,0.1,36,24,0,1,2,4,2,4,1,10,10,0
40,60,6,0,0.1,36,24,0,1,2,4,2,4,1,10,10,0
45,60,6,0,0.1,36,24,0,1,2,4,2,4,1,10,10,0
50,60,6,0,0.1,36,24,0,1,2,4,2,4,1,10,10,0
55,60,6,0,0.1,36,24,0,1,2,4,2,4,1,10,10,0
60,60,6,0,0.1,36,24,0,1,2,4,2,4,1,10,10,0
65,60,6,0,0.1,36,24,0,1,2,4,2,4,1,10,10,0
70,60,6,0,0.1,36,24,0,1,2,4,2,4,1,10,10,0
75,60,6,0,0.1,36,24,0,1,2,4,2,4,1,10,10,0
80,60,6,0,0.1,36,24,0,1,2,4,2,4,1,10,10,0
85,60,6,0,0.1,36,24,0,1,2,4,2,4,1,10,10,0
90,60,6,0,0.1,36,24,0,1,2,4,2,4,1,10,10,0
95,60,6,0,0.1,36,24,0,1,2,4,2,4,1,10,10,0
100,60,6,0,0.1,36,24,0,1,2,4,2,4,1,10,10,0
5,65,6,0,0.1,36,24,0,1,2,4,2,4,1,10,10,0
10,65,6,0,0.1,36,24,0,1,2,4,2,4,1,10,10,0
15,65,6,0,0.1,36,24,0,1,2,4,2,4,1,10,10,0
20,65,6,0,0.1,36,24,0,1,2,4,2,4,1,10,10,0
25,65,6,0,0.1,36,24,0,1,2,4,2,4,1,10,10,0
30,65,6,0,0.1,36,24,0,1,2,4,2,4,1,10,10,0
35,65,6,0,0.1,36,24,0,1,2,4,2,4,1,10,10,0
40,65,6,0,0.1,36,24,0,1,2,4,2,4,1,10,10,0
45,65,6,0,0.1,36,24,0,1,2,4,2,4,1,10,10,0
50,65,6,0,0.1,36,24,0,1,2,4,2,4,1,10,10,0
55,65,6,0,0.1,36,24,0,1,2,4,2,4,1,10,10,0
60,65,6,0,0.1,36,24,0,1,2,4,2,4,1,10,10,0
65,65,6,0,0.1,36,24,0,1,2,4,2,4,1,10,10,0
70,65,6,0,0.1,36,24,0,1,2,4,2,4,1,10,10,0
75,65,6,0,0.1,36,24,0,1,2,4,2,4,1,10,10,0
80,65,6,0,0.1,36,24,0,1,2,4,2,4,1,10,10,0
85,65,6,0,0.1,36,24,0,1,2,4,2,4,1,10,10,0
90,65,6,0,0.1,36,24,0,1,2,4,2,4,1,10,10,0
95,65,6,0,0.1,36,24,0,1,2,4,2,4,1,10,10,0
100,65,6,0,0.1,36,24,0,1,2,4,2,4,1,10,10,0
5,70,6,0,0.1,36,24,0,1,2,4,2,4,1,10,10,0
10,70,6,0,0.1,36,24,0,1,2,4,2,4,1,10,10,0
15,70,6,0,0.1,36,24,0,1,2,4,2,4,1,10,10,0
20,70,6,0,0.1,36,24,0,1,2,4,2,4,1,10,10,0
25,70,6,0,0.1,36,24,0,1,2,4,2,4,1,10,10,0
30,70,6,0,0.1,36,24,0,1,2,4,2,4,1,10,10,0
35,70,6,0,0.1,36,24,0,1,2,4,2,4,1,10,10,0
40,70,6,0,0.1,36,24,0,1,2,4,2,4,1,10,10,0
45,70,6,0,0.1,36,24,0,1,2,4,2,4,1,10,10,0
50,70,6,0,0.1,36,24,0,1,2,4,2,4,1,10,10,0
55,70,6,0,0.1,36,24,0,1,2,4,2,4,1,10,10,0
60,70,6,0,0.1,36,24,0,1,2,4,2,4,1,10,10,0
65,70,6,0,0.1,36,24,0,1,2,4,2,4,1,10,10,0
70,70,6,0,0.1,36,24,0,1,2,4,2,4,1,10,10,0
75,70,6,0,0.1,36,24,0,1,2,4,2,4,1,10,10,0
80,70,6,0,0.1,36,24,0,1,2,4,2,4,1,10,10,0
85,70,6,0,0.1,36,24,0,1,2,4,2,4,1,10,10,0
90,70,6,0,0.1,36,24,0,1,2,4,2,4,1,10,10,0
95,70,6,0,0.1,36,24,0,1,2,4,2,4,1,10,10,0
100,70,6,0,0.1,36,24,0,1,2,4,2,4,1,10,10,0
5,75,6,0,0.1,36,24,0,1,2,4,2,4,1,10,10,0
10,75,6,0,0.1,36,24,0,1,2,4,2,4,1,10,10,0
15,75,6,0,0.1,36,24,0,1,2,4,2,4,1,10,10,0
20,75,6,0,0.1,36,24,0,1,2,4,2,4,1,10,10,0
25,75,6,0,0.1,36,24,0,1,2,4,2,4,1,10,10,0
30,75,6,0,0.1,36,24,0,1,2,4,2,4,1,10,10,0
35,75,6,0,0.1,36,24,0,1,2,4,2,4,1,10,10,0
40,75,6,0,0.1,36,24,0,1,2,4,2,4,1,10,10,0
45,75,6,0,0.1,36,24,0,1,2,4,2,4,1,10,10,0
50,75,6,0,0.1,36,24,0,1,2,4,2,4,1,10,10,0
55,75,6,0,0.1,36,24,0,1,2,4,2,4,1,10,10,0
60,75,6,0,0.1,36,24,0,1,2,4,2,4,1,10,10,0
65,75,6,0,0.1,36,24,0,1,2,4,2,4,1,10,10,0
70,75,6,0,0.1,36,24,0,1,2,4,2,4,1,10,10,0
75,75,6,0,0.1,36,24,0,1,2,4,2,4,1,10,10,0
80,75,6,0,0.1,36,24,0,1,2,4,2,4,1,10,10,0
85,75,6,0,0.1,36,24,0,1,2,4,2,4,1,10,10,0
90,75,6,0,0.1,36,24,0,1,2,4,2,4,1,10,10,0
95,75,6,0,0.1,36,24,0,1,2,4,2,4,1,10,10,0
100,75,6,0,0.1,36,24,0,1,2,4,2,4,1,10,10,0
5,80,6,0,0.1,36,24,0,1,2,4,2,4,1,10,10,0
10,80,6,0,0.1,36,24,0,1,2,4,2,4,1,10,10,0
15,80,6,0,0.1,36,24,0,1,2,4,2,4,1,10,10,0
20,80,6,0,0.1,36,24,0,1,2,4,2,4,1,10,10,0
25,80,6,0,0.1,36,24,0,1,2,4,2,4,1,10,10,0
30,80,6,0,0.1,36,24,0,1,2,4,2,4,1,10,10,0
35,80,6,0,0.1,36,24,0,1,2,4,2,4,1,10,10,0
40,80,6,0,0.1,36,24,0,1,2,4,2,4,1,10,10,0
45,80,6,0,0.1,36,24,0,1,2,4,2,4,1,10,10,0
50,80,6,0,0.1,36,24,0,1,2,4,2,4,1,10,10,0
55,80,6,0,0.1,36,24,0,1,2,4,2,4,1,10,10,0
60,80,6,0,0.1,36,24,0,1,2,4,2,4,1,10,10,0
65,80,6,0,0.1,36,24,0,1,2,4,2,4,1,10,10,0
70,80,6,0,0.1,36,24,0,1,2,4,2,4,1,10,10,0
75,80,6,0,0.1,36,24,0,1,2,4,2,4,1,10,10,0
80,80,6,0,0.1,36,24,0,1,2,4,2,4,1,10,10,0
85,80,6,0,0.1,36,24,0,1,2,4,2,4,1,10,10,0
90,80,6,0,0.1,36,24,0,1,2,4,2,4,1,10,10,0
95,80,6,0,0.1,36,24,0,1,2,4,2,4,1,10,10,0
100,80,6,0,0.1,36,24,0,1,2,4,2,4,1,10,10,0
5,85,6,0,0.1,36,24,0,1,2,4,2,4,1,10,10,0
10,85,6,0,0.1,36,24,0,1,2,4,2,4,1,10,10,0
15,85,6,0,0.1,36,24,0,1,2,4,2,4,1,10,10,0
20,85,6,0,0.1,36,24,0,1,2,4,2,4,1,10,10,0
25,85,6,0,0.1,36,24,0,1,2,4,2,4,1,10,10,0
30,85,6,0,0.1,36,24,0,1,2,4,2,4,1,10,10,0
35,85,6,0,0.1,36,24,0,1,2,4,2,4,1,10,10,0
40,85,6,0,0.1,36,24,0,1,2,4,2,4,1,10,10,0
45,85,6,0,0.1,36,24,0,1,2,4,2,4,1,10,10,0
50,85,6,0,0.1,36,24,0,1,2,4,2,4,1,10,10,0
55,85,6,0,0.1,36,24,0,1,2,4,2,4,1,10,10,0
60,85,6,0,0.1,36,24,0,1,2,4,2,4,1,10,10,0
65,85,6,0,0.1,36,24,0,1,2,4,2,4,1,10,10,0
70,85,6,0,0.1,36,24,0,1,2,4,2,4,1,10,10,0
75,85,6,0,0.1,36,24,0,1,2,4,2,4,1,10,10,0
80,85,6,0,0.1,36,24,0,1,2,4,2,4,1,10,10,0
85,85,6,0,0.1,36,24,0,1,2,4,2,4,1,10,10,0
90,85,6,0,0.1,36,24,0,1,2,4,2,4,1,10,10,0
95,85,6,0,0.1,36,24,0,1,2,4,2,4,1,10,10,0
100,85,6,0,0.1,36,24,0,1,2,4,2,4,1,10,10,0
5,90,6,0,0.1,36,24,0,1,2,4,2,4,1,10,10,0
10,90,6,0,0.1,36,24,0,1,2,4,2,4,1,10,10,0
15,90,6,0,0.1,36,24,0,1,2,4,2,4,1,10,10,0
20,90,6,0,0.1,36,24,0,1,2,4,2,4,1,10,10,0
25,90,6,0,0.1,36,24,0,1,2,4,2,4,1,10,10,0
30,90,6,0,0.1,36,24,0,1,2,4,2,4,1,10,10,0
35,90,6,0,0.1,36,24,0,1,2,4,2,4,1,10,10,0
40,90,6,0,0.1,36,24,0,1,2,4,2,4,1,10,10,0
45,90,6,0,0.1,36,24,0,1,2,4,2,4,1,10,10,0
50,90,6,0,0.1,36,24,0,1,2,4,2,4,1,10,10,0
55,90,6,0,0.1,36,24,0,1,2,4,2,4,1,10,10,0
60,90,6,0,0.1,36,24,0,1,2,4,2,4,1,10,10,0
65,90,6,0,0.1,36,24,0,1,2,4,2,4,1,10,10,0
70,90,6,0,0.1,36,24,0,1,2,4,2,4,1,10,10,0
75,90,6,0,0.1,36,24,0,1,2,4,2,4,1,10,10,0
80,90,6,0,0.1,36,24,0,1,2,4,2,4,1,10,10,0
85,90,6,0,0.1,36,24,0,1,2,4,2,4,1,10,10,0
90,90,6,0,0.1,36,24,0,1,2,4,2,4,1,10,10,0
95,90,6,0,0.1,36,24,0,1,2,4,2,4,1,10,10,0
100,90,6,0,0.1,36,24,0,1,2,4,2,4,1,10,10,0
5,95,6,0,0.1,36,24,0,1,2,4,2,4,1,10,10,0
10,95,6,0,0.1,36,24,0,1,2,4,2,4,1,10,10,0
15,95,6,0,0.1,36,24,0,1,2,4,2,4,1,10,10,0
20,95,6,0,0.1,36,24,0,1,2,4,2,4,1,10,10,0
25,95,6,0,0.1,36,24,0,1,2,4,2,4,1,10,10,0
30,95,6,0,0.1,36,24,0,1,2,4,2,4,1,10,10,0
35,95,6,0,0.1,36,24,0,1,2,4,2,4,1,10,10,0
40,95,6,0,0.1,36,24,0,1,2,4,2,4,1,10,10,0
45,95,6,0,0.1,36,24,0,1,2,4,2,4,1,10,10,0
50,95,6,0,0.1,36,24,0,1,2,4,2,4,1,10,10,0
55,95,6,0,0.1,36,24,0,1,2,4,2,4,1,10,10,0
60,95,6,0,0.1,36,24,0,1,2,4,2,4,1,10,10,0
65,95,6,0,0.1,36,24,0,1,2,4,2,4,1,10,10,0
70,95,6,0,0.1,36,24,0,1,2,4,2,4,1,10,10,0
75,95,6,0,0.1,36,24,0,1,2,4,2,4,1,10,10,0
80,95,6,0,0.1,36,24,0,1,2,4,2,4,1,10,10,0
85,95,6,0,0.1,36,24,0,1,2,4,2,4,1,10,10,0
90,95,6,0,0.1,36,24,0,1,2,4,2,4,1,10,10,0
95,95,6,0,0.1,36,24,0,1,2,4,2,4,1,10,10,0
100,95,6,0,0.1,36,24,0,1,2,4,2,4,1,10,10,0
5,100,6,0,0.1,36,24,0,1,2,4,2,4,1,10,10,0
10,100,6,0,0.1,36,24,0,1,2,4,2,4,1,10,10,0
15,100,6,0,0.1,36,24,0,1,2,4,2,4,1,10,10,0
20,100,6,0,0.1,36,24,0,1,2,4,2,4,1,10,10,0
25,100,6,0,0.1,36,24,0,1,2,4,2,4,1,10,10,0
30,100,6,0,0.1,36,24,0,1,2,4,2,4,1,10,10,0
35,100,6,0,0.1,36,24,0,1,2,4,2,4,1,10,10,0
40,100,6,0,0.1,36,24,0,1,2,4,2,4,1,10,10,0
45,100,6,0,0.1,36,24,0,1,2,4,2,4,1,10,10,0
50,100,6,0,0.1,36,24,0,1,2,4,2,4,1,10,10,0
55,100,6,0,0.1,36,24,0,1,2,4,2,4,1,10,10,0
60,100,6,0,0.1,36,24,0,1,2,4,2,4,1,10,10,0
65,100,6,0,0.1,36,24,0,1,2,4,2,4,1,10,10,0
70,100,6,0,0.1,36,24,0,1,2,4,2,4,1,10,10,0
75,100,6,0,0.1,36,24,0,1,2,4,2,4,1,10,10,0
80,100,6,0,0.1,36,24,0,1,2,4,2,4,1,10,10,0
85,100,6,0,0.1,36,24,0,1,2,4,2,4,1,10,10,0
90,100,6,0,0.1,36,24,0,1,2,4,2,4,1,10,10,0
95,100,6,0,0.1,36,24,0,1,2,4,2,4,1,10,10,0
100,100,6,0,0.1,36,24,0,1,2,4,2,4,1,10,10,0
5,5,8,0,0.1,36,24,0,1,2,4,2,4,1,10,10,0
10,5,8,0,0.1,36,24,0,1,2,4,2,4,1,10,10,0
15,5,8,0,0.1,36,24,0,1,2,4,2,4,1,10,10,0
20,5,8,0,0.1,36,24,0,1,2,4,2,4,1,10,10,0
25,5,8,0,0.1,36,24,0,1,2,4,2,4,1,10,10,0
30,5,8,0,0.1,36,24,0,1,2,4,2,4,1,10,10,0
35,5,8,0,0.1,36,24,0,1,2,4,2,4,1,10,10,0
40,5,8,0,0.1,36,24,0,1,2,4,2,4,1,10,10,0
45,5,8,0,0.1,36,24,0,1,2,4,2,4,1,10,10,0
50,5,8,0,0.1,36,24,0,1,2,4,2,4,1,10,10,0
55,5,8,0,0.1,36,24,0,1,2,4,2,4,1,10,10,0
60,5,8,0,0.1,36,24,0,1,2,4,2,4,1,10,10,0
65,5,8,0,0.1,36,24,0,1,2,4,2,4,1,10,10,0
70,5,8,0,0.1,36,24,0,1,2,4,2,4,1,10,10,0
75,5,8,0,0.1,36,24,0,1,2,4,2,4,1,10,10,0
80,5,8,0,0.1,36,24,0,1,2,4,2,4,1,10,10,0
85,5,8,0,0.1,36,24,0,1,2,4,2,4,1,10,10,0
90,5,8,0,0.1,36,24,0,1,2,4,2,4,1,10,10,0
95,5,8,0,0.1,36,24,0,1,2,4,2,4,1,10,10,0
100,5,8,0,0.1,36,24,0,1,2,4,2,4,1,10,10,0
5,10,8,0,0.1,36,24,0,1,2,4,2,4,1,10,10,0
10,10,8,0,0.1,36,24,0,1,2,4,2,4,1,10,10,0
15,10,8,0,0.1,36,24,0,1,2,4,2,4,1,10,10,0
20,10,8,0,0.1,36,24,0,1,2,4,2,4,1,10,10,0
25,10,8,0,0.1,36,24,0,1,2,4,2,4,1,10,10,0
30,10,8,0,0.1,36,24,0,1,2,4,2,4,1,10,10,0
35,10,8,0,0.1,36,24,0,1,2,4,2,4,1,10,10,0
40,10,8,0,0.1,36,24,0,1,2,4,2,4,1,10,10,0
45,10,8,0,0.1,36,24,0,1,2,4,2,4,1,10,10,0
50,10,8,0,0.1,36,24,0,1,2,4,2,4,1,10,10,0
55,10,8,0,0.1,36,24,0,1,2,4,2,4,1,10,10,0
60,10,8,0,0.1,36,24,0,1,2,4,2,4,1,10,10,0
65,10,8,0,0.1,36,24,0,1,2,4,2,4,1,10,10,0
70,10,8,0,0.1,36,24,0,1,2,4,2,4,1,10,10,0
75,10,8,0,0.1,36,24,0,1,2,4,2,4,1,10,10,0
80,10,8,0,0.1,36,24,0,1,2,4,2,4,1,10,10,0
85,10,8,0,0.1,36,24,0,1,2,4,2,4,1,10,10,0
90,10,8,0,0.1,36,24,0,1,2,4,2,4,1,10,10,0
95,10,8,0,0.1,36,24,0,1,2,4,2,4,1,10,10,0
100,10,8,0,0.1,36,24,0,1,2,4,2,4,1,10,10,0
5,15,8,0,0.1,36,24,0,1,2,4,2,4,1,10,10,0
10,15,8,0,0.1,36,24,0,1,2,4,2,4,1,10,10,0
15,15,8,0,0.1,36,24,0,1,2,4,2,4,1,10,10,0
20,15,8,0,0.1,36,24,0,1,2,4,2,4,1,10,10,0
25,15,8,0,0.1,36,24,0,1,2,4,2,4,1,10,10,0
30,15,8,0,0.1,36,24,0,1,2,4,2,4,1,10,10,0
35,15,8,0,0.1,36,24,0,1,2,4,2,4,1,10,10,0
40,15,8,0,0.1,36,24,0,1,2,4,2,4,1,10,10,0
45,15,8,0,0.1,36,24,0,1,2,4,2,4,1,10,10,0
50,15,8,0,0.1,36,24,0,1,2,4,2,4,1,10,10,0
55,15,8,0,0.1,36,24,0,1,2,4,2,4,1,10,10,0
60,15,8,0,0.1,36,24,0,1,2,4,2,4,1,10,10,0
65,15,8,0,0.1,36,24,0,1,2,4,2,4,1,10,10,0
70,15,8,0,0.1,36,24,0,1,2,4,2,4,1,10,10,0
75,15,8,0,0.1,36,24,0,1,2,4,2,4,1,10,10,0
80,15,8,0,0.1,36,24,0,1,2,4,2,4,1,10,10,0
85,15,8,0,0.1,36,24,0,1,2,4,2,4,1,10,10,0
90,15,8,0,0.1,36,24,0,1,2,4,2,4,1,10,10,0
95,15,8,0,0.1,36,24,0,1,2,4,2,4,1,10,10,0
100,15,8,0,0.1,36,24,0,1,2,4,2,4,1,10,10,0
5,20,8,0,0.1,36,24,0,1,2,4,2,4,1,10,10,0
10,20,8,0,0.1,36,24,0,1,2,4,2,4,1,10,10,0
15,20,8,0,0.1,36,24,0,1,2,4,2,4,1,10,10,0
20,20,8,0,0.1,36,24,0,1,2,4,2,4,1,10,10,0
25,20,8,0,0.1,36,24,0,1,2,4,2,4,1,10,10,0
30,20,8,0,0.1,36,24,0,1,2,4,2,4,1,10,10,0
35,20,8,0,0.1,36,24,0,1,2,4,2,4,1,10,10,0
40,20,8,0,0.1,36,24,0,1,2,4,2,4,1,10,10,0
45,20,8,0,0.1,36,24,0,1,2,4,2,4,1,10,10,0
50,20,8,0,0.1,36,24,0,1,2,4,2,4,1,10,10,0
55,20,8,0,0.1,36,24,0,1,2,4,2,4,1,10,10,0
60,20,8,0,0.1,36,24,0,1,2,4,2,4,1,10,10,0
65,20,8,0,0.1,36,24,0,1,2,4,2,4,1,10,10,0
70,20,8,0,0.1,36,24,0,1,2,4,2,4,1,10,10,0
75,20,8,0,0.1,36,24,0,1,2,4,2,4,1,10,10,0
80,20,8,0,0.1,36,24,0,1,2,4,2,4,1,10,10,0
85,20,8,0,0.1,36,24,0,1,2,4,2,4,1,10,10,0
90,20,8,0,0.1,36,24,0,1,2,4,2,4,1,10,10,0
95,20,8,0,0.1,36,24,0,1,2,4,2,4,1,10,10,0
100,20,8,0,0.1,36,24,0,1,2,4,2,4,1,10,10,0
5,25,8,0,0.1,36,24,0,1,2,4,2,4,1,10,10,0
10,25,8,0,0.1,36,24,0,1,2,4,2,4,1,10,10,0
15,25,8,0,0.1,36,24,0,1,2,4,2,4,1,10,10,0
20,25,8,0,0.1,36,24,0,1,2,4,2,4,1,10,10,0
25,25,8,0,0.1,36,24,0,1,2,4,2,4,1,10,10,0
30,25,8,0,0.1,36,24,0,1,2,4,2,4,1,10,10,0
35,25,8,0,0.1,36,24,0,1,2,4,2,4,1,10,10,0
40,25,8,0,0.1,36,24,0,1,2,4,2,4,1,10,10,0
45,25,8,0,0.1,36,24,0,1,2,4,2,4,1,10,10,0
50,25,8,0,0.1,36,24,0,1,2,4,2,4,1,10,10,0
55,25,8,0,0.1,36,24,0,1,2,4,2,4,1,10,10,0
60,25,8,0,0.1,36,24,0,1,2,4,2,4,1,10,10,0
65,25,8,0,0.1,36,24,0,1,2,4,2,4,1,10,10,0
70,25,8,0,0.1,36,24,0,1,2,4,2,4,1,10,10,0
75,25,8,0,0.1,36,24,0,1,2,4,2,4,1,10,10,0
80,25,8,0,0.1,36,24,0,1,2,4,2,4,1,10,10,0
85,25,8,0,0.1,36,24,0,1,2,4,2,4,1,10,10,0
90,25,8,0,0.1,36,24,0,1,2,4,2,4,1,10,10,0
95,25,8,0,0.1,36,24,0,1,2,4,2,4,1,10,10,0
100,25,8,0,0.1,36,24,0,1,2,4,2,4,1,10,10,0
5,30,8,0,0.1,36,24,0,1,2,4,2,4,1,10,10,0
10,30,8,0,0.1,36,24,0,1,2,4,2,4,1,10,10,0
15,30,8,0,0.1,36,24,0,1,2,4,2,4,1,10,10,0
20,30,8,0,0.1,36,24,0,1,2,4,2,4,1,10,10,0
25,30,8,0,0.1,36,24,0,1,2,4,2,4,1,10,10,0
30,30,8,0,0.1,36,24,0,1,2,4,2,4,1,10,10,0
35,30,8,0,0.1,36,24,0,1,2,4,2,4,1,10,10,0
40,30,8,0,0.1,36,24,0,1,2,4,2,4,1,10,10,0
45,30,8,0,0.1,36,24,0,1,2,4,2,4,1,10,10,0
50,30,8,0,0.1,36,24,0,1,2,4,2,4,1,10,10,0
55,30,8,0,0.1,36,24,0,1,2,4,2,4,1,10,10,0
60,30,8,0,0.1,36,24,0,1,2,4,2,4,1,10,10,0
65,30,8,0,0.1,36,24,0,1,2,4,2,4,1,10,10,0
70,30,8,0,0.1,36,24,0,1,2,4,2,4,1,10,10,0
75,30,8,0,0.1,36,24,0,1,2,4,2,4,1,10,10,0
80,30,8,0,0.1,36,24,0,1,2,4,2,4,1,10,10,0
85,30,8,0,0.1,36,24,0,1,2,4,2,4,1,10,10,0
90,30,8,0,0.1,36,24,0,1,2,4,2,4,1,10,10,0
95,30,8,0,0.1,36,24,0,1,2,4,2,4,1,10,10,0
100,30,8,0,0.1,36,24,0,1,2,4,2,4,1,10,10,0
5,35,8,0,0.1,36,24,0,1,2,4,2,4,1,10,10,0
10,35,8,0,0.1,36,24,0,1,2,4,2,4,1,10,10,0
15,35,8,0,0.1,36,24,0,1,2,4,2,4,1,10,10,0
20,35,8,0,0.1,36,24,0,1,2,4,2,4,1,10,10,0
25,35,8,0,0.1,36,24,0,1,2,4,2,4,1,10,10,0
30,35,8,0,0.1,36,24,0,1,2,4,2,4,1,10,10,0
35,35,8,0,0.1,36,24,0,1,2,4,2,4,1,10,10,0
40,35,8,0,0.1,36,24,0,1,2,4,2,4,1,10,10,0
45,35,8,0,0.1,36,24,0,1,2,4,2,4,1,10,10,0
50,35,8,0,0.1,36,24,0,1,2,4,2,4,1,10,10,0
55,35,8,0,0.1,36,24,0,1,2,4,2,4,1,10,10,0
60,35,8,0,0.1,36,24,0,1,2,4,2,4,1,10,10,0
65,35,8,0,0.1,36,24,0,1,2,4,2,4,1,10,10,0
70,35,8,0,0.1,36,24,0,1,2,4,2,4,1,10,10,0
75,35,8,0,0.1,36,24,0,1,2,4,2,4,1,10,10,0
80,35,8,0,0.1,36,24,0,1,2,4,2,4,1,10,10,0
85,35,8,0,0.1,36,24,0,1,2,4,2,4,1,10,10,0
90,35,8,0,0.1,36,24,0,1,2,4,2,4,1,10,10,0
95,35,8,0,0.1,36,24,0,1,2,4,2,4,1,10,10,0
100,35,8,0,0.1,36,24,0,1,2,4,2,4,1,10,10,0
5,40,8,0,0.1,36,24,0,1,2,4,2,4,1,10,10,0
10,40,8,0,0.1,36,24,0,1,2,4,2,4,1,10,10,0
15,40,8,0,0.1,36,24,0,1,2,4,2,4,1,10,10,0
20,40,8,0,0.1,36,24,0,1,2,4,2,4,1,10,10,0
25,40,8,0,0.1,36,24,0,1,2,4,2,4,1,10,10,0
30,40,8,0,0.1,36,24,0,1,2,4,2,4,1,10,10,0
35,40,8,0,0.1,36,24,0,1,2,4,2,4,1,10,10,0
40,40,8,0,0.1,36,24,0,1,2,4,2,4,1,10,10,0
45,40,8,0,0.1,36,24,0,1,2,4,2,4,1,10,10,0
50,40,8,0,0.1,36,24,0,1,2,4,2,4,1,10,10,0
55,40,8,0,0.1,36,24,0,1,2,4,2,4,1,10,10,0
60,40,8,0,0.1,36,24,0,1,2,4,2,4,1,10,10,0
65,40,8,0,0.1,36,24,0,1,2,4,2,4,1,10,10,0
70,40,8,0,0.1,36,24,0,1,2,4,2,4,1,10,10,0
75,40,8,0,0.1,36,24,0,1,2,4,2,4,1,10,10,0
80,40,8,0,0.1,36,24,0,1,2,4,2,4,1,10,10,0
85,40,8,0,0.1,36,24,0,1,2,4,2,4,1,10,10,0
90,40,8,0,0.1,36,24,0,1,2,4,2,4,1,10,10,0
95,40,8,0,0.1,36,24,0,1,2,4,2,4,1,10,10,0
100,40,8,0,0.1,36,24,0,1,2,4,2,4,1,10,10,0
5,45,8,0,0.1,36,24,0,1,2,4,2,4,1,10,10,0
10,45,8,0,0.1,36,24,0,1,2,4,2,4,1,10,10,0
15,45,8,0,0.1,36,24,0,1,2,4,2,4,1,10,10,0
20,45,8,0,0.1,36,24,0,1,2,4,2,4,1,10,10,0
25,45,8,0,0.1,36,24,0,1,2,4,2,4,1,10,10,0
30,45,8,0,0.1,36,24,0,1,2,4,2,4,1,10,10,0
35,45,8,0,0.1,36,24,0,1,2,4,2,4,1,10,10,0
40,45,8,0,0.1,36,24,0,1,2,4,2,4,1,10,10,0
45,45,8,0,0.1,36,24,0,1,2,4,2,4,1,10,10,0
50,45,8,0,0.1,36,24,0,1,2,4,2,4,1,10,10,0
55,45,8,0,0.1,36,24,0,1,2,4,2,4,1,10,10,0
60,45,8,0,0.1,36,24,0,1,2,4,2,4,1,10,10,0
65,45,8,0,0.1,36,24,0,1,2,4,2,4,1,10,10,0
70,45,8,0,0.1,36,24,0,1,2,4,2,4,1,10,10,0
75,45,8,0,0.1,36,24,0,1,2,4,2,4,1,10,10,0
80,45,8,0,0.1,36,24,0,1,2,4,2,4,1,10,10,0
85,45,8,0,0.1,36,24,0,1,2,4,2,4,1,10,10,0
90,45,8,0,0.1,36,24,0,1,2,4,2,4,1,10,10,0
95,45,8,0,0.1,36,24,0,1,2,4,2,4,1,10,10,0
100,45,8,0,0.1,36,24,0,1,2,4,2,4,1,10,10,0
5,50,8,0,0.1,36,24,0,1,2,4,2,4,1,10,10,0
10,50,8,0,0.1,36,24,0,1,2,4,2,4,1,10,10,0
15,50,8,0,0.1,36,24,0,1,2,4,2,4,1,10,10,0
20,50,8,0,0.1,36,24,0,1,2,4,2,4,1,10,10,0
25,50,8,0,0.1,36,24,0,1,2,4,2,4,1,10,10,0
30,50,8,0,0.1,36,24,0,1,2,4,2,4,1,10,10,0
35,50,8,0,0.1,36,24,0,1,2,4,2,4,1,10,10,0
40,50,8,0,0.1,36,24,0,1,2,4,2,4,1,10,10,0
45,50,8,0,0.1,36,24,0,1,2,4,2,4,1,10,10,0
50,50,8,0,0.1,36,24,0,1,2,4,2,4,1,10,10,0
55,50,8,0,0.1,36,24,0,1,2,4,2,4,1,10,10,0
60,50,8,0,0.1,36,24,0,1,2,4,2,4,1,10,10,0
65,50,8,0,0.1,36,24,0,1,2,4,2,4,1,10,10,0
70,50,8,0,0.1,36,24,0,1,2,4,2,4,1,10,10,0
75,50,8,0,0.1,36,24,0,1,2,4,2,4,1,10,10,0
80,50,8,0,0.1,36,24,0,1,2,4,2,4,1,10,10,0
85,50,8,0,0.1,36,24,0,1,2,4,2,4,1,10,10,0
90,50,8,0,0.1,36,24,0,1,2,4,2,4,1,10,10,0
95,50,8,0,0.1,36,24,0,1,2,4,2,4,1,10,10,0
100,50,8,0,0.1,36,24,0,1,2,4,2,4,1,10,10,0
5,55,8,0,0.1,36,24,0,1,2,4,2,4,1,10,10,0
10,55,8,0,0.1,36,24,0,1,2,4,2,4,1,10,10,0
15,55,8,0,0.1,36,24,0,1,2,4,2,4,1,10,10,0
20,55,8,0,0.1,36,24,0,1,2,4,2,4,1,10,10,0
25,55,8,0,0.1,36,24,0,1,2,4,2,4,1,10,10,0
30,55,8,0,0.1,36,24,0,1,2,4,2,4,1,10,10,0
35,55,8,0,0.1,36,24,0,1,2,4,2,4,1,10,10,0
40,55,8,0,0.1,36,24,0,1,2,4,2,4,1,10,10,0
45,55,8,0,0.1,36,24,0,1,2,4,2,4,1,10,10,0
50,55,8,0,0.1,36,24,0,1,2,4,2,4,1,10,10,0
55,55,8,0,0.1,36,24,0,1,2,4,2,4,1,10,10,0
60,55,8,0,0.1,36,24,0,1,2,4,2,4,1,10,10,0
65,55,8,0,0.1,36,24,0,1,2,4,2,4,1,10,10,0
70,55,8,0,0.1,36,24,0,1,2,4,2,4,1,10,10,0
75,55,8,0,0.1,36,24,0,1,2,4,2,4,1,10,10,0
80,55,8,0,0.1,36,24,0,1,2,4,2,4,1,10,10,0
85,55,8,0,0.1,36,24,0,1,2,4,2,4,1,10,10,0
90,55,8,0,0.1,36,24,0,1,2,4,2,4,1,10,10,0
95,55,8,0,0.1,36,24,0,1,2,4,2,4,1,10,10,0
100,55,8,0,0.1,36,24,0,1,2,4,2,4,1,10,10,0
5,60,8,0,0.1,36,24,0,1,2,4,2,4,1,10,10,0
10,60,8,0,0.1,36,24,0,1,2,4,2,4,1,10,10,0
15,60,8,0,0.1,36,24,0,1,2,4,2,4,1,10,10,0
20,60,8,0,0.1,36,24,0,1,2,4,2,4,1,10,10,0
25,60,8,0,0.1,36,24,0,1,2,4,2,4,1,10,10,0
30,60,8,0,0.1,36,24,0,1,2,4,2,4,1,10,10,0
35,60,8,0,0.1,36,24,0,1,2,4,2,4,1,10,10,0
40,60,8,0,0.1,36,24,0,1,2,4,2,4,1,10,10,0
45,60,8,0,0.1,36,24,0,1,2,4,2,4,1,10,10,0
50,60,8,0,0.1,36,24,0,1,2,4,2,4,1,10,10,0
55,60,8,0,0.1,36,24,0,1,2,4,2,4,1,10,10,0
60,60,8,0,0.1,36,24,0,1,2,4,2,4,1,10,10,0
65,60,8,0,0.1,36,24,0,1,2,4,2,4,1,10,10,0
70,60,8,0,0.1,36,24,0,1,2,4,2,4,1,10,10,0
75,60,8,0,0.1,36,24,0,1,2,4,2,4,1,10,10,0
80,60,8,0,0.1,36,24,0,1,2,4,2,4,1,10,10,0
85,60,8,0,0.1,36,24,0,1,2,4,2,4,1,10,10,0
90,60,8,0,0.1,36,24,0,1,2,4,2,4,1,10,10,0
95,60,8,0,0.1,36,24,0,1,2,4,2,4,1,10,10,0
100,60,8,0,0.1,36,24,0,1,2,4,2,4,1,10,10,0
5,65,8,0,0.1,36,24,0,1,2,4,2,4,1,10,10,0
10,65,8,0,0.1,36,24,0,1,2,4,2,4,1,10,10,0
15,65,8,0,0.1,36,24,0,1,2,4,2,4,1,10,10,0
20,65,8,0,0.1,36,24,0,1,2,4,2,4,1,10,10,0
25,65,8,0,0.1,36,24,0,1,2,4,2,4,1,10,10,0
30,65,8,0,0.1,36,24,0,1,2,4,2,4,1,10,10,0
35,65,8,0,0.1,36,24,0,1,2,4,2,4,1,10,10,0
40,65,8,0,0.1,36,24,0,1,2,4,2,4,1,10,10,0
45,65,8,0,0.1,36,24,0,1,2,4,2,4,1,10,10,0
50,65,8,0,0.1,36,24,0,1,2,4,2,4,1,10,10,0
55,65,8,0,0.1,36,24,0,1,2,4,2,4,1,10,10,0
60,65,8,0,0.1,36,24,0,1,2,4,2,4,1,10,10,0
65,65,8,0,0.1,36,24,0,1,2,4,2,4,1,10,10,0
70,65,8,0,0.1,36,24,0,1,2,4,2,4,1,10,10,0
75,65,8,0,0.1,36,24,0,1,2,4,2,4,1,10,10,0
80,65,8,0,0.1,36,24,0,1,2,4,2,4,1,10,10,0
85,65,8,0,0.1,36,24,0,1,2,4,2,4,1,10,10,0
90,65,8,0,0.1,36,24,0,1,2,4,2,4,1,10,10,0
95,65,8,0,0.1,36,24,0,1,2,4,2,4,1,10,10,0
100,65,8,0,0.1,36,24,0,1,2,4,2,4,1,10,10,0
5,70,8,0,0.1,36,24,0,1,2,4,2,4,1,10,10,0
10,70,8,0,0.1,36,24,0,1,2,4,2,4,1,10,10,0
15,70,8,0,0.1,36,24,0,1,2,4,2,4,1,10,10,0
20,70,8,0,0.1,36,24,0,1,2,4,2,4,1,10,10,0
25,70,8,0,0.1,36,24,0,1,2,4,2,4,1,10,10,0
30,70,8,0,0.1,36,24,0,1,2,4,2,4,1,10,10,0
35,70,8,0,0.1,36,24,0,1,2,4,2,4,1,10,10,0
40,70,8,0,0.1,36,24,0,1,2,4,2,4,1,10,10,0
45,70,8,0,0.1,36,24,0,1,2,4,2,4,1,10,10,0
50,70,8,0,0.1,36,24,0,1,2,4,2,4,1,10,10,0
55,70,8,0,0.1,36,24,0,1,2,4,2,4,1,10,10,0
60,70,8,0,0.1,36,24,0,1,2,4,2,4,1,10,10,0
65,70,8,0,0.1,36,24,0,1,2,4,2,4,1,10,10,0
70,70,8,0,0.1,36,24,0,1,2,4,2,4,1,10,10,0
75,70,8,0,0.1,36,24,0,1,2,4,2,4,1,10,10,0
80,70,8,0,0.1,36,24,0,1,2,4,2,4,1,10,10,0
85,70,8,0,0.1,36,24,0,1,2,4,2,4,1,10,10,0
90,70,8,0,0.1,36,24,0,1,2,4,2,4,1,10,10,0
95,70,8,0,0.1,36,24,0,1,2,4,2,4,1,10,10,0
100,70,8,0,0.1,36,24,0,1,2,4,2,4,1,10,10,0
5,75,8,0,0.1,36,24,0,1,2,4,2,4,1,10,10,0
10,75,8,0,0.1,36,24,0,1,2,4,2,4,1,10,10,0
15,75,8,0,0.1,36,24,0,1,2,4,2,4,1,10,10,0
20,75,8,0,0.1,36,24,0,1,2,4,2,4,1,10,10,0
25,75,8,0,0.1,36,24,0,1,2,4,2,4,1,10,10,0
30,75,8,0,0.1,36,24,0,1,2,4,2,4,1,10,10,0
35,75,8,0,0.1,36,24,0,1,2,4,2,4,1,10,10,0
40,75,8,0,0.1,36,24,0,1,2,4,2,4,1,10,10,0
45,75,8,0,0.1,36,24,0,1,2,4,2,4,1,10,10,0
50,75,8,0,0.1,36,24,0,1,2,4,2,4,1,10,10,0
55,75,8,0,0.1,36,24,0,1,2,4,2,4,1,10,10,0
60,75,8,0,0.1,36,24,0,1,2,4,2,4,1,10,10,0
65,75,8,0,0.1,36,24,0,1,2,4,2,4,1,10,10,0
70,75,8,0,0.1,36,24,0,1,2,4,2,4,1,10,10,0
75,75,8,0,0.1,36,24,0,1,2,4,2,4,1,10,10,0
80,75,8,0,0.1,36,24,0,1,2,4,2,4,1,10,10,0
85,75,8,0,0.1,36,24,0,1,2,4,2,4,1,10,10,0
90,75,8,0,0.1,36,24,0,1,2,4,2,4,1,10,10,0
95,75,8,0,0.1,36,24,0,1,2,4,2,4,1,10,10,0
100,75,8,0,0.1,36,24,0,1,2,4,2,4,1,10,10,0
5,80,8,0,0.1,36,24,0,1,2,4,2,4,1,10,10,0
10,80,8,0,0.1,36,24,0,1,2,4,2,4,1,10,10,0
15,80,8,0,0.1,36,24,0,1,2,4,2,4,1,10,10,0
20,80,8,0,0.1,36,24,0,1,2,4,2,4,1,10,10,0
25,80,8,0,0.1,36,24,0,1,2,4,2,4,1,10,10,0
30,80,8,0,0.1,36,24,0,1,2,4,2,4,1,10,10,0
35,80,8,0,0.1,36,24,0,1,2,4,2,4,1,10,10,0
40,80,8,0,0.1,36,24,0,1,2,4,2,4,1,10,10,0
45,80,8,0,0.1,36,24,0,1,2,4,2,4,1,10,10,0
50,80,8,0,0.1,36,24,0,1,2,4,2,4,1,10,10,0
55,80,8,0,0.1,36,24,0,1,2,4,2,4,1,10,10,0
60,80,8,0,0.1,36,24,0,1,2,4,2,4,1,10,10,0
65,80,8,0,0.1,36,24,0,1,2,4,2,4,1,10,10,0
70,80,8,0,0.1,36,24,0,1,2,4,2,4,1,10,10,0
75,80,8,0,0.1,36,24,0,1,2,4,2,4,1,10,10,0
80,80,8,0,0.1,36,24,0,1,2,4,2,4,1,10,10,0
85,80,8,0,0.1,36,24,0,1,2,4,2,4,1,10,10,0
90,80,8,0,0.1,36,24,0,1,2,4,2,4,1,10,10,0
95,80,8,0,0.1,36,24,0,1,2,4,2,4,1,10,10,0
100,80,8,0,0.1,36,24,0,1,2,4,2,4,1,10,10,0
5,85,8,0,0.1,36,24,0,1,2,4,2,4,1,10,10,0
10,85,8,0,0.1,36,24,0,1,2,4,2,4,1,10,10,0
15,85,8,0,0.1,36,24,0,1,2,4,2,4,1,10,10,0
20,85,8,0,0.1,36,24,0,1,2,4,2,4,1,10,10,0
25,85,8,0,0.1,36,24,0,1,2,4,2,4,1,10,10,0
30,85,8,0,0.1,36,24,0,1,2,4,2,4,1,10,10,0
35,85,8,0,0.1,36,24,0,1,2,4,2,4,1,10,10,0
40,85,8,0,0.1,36,24,0,1,2,4,2,4,1,10,10,0
45,85,8,0,0.1,36,24,0,1,2,4,2,4,1,10,10,0
50,85,8,0,0.1,36,24,0,1,2,4,2,4,1,10,10,0
55,85,8,0,0.1,36,24,0,1,2,4,2,4,1,10,10,0
60,85,8,0,0.1,36,24,0,1,2,4,2,4,1,10,10,0
65,85,8,0,0.1,36,24,0,1,2,4,2,4,1,10,10,0
70,85,8,0,0.1,36,24,0,1,2,4,2,4,1,10,10,0
75,85,8,0,0.1,36,24,0,1,2,4,2,4,1,10,10,0
80,85,8,0,0.1,36,24,0,1,2,4,2,4,1,10,10,0
85,85,8,0,0.1,36,24,0,1,2,4,2,4,1,10,10,0
90,85,8,0,0.1,36,24,0,1,2,4,2,4,1,10,10,0
95,85,8,0,0.1,36,24,0,1,2,4,2,4,1,10,10,0
100,85,8,0,0.1,36,24,0,1,2,4,2,4,1,10,10,0
5,90,8,0,0.1,36,24,0,1,2,4,2,4,1,10,10,0
10,90,8,0,0.1,36,24,0,1,2,4,2,4,1,10,10,0
15,90,8,0,0.1,36,24,0,1,2,4,2,4,1,10,10,0
20,90,8,0,0.1,36,24,0,1,2,4,2,4,1,10,10,0
25,90,8,0,0.1,36,24,0,1,2,4,2,4,1,10,10,0
30,90,8,0,0.1,36,24,0,1,2,4,2,4,1,10,10,0
35,90,8,0,0.1,36,24,0,1,2,4,2,4,1,10,10,0
40,90,8,0,0.1,36,24,0,1,2,4,2,4,1,10,10,0
45,90,8,0,0.1,36,24,0,1,2,4,2,4,1,10,10,0
50,90,8,0,0.1,36,24,0,1,2,4,2,4,1,10,10,0
55,90,8,0,0.1,36,24,0,1,2,4,2,4,1,10,10,0
60,90,8,0,0.1,36,24,0,1,2,4,2,4,1,10,10,0
65,90,8,0,0.1,36,24,0,1,2,4,2,4,1,10,10,0
70,90,8,0,0.1,36,24,0,1,2,4,2,4,1,10,10,0
75,90,8,0,0.1,36,24,0,1,2,4,2,4,1,10,10,0
80,90,8,0,0.1,36,24,0,1,2,4,2,4,1,10,10,0
85,90,8,0,0.1,36,24,0,1,2,4,2,4,1,10,10,0
90,90,8,0,0.1,36,24,0,1,2,4,2,4,1,10,10,0
95,90,8,0,0.1,36,24,0,1,2,4,2,4,1,10,10,0
100,90,8,0,0.1,36,24,0,1,2,4,2,4,1,10,10,0
5,95,8,0,0.1,36,24,0,1,2,4,2,4,1,10,10,0
10,95,8,0,0.1,36,24,0,1,2,4,2,4,1,10,10,0
15,95,8,0,0.1,36,24,0,1,2,4,2,4,1,10,10,0
20,95,8,0,0.1,36,24,0,1,2,4,2,4,1,10,10,0
25,95,8,0,0.1,36,24,0,1,2,4,2,4,1,10,10,0
30,95,8,0,0.1,36,24,0,1,2,4,2,4,1,10,10,0
35,95,8,0,0.1,36,24,0,1,2,4,2,4,1,10,10,0
40,95,8,0,0.1,36,24,0,1,2,4,2,4,1,10,10,0
45,95,8,0,0.1,36,24,0,1,2,4,2,4,1,10,10,0
50,95,8,0,0.1,36,24,0,1,2,4,2,4,1,10,10,0
55,95,8,0,0.1,36,24,0,1,2,4,2,4,1,10,10,0
60,95,8,0,0.1,36,24,0,1,2,4,2,4,1,10,10,0
65,95,8,0,0.1,36,24,0,1,2,4,2,4,1,10,10,0
70,95,8,0,0.1,36,24,0,1,2,4,2,4,1,10,10,0
75,95,8,0,0.1,36,24,0,1,2,4,2,4,1,10,10,0
80,95,8,0,0.1,36,24,0,1,2,4,2,4,1,10,10,0
85,95,8,0,0.1,36,24,0,1,2,4,2,4,1,10,10,0
90,95,8,0,0.1,36,24,0,1,2,4,2,4,1,10,10,0
95,95,8,0,0.1,36,24,0,1,2,4,2,4,1,10,10,0
100,95,8,0,0.1,36,24,0,1,2,4,2,4,1,10,10,0
5,100,8,0,0.1,36,24,0,1,2,4,2,4,1,10,10,0
10,100,8,0,0.1,36,24,0,1,2,4,2,4,1,10,10,0
15,100,8,0,0.1,36,24,0,1,2,4,2,4,1,10,10,0
20,100,8,0,0.1,36,24,0,1,2,4,2,4,1,10,10,0
25,100,8,0,0.1,36,24,0,1,2,4,2,4,1,10,10,0
30,100,8,0,0.1,36,24,0,1,2,4,2,4,1,10,10,0
35,100,8,0,0.1,36,24,0,1,2,4,2,4,1,10,10,0
40,100,8,0,0.1,36,24,0,1,2,4,2,4,1,10,10,0
45,100,8,0,0.1,36,24,0,1,2,4,2,4,1,10,10,0
50,100,8,0,0.1,36,24,0,1,2,4,2,4,1,10,10,0
55,100,8,0,0.1,36,24,0,1,2,4,2,4,1,10,10,0
60,100,8,0,0.1,36,24,0,1,2,4,2,4,1,10,10,0
65,100,8,0,0.1,36,24,0,1,2,4,2,4,1,10,10,0
70,100,8,0,0.1,36,24,0,1,2,4,2,4,1,10,10,0
75,100,8,0,0.1,36,24,0,1,2,4,2,4,1,10,10,0
80,100,8,0,0.1,36,24,0,1,2,4,2,4,1,10,10,0
85,100,8,0,0.1,36,24,0,1,2,4,2,4,1,10,10,0
90,100,8,0,0.1,36,24,0,1,2,4,2,4,1,10,10,0
95,100,8,0,0.1,36,24,0,1,2,4,2,4,1,10,10,0
100,100,8,0,0.1,36,24,0,1,2,4,2,4,1,10,10,0
5,5,10,0,0.1,36,24,0,1,2,4,2,4,1,10,10,0
10,5,10,0,0.1,36,24,0,1,2,4,2,4,1,10,10,0
15,5,10,0,0.1,36,24,0,1,2,4,2,4,1,10,10,0
20,5,10,0,0.1,36,24,0,1,2,4,2,4,1,10,10,0
25,5,10,0,0.1,36,24,0,1,2,4,2,4,1,10,10,0
30,5,10,0,0.1,36,24,0,1,2,4,2,4,1,10,10,0
35,5,10,0,0.1,36,24,0,1,2,4,2,4,1,10,10,0
40,5,10,0,0.1,36,24,0,1,2,4,2,4,1,10,10,0
45,5,10,0,0.1,36,24,0,1,2,4,2,4,1,10,10,0
50,5,10,0,0.1,36,24,0,1,2,4,2,4,1,10,10,0
55,5,10,0,0.1,36,24,0,1,2,4,2,4,1,10,10,0
60,5,10,0,0.1,36,24,0,1,2,4,2,4,1,10,10,0
65,5,10,0,0.1,36,24,0,1,2,4,2,4,1,10,10,0
70,5,10,0,0.1,36,24,0,1,2,4,2,4,1,10,10,0
75,5,10,0,0.1,36,24,0,1,2,4,2,4,1,10,10,0
80,5,10,0,0.1,36,24,0,1,2,4,2,4,1,10,10,0
85,5,10,0,0.1,36,24,0,1,2,4,2,4,1,10,10,0
90,5,10,0,0.1,36,24,0,1,2,4,2,4,1,10,10,0
95,5,10,0,0.1,36,24,0,1,2,4,2,4,1,10,10,0
100,5,10,0,0.1,36,24,0,1,2,4,2,4,1,10,10,0
5,10,10,0,0.1,36,24,0,1,2,4,2,4,1,10,10,0
10,10,10,0,0.1,36,24,0,1,2,4,2,4,1,10,10,0
15,10,10,0,0.1,36,24,0,1,2,4,2,4,1,10,10,0
20,10,10,0,0.1,36,24,0,1,2,4,2,4,1,10,10,0
25,10,10,0,0.1,36,24,0,1,2,4,2,4,1,10,10,0
30,10,10,0,0.1,36,24,0,1,2,4,2,4,1,10,10,0
35,10,10,0,0.1,36,24,0,1,2,4,2,4,1,10,10,0
40,10,10,0,0.1,36,24,0,1,2,4,2,4,1,10,10,0
45,10,10,0,0.1,36,24,0,1,2,4,2,4,1,10,10,0
50,10,10,0,0.1,36,24,0,1,2,4,2,4,1,10,10,0
55,10,10,0,0.1,36,24,0,1,2,4,2,4,1,10,10,0
60,10,10,0,0.1,36,24,0,1,2,4,2,4,1,10,10,0
65,10,10,0,0.1,36,24,0,1,2,4,2,4,1,10,10,0
70,10,10,0,0.1,36,24,0,1,2,4,2,4,1,10,10,0
75,10,10,0,0.1,36,24,0,1,2,4,2,4,1,10,10,0
80,10,10,0,0.1,36,24,0,1,2,4,2,4,1,10,10,0
85,10,10,0,0.1,36,24,0,1,2,4,2,4,1,10,10,0
90,10,10,0,0.1,36,24,0,1,2,4,2,4,1,10,10,0
95,10,10,0,0.1,36,24,0,1,2,4,2,4,1,10,10,0
100,10,10,0,0.1,36,24,0,1,2,4,2,4,1,10,10,0
5,15,10,0,0.1,36,24,0,1,2,4,2,4,1,10,10,0
10,15,10,0,0.1,36,24,0,1,2,4,2,4,1,10,10,0
15,15,10,0,0.1,36,24,0,1,2,4,2,4,1,10,10,0
20,15,10,0,0.1,36,24,0,1,2,4,2,4,1,10,10,0
25,15,10,0,0.1,36,24,0,1,2,4,2,4,1,10,10,0
30,15,10,0,0.1,36,24,0,1,2,4,2,4,1,10,10,0
35,15,10,0,0.1,36,24,0,1,2,4,2,4,1,10,10,0
40,15,10,0,0.1,36,24,0,1,2,4,2,4,1,10,10,0
45,15,10,0,0.1,36,24,0,1,2,4,2,4,1,10,10,0
50,15,10,0,0.1,36,24,0,1,2,4,2,4,1,10,10,0
55,15,10,0,0.1,36,24,0,1,2,4,2,4,1,10,10,0
60,15,10,0,0.1,36,24,0,1,2,4,2,4,1,10,10,0
65,15,10,0,0.1,36,24,0,1,2,4,2,4,1,10,10,0
70,15,10,0,0.1,36,24,0,1,2,4,2,4,1,10,10,0
75,15,10,0,0.1,36,24,0,1,2,4,2,4,1,10,10,0
80,15,10,0,0.1,36,24,0,1,2,4,2,4,1,10,10,0
85,15,10,0,0.1,36,24,0,1,2,4,2,4,1,10,10,0
90,15,10,0,0.1,36,24,0,1,2,4,2,4,1,10,10,0
95,15,10,0,0.1,36,24,0,1,2,4,2,4,1,10,10,0
100,15,10,0,0.1,36,24,0,1,2,4,2,4,1,10,10,0
5,20,10,0,0.1,36,24,0,1,2,4,2,4,1,10,10,0
10,20,10,0,0.1,36,24,0,1,2,4,2,4,1,10,10,0
15,20,10,0,0.1,36,24,0,1,2,4,2,4,1,10,10,0
20,20,10,0,0.1,36,24,0,1,2,4,2,4,1,10,10,0
25,20,10,0,0.1,36,24,0,1,2,4,2,4,1,10,10,0
30,20,10,0,0.1,36,24,0,1,2,4,2,4,1,10,10,0
35,20,10,0,0.1,36,24,0,1,2,4,2,4,1,10,10,0
40,20,10,0,0.1,36,24,0,1,2,4,2,4,1,10,10,0
45,20,10,0,0.1,36,24,0,1,2,4,2,4,1,10,10,0
50,20,10,0,0.1,36,24,0,1,2,4,2,4,1,10,10,0
55,20,10,0,0.1,36,24,0,1,2,4,2,4,1,10,10,0
60,20,10,0,0.1,36,24,0,1,2,4,2,4,1,10,10,0
65,20,10,0,0.1,36,24,0,1,2,4,2,4,1,10,10,0
70,20,10,0,0.1,36,24,0,1,2,4,2,4,1,10,10,0
75,20,10,0,0.1,36,24,0,1,2,4,2,4,1,10,10,0
80,20,10,0,0.1,36,24,0,1,2,4,2,4,1,10,10,0
85,20,10,0,0.1,36,24,0,1,2,4,2,4,1,10,10,0
90,20,10,0,0.1,36,24,0,1,2,4,2,4,1,10,10,0
95,20,10,0,0.1,36,24,0,1,2,4,2,4,1,10,10,0
100,20,10,0,0.1,36,24,0,1,2,4,2,4,1,10,10,0
5,25,10,0,0.1,36,24,0,1,2,4,2,4,1,10,10,0
10,25,10,0,0.1,36,24,0,1,2,4,2,4,1,10,10,0
15,25,10,0,0.1,36,24,0,1,2,4,2,4,1,10,10,0
20,25,10,0,0.1,36,24,0,1,2,4,2,4,1,10,10,0
25,25,10,0,0.1,36,24,0,1,2,4,2,4,1,10,10,0
30,25,10,0,0.1,36,24,0,1,2,4,2,4,1,10,10,0
35,25,10,0,0.1,36,24,0,1,2,4,2,4,1,10,10,0
40,25,10,0,0.1,36,24,0,1,2,4,2,4,1,10,10,0
45,25,10,0,0.1,36,24,0,1,2,4,2,4,1,10,10,0
50,25,10,0,0.1,36,24,0,1,2,4,2,4,1,10,10,0
55,25,10,0,0.1,36,24,0,1,2,4,2,4,1,10,10,0
60,25,10,0,0.1,36,24,0,1,2,4,2,4,1,10,10,0
65,25,10,0,0.1,36,24,0,1,2,4,2,4,1,10,10,0
70,25,10,0,0.1,36,24,0,1,2,4,2,4,1,10,10,0
75,25,10,0,0.1,36,24,0,1,2,4,2,4,1,10,10,0
80,25,10,0,0.1,36,24,0,1,2,4,2,4,1,10,10,0
85,25,10,0,0.1,36,24,0,1,2,4,2,4,1,10,10,0
90,25,10,0,0.1,36,24,0,1,2,4,2,4,1,10,10,0
95,25,10,0,0.1,36,24,0,1,2,4,2,4,1,10,10,0
100,25,10,0,0.1,36,24,0,1,2,4,2,4,1,10,10,0
5,30,10,0,0.1,36,24,0,1,2,4,2,4,1,10,10,0
10,30,10,0,0.1,36,24,0,1,2,4,2,4,1,10,10,0
15,30,10,0,0.1,36,24,0,1,2,4,2,4,1,10,10,0
20,30,10,0,0.1,36,24,0,1,2,4,2,4,1,10,10,0
25,30,10,0,0.1,36,24,0,1,2,4,2,4,1,10,10,0
30,30,10,0,0.1,36,24,0,1,2,4,2,4,1,10,10,0
35,30,10,0,0.1,36,24,0,1,2,4,2,4,1,10,10,0
40,30,10,0,0.1,36,24,0,1,2,4,2,4,1,10,10,0
45,30,10,0,0.1,36,24,0,1,2,4,2,4,1,10,10,0
50,30,10,0,0.1,36,24,0,1,2,4,2,4,1,10,10,0
55,30,10,0,0.1,36,24,0,1,2,4,2,4,1,10,10,0
60,30,10,0,0.1,36,24,0,1,2,4,2,4,1,10,10,0
65,30,10,0,0.1,36,24,0,1,2,4,2,4,1,10,10,0
70,30,10,0,0.1,36,24,0,1,2,4,2,4,1,10,10,0
75,30,10,0,0.1,36,24,0,1,2,4,2,4,1,10,10,0
80,30,10,0,0.1,36,24,0,1,2,4,2,4,1,10,10,0
85,30,10,0,0.1,36,24,0,1,2,4,2,4,1,10,10,0
90,30,10,0,0.1,36,24,0,1,2,4,2,4,1,10,10,0
95,30,10,0,0.1,36,24,0,1,2,4,2,4,1,10,10,0
100,30,10,0,0.1,36,24,0,1,2,4,2,4,1,10,10,0
5,35,10,0,0.1,36,24,0,1,2,4,2,4,1,10,10,0
10,35,10,0,0.1,36,24,0,1,2,4,2,4,1,10,10,0
15,35,10,0,0.1,36,24,0,1,2,4,2,4,1,10,10,0
20,35,10,0,0.1,36,24,0,1,2,4,2,4,1,10,10,0
25,35,10,0,0.1,36,24,0,1,2,4,2,4,1,10,10,0
30,35,10,0,0.1,36,24,0,1,2,4,2,4,1,10,10,0
35,35,10,0,0.1,36,24,0,1,2,4,2,4,1,10,10,0
40,35,10,0,0.1,36,24,0,1,2,4,2,4,1,10,10,0
45,35,10,0,0.1,36,24,0,1,2,4,2,4,1,10,10,0
50,35,10,0,0.1,36,24,0,1,2,4,2,4,1,10,10,0
55,35,10,0,0.1,36,24,0,1,2,4,2,4,1,10,10,0
60,35,10,0,0.1,36,24,0,1,2,4,2,4,1,10,10,0
65,35,10,0,0.1,36,24,0,1,2,4,2,4,1,10,10,0
70,35,10,0,0.1,36,24,0,1,2,4,2,4,1,10,10,0
75,35,10,0,0.1,36,24,0,1,2,4,2,4,1,10,10,0
80,35,10,0,0.1,36,24,0,1,2,4,2,4,1,10,10,0
85,35,10,0,0.1,36,24,0,1,2,4,2,4,1,10,10,0
90,35,10,0,0.1,36,24,0,1,2,4,2,4,1,10,10,0
95,35,10,0,0.1,36,24,0,1,2,4,2,4,1,10,10,0
100,35,10,0,0.1,36,24,0,1,2,4,2,4,1,10,10,0
5,40,10,0,0.1,36,24,0,1,2,4,2,4,1,10,10,0
10,40,10,0,0.1,36,24,0,1,2,4,2,4,1,10,10,0
15,40,10,0,0.1,36,24,0,1,2,4,2,4,1,10,10,0
20,40,10,0,0.1,36,24,0,1,2,4,2,4,1,10,10,0
25,40,10,0,0.1,36,24,0,1,2,4,2,4,1,10,10,0
30,40,10,0,0.1,36,24,0,1,2,4,2,4,1,10,10,0
35,40,10,0,0.1,36,24,0,1,2,4,2,4,1,10,10,0
40,40,10,0,0.1,36,24,0,1,2,4,2,4,1,10,10,0
45,40,10,0,0.1,36,24,0,1,2,4,2,4,1,10,10,0
50,40,10,0,0.1,36,24,0,1,2,4,2,4,1,10,10,0
55,40,10,0,0.1,36,24,0,1,2,4,2,4,1,10,10,0
60,40,10,0,0.1,36,24,0,1,2,4,2,4,1,10,10,0
65,40,10,0,0.1,36,24,0,1,2,4,2,4,1,10,10,0
70,40,10,0,0.1,36,24,0,1,2,4,2,4,1,10,10,0
75,40,10,0,0.1,36,24,0,1,2,4,2,4,1,10,10,0
80,40,10,0,0.1,36,24,0,1,2,4,2,4,1,10,10,0
85,40,10,0,0.1,36,24,0,1,2,4,2,4,1,10,10,0
90,40,10,0,0.1,36,24,0,1,2,4,2,4,1,10,10,0
95,40,10,0,0.1,36,24,0,1,2,4,2,4,1,10,10,0
100,40,10,0,0.1,36,24,0,1,2,4,2,4,1,10,10,0
5,45,10,0,0.1,36,24,0,1,2,4,2,4,1,10,10,0
10,45,10,0,0.1,36,24,0,1,2,4,2,4,1,10,10,0
15,45,10,0,0.1,36,24,0,1,2,4,2,4,1,10,10,0
20,45,10,0,0.1,36,24,0,1,2,4,2,4,1,10,10,0
25,45,10,0,0.1,36,24,0,1,2,4,2,4,1,10,10,0
30,45,10,0,0.1,36,24,0,1,2,4,2,4,1,10,10,0
35,45,10,0,0.1,36,24,0,1,2,4,2,4,1,10,10,0
40,45,10,0,0.1,36,24,0,1,2,4,2,4,1,10,10,0
45,45,10,0,0.1,36,24,0,1,2,4,2,4,1,10,10,0
50,45,10,0,0.1,36,24,0,1,2,4,2,4,1,10,10,0
55,45,10,0,0.1,36,24,0,1,2,4,2,4,1,10,10,0
60,45,10,0,0.1,36,24,0,1,2,4,2,4,1,10,10,0
65,45,10,0,0.1,36,24,0,1,2,4,2,4,1,10,10,0
70,45,10,0,0.1,36,24,0,1,2,4,2,4,1,10,10,0
75,45,10,0,0.1,36,24,0,1,2,4,2,4,1,10,10,0
80,45,10,0,0.1,36,24,0,1,2,4,2,4,1,10,10,0
85,45,10,0,0.1,36,24,0,1,2,4,2,4,1,10,10,0
90,45,10,0,0.1,36,24,0,1,2,4,2,4,1,10,10,0
95,45,10,0,0.1,36,24,0,1,2,4,2,4,1,10,10,0
100,45,10,0,0.1,36,24,0,1,2,4,2,4,1,10,10,0
5,50,10,0,0.1,36,24,0,1,2,4,2,4,1,10,10,0
10,50,10,0,0.1,36,24,0,1,2,4,2,4,1,10,10,0
15,50,10,0,0.1,36,24,0,1,2,4,2,4,1,10,10,0
20,50,10,0,0.1,36,24,0,1,2,4,2,4,1,10,10,0
25,50,10,0,0.1,36,24,0,1,2,4,2,4,1,10,10,0
30,50,10,0,0.1,36,24,0,1,2,4,2,4,1,10,10,0
35,50,10,0,0.1,36,24,0,1,2,4,2,4,1,10,10,0
40,50,10,0,0.1,36,24,0,1,2,4,2,4,1,10,10,0
45,50,10,0,0.1,36,24,0,1,2,4,2,4,1,10,10,0
50,50,10,0,0.1,36,24,0,1,2,4,2,4,1,10,10,0
55,50,10,0,0.1,36,24,0,1,2,4,2,4,1,10,10,0
60,50,10,0,0.1,36,24,0,1,2,4,2,4,1,10,10,0
65,50,10,0,0.1,36,24,0,1,2,4,2,4,1,10,10,0
70,50,10,0,0.1,36,24,0,1,2,4,2,4,1,10,10,0
75,50,10,0,0.1,36,24,0,1,2,4,2,4,1,10,10,0
80,50,10,0,0.1,36,24,0,1,2,4,2,4,1,10,10,0
85,50,10,0,0.1,36,24,0,1,2,4,2,4,1,10,10,0
90,50,10,0,0.1,36,24,0,1,2,4,2,4,1,10,10,0
95,50,10,0,0.1,36,24,0,1,2,4,2,4,1,10,10,0
100,50,10,0,0.1,36,24,0,1,2,4,2,4,1,10,10,0
5,55,10,0,0.1,36,24,0,1,2,4,2,4,1,10,10,0
10,55,10,0,0.1,36,24,0,1,2,4,2,4,1,10,10,0
15,55,10,0,0.1,36,24,0,1,2,4,2,4,1,10,10,0
20,55,10,0,0.1,36,24,0,1,2,4,2,4,1,10,10,0
25,55,10,0,0.1,36,24,0,1,2,4,2,4,1,10,10,0
30,55,10,0,0.1,36,24,0,1,2,4,2,4,1,10,10,0
35,55,10,0,0.1,36,24,0,1,2,4,2,4,1,10,10,0
40,55,10,0,0.1,36,24,0,1,2,4,2,4,1,10,10,0
45,55,10,0,0.1,36,24,0,1,2,4,2,4,1,10,10,0
50,55,10,0,0.1,36,24,0,1,2,4,2,4,1,10,10,0
55,55,10,0,0.1,36,24,0,1,2,4,2,4,1,10,10,0
60,55,10,0,0.1,36,24,0,1,2,4,2,4,1,10,10,0
65,55,10,0,0.1,36,24,0,1,2,4,2,4,1,10,10,0
70,55,10,0,0.1,36,24,0,1,2,4,2,4,1,10,10,0
75,55,10,0,0.1,36,24,0,1,2,4,2,4,1,10,10,0
80,55,10,0,0.1,36,24,0,1,2,4,2,4,1,10,10,0
85,55,10,0,0.1,36,24,0,1,2,4,2,4,1,10,10,0
90,55,10,0,0.1,36,24,0,1,2,4,2,4,1,10,10,0
95,55,10,0,0.1,36,24,0,1,2,4,2,4,1,10,10,0
100,55,10,0,0.1,36,24,0,1,2,4,2,4,1,10,10,0
5,60,10,0,0.1,36,24,0,1,2,4,2,4,1,10,10,0
10,60,10,0,0.1,36,24,0,1,2,4,2,4,1,10,10,0
15,60,10,0,0.1,36,24,0,1,2,4,2,4,1,10,10,0
20,60,10,0,0.1,36,24,0,1,2,4,2,4,1,10,10,0
25,60,10,0,0.1,36,24,0,1,2,4,2,4,1,10,10,0
30,60,10,0,0.1,36,24,0,1,2,4,2,4,1,10,10,0
35,60,10,0,0.1,36,24,0,1,2,4,2,4,1,10,10,0
40,60,10,0,0.1,36,24,0,1,2,4,2,4,1,10,10,0
45,60,10,0,0.1,36,24,0,1,2,4,2,4,1,10,10,0
50,60,10,0,0.1,36,24,0,1,2,4,2,4,1,10,10,0
55,60,10,0,0.1,36,24,0,1,2,4,2,4,1,10,10,0
60,60,10,0,0.1,36,24,0,1,2,4,2,4,1,10,10,0
65,60,10,0,0.1,36,24,0,1,2,4,2,4,1,10,10,0
70,60,10,0,0.1,36,24,0,1,2,4,2,4,1,10,10,0
75,60,10,0,0.1,36,24,0,1,2,4,2,4,1,10,10,0
80,60,10,0,0.1,36,24,0,1,2,4,2,4,1,10,10,0
85,60,10,0,0.1,36,24,0,1,2,4,2,4,1,10,10,0
90,60,10,0,0.1,36,24,0,1,2,4,2,4,1,10,10,0
95,60,10,0,0.1,36,24,0,1,2,4,2,4,1,10,10,0
100,60,10,0,0.1,36,24,0,1,2,4,2,4,1,10,10,0
5,65,10,0,0.1,36,24,0,1,2,4,2,4,1,10,10,0
10,65,10,0,0.1,36,24,0,1,2,4,2,4,1,10,10,0
15,65,10,0,0.1,36,24,0,1,2,4,2,4,1,10,10,0
20,65,10,0,0.1,36,24,0,1,2,4,2,4,1,10,10,0
25,65,10,0,0.1,36,24,0,1,2,4,2,4,1,10,10,0
30,65,10,0,0.1,36,24,0,1,2,4,2,4,1,10,10,0
35,65,10,0,0.1,36,24,0,1,2,4,2,4,1,10,10,0
40,65,10,0,0.1,36,24,0,1,2,4,2,4,1,10,10,0
45,65,10,0,0.1,36,24,0,1,2,4,2,4,1,10,10,0
50,65,10,0,0.1,36,24,0,1,2,4,2,4,1,10,10,0
55,65,10,0,0.1,36,24,0,1,2,4,2,4,1,10,10,0
60,65,10,0,0.1,36,24,0,1,2,4,2,4,1,10,10,0
65,65,10,0,0.1,36,24,0,1,2,4,2,4,1,10,10,0
70,65,10,0,0.1,36,24,0,1,2,4,2,4,1,10,10,0
75,65,10,0,0.1,36,24,0,1,2,4,2,4,1,10,10,0
80,65,10,0,0.1,36,24,0,1,2,4,2,4,1,10,10,0
85,65,10,0,0.1,36,24,0,1,2,4,2,4,1,10,10,0
90,65,10,0,0.1,36,24,0,1,2,4,2,4,1,10,10,0
95,65,10,0,0.1,36,24,0,1,2,4,2,4,1,10,10,0
100,65,10,0,0.1,36,24,0,1,2,4,2,4,1,10,10,0
5,70,10,0,0.1,36,24,0,1,2,4,2,4,1,10,10,0
10,70,10,0,0.1,36,24,0,1,2,4,2,4,1,10,10,0
15,70,10,0,0.1,36,24,0,1,2,4,2,4,1,10,10,0
20,70,10,0,0.1,36,24,0,1,2,4,2,4,1,10,10,0
25,70,10,0,0.1,36,24,0,1,2,4,2,4,1,10,10,0
30,70,10,0,0.1,36,24,0,1,2,4,2,4,1,10,10,0
35,70,10,0,0.1,36,24,0,1,2,4,2,4,1,10,10,0
40,70,10,0,0.1,36,24,0,1,2,4,2,4,1,10,10,0
45,70,10,0,0.1,36,24,0,1,2,4,2,4,1,10,10,0
50,70,10,0,0.1,36,24,0,1,2,4,2,4,1,10,10,0
55,70,10,0,0.1,36,24,0,1,2,4,2,4,1,10,10,0
60,70,10,0,0.1,36,24,0,1,2,4,2,4,1,10,10,0
65,70,10,0,0.1,36,24,0,1,2,4,2,4,1,10,10,0
70,70,10,0,0.1,36,24,0,1,2,4,2,4,1,10,10,0
75,70,10,0,0.1,36,24,0,1,2,4,2,4,1,10,10,0
80,70,10,0,0.1,36,24,0,1,2,4,2,4,1,10,10,0
85,70,10,0,0.1,36,24,0,1,2,4,2,4,1,10,10,0
90,70,10,0,0.1,36,24,0,1,2,4,2,4,1,10,10,0
95,70,10,0,0.1,36,24,0,1,2,4,2,4,1,10,10,0
100,70,10,0,0.1,36,24,0,1,2,4,2,4,1,10,10,0
5,75,10,0,0.1,36,24,0,1,2,4,2,4,1,10,10,0
10,75,10,0,0.1,36,24,0,1,2,4,2,4,1,10,10,0
15,75,10,0,0.1,36,24,0,1,2,4,2,4,1,10,10,0
20,75,10,0,0.1,36,24,0,1,2,4,2,4,1,10,10,0
25,75,10,0,0.1,36,24,0,1,2,4,2,4,1,10,10,0
30,75,10,0,0.1,36,24,0,1,2,4,2,4,1,10,10,0
35,75,10,0,0.1,36,24,0,1,2,4,2,4,1,10,10,0
40,75,10,0,0.1,36,24,0,1,2,4,2,4,1,10,10,0
45,75,10,0,0.1,36,24,0,1,2,4,2,4,1,10,10,0
50,75,10,0,0.1,36,24,0,1,2,4,2,4,1,10,10,0
55,75,10,0,0.1,36,24,0,1,2,4,2,4,1,10,10,0
60,75,10,0,0.1,36,24,0,1,2,4,2,4,1,10,10,0
65,75,10,0,0.1,36,24,0,1,2,4,2,4,1,10,10,0
70,75,10,0,0.1,36,24,0,1,2,4,2,4,1,10,10,0
75,75,10,0,0.1,36,24,0,1,2,4,2,4,1,10,10,0
80,75,10,0,0.1,36,24,0,1,2,4,2,4,1,10,10,0
85,75,10,0,0.1,36,24,0,1,2,4,2,4,1,10,10,0
90,75,10,0,0.1,36,24,0,1,2,4,2,4,1,10,10,0
95,75,10,0,0.1,36,24,0,1,2,4,2,4,1,10,10,0
100,75,10,0,0.1,36,24,0,1,2,4,2,4,1,10,10,0
5,80,10,0,0.1,36,24,0,1,2,4,2,4,1,10,10,0
10,80,10,0,0.1,36,24,0,1,2,4,2,4,1,10,10,0
15,80,10,0,0.1,36,24,0,1,2,4,2,4,1,10,10,0
20,80,10,0,0.1,36,24,0,1,2,4,2,4,1,10,10,0
25,80,10,0,0.1,36,24,0,1,2,4,2,4,1,10,10,0
30,80,10,0,0.1,36,24,0,1,2,4,2,4,1,10,10,0
35,80,10,0,0.1,36,24,0,1,2,4,2,4,1,10,10,0
40,80,10,0,0.1,36,24,0,1,2,4,2,4,1,10,10,0
45,80,10,0,0.1,36,24,0,1,2,4,2,4,1,10,10,0
50,80,10,0,0.1,36,24,0,1,2,4,2,4,1,10,10,0
55,80,10,0,0.1,36,24,0,1,2,4,2,4,1,10,10,0
60,80,10,0,0.1,36,24,0,1,2,4,2,4,1,10,10,0
65,80,10,0,0.1,36,24,0,1,2,4,2,4,1,10,10,0
70,80,10,0,0.1,36,24,0,1,2,4,2,4,1,10,10,0
75,80,10,0,0.1,36,24,0,1,2,4,2,4,1,10,10,0
80,80,10,0,0.1,36,24,0,1,2,4,2,4,1,10,10,0
85,80,10,0,0.1,36,24,0,1,2,4,2,4,1,10,10,0
90,80,10,0,0.1,36,24,0,1,2,4,2,4,1,10,10,0
95,80,10,0,0.1,36,24,0,1,2,4,2,4,1,10,10,0
100,80,10,0,0.1,36,24,0,1,2,4,2,4,1,10,10,0
5,85,10,0,0.1,36,24,0,1,2,4,2,4,1,10,10,0
10,85,10,0,0.1,36,24,0,1,2,4,2,4,1,10,10,0
15,85,10,0,0.1,36,24,0,1,2,4,2,4,1,10,10,0
20,85,10,0,0.1,36,24,0,1,2,4,2,4,1,10,10,0
25,85,10,0,0.1,36,24,0,1,2,4,2,4,1,10,10,0
30,85,10,0,0.1,36,24,0,1,2,4,2,4,1,10,10,0
35,85,10,0,0.1,36,24,0,1,2,4,2,4,1,10,10,0
40,85,10,0,0.1,36,24,0,1,2,4,2,4,1,10,10,0
45,85,10,0,0.1,36,24,0,1,2,4,2,4,1,10,10,0
50,85,10,0,0.1,36,24,0,1,2,4,2,4,1,10,10,0
55,85,10,0,0.1,36,24,0,1,2,4,2,4,1,10,10,0
60,85,10,0,0.1,36,24,0,1,2,4,2,4,1,10,10,0
65,85,10,0,0.1,36,24,0,1,2,4,2,4,1,10,10,0
70,85,10,0,0.1,36,24,0,1,2,4,2,4,1,10,10,0
75,85,10,0,0.1,36,24,0,1,2,4,2,4,1,10,10,0
80,85,10,0,0.1,36,24,0,1,2,4,2,4,1,10,10,0
85,85,10,0,0.1,36,24,0,1,2,4,2,4,1,10,10,0
90,85,10,0,0.1,36,24,0,1,2,4,2,4,1,10,10,0
95,85,10,0,0.1,36,24,0,1,2,4,2,4,1,10,10,0
100,85,10,0,0.1,36,24,0,1,2,4,2,4,1,10,10,0
5,90,10,0,0.1,36,24,0,1,2,4,2,4,1,10,10,0
10,90,10,0,0.1,36,24,0,1,2,4,2,4,1,10,10,0
15,90,10,0,0.1,36,24,0,1,2,4,2,4,1,10,10,0
20,90,10,0,0.1,36,24,0,1,2,4,2,4,1,10,10,0
25,90,10,0,0.1,36,24,0,1,2,4,2,4,1,10,10,0
30,90,10,0,0.1,36,24,0,1,2,4,2,4,1,10,10,0
35,90,10,0,0.1,36,24,0,1,2,4,2,4,1,10,10,0
40,90,10,0,0.1,36,24,0,1,2,4,2,4,1,10,10,0
45,90,10,0,0.1,36,24,0,1,2,4,2,4,1,10,10,0
50,90,10,0,0.1,36,24,0,1,2,4,2,4,1,10,10,0
55,90,10,0,0.1,36,24,0,1,2,4,2,4,1,10,10,0
60,90,10,0,0.1,36,24,0,1,2,4,2,4,1,10,10,0
65,90,10,0,0.1,36,24,0,1,2,4,2,4,1,10,10,0
70,90,10,0,0.1,36,24,0,1,2,4,2,4,1,10,10,0
75,90,10,0,0.1,36,24,0,1,2,4,2,4,1,10,10,0
80,90,10,0,0.1,36,24,0,1,2,4,2,4,1,10,10,0
85,90,10,0,0.1,36,24,0,1,2,4,2,4,1,10,10,0
90,90,10,0,0.1,36,24,0,1,2,4,2,4,1,10,10,0
95,90,10,0,0.1,36,24,0,1,2,4,2,4,1,10,10,0
100,90,10,0,0.1,36,24,0,1,2,4,2,4,1,10,10,0
5,95,10,0,0.1,36,24,0,1,2,4,2,4,1,10,10,0
10,95,10,0,0.1,36,24,0,1,2,4,2,4,1,10,10,0
15,95,10,0,0.1,36,24,0,1,2,4,2,4,1,10,10,0
20,95,10,0,0.1,36,24,0,1,2,4,2,4,1,10,10,0
25,95,10,0,0.1,36,24,0,1,2,4,2,4,1,10,10,0
30,95,10,0,0.1,36,24,0,1,2,4,2,4,1,10,10,0
35,95,10,0,0.1,36,24,0,1,2,4,2,4,1,10,10,0
40,95,10,0,0.1,36,24,0,1,2,4,2,4,1,10,10,0
45,95,10,0,0.1,36,24,0,1,2,4,2,4,1,10,10,0
50,95,10,0,0.1,36,24,0,1,2,4,2,4,1,10,10,0
55,95,10,0,0.1,36,24,0,1,2,4,2,4,1,10,10,0
60,95,10,0,0.1,36,24,0,1,2,4,2,4,1,10,10,0
65,95,10,0,0.1,36,24,0,1,2,4,2,4,1,10,10,0
70,95,10,0,0.1,36,24,0,1,2,4,2,4,1,10,10,0
75,95,10,0,0.1,36,24,0,1,2,4,2,4,1,10,10,0
80,95,10,0,0.1,36,24,0,1,2,4,2,4,1,10,10,0
85,95,10,0,0.1,36,24,0,1,2,4,2,4,1,10,10,0
90,95,10,0,0.1,36,24,0,1,2,4,2,4,1,10,10,0
95,95,10,0,0.1,36,24,0,1,2,4,2,4,1,10,10,0
100,95,10,0,0.1,36,24,0,1,2,4,2,4,1,10,10,0
5,100,10,0,0.1,36,24,0,1,2,4,2,4,1,10,10,0
10,100,10,0,0.1,36,24,0,1,2,4,2,4,1,10,10,0
15,100,10,0,0.1,36,24,0,1,2,4,2,4,1,10,10,0
20,100,10,0,0.1,36,24,0,1,2,4,2,4,1,10,10,0
25,100,10,0,0.1,36,24,0,1,2,4,2,4,1,10,10,0
30,100,10,0,0.1,36,24,0,1,2,4,2,4,1,10,10,0
35,100,10,0,0.1,36,24,0,1,2,4,2,4,1,10,10,0
40,100,10,0,0.1,36,24,0,1,2,4,2,4,1,10,10,0
45,100,10,0,0.1,36,24,0,1,2,4,2,4,1,10,10,0
50,100,10,0,0.1,36,24,0,1,2,4,2,4,1,10,10,0
55,100,10,0,0.1,36,24,0,1,2,4,2,4,1,10,10,0
60,100,10,0,0.1,36,24,0,1,2,4,2,4,1,10,10,0
65,100,10,0,0.1,36,24,0,1,2,4,2,4,1,10,10,0
70,100,10,0,0.1,36,24,0,1,2,4,2,4,1,10,10,0
75,100,10,0,0.1,36,24,0,1,2,4,2,4,1,10,10,0
80,100,10,0,0.1,36,24,0,1,2,4,2,4,1,10,10,0
85,100,10,0,0.1,36,24,0,1,2,4,2,4,1,10,10,0
90,100,10,0,0.1,36,24,0,1,2,4,2,4,1,10,10,0
95,100,10,0,0.1,36,24,0,1,2,4,2,4,1,10,10,0
100,100,10,0,0.1,36,24,0,1,2,4,2,4,1,10,10,0
5,5,12,0,0.1,36,24,0,1,2,4,2,4,1,10,10,0
10,5,12,0,0.1,36,24,0,1,2,4,2,4,1,10,10,0
15,5,12,0,0.1,36,24,0,1,2,4,2,4,1,10,10,0
20,5,12,0,0.1,36,24,0,1,2,4,2,4,1,10,10,0
25,5,12,0,0.1,36,24,0,1,2,4,2,4,1,10,10,0
30,5,12,0,0.1,36,24,0,1,2,4,2,4,1,10,10,0
35,5,12,0,0.1,36,24,0,1,2,4,2,4,1,10,10,0
40,5,12,0,0.1,36,24,0,1,2,4,2,4,1,10,10,0
45,5,12,0,0.1,36,24,0,1,2,4,2,4,1,10,10,0
50,5,12,0,0.1,36,24,0,1,2,4,2,4,1,10,10,0
55,5,12,0,0.1,36,24,0,1,2,4,2,4,1,10,10,0
60,5,12,0,0.1,36,24,0,1,2,4,2,4,1,10,10,0
65,5,12,0,0.1,36,24,0,1,2,4,2,4,1,10,10,0
70,5,12,0,0.1,36,24,0,1,2,4,2,4,1,10,10,0
75,5,12,0,0.1,36,24,0,1,2,4,2,4,1,10,10,0
80,5,12,0,0.1,36,24,0,1,2,4,2,4,1,10,10,0
85,5,12,0,0.1,36,24,0,1,2,4,2,4,1,10,10,0
90,5,12,0,0.1,36,24,0,1,2,4,2,4,1,10,10,0
95,5,12,0,0.1,36,24,0,1,2,4,2,4,1,10,10,0
100,5,12,0,0.1,36,24,0,1,2,4,2,4,1,10,10,0
5,10,12,0,0.1,36,24,0,1,2,4,2,4,1,10,10,0
10,10,12,0,0.1,36,24,0,1,2,4,2,4,1,10,10,0
15,10,12,0,0.1,36,24,0,1,2,4,2,4,1,10,10,0
20,10,12,0,0.1,36,24,0,1,2,4,2,4,1,10,10,0
25,10,12,0,0.1,36,24,0,1,2,4,2,4,1,10,10,0
30,10,12,0,0.1,36,24,0,1,2,4,2,4,1,10,10,0
35,10,12,0,0.1,36,24,0,1,2,4,2,4,1,10,10,0
40,10,12,0,0.1,36,24,0,1,2,4,2,4,1,10,10,0
45,10,12,0,0.1,36,24,0,1,2,4,2,4,1,10,10,0
50,10,12,0,0.1,36,24,0,1,2,4,2,4,1,10,10,0
55,10,12,0,0.1,36,24,0,1,2,4,2,4,1,10,10,0
60,10,12,0,0.1,36,24,0,1,2,4,2,4,1,10,10,0
65,10,12,0,0.1,36,24,0,1,2,4,2,4,1,10,10,0
70,10,12,0,0.1,36,24,0,1,2,4,2,4,1,10,10,0
75,10,12,0,0.1,36,24,0,1,2,4,2,4,1,10,10,0
80,10,12,0,0.1,36,24,0,1,2,4,2,4,1,10,10,0
85,10,12,0,0.1,36,24,0,1,2,4,2,4,1,10,10,0
90,10,12,0,0.1,36,24,0,1,2,4,2,4,1,10,10,0
95,10,12,0,0.1,36,24,0,1,2,4,2,4,1,10,10,0
100,10,12,0,0.1,36,24,0,1,2,4,2,4,1,10,10,0
5,15,12,0,0.1,36,24,0,1,2,4,2,4,1,10,10,0
10,15,12,0,0.1,36,24,0,1,2,4,2,4,1,10,10,0
15,15,12,0,0.1,36,24,0,1,2,4,2,4,1,10,10,0
20,15,12,0,0.1,36,24,0,1,2,4,2,4,1,10,10,0
25,15,12,0,0.1,36,24,0,1,2,4,2,4,1,10,10,0
30,15,12,0,0.1,36,24,0,1,2,4,2,4,1,10,10,0
35,15,12,0,0.1,36,24,0,1,2,4,2,4,1,10,10,0
40,15,12,0,0.1,36,24,0,1,2,4,2,4,1,10,10,0
45,15,12,0,0.1,36,24,0,1,2,4,2,4,1,10,10,0
50,15,12,0,0.1,36,24,0,1,2,4,2,4,1,10,10,0
55,15,12,0,0.1,36,24,0,1,2,4,2,4,1,10,10,0
60,15,12,0,0.1,36,24,0,1,2,4,2,4,1,10,10,0
65,15,12,0,0.1,36,24,0,1,2,4,2,4,1,10,10,0
70,15,12,0,0.1,36,24,0,1,2,4,2,4,1,10,10,0
75,15,12,0,0.1,36,24,0,1,2,4,2,4,1,10,10,0
80,15,12,0,0.1,36,24,0,1,2,4,2,4,1,10,10,0
85,15,12,0,0.1,36,24,0,1,2,4,2,4,1,10,10,0
90,15,12,0,0.1,36,24,0,1,2,4,2,4,1,10,10,0
95,15,12,0,0.1,36,24,0,1,2,4,2,4,1,10,10,0
100,15,12,0,0.1,36,24,0,1,2,4,2,4,1,10,10,0
5,20,12,0,0.1,36,24,0,1,2,4,2,4,1,10,10,0
10,20,12,0,0.1,36,24,0,1,2,4,2,4,1,10,10,0
15,20,12,0,0.1,36,24,0,1,2,4,2,4,1,10,10,0
20,20,12,0,0.1,36,24,0,1,2,4,2,4,1,10,10,0
25,20,12,0,0.1,36,24,0,1,2,4,2,4,1,10,10,0
30,20,12,0,0.1,36,24,0,1,2,4,2,4,1,10,10,0
35,20,12,0,0.1,36,24,0,1,2,4,2,4,1,10,10,0
40,20,12,0,0.1,36,24,0,1,2,4,2,4,1,10,10,0
45,20,12,0,0.1,36,24,0,1,2,4,2,4,1,10,10,0
50,20,12,0,0.1,36,24,0,1,2,4,2,4,1,10,10,0
55,20,12,0,0.1,36,24,0,1,2,4,2,4,1,10,10,0
60,20,12,0,0.1,36,24,0,1,2,4,2,4,1,10,10,0
65,20,12,0,0.1,36,24,0,1,2,4,2,4,1,10,10,0
70,20,12,0,0.1,36,24,0,1,2,4,2,4,1,10,10,0
75,20,12,0,0.1,36,24,0,1,2,4,2,4,1,10,10,0
80,20,12,0,0.1,36,24,0,1,2,4,2,4,1,10,10,0
85,20,12,0,0.1,36,24,0,1,2,4,2,4,1,10,10,0
90,20,12,0,0.1,36,24,0,1,2,4,2,4,1,10,10,0
95,20,12,0,0.1,36,24,0,1,2,4,2,4,1,10,10,0
100,20,12,0,0.1,36,24,0,1,2,4,2,4,1,10,10,0
5,25,12,0,0.1,36,24,0,1,2,4,2,4,1,10,10,0
10,25,12,0,0.1,36,24,0,1,2,4,2,4,1,10,10,0
15,25,12,0,0.1,36,24,0,1,2,4,2,4,1,10,10,0
20,25,12,0,0.1,36,24,0,1,2,4,2,4,1,10,10,0
25,25,12,0,0.1,36,24,0,1,2,4,2,4,1,10,10,0
30,25,12,0,0.1,36,24,0,1,2,4,2,4,1,10,10,0
35,25,12,0,0.1,36,24,0,1,2,4,2,4,1,10,10,0
40,25,12,0,0.1,36,24,0,1,2,4,2,4,1,10,10,0
45,25,12,0,0.1,36,24,0,1,2,4,2,4,1,10,10,0
50,25,12,0,0.1,36,24,0,1,2,4,2,4,1,10,10,0
55,25,12,0,0.1,36,24,0,1,2,4,2,4,1,10,10,0
60,25,12,0,0.1,36,24,0,1,2,4,2,4,1,10,10,0
65,25,12,0,0.1,36,24,0,1,2,4,2,4,1,10,10,0
70,25,12,0,0.1,36,24,0,1,2,4,2,4,1,10,10,0
75,25,12,0,0.1,36,24,0,1,2,4,2,4,1,10,10,0
80,25,12,0,0.1,36,24,0,1,2,4,2,4,1,10,10,0
85,25,12,0,0.1,36,24,0,1,2,4,2,4,1,10,10,0
90,25,12,0,0.1,36,24,0,1,2,4,2,4,1,10,10,0
95,25,12,0,0.1,36,24,0,1,2,4,2,4,1,10,10,0
100,25,12,0,0.1,36,24,0,1,2,4,2,4,1,10,10,0
5,30,12,0,0.1,36,24,0,1,2,4,2,4,1,10,10,0
10,30,12,0,0.1,36,24,0,1,2,4,2,4,1,10,10,0
15,30,12,0,0.1,36,24,0,1,2,4,2,4,1,10,10,0
20,30,12,0,0.1,36,24,0,1,2,4,2,4,1,10,10,0
25,30,12,0,0.1,36,24,0,1,2,4,2,4,1,10,10,0
30,30,12,0,0.1,36,24,0,1,2,4,2,4,1,10,10,0
35,30,12,0,0.1,36,24,0,1,2,4,2,4,1,10,10,0
40,30,12,0,0.1,36,24,0,1,2,4,2,4,1,10,10,0
45,30,12,0,0.1,36,24,0,1,2,4,2,4,1,10,10,0
50,30,12,0,0.1,36,24,0,1,2,4,2,4,1,10,10,0
55,30,12,0,0.1,36,24,0,1,2,4,2,4,1,10,10,0
60,30,12,0,0.1,36,24,0,1,2,4,2,4,1,10,10,0
65,30,12,0,0.1,36,24,0,1,2,4,2,4,1,10,10,0
70,30,12,0,0.1,36,24,0,1,2,4,2,4,1,10,10,0
75,30,12,0,0.1,36,24,0,1,2,4,2,4,1,10,10,0
80,30,12,0,0.1,36,24,0,1,2,4,2,4,1,10,10,0
85,30,12,0,0.1,36,24,0,1,2,4,2,4,1,10,10,0
90,30,12,0,0.1,36,24,0,1,2,4,2,4,1,10,10,0
95,30,12,0,0.1,36,24,0,1,2,4,2,4,1,10,10,0
100,30,12,0,0.1,36,24,0,1,2,4,2,4,1,10,10,0
5,35,12,0,0.1,36,24,0,1,2,4,2,4,1,10,10,0
10,35,12,0,0.1,36,24,0,1,2,4,2,4,1,10,10,0
15,35,12,0,0.1,36,24,0,1,2,4,2,4,1,10,10,0
20,35,12,0,0.1,36,24,0,1,2,4,2,4,1,10,10,0
25,35,12,0,0.1,36,24,0,1,2,4,2,4,1,10,10,0
30,35,12,0,0.1,36,24,0,1,2,4,2,4,1,10,10,0
35,35,12,0,0.1,36,24,0,1,2,4,2,4,1,10,10,0
40,35,12,0,0.1,36,24,0,1,2,4,2,4,1,10,10,0
45,35,12,0,0.1,36,24,0,1,2,4,2,4,1,10,10,0
50,35,12,0,0.1,36,24,0,1,2,4,2,4,1,10,10,0
55,35,12,0,0.1,36,24,0,1,2,4,2,4,1,10,10,0
60,35,12,0,0.1,36,24,0,1,2,4,2,4,1,10,10,0
65,35,12,0,0.1,36,24,0,1,2,4,2,4,1,10,10,0
70,35,12,0,0.1,36,24,0,1,2,4,2,4,1,10,10,0
75,35,12,0,0.1,36,24,0,1,2,4,2,4,1,10,10,0
80,35,12,0,0.1,36,24,0,1,2,4,2,4,1,10,10,0
85,35,12,0,0.1,36,24,0,1,2,4,2,4,1,10,10,0
90,35,12,0,0.1,36,24,0,1,2,4,2,4,1,10,10,0
95,35,12,0,0.1,36,24,0,1,2,4,2,4,1,10,10,0
100,35,12,0,0.1,36,24,0,1,2,4,2,4,1,10,10,0
5,40,12,0,0.1,36,24,0,1,2,4,2,4,1,10,10,0
10,40,12,0,0.1,36,24,0,1,2,4,2,4,1,10,10,0
15,40,12,0,0.1,36,24,0,1,2,4,2,4,1,10,10,0
20,40,12,0,0.1,36,24,0,1,2,4,2,4,1,10,10,0
25,40,12,0,0.1,36,24,0,1,2,4,2,4,1,10,10,0
30,40,12,0,0.1,36,24,0,1,2,4,2,4,1,10,10,0
35,40,12,0,0.1,36,24,0,1,2,4,2,4,1,10,10,0
40,40,12,0,0.1,36,24,0,1,2,4,2,4,1,10,10,0
45,40,12,0,0.1,36,24,0,1,2,4,2,4,1,10,10,0
50,40,12,0,0.1,36,24,0,1,2,4,2,4,1,10,10,0
55,40,12,0,0.1,36,24,0,1,2,4,2,4,1,10,10,0
60,40,12,0,0.1,36,24,0,1,2,4,2,4,1,10,10,0
65,40,12,0,0.1,36,24,0,1,2,4,2,4,1,10,10,0
70,40,12,0,0.1,36,24,0,1,2,4,2,4,1,10,10,0
75,40,12,0,0.1,36,24,0,1,2,4,2,4,1,10,10,0
80,40,12,0,0.1,36,24,0,1,2,4,2,4,1,10,10,0
85,40,12,0,0.1,36,24,0,1,2,4,2,4,1,10,10,0
90,40,12,0,0.1,36,24,0,1,2,4,2,4,1,10,10,0
95,40,12,0,0.1,36,24,0,1,2,4,2,4,1,10,10,0
100,40,12,0,0.1,36,24,0,1,2,4,2,4,1,10,10,0
5,45,12,0,0.1,36,24,0,1,2,4,2,4,1,10,10,0
10,45,12,0,0.1,36,24,0,1,2,4,2,4,1,10,10,0
15,45,12,0,0.1,36,24,0,1,2,4,2,4,1,10,10,0
20,45,12,0,0.1,36,24,0,1,2,4,2,4,1,10,10,0
25,45,12,0,0.1,36,24,0,1,2,4,2,4,1,10,10,0
30,45,12,0,0.1,36,24,0,1,2,4,2,4,1,10,10,0
35,45,12,0,0.1,36,24,0,1,2,4,2,4,1,10,10,0
40,45,12,0,0.1,36,24,0,1,2,4,2,4,1,10,10,0
45,45,12,0,0.1,36,24,0,1,2,4,2,4,1,10,10,0
50,45,12,0,0.1,36,24,0,1,2,4,2,4,1,10,10,0
55,45,12,0,0.1,36,24,0,1,2,4,2,4,1,10,10,0
60,45,12,0,0.1,36,24,0,1,2,4,2,4,1,10,10,0
65,45,12,0,0.1,36,24,0,1,2,4,2,4,1,10,10,0
70,45,12,0,0.1,36,24,0,1,2,4,2,4,1,10,10,0
75,45,12,0,0.1,36,24,0,1,2,4,2,4,1,10,10,0
80,45,12,0,0.1,36,24,0,1,2,4,2,4,1,10,10,0
85,45,12,0,0.1,36,24,0,1,2,4,2,4,1,10,10,0
90,45,12,0,0.1,36,24,0,1,2,4,2,4,1,10,10,0
95,45,12,0,0.1,36,24,0,1,2,4,2,4,1,10,10,0
100,45,12,0,0.1,36,24,0,1,2,4,2,4,1,10,10,0
5,50,12,0,0.1,36,24,0,1,2,4,2,4,1,10,10,0
10,50,12,0,0.1,36,24,0,1,2,4,2,4,1,10,10,0
15,50,12,0,0.1,36,24,0,1,2,4,2,4,1,10,10,0
20,50,12,0,0.1,36,24,0,1,2,4,2,4,1,10,10,0
25,50,12,0,0.1,36,24,0,1,2,4,2,4,1,10,10,0
30,50,12,0,0.1,36,24,0,1,2,4,2,4,1,10,10,0
35,50,12,0,0.1,36,24,0,1,2,4,2,4,1,10,10,0
40,50,12,0,0.1,36,24,0,1,2,4,2,4,1,10,10,0
45,50,12,0,0.1,36,24,0,1,2,4,2,4,1,10,10,0
50,50,12,0,0.1,36,24,0,1,2,4,2,4,1,10,10,0
55,50,12,0,0.1,36,24,0,1,2,4,2,4,1,10,10,0
60,50,12,0,0.1,36,24,0,1,2,4,2,4,1,10,10,0
65,50,12,0,0.1,36,24,0,1,2,4,2,4,1,10,10,0
70,50,12,0,0.1,36,24,0,1,2,4,2,4,1,10,10,0
75,50,12,0,0.1,36,24,0,1,2,4,2,4,1,10,10,0
80,50,12,0,0.1,36,24,0,1,2,4,2,4,1,10,10,0
85,50,12,0,0.1,36,24,0,1,2,4,2,4,1,10,10,0
90,50,12,0,0.1,36,24,0,1,2,4,2,4,1,10,10,0
95,50,12,0,0.1,36,24,0,1,2,4,2,4,1,10,10,0
100,50,12,0,0.1,36,24,0,1,2,4,2,4,1,10,10,0
5,55,12,0,0.1,36,24,0,1,2,4,2,4,1,10,10,0
10,55,12,0,0.1,36,24,0,1,2,4,2,4,1,10,10,0
15,55,12,0,0.1,36,24,0,1,2,4,2,4,1,10,10,0
20,55,12,0,0.1,36,24,0,1,2,4,2,4,1,10,10,0
25,55,12,0,0.1,36,24,0,1,2,4,2,4,1,10,10,0
30,55,12,0,0.1,36,24,0,1,2,4,2,4,1,10,10,0
35,55,12,0,0.1,36,24,0,1,2,4,2,4,1,10,10,0
40,55,12,0,0.1,36,24,0,1,2,4,2,4,1,10,10,0
45,55,12,0,0.1,36,24,0,1,2,4,2,4,1,10,10,0
50,55,12,0,0.1,36,24,0,1,2,4,2,4,1,10,10,0
55,55,12,0,0.1,36,24,0,1,2,4,2,4,1,10,10,0
60,55,12,0,0.1,36,24,0,1,2,4,2,4,1,10,10,0
65,55,12,0,0.1,36,24,0,1,2,4,2,4,1,10,10,0
70,55,12,0,0.1,36,24,0,1,2,4,2,4,1,10,10,0
75,55,12,0,0.1,36,24,0,1,2,4,2,4,1,10,10,0
80,55,12,0,0.1,36,24,0,1,2,4,2,4,1,10,10,0
85,55,12,0,0.1,36,24,0,1,2,4,2,4,1,10,10,0
90,55,12,0,0.1,36,24,0,1,2,4,2,4,1,10,10,0
95,55,12,0,0.1,36,24,0,1,2,4,2,4,1,10,10,0
100,55,12,0,0.1,36,24,0,1,2,4,2,4,1,10,10,0
5,60,12,0,0.1,36,24,0,1,2,4,2,4,1,10,10,0
10,60,12,0,0.1,36,24,0,1,2,4,2,4,1,10,10,0
15,60,12,0,0.1,36,24,0,1,2,4,2,4,1,10,10,0
20,60,12,0,0.1,36,24,0,1,2,4,2,4,1,10,10,0
25,60,12,0,0.1,36,24,0,1,2,4,2,4,1,10,10,0
30,60,12,0,0.1,36,24,0,1,2,4,2,4,1,10,10,0
35,60,12,0,0.1,36,24,0,1,2,4,2,4,1,10,10,0
40,60,12,0,0.1,36,24,0,1,2,4,2,4,1,10,10,0
45,60,12,0,0.1,36,24,0,1,2,4,2,4,1,10,10,0
50,60,12,0,0.1,36,24,0,1,2,4,2,4,1,10,10,0
55,60,12,0,0.1,36,24,0,1,2,4,2,4,1,10,10,0
60,60,12,0,0.1,36,24,0,1,2,4,2,4,1,10,10,0
65,60,12,0,0.1,36,24,0,1,2,4,2,4,1,10,10,0
70,60,12,0,0.1,36,24,0,1,2,4,2,4,1,10,10,0
75,60,12,0,0.1,36,24,0,1,2,4,2,4,1,10,10,0
80,60,12,0,0.1,36,24,0,1,2,4,2,4,1,10,10,0
85,60,12,0,0.1,36,24,0,1,2,4,2,4,1,10,10,0
90,60,12,0,0.1,36,24,0,1,2,4,2,4,1,10,10,0
95,60,12,0,0.1,36,24,0,1,2,4,2,4,1,10,10,0
100,60,12,0,0.1,36,24,0,1,2,4,2,4,1,10,10,0
5,65,12,0,0.1,36,24,0,1,2,4,2,4,1,10,10,0
10,65,12,0,0.1,36,24,0,1,2,4,2,4,1,10,10,0
15,65,12,0,0.1,36,24,0,1,2,4,2,4,1,10,10,0
20,65,12,0,0.1,36,24,0,1,2,4,2,4,1,10,10,0
25,65,12,0,0.1,36,24,0,1,2,4,2,4,1,10,10,0
30,65,12,0,0.1,36,24,0,1,2,4,2,4,1,10,10,0
35,65,12,0,0.1,36,24,0,1,2,4,2,4,1,10,10,0
40,65,12,0,0.1,36,24,0,1,2,4,2,4,1,10,10,0
45,65,12,0,0.1,36,24,0,1,2,4,2,4,1,10,10,0
50,65,12,0,0.1,36,24,0,1,2,4,2,4,1,10,10,0
55,65,12,0,0.1,36,24,0,1,2,4,2,4,1,10,10,0
60,65,12,0,0.1,36,24,0,1,2,4,2,4,1,10,10,0
65,65,12,0,0.1,36,24,0,1,2,4,2,4,1,10,10,0
70,65,12,0,0.1,36,24,0,1,2,4,2,4,1,10,10,0
75,65,12,0,0.1,36,24,0,1,2,4,2,4,1,10,10,0
80,65,12,0,0.1,36,24,0,1,2,4,2,4,1,10,10,0
85,65,12,0,0.1,36,24,0,1,2,4,2,4,1,10,10,0
90,65,12,0,0.1,36,24,0,1,2,4,2,4,1,10,10,0
95,65,12,0,0.1,36,24,0,1,2,4,2,4,1,10,10,0
100,65,12,0,0.1,36,24,0,1,2,4,2,4,1,10,10,0
5,70,12,0,0.1,36,24,0,1,2,4,2,4,1,10,10,0
10,70,12,0,0.1,36,24,0,1,2,4,2,4,1,10,10,0
15,70,12,0,0.1,36,24,0,1,2,4,2,4,1,10,10,0
20,70,12,0,0.1,36,24,0,1,2,4,2,4,1,10,10,0
25,70,12,0,0.1,36,24,0,1,2,4,2,4,1,10,10,0
30,70,12,0,0.1,36,24,0,1,2,4,2,4,1,10,10,0
35,70,12,0,0.1,36,24,0,1,2,4,2,4,1,10,10,0
40,70,12,0,0.1,36,24,0,1,2,4,2,4,1,10,10,0
45,70,12,0,0.1,36,24,0,1,2,4,2,4,1,10,10,0
50,70,12,0,0.1,36,24,0,1,2,4,2,4,1,10,10,0
55,70,12,0,0.1,36,24,0,1,2,4,2,4,1,10,10,0
60,70,12,0,0.1,36,24,0,1,2,4,2,4,1,10,10,0
65,70,12,0,0.1,36,24,0,1,2,4,2,4,1,10,10,0
70,70,12,0,0.1,36,24,0,1,2,4,2,4,1,10,10,0
75,70,12,0,0.1,36,24,0,1,2,4,2,4,1,10,10,0
80,70,12,0,0.1,36,24,0,1,2,4,2,4,1,10,10,0
85,70,12,0,0.1,36,24,0,1,2,4,2,4,1,10,10,0
90,70,12,0,0.1,36,24,0,1,2,4,2,4,1,10,10,0
95,70,12,0,0.1,36,24,0,1,2,4,2,4,1,10,10,0
100,70,12,0,0.1,36,24,0,1,2,4,2,4,1,10,10,0
5,75,12,0,0.1,36,24,0,1,2,4,2,4,1,10,10,0
10,75,12,0,0.1,36,24,0,1,2,4,2,4,1,10,10,0
15,75,12,0,0.1,36,24,0,1,2,4,2,4,1,10,10,0
20,75,12,0,0.1,36,24,0,1,2,4,2,4,1,10,10,0
25,75,12,0,0.1,36,24,0,1,2,4,2,4,1,10,10,0
30,75,12,0,0.1,36,24,0,1,2,4,2,4,1,10,10,0
35,75,12,0,0.1,36,24,0,1,2,4,2,4,1,10,10,0
40,75,12,0,0.1,36,24,0,1,2,4,2,4,1,10,10,0
45,75,12,0,0.1,36,24,0,1,2,4,2,4,1,10,10,0
50,75,12,0,0.1,36,24,0,1,2,4,2,4,1,10,10,0
55,75,12,0,0.1,36,24,0,1,2,4,2,4,1,10,10,0
60,75,12,0,0.1,36,24,0,1,2,4,2,4,1,10,10,0
65,75,12,0,0.1,36,24,0,1,2,4,2,4,1,10,10,0
70,75,12,0,0.1,36,24,0,1,2,4,2,4,1,10,10,0
75,75,12,0,0.1,36,24,0,1,2,4,2,4,1,10,10,0
80,75,12,0,0.1,36,24,0,1,2,4,2,4,1,10,10,0
85,75,12,0,0.1,36,24,0,1,2,4,2,4,1,10,10,0
90,75,12,0,0.1,36,24,0,1,2,4,2,4,1,10,10,0
95,75,12,0,0.1,36,24,0,1,2,4,2,4,1,10,10,0
100,75,12,0,0.1,36,24,0,1,2,4,2,4,1,10,10,0
5,80,12,0,0.1,36,24,0,1,2,4,2,4,1,10,10,0
10,80,12,0,0.1,36,24,0,1,2,4,2,4,1,10,10,0
15,80,12,0,0.1,36,24,0,1,2,4,2,4,1,10,10,0
20,80,12,0,0.1,36,24,0,1,2,4,2,4,1,10,10,0
25,80,12,0,0.1,36,24,0,1,2,4,2,4,1,10,10,0
30,80,12,0,0.1,36,24,0,1,2,4,2,4,1,10,10,0
35,80,12,0,0.1,36,24,0,1,2,4,2,4,1,10,10,0
40,80,12,0,0.1,36,24,0,1,2,4,2,4,1,10,10,0
45,80,12,0,0.1,36,24,0,1,2,4,2,4,1,10,10,0
50,80,12,0,0.1,36,24,0,1,2,4,2,4,1,10,10,0
55,80,12,0,0.1,36,24,0,1,2,4,2,4,1,10,10,0
60,80,12,0,0.1,36,24,0,1,2,4,2,4,1,10,10,0
65,80,12,0,0.1,36,24,0,1,2,4,2,4,1,10,10,0
70,80,12,0,0.1,36,24,0,1,2,4,2,4,1,10,10,0
75,80,12,0,0.1,36,24,0,1,2,4,2,4,1,10,10,0
80,80,12,0,0.1,36,24,0,1,2,4,2,4,1,10,10,0
85,80,12,0,0.1,36,24,0,1,2,4,2,4,1,10,10,0
90,80,12,0,0.1,36,24,0,1,2,4,2,4,1,10,10,0
95,80,12,0,0.1,36,24,0,1,2,4,2,4,1,10,10,0
100,80,12,0,0.1,36,24,0,1,2,4,2,4,1,10,10,0
5,85,12,0,0.1,36,24,0,1,2,4,2,4,1,10,10,0
10,85,12,0,0.1,36,24,0,1,2,4,2,4,1,10,10,0
15,85,12,0,0.1,36,24,0,1,2,4,2,4,1,10,10,0
20,85,12,0,0.1,36,24,0,1,2,4,2,4,1,10,10,0
25,85,12,0,0.1,36,24,0,1,2,4,2,4,1,10,10,0
30,85,12,0,0.1,36,24,0,1,2,4,2,4,1,10,10,0
35,85,12,0,0.1,36,24,0,1,2,4,2,4,1,10,10,0
40,85,12,0,0.1,36,24,0,1,2,4,2,4,1,10,10,0
45,85,12,0,0.1,36,24,0,1,2,4,2,4,1,10,10,0
50,85,12,0,0.1,36,24,0,1,2,4,2,4,1,10,10,0
55,85,12,0,0.1,36,24,0,1,2,4,2,4,1,10,10,0
60,85,12,0,0.1,36,24,0,1,2,4,2,4,1,10,10,0
65,85,12,0,0.1,36,24,0,1,2,4,2,4,1,10,10,0
70,85,12,0,0.1,36,24,0,1,2,4,2,4,1,10,10,0
75,85,12,0,0.1,36,24,0,1,2,4,2,4,1,10,10,0
80,85,12,0,0.1,36,24,0,1,2,4,2,4,1,10,10,0
85,85,12,0,0.1,36,24,0,1,2,4,2,4,1,10,10,0
90,85,12,0,0.1,36,24,0,1,2,4,2,4,1,10,10,0
95,85,12,0,0.1,36,24,0,1,2,4,2,4,1,10,10,0
100,85,12,0,0.1,36,24,0,1,2,4,2,4,1,10,10,0
5,90,12,0,0.1,36,24,0,1,2,4,2,4,1,10,10,0
10,90,12,0,0.1,36,24,0,1,2,4,2,4,1,10,10,0
15,90,12,0,0.1,36,24,0,1,2,4,2,4,1,10,10,0
20,90,12,0,0.1,36,24,0,1,2,4,2,4,1,10,10,0
25,90,12,0,0.1,36,24,0,1,2,4,2,4,1,10,10,0
30,90,12,0,0.1,36,24,0,1,2,4,2,4,1,10,10,0
35,90,12,0,0.1,36,24,0,1,2,4,2,4,1,10,10,0
40,90,12,0,0.1,36,24,0,1,2,4,2,4,1,10,10,0
45,90,12,0,0.1,36,24,0,1,2,4,2,4,1,10,10,0
50,90,12,0,0.1,36,24,0,1,2,4,2,4,1,10,10,0
55,90,12,0,0.1,36,24,0,1,2,4,2,4,1,10,10,0
60,90,12,0,0.1,36,24,0,1,2,4,2,4,1,10,10,0
65,90,12,0,0.1,36,24,0,1,2,4,2,4,1,10,10,0
70,90,12,0,0.1,36,24,0,1,2,4,2,4,1,10,10,0
75,90,12,0,0.1,36,24,0,1,2,4,2,4,1,10,10,0
80,90,12,0,0.1,36,24,0,1,2,4,2,4,1,10,10,0
85,90,12,0,0.1,36,24,0,1,2,4,2,4,1,10,10,0
90,90,12,0,0.1,36,24,0,1,2,4,2,4,1,10,10,0
95,90,12,0,0.1,36,24,0,1,2,4,2,4,1,10,10,0
100,90,12,0,0.1,36,24,0,1,2,4,2,4,1,10,10,0
5,95,12,0,0.1,36,24,0,1,2,4,2,4,1,10,10,0
10,95,12,0,0.1,36,24,0,1,2,4,2,4,1,10,10,0
15,95,12,0,0.1,36,24,0,1,2,4,2,4,1,10,10,0
20,95,12,0,0.1,36,24,0,1,2,4,2,4,1,10,10,0
25,95,12,0,0.1,36,24,0,1,2,4,2,4,1,10,10,0
30,95,12,0,0.1,36,24,0,1,2,4,2,4,1,10,10,0
35,95,12,0,0.1,36,24,0,1,2,4,2,4,1,10,10,0
40,95,12,0,0.1,36,24,0,1,2,4,2,4,1,10,10,0
45,95,12,0,0.1,36,24,0,1,2,4,2,4,1,10,10,0
50,95,12,0,0.1,36,24,0,1,2,4,2,4,1,10,10,0
55,95,12,0,0.1,36,24,0,1,2,4,2,4,1,10,10,0
60,95,12,0,0.1,36,24,0,1,2,4,2,4,1,10,10,0
65,95,12,0,0.1,36,24,0,1,2,4,2,4,1,10,10,0
70,95,12,0,0.1,36,24,0,1,2,4,2,4,1,10,10,0
75,95,12,0,0.1,36,24,0,1,2,4,2,4,1,10,10,0
80,95,12,0,0.1,36,24,0,1,2,4,2,4,1,10,10,0
85,95,12,0,0.1,36,24,0,1,2,4,2,4,1,10,10,0
90,95,12,0,0.1,36,24,0,1,2,4,2,4,1,10,10,0
95,95,12,0,0.1,36,24,0,1,2,4,2,4,1,10,10,0
100,95,12,0,0.1,36,24,0,1,2,4,2,4,1,10,10,0
5,100,12,0,0.1,36,24,0,1,2,4,2,4,1,10,10,0
10,100,12,0,0.1,36,24,0,1,2,4,2,4,1,10,10,0
15,100,12,0,0.1,36,24,0,1,2,4,2,4,1,10,10,0
20,100,12,0,0.1,36,24,0,1,2,4,2,4,1,10,10,0
25,100,12,0,0.1,36,24,0,1,2,4,2,4,1,10,10,0
30,100,12,0,0.1,36,24,0,1,2,4,2,4,1,10,10,0
35,100,12,0,0.1,36,24,0,1,2,4,2,4,1,10,10,0
40,100,12,0,0.1,36,24,0,1,2,4,2,4,1,10,10,0
45,100,12,0,0.1,36,24,0,1,2,4,2,4,1,10,10,0
50,100,12,0,0.1,36,24,0,1,2,4,2,4,1,10,10,0
55,100,12,0,0.1,36,24,0,1,2,4,2,4,1,10,10,0
60,100,12,0,0.1,36,24,0,1,2,4,2,4,1,10,10,0
65,100,12,0,0.1,36,24,0,1,2,4,2,4,1,10,10,0
70,100,12,0,0.1,36,24,0,1,2,4,2,4,1,10,10,0
75,100,12,0,0.1,36,24,0,1,2,4,2,4,1,10,10,0
80,100,12,0,0.1,36,24,0,1,2,4,2,4,1,10,10,0
85,100,12,0,0.1,36,24,0,1,2,4,2,4,1,10,10,0
90,100,12,0,0.1,36,24,0,1,2,4,2,4,1,10,10,0
95,100,12,0,0.1,36,24,0,1,2,4,2,4,1,10,10,0
100,100,12,0,0.1,36,24,0,1,2,4,2,4,1,10,10,0
5,5,14,0,0.1,36,24,0,1,2,4,2,4,1,10,10,0
10,5,14,0,0.1,36,24,0,1,2,4,2,4,1,10,10,0
15,5,14,0,0.1,36,24,0,1,2,4,2,4,1,10,10,0
20,5,14,0,0.1,36,24,0,1,2,4,2,4,1,10,10,0
25,5,14,0,0.1,36,24,0,1,2,4,2,4,1,10,10,0
30,5,14,0,0.1,36,24,0,1,2,4,2,4,1,10,10,0
35,5,14,0,0.1,36,24,0,1,2,4,2,4,1,10,10,0
40,5,14,0,0.1,36,24,0,1,2,4,2,4,1,10,10,0
45,5,14,0,0.1,36,24,0,1,2,4,2,4,1,10,10,0
50,5,14,0,0.1,36,24,0,1,2,4,2,4,1,10,10,0
55,5,14,0,0.1,36,24,0,1,2,4,2,4,1,10,10,0
60,5,14,0,0.1,36,24,0,1,2,4,2,4,1,10,10,0
65,5,14,0,0.1,36,24,0,1,2,4,2,4,1,10,10,0
70,5,14,0,0.1,36,24,0,1,2,4,2,4,1,10,10,0
75,5,14,0,0.1,36,24,0,1,2,4,2,4,1,10,10,0
80,5,14,0,0.1,36,24,0,1,2,4,2,4,1,10,10,0
85,5,14,0,0.1,36,24,0,1,2,4,2,4,1,10,10,0
90,5,14,0,0.1,36,24,0,1,2,4,2,4,1,10,10,0
95,5,14,0,0.1,36,24,0,1,2,4,2,4,1,10,10,0
100,5,14,0,0.1,36,24,0,1,2,4,2,4,1,10,10,0
5,10,14,0,0.1,36,24,0,1,2,4,2,4,1,10,10,0
10,10,14,0,0.1,36,24,0,1,2,4,2,4,1,10,10,0
15,10,14,0,0.1,36,24,0,1,2,4,2,4,1,10,10,0
20,10,14,0,0.1,36,24,0,1,2,4,2,4,1,10,10,0
25,10,14,0,0.1,36,24,0,1,2,4,2,4,1,10,10,0
30,10,14,0,0.1,36,24,0,1,2,4,2,4,1,10,10,0
35,10,14,0,0.1,36,24,0,1,2,4,2,4,1,10,10,0
40,10,14,0,0.1,36,24,0,1,2,4,2,4,1,10,10,0
45,10,14,0,0.1,36,24,0,1,2,4,2,4,1,10,10,0
50,10,14,0,0.1,36,24,0,1,2,4,2,4,1,10,10,0
55,10,14,0,0.1,36,24,0,1,2,4,2,4,1,10,10,0
60,10,14,0,0.1,36,24,0,1,2,4,2,4,1,10,10,0
65,10,14,0,0.1,36,24,0,1,2,4,2,4,1,10,10,0
70,10,14,0,0.1,36,24,0,1,2,4,2,4,1,10,10,0
75,10,14,0,0.1,36,24,0,1,2,4,2,4,1,10,10,0
80,10,14,0,0.1,36,24,0,1,2,4,2,4,1,10,10,0
85,10,14,0,0.1,36,24,0,1,2,4,2,4,1,10,10,0
90,10,14,0,0.1,36,24,0,1,2,4,2,4,1,10,10,0
95,10,14,0,0.1,36,24,0,1,2,4,2,4,1,10,10,0
100,10,14,0,0.1,36,24,0,1,2,4,2,4,1,10,10,0
5,15,14,0,0.1,36,24,0,1,2,4,2,4,1,10,10,0
10,15,14,0,0.1,36,24,0,1,2,4,2,4,1,10,10,0
15,15,14,0,0.1,36,24,0,1,2,4,2,4,1,10,10,0
20,15,14,0,0.1,36,24,0,1,2,4,2,4,1,10,10,0
25,15,14,0,0.1,36,24,0,1,2,4,2,4,1,10,10,0
30,15,14,0,0.1,36,24,0,1,2,4,2,4,1,10,10,0
35,15,14,0,0.1,36,24,0,1,2,4,2,4,1,10,10,0
40,15,14,0,0.1,36,24,0,1,2,4,2,4,1,10,10,0
45,15,14,0,0.1,36,24,0,1,2,4,2,4,1,10,10,0
50,15,14,0,0.1,36,24,0,1,2,4,2,4,1,10,10,0
55,15,14,0,0.1,36,24,0,1,2,4,2,4,1,10,10,0
60,15,14,0,0.1,36,24,0,1,2,4,2,4,1,10,10,0
65,15,14,0,0.1,36,24,0,1,2,4,2,4,1,10,10,0
70,15,14,0,0.1,36,24,0,1,2,4,2,4,1,10,10,0
75,15,14,0,0.1,36,24,0,1,2,4,2,4,1,10,10,0
80,15,14,0,0.1,36,24,0,1,2,4,2,4,1,10,10,0
85,15,14,0,0.1,36,24,0,1,2,4,2,4,1,10,10,0
90,15,14,0,0.1,36,24,0,1,2,4,2,4,1,10,10,0
95,15,14,0,0.1,36,24,0,1,2,4,2,4,1,10,10,0
100,15,14,0,0.1,36,24,0,1,2,4,2,4,1,10,10,0
5,20,14,0,0.1,36,24,0,1,2,4,2,4,1,10,10,0
10,20,14,0,0.1,36,24,0,1,2,4,2,4,1,10,10,0
15,20,14,0,0.1,36,24,0,1,2,4,2,4,1,10,10,0
20,20,14,0,0.1,36,24,0,1,2,4,2,4,1,10,10,0
25,20,14,0,0.1,36,24,0,1,2,4,2,4,1,10,10,0
30,20,14,0,0.1,36,24,0,1,2,4,2,4,1,10,10,0
35,20,14,0,0.1,36,24,0,1,2,4,2,4,1,10,10,0
40,20,14,0,0.1,36,24,0,1,2,4,2,4,1,10,10,0
45,20,14,0,0.1,36,24,0,1,2,4,2,4,1,10,10,0
50,20,14,0,0.1,36,24,0,1,2,4,2,4,1,10,10,0
55,20,14,0,0.1,36,24,0,1,2,4,2,4,1,10,10,0
60,20,14,0,0.1,36,24,0,1,2,4,2,4,1,10,10,0
65,20,14,0,0.1,36,24,0,1,2,4,2,4,1,10,10,0
70,20,14,0,0.1,36,24,0,1,2,4,2,4,1,10,10,0
75,20,14,0,0.1,36,24,0,1,2,4,2,4,1,10,10,0
80,20,14,0,0.1,36,24,0,1,2,4,2,4,1,10,10,0
85,20,14,0,0.1,36,24,0,1,2,4,2,4,1,10,10,0
90,20,14,0,0.1,36,24,0,1,2,4,2,4,1,10,10,0
95,20,14,0,0.1,36,24,0,1,2,4,2,4,1,10,10,0
100,20,14,0,0.1,36,24,0,1,2,4,2,4,1,10,10,0
5,25,14,0,0.1,36,24,0,1,2,4,2,4,1,10,10,0
10,25,14,0,0.1,36,24,0,1,2,4,2,4,1,10,10,0
15,25,14,0,0.1,36,24,0,1,2,4,2,4,1,10,10,0
20,25,14,0,0.1,36,24,0,1,2,4,2,4,1,10,10,0
25,25,14,0,0.1,36,24,0,1,2,4,2,4,1,10,10,0
30,25,14,0,0.1,36,24,0,1,2,4,2,4,1,10,10,0
35,25,14,0,0.1,36,24,0,1,2,4,2,4,1,10,10,0
40,25,14,0,0.1,36,24,0,1,2,4,2,4,1,10,10,0
45,25,14,0,0.1,36,24,0,1,2,4,2,4,1,10,10,0
50,25,14,0,0.1,36,24,0,1,2,4,2,4,1,10,10,0
55,25,14,0,0.1,36,24,0,1,2,4,2,4,1,10,10,0
60,25,14,0,0.1,36,24,0,1,2,4,2,4,1,10,10,0
65,25,14,0,0.1,36,24,0,1,2,4,2,4,1,10,10,0
70,25,14,0,0.1,36,24,0,1,2,4,2,4,1,10,10,0
75,25,14,0,0.1,36,24,0,1,2,4,2,4,1,10,10,0
80,25,14,0,0.1,36,24,0,1,2,4,2,4,1,10,10,0
85,25,14,0,0.1,36,24,0,1,2,4,2,4,1,10,10,0
90,25,14,0,0.1,36,24,0,1,2,4,2,4,1,10,10,0
95,25,14,0,0.1,36,24,0,1,2,4,2,4,1,10,10,0
100,25,14,0,0.1,36,24,0,1,2,4,2,4,1,10,10,0
5,30,14,0,0.1,36,24,0,1,2,4,2,4,1,10,10,0
10,30,14,0,0.1,36,24,0,1,2,4,2,4,1,10,10,0
15,30,14,0,0.1,36,24,0,1,2,4,2,4,1,10,10,0
20,30,14,0,0.1,36,24,0,1,2,4,2,4,1,10,10,0
25,30,14,0,0.1,36,24,0,1,2,4,2,4,1,10,10,0
30,30,14,0,0.1,36,24,0,1,2,4,2,4,1,10,10,0
35,30,14,0,0.1,36,24,0,1,2,4,2,4,1,10,10,0
40,30,14,0,0.1,36,24,0,1,2,4,2,4,1,10,10,0
45,30,14,0,0.1,36,24,0,1,2,4,2,4,1,10,10,0
50,30,14,0,0.1,36,24,0,1,2,4,2,4,1,10,10,0
55,30,14,0,0.1,36,24,0,1,2,4,2,4,1,10,10,0
60,30,14,0,0.1,36,24,0,1,2,4,2,4,1,10,10,0
65,30,14,0,0.1,36,24,0,1,2,4,2,4,1,10,10,0
70,30,14,0,0.1,36,24,0,1,2,4,2,4,1,10,10,0
75,30,14,0,0.1,36,24,0,1,2,4,2,4,1,10,10,0
80,30,14,0,0.1,36,24,0,1,2,4,2,4,1,10,10,0
85,30,14,0,0.1,36,24,0,1,2,4,2,4,1,10,10,0
90,30,14,0,0.1,36,24,0,1,2,4,2,4,1,10,10,0
95,30,14,0,0.1,36,24,0,1,2,4,2,4,1,10,10,0
100,30,14,0,0.1,36,24,0,1,2,4,2,4,1,10,10,0
5,35,14,0,0.1,36,24,0,1,2,4,2,4,1,10,10,0
10,35,14,0,0.1,36,24,0,1,2,4,2,4,1,10,10,0
15,35,14,0,0.1,36,24,0,1,2,4,2,4,1,10,10,0
20,35,14,0,0.1,36,24,0,1,2,4,2,4,1,10,10,0
25,35,14,0,0.1,36,24,0,1,2,4,2,4,1,10,10,0
30,35,14,0,0.1,36,24,0,1,2,4,2,4,1,10,10,0
35,35,14,0,0.1,36,24,0,1,2,4,2,4,1,10,10,0
40,35,14,0,0.1,36,24,0,1,2,4,2,4,1,10,10,0
45,35,14,0,0.1,36,24,0,1,2,4,2,4,1,10,10,0
50,35,14,0,0.1,36,24,0,1,2,4,2,4,1,10,10,0
55,35,14,0,0.1,36,24,0,1,2,4,2,4,1,10,10,0
60,35,14,0,0.1,36,24,0,1,2,4,2,4,1,10,10,0
65,35,14,0,0.1,36,24,0,1,2,4,2,4,1,10,10,0
70,35,14,0,0.1,36,24,0,1,2,4,2,4,1,10,10,0
75,35,14,0,0.1,36,24,0,1,2,4,2,4,1,10,10,0
80,35,14,0,0.1,36,24,0,1,2,4,2,4,1,10,10,0
85,35,14,0,0.1,36,24,0,1,2,4,2,4,1,10,10,0
90,35,14,0,0.1,36,24,0,1,2,4,2,4,1,10,10,0
95,35,14,0,0.1,36,24,0,1,2,4,2,4,1,10,10,0
100,35,14,0,0.1,36,24,0,1,2,4,2,4,1,10,10,0
5,40,14,0,0.1,36,24,0,1,2,4,2,4,1,10,10,0
10,40,14,0,0.1,36,24,0,1,2,4,2,4,1,10,10,0
15,40,14,0,0.1,36,24,0,1,2,4,2,4,1,10,10,0
20,40,14,0,0.1,36,24,0,1,2,4,2,4,1,10,10,0
25,40,14,0,0.1,36,24,0,1,2,4,2,4,1,10,10,0
30,40,14,0,0.1,36,24,0,1,2,4,2,4,1,10,10,0
35,40,14,0,0.1,36,24,0,1,2,4,2,4,1,10,10,0
40,40,14,0,0.1,36,24,0,1,2,4,2,4,1,10,10,0
45,40,14,0,0.1,36,24,0,1,2,4,2,4,1,10,10,0
50,40,14,0,0.1,36,24,0,1,2,4,2,4,1,10,10,0
55,40,14,0,0.1,36,24,0,1,2,4,2,4,1,10,10,0
60,40,14,0,0.1,36,24,0,1,2,4,2,4,1,10,10,0
65,40,14,0,0.1,36,24,0,1,2,4,2,4,1,10,10,0
70,40,14,0,0.1,36,24,0,1,2,4,2,4,1,10,10,0
75,40,14,0,0.1,36,24,0,1,2,4,2,4,1,10,10,0
80,40,14,0,0.1,36,24,0,1,2,4,2,4,1,10,10,0
85,40,14,0,0.1,36,24,0,1,2,4,2,4,1,10,10,0
90,40,14,0,0.1,36,24,0,1,2,4,2,4,1,10,10,0
95,40,14,0,0.1,36,24,0,1,2,4,2,4,1,10,10,0
100,40,14,0,0.1,36,24,0,1,2,4,2,4,1,10,10,0
5,45,14,0,0.1,36,24,0,1,2,4,2,4,1,10,10,0
10,45,14,0,0.1,36,24,0,1,2,4,2,4,1,10,10,0
15,45,14,0,0.1,36,24,0,1,2,4,2,4,1,10,10,0
20,45,14,0,0.1,36,24,0,1,2,4,2,4,1,10,10,0
25,45,14,0,0.1,36,24,0,1,2,4,2,4,1,10,10,0
30,45,14,0,0.1,36,24,0,1,2,4,2,4,1,10,10,0
35,45,14,0,0.1,36,24,0,1,2,4,2,4,1,10,10,0
40,45,14,0,0.1,36,24,0,1,2,4,2,4,1,10,10,0
45,45,14,0,0.1,36,24,0,1,2,4,2,4,1,10,10,0
50,45,14,0,0.1,36,24,0,1,2,4,2,4,1,10,10,0
55,45,14,0,0.1,36,24,0,1,2,4,2,4,1,10,10,0
60,45,14,0,0.1,36,24,0,1,2,4,2,4,1,10,10,0
65,45,14,0,0.1,36,24,0,1,2,4,2,4,1,10,10,0
70,45,14,0,0.1,36,24,0,1,2,4,2,4,1,10,10,0
75,45,14,0,0.1,36,24,0,1,2,4,2,4,1,10,10,0
80,45,14,0,0.1,36,24,0,1,2,4,2,4,1,10,10,0
85,45,14,0,0.1,36,24,0,1,2,4,2,4,1,10,10,0
90,45,14,0,0.1,36,24,0,1,2,4,2,4,1,10,10,0
95,45,14,0,0.1,36,24,0,1,2,4,2,4,1,10,10,0
100,45,14,0,0.1,36,24,0,1,2,4,2,4,1,10,10,0
5,50,14,0,0.1,36,24,0,1,2,4,2,4,1,10,10,0
10,50,14,0,0.1,36,24,0,1,2,4,2,4,1,10,10,0
15,50,14,0,0.1,36,24,0,1,2,4,2,4,1,10,10,0
20,50,14,0,0.1,36,24,0,1,2,4,2,4,1,10,10,0
25,50,14,0,0.1,36,24,0,1,2,4,2,4,1,10,10,0
30,50,14,0,0.1,36,24,0,1,2,4,2,4,1,10,10,0
35,50,14,0,0.1,36,24,0,1,2,4,2,4,1,10,10,0
40,50,14,0,0.1,36,24,0,1,2,4,2,4,1,10,10,0
45,50,14,0,0.1,36,24,0,1,2,4,2,4,1,10,10,0
50,50,14,0,0.1,36,24,0,1,2,4,2,4,1,10,10,0
55,50,14,0,0.1,36,24,0,1,2,4,2,4,1,10,10,0
60,50,14,0,0.1,36,24,0,1,2,4,2,4,1,10,10,0
65,50,14,0,0.1,36,24,0,1,2,4,2,4,1,10,10,0
70,50,14,0,0.1,36,24,0,1,2,4,2,4,1,10,10,0
75,50,14,0,0.1,36,24,0,1,2,4,2,4,1,10,10,0
80,50,14,0,0.1,36,24,0,1,2,4,2,4,1,10,10,0
85,50,14,0,0.1,36,24,0,1,2,4,2,4,1,10,10,0
90,50,14,0,0.1,36,24,0,1,2,4,2,4,1,10,10,0
95,50,14,0,0.1,36,24,0,1,2,4,2,4,1,10,10,0
100,50,14,0,0.1,36,24,0,1,2,4,2,4,1,10,10,0
5,55,14,0,0.1,36,24,0,1,2,4,2,4,1,10,10,0
10,55,14,0,0.1,36,24,0,1,2,4,2,4,1,10,10,0
15,55,14,0,0.1,36,24,0,1,2,4,2,4,1,10,10,0
20,55,14,0,0.1,36,24,0,1,2,4,2,4,1,10,10,0
25,55,14,0,0.1,36,24,0,1,2,4,2,4,1,10,10,0
30,55,14,0,0.1,36,24,0,1,2,4,2,4,1,10,10,0
35,55,14,0,0.1,36,24,0,1,2,4,2,4,1,10,10,0
40,55,14,0,0.1,36,24,0,1,2,4,2,4,1,10,10,0
45,55,14,0,0.1,36,24,0,1,2,4,2,4,1,10,10,0
50,55,14,0,0.1,36,24,0,1,2,4,2,4,1,10,10,0
55,55,14,0,0.1,36,24,0,1,2,4,2,4,1,10,10,0
60,55,14,0,0.1,36,24,0,1,2,4,2,4,1,10,10,0
65,55,14,0,0.1,36,24,0,1,2,4,2,4,1,10,10,0
70,55,14,0,0.1,36,24,0,1,2,4,2,4,1,10,10,0
75,55,14,0,0.1,36,24,0,1,2,4,2,4,1,10,10,0
80,55,14,0,0.1,36,24,0,1,2,4,2,4,1,10,10,0
85,55,14,0,0.1,36,24,0,1,2,4,2,4,1,10,10,0
90,55,14,0,0.1,36,24,0,1,2,4,2,4,1,10,10,0
95,55,14,0,0.1,36,24,0,1,2,4,2,4,1,10,10,0
100,55,14,0,0.1,36,24,0,1,2,4,2,4,1,10,10,0
5,60,14,0,0.1,36,24,0,1,2,4,2,4,1,10,10,0
10,60,14,0,0.1,36,24,0,1,2,4,2,4,1,10,10,0
15,60,14,0,0.1,36,24,0,1,2,4,2,4,1,10,10,0
20,60,14,0,0.1,36,24,0,1,2,4,2,4,1,10,10,0
25,60,14,0,0.1,36,24,0,1,2,4,2,4,1,10,10,0
30,60,14,0,0.1,36,24,0,1,2,4,2,4,1,10,10,0
35,60,14,0,0.1,36,24,0,1,2,4,2,4,1,10,10,0
40,60,14,0,0.1,36,24,0,1,2,4,2,4,1,10,10,0
45,60,14,0,0.1,36,24,0,1,2,4,2,4,1,10,10,0
50,60,14,0,0.1,36,24,0,1,2,4,2,4,1,10,10,0
55,60,14,0,0.1,36,24,0,1,2,4,2,4,1,10,10,0
60,60,14,0,0.1,36,24,0,1,2,4,2,4,1,10,10,0
65,60,14,0,0.1,36,24,0,1,2,4,2,4,1,10,10,0
70,60,14,0,0.1,36,24,0,1,2,4,2,4,1,10,10,0
75,60,14,0,0.1,36,24,0,1,2,4,2,4,1,10,10,0
80,60,14,0,0.1,36,24,0,1,2,4,2,4,1,10,10,0
85,60,14,0,0.1,36,24,0,1,2,4,2,4,1,10,10,0
90,60,14,0,0.1,36,24,0,1,2,4,2,4,1,10,10,0
95,60,14,0,0.1,36,24,0,1,2,4,2,4,1,10,10,0
100,60,14,0,0.1,36,24,0,1,2,4,2,4,1,10,10,0
5,65,14,0,0.1,36,24,0,1,2,4,2,4,1,10,10,0
10,65,14,0,0.1,36,24,0,1,2,4,2,4,1,10,10,0
15,65,14,0,0.1,36,24,0,1,2,4,2,4,1,10,10,0
20,65,14,0,0.1,36,24,0,1,2,4,2,4,1,10,10,0
25,65,14,0,0.1,36,24,0,1,2,4,2,4,1,10,10,0
30,65,14,0,0.1,36,24,0,1,2,4,2,4,1,10,10,0
35,65,14,0,0.1,36,24,0,1,2,4,2,4,1,10,10,0
40,65,14,0,0.1,36,24,0,1,2,4,2,4,1,10,10,0
45,65,14,0,0.1,36,24,0,1,2,4,2,4,1,10,10,0
50,65,14,0,0.1,36,24,0,1,2,4,2,4,1,10,10,0
55,65,14,0,0.1,36,24,0,1,2,4,2,4,1,10,10,0
60,65,14,0,0.1,36,24,0,1,2,4,2,4,1,10,10,0
65,65,14,0,0.1,36,24,0,1,2,4,2,4,1,10,10,0
70,65,14,0,0.1,36,24,0,1,2,4,2,4,1,10,10,0
75,65,14,0,0.1,36,24,0,1,2,4,2,4,1,10,10,0
80,65,14,0,0.1,36,24,0,1,2,4,2,4,1,10,10,0
85,65,14,0,0.1,36,24,0,1,2,4,2,4,1,10,10,0
90,65,14,0,0.1,36,24,0,1,2,4,2,4,1,10,10,0
95,65,14,0,0.1,36,24,0,1,2,4,2,4,1,10,10,0
100,65,14,0,0.1,36,24,0,1,2,4,2,4,1,10,10,0
5,70,14,0,0.1,36,24,0,1,2,4,2,4,1,10,10,0
10,70,14,0,0.1,36,24,0,1,2,4,2,4,1,10,10,0
15,70,14,0,0.1,36,24,0,1,2,4,2,4,1,10,10,0
20,70,14,0,0.1,36,24,0,1,2,4,2,4,1,10,10,0
25,70,14,0,0.1,36,24,0,1,2,4,2,4,1,10,10,0
30,70,14,0,0.1,36,24,0,1,2,4,2,4,1,10,10,0
35,70,14,0,0.1,36,24,0,1,2,4,2,4,1,10,10,0
40,70,14,0,0.1,36,24,0,1,2,4,2,4,1,10,10,0
45,70,14,0,0.1,36,24,0,1,2,4,2,4,1,10,10,0
50,70,14,0,0.1,36,24,0,1,2,4,2,4,1,10,10,0
55,70,14,0,0.1,36,24,0,1,2,4,2,4,1,10,10,0
60,70,14,0,0.1,36,24,0,1,2,4,2,4,1,10,10,0
65,70,14,0,0.1,36,24,0,1,2,4,2,4,1,10,10,0
70,70,14,0,0.1,36,24,0,1,2,4,2,4,1,10,10,0
75,70,14,0,0.1,36,24,0,1,2,4,2,4,1,10,10,0
80,70,14,0,0.1,36,24,0,1,2,4,2,4,1,10,10,0
85,70,14,0,0.1,36,24,0,1,2,4,2,4,1,10,10,0
90,70,14,0,0.1,36,24,0,1,2,4,2,4,1,10,10,0
95,70,14,0,0.1,36,24,0,1,2,4,2,4,1,10,10,0
100,70,14,0,0.1,36,24,0,1,2,4,2,4,1,10,10,0
5,75,14,0,0.1,36,24,0,1,2,4,2,4,1,10,10,0
10,75,14,0,0.1,36,24,0,1,2,4,2,4,1,10,10,0
15,75,14,0,0.1,36,24,0,1,2,4,2,4,1,10,10,0
20,75,14,0,0.1,36,24,0,1,2,4,2,4,1,10,10,0
25,75,14,0,0.1,36,24,0,1,2,4,2,4,1,10,10,0
30,75,14,0,0.1,36,24,0,1,2,4,2,4,1,10,10,0
35,75,14,0,0.1,36,24,0,1,2,4,2,4,1,10,10,0
40,75,14,0,0.1,36,24,0,1,2,4,2,4,1,10,10,0
45,75,14,0,0.1,36,24,0,1,2,4,2,4,1,10,10,0
50,75,14,0,0.1,36,24,0,1,2,4,2,4,1,10,10,0
55,75,14,0,0.1,36,24,0,1,2,4,2,4,1,10,10,0
60,75,14,0,0.1,36,24,0,1,2,4,2,4,1,10,10,0
65,75,14,0,0.1,36,24,0,1,2,4,2,4,1,10,10,0
70,75,14,0,0.1,36,24,0,1,2,4,2,4,1,10,10,0
75,75,14,0,0.1,36,24,0,1,2,4,2,4,1,10,10,0
80,75,14,0,0.1,36,24,0,1,2,4,2,4,1,10,10,0
85,75,14,0,0.1,36,24,0,1,2,4,2,4,1,10,10,0
90,75,14,0,0.1,36,24,0,1,2,4,2,4,1,10,10,0
95,75,14,0,0.1,36,24,0,1,2,4,2,4,1,10,10,0
100,75,14,0,0.1,36,24,0,1,2,4,2,4,1,10,10,0
5,80,14,0,0.1,36,24,0,1,2,4,2,4,1,10,10,0
10,80,14,0,0.1,36,24,0,1,2,4,2,4,1,10,10,0
15,80,14,0,0.1,36,24,0,1,2,4,2,4,1,10,10,0
20,80,14,0,0.1,36,24,0,1,2,4,2,4,1,10,10,0
25,80,14,0,0.1,36,24,0,1,2,4,2,4,1,10,10,0
30,80,14,0,0.1,36,24,0,1,2,4,2,4,1,10,10,0
35,80,14,0,0.1,36,24,0,1,2,4,2,4,1,10,10,0
40,80,14,0,0.1,36,24,0,1,2,4,2,4,1,10,10,0
45,80,14,0,0.1,36,24,0,1,2,4,2,4,1,10,10,0
50,80,14,0,0.1,36,24,0,1,2,4,2,4,1,10,10,0
55,80,14,0,0.1,36,24,0,1,2,4,2,4,1,10,10,0
60,80,14,0,0.1,36,24,0,1,2,4,2,4,1,10,10,0
65,80,14,0,0.1,36,24,0,1,2,4,2,4,1,10,10,0
70,80,14,0,0.1,36,24,0,1,2,4,2,4,1,10,10,0
75,80,14,0,0.1,36,24,0,1,2,4,2,4,1,10,10,0
80,80,14,0,0.1,36,24,0,1,2,4,2,4,1,10,10,0
85,80,14,0,0.1,36,24,0,1,2,4,2,4,1,10,10,0
90,80,14,0,0.1,36,24,0,1,2,4,2,4,1,10,10,0
95,80,14,0,0.1,36,24,0,1,2,4,2,4,1,10,10,0
100,80,14,0,0.1,36,24,0,1,2,4,2,4,1,10,10,0
5,85,14,0,0.1,36,24,0,1,2,4,2,4,1,10,10,0
10,85,14,0,0.1,36,24,0,1,2,4,2,4,1,10,10,0
15,85,14,0,0.1,36,24,0,1,2,4,2,4,1,10,10,0
20,85,14,0,0.1,36,24,0,1,2,4,2,4,1,10,10,0
25,85,14,0,0.1,36,24,0,1,2,4,2,4,1,10,10,0
30,85,14,0,0.1,36,24,0,1,2,4,2,4,1,10,10,0
35,85,14,0,0.1,36,24,0,1,2,4,2,4,1,10,10,0
40,85,14,0,0.1,36,24,0,1,2,4,2,4,1,10,10,0
45,85,14,0,0.1,36,24,0,1,2,4,2,4,1,10,10,0
50,85,14,0,0.1,36,24,0,1,2,4,2,4,1,10,10,0
55,85,14,0,0.1,36,24,0,1,2,4,2,4,1,10,10,0
60,85,14,0,0.1,36,24,0,1,2,4,2,4,1,10,10,0
65,85,14,0,0.1,36,24,0,1,2,4,2,4,1,10,10,0
70,85,14,0,0.1,36,24,0,1,2,4,2,4,1,10,10,0
75,85,14,0,0.1,36,24,0,1,2,4,2,4,1,10,10,0
80,85,14,0,0.1,36,24,0,1,2,4,2,4,1,10,10,0
85,85,14,0,0.1,36,24,0,1,2,4,2,4,1,10,10,0
90,85,14,0,0.1,36,24,0,1,2,4,2,4,1,10,10,0
95,85,14,0,0.1,36,24,0,1,2,4,2,4,1,10,10,0
100,85,14,0,0.1,36,24,0,1,2,4,2,4,1,10,10,0
5,90,14,0,0.1,36,24,0,1,2,4,2,4,1,10,10,0
10,90,14,0,0.1,36,24,0,1,2,4,2,4,1,10,10,0
15,90,14,0,0.1,36,24,0,1,2,4,2,4,1,10,10,0
20,90,14,0,0.1,36,24,0,1,2,4,2,4,1,10,10,0
25,90,14,0,0.1,36,24,0,1,2,4,2,4,1,10,10,0
30,90,14,0,0.1,36,24,0,1,2,4,2,4,1,10,10,0
35,90,14,0,0.1,36,24,0,1,2,4,2,4,1,10,10,0
40,90,14,0,0.1,36,24,0,1,2,4,2,4,1,10,10,0
45,90,14,0,0.1,36,24,0,1,2,4,2,4,1,10,10,0
50,90,14,0,0.1,36,24,0,1,2,4,2,4,1,10,10,0
55,90,14,0,0.1,36,24,0,1,2,4,2,4,1,10,10,0
60,90,14,0,0.1,36,24,0,1,2,4,2,4,1,10,10,0
65,90,14,0,0.1,36,24,0,1,2,4,2,4,1,10,10,0
70,90,14,0,0.1,36,24,0,1,2,4,2,4,1,10,10,0
75,90,14,0,0.1,36,24,0,1,2,4,2,4,1,10,10,0
80,90,14,0,0.1,36,24,0,1,2,4,2,4,1,10,10,0
85,90,14,0,0.1,36,24,0,1,2,4,2,4,1,10,10,0
90,90,14,0,0.1,36,24,0,1,2,4,2,4,1,10,10,0
95,90,14,0,0.1,36,24,0,1,2,4,2,4,1,10,10,0
100,90,14,0,0.1,36,24,0,1,2,4,2,4,1,10,10,0
5,95,14,0,0.1,36,24,0,1,2,4,2,4,1,10,10,0
10,95,14,0,0.1,36,24,0,1,2,4,2,4,1,10,10,0
15,95,14,0,0.1,36,24,0,1,2,4,2,4,1,10,10,0
20,95,14,0,0.1,36,24,0,1,2,4,2,4,1,10,10,0
25,95,14,0,0.1,36,24,0,1,2,4,2,4,1,10,10,0
30,95,14,0,0.1,36,24,0,1,2,4,2,4,1,10,10,0
35,95,14,0,0.1,36,24,0,1,2,4,2,4,1,10,10,0
40,95,14,0,0.1,36,24,0,1,2,4,2,4,1,10,10,0
45,95,14,0,0.1,36,24,0,1,2,4,2,4,1,10,10,0
50,95,14,0,0.1,36,24,0,1,2,4,2,4,1,10,10,0
55,95,14,0,0.1,36,24,0,1,2,4,2,4,1,10,10,0
60,95,14,0,0.1,36,24,0,1,2,4,2,4,1,10,10,0
65,95,14,0,0.1,36,24,0,1,2,4,2,4,1,10,10,0
70,95,14,0,0.1,36,24,0,1,2,4,2,4,1,10,10,0
75,95,14,0,0.1,36,24,0,1,2,4,2,4,1,10,10,0
80,95,14,0,0.1,36,24,0,1,2,4,2,4,1,10,10,0
85,95,14,0,0.1,36,24,0,1,2,4,2,4,1,10,10,0
90,95,14,0,0.1,36,24,0,1,2,4,2,4,1,10,10,0
95,95,14,0,0.1,36,24,0,1,2,4,2,4,1,10,10,0
100,95,14,0,0.1,36,24,0,1,2,4,2,4,1,10,10,0
5,100,14,0,0.1,36,24,0,1,2,4,2,4,1,10,10,0
10,100,14,0,0.1,36,24,0,1,2,4,2,4,1,10,10,0
15,100,14,0,0.1,36,24,0,1,2,4,2,4,1,10,10,0
20,100,14,0,0.1,36,24,0,1,2,4,2,4,1,10,10,0
25,100,14,0,0.1,36,24,0,1,2,4,2,4,1,10,10,0
30,100,14,0,0.1,36,24,0,1,2,4,2,4,1,10,10,0
35,100,14,0,0.1,36,24,0,1,2,4,2,4,1,10,10,0
40,100,14,0,0.1,36,24,0,1,2,4,2,4,1,10,10,0
45,100,14,0,0.1,36,24,0,1,2,4,2,4,1,10,10,0
50,100,14,0,0.1,36,24,0,1,2,4,2,4,1,10,10,0
55,100,14,0,0.1,36,24,0,1,2,4,2,4,1,10,10,0
60,100,14,0,0.1,36,24,0,1,2,4,2,4,1,10,10,0
65,100,14,0,0.1,36,24,0,1,2,4,2,4,1,10,10,0
70,100,14,0,0.1,36,24,0,1,2,4,2,4,1,10,10,0
75,100,14,0,0.1,36,24,0,1,2,4,2,4,1,10,10,0
80,100,14,0,0.1,36,24,0,1,2,4,2,4,1,10,10,0
85,100,14,0,0.1,36,24,0,1,2,4,2,4,1,10,10,0
90,100,14,0,0.1,36,24,0,1,2,4,2,4,1,10,10,0
95,100,14,0,0.1,36,24,0,1,2,4,2,4,1,10,10,0
100,100,14,0,0.1,36,24,0,1,2,4,2,4,1,10,10,0
5,5,16,0,0.1,36,24,0,1,2,4,2,4,1,10,10,0
10,5,16,0,0.1,36,24,0,1,2,4,2,4,1,10,10,0
15,5,16,0,0.1,36,24,0,1,2,4,2,4,1,10,10,0
20,5,16,0,0.1,36,24,0,1,2,4,2,4,1,10,10,0
25,5,16,0,0.1,36,24,0,1,2,4,2,4,1,10,10,0
30,5,16,0,0.1,36,24,0,1,2,4,2,4,1,10,10,0
35,5,16,0,0.1,36,24,0,1,2,4,2,4,1,10,10,0
40,5,16,0,0.1,36,24,0,1,2,4,2,4,1,10,10,0
45,5,16,0,0.1,36,24,0,1,2,4,2,4,1,10,10,0
50,5,16,0,0.1,36,24,0,1,2,4,2,4,1,10,10,0
55,5,16,0,0.1,36,24,0,1,2,4,2,4,1,10,10,0
60,5,16,0,0.1,36,24,0,1,2,4,2,4,1,10,10,0
65,5,16,0,0.1,36,24,0,1,2,4,2,4,1,10,10,0
70,5,16,0,0.1,36,24,0,1,2,4,2,4,1,10,10,0
75,5,16,0,0.1,36,24,0,1,2,4,2,4,1,10,10,0
80,5,16,0,0.1,36,24,0,1,2,4,2,4,1,10,10,0
85,5,16,0,0.1,36,24,0,1,2,4,2,4,1,10,10,0
90,5,16,0,0.1,36,24,0,1,2,4,2,4,1,10,10,0
95,5,16,0,0.1,36,24,0,1,2,4,2,4,1,10,10,0
100,5,16,0,0.1,36,24,0,1,2,4,2,4,1,10,10,0
5,10,16,0,0.1,36,24,0,1,2,4,2,4,1,10,10,0
10,10,16,0,0.1,36,24,0,1,2,4,2,4,1,10,10,0
15,10,16,0,0.1,36,24,0,1,2,4,2,4,1,10,10,0
20,10,16,0,0.1,36,24,0,1,2,4,2,4,1,10,10,0
25,10,16,0,0.1,36,24,0,1,2,4,2,4,1,10,10,0
30,10,16,0,0.1,36,24,0,1,2,4,2,4,1,10,10,0
35,10,16,0,0.1,36,24,0,1,2,4,2,4,1,10,10,0
40,10,16,0,0.1,36,24,0,1,2,4,2,4,1,10,10,0
45,10,16,0,0.1,36,24,0,1,2,4,2,4,1,10,10,0
50,10,16,0,0.1,36,24,0,1,2,4,2,4,1,10,10,0
55,10,16,0,0.1,36,24,0,1,2,4,2,4,1,10,10,0
60,10,16,0,0.1,36,24,0,1,2,4,2,4,1,10,10,0
65,10,16,0,0.1,36,24,0,1,2,4,2,4,1,10,10,0
70,10,16,0,0.1,36,24,0,1,2,4,2,4,1,10,10,0
75,10,16,0,0.1,36,24,0,1,2,4,2,4,1,10,10,0
80,10,16,0,0.1,36,24,0,1,2,4,2,4,1,10,10,0
85,10,16,0,0.1,36,24,0,1,2,4,2,4,1,10,10,0
90,10,16,0,0.1,36,24,0,1,2,4,2,4,1,10,10,0
95,10,16,0,0.1,36,24,0,1,2,4,2,4,1,10,10,0
100,10,16,0,0.1,36,24,0,1,2,4,2,4,1,10,10,0
5,15,16,0,0.1,36,24,0,1,2,4,2,4,1,10,10,0
10,15,16,0,0.1,36,24,0,1,2,4,2,4,1,10,10,0
15,15,16,0,0.1,36,24,0,1,2,4,2,4,1,10,10,0
20,15,16,0,0.1,36,24,0,1,2,4,2,4,1,10,10,0
25,15,16,0,0.1,36,24,0,1,2,4,2,4,1,10,10,0
30,15,16,0,0.1,36,24,0,1,2,4,2,4,1,10,10,0
35,15,16,0,0.1,36,24,0,1,2,4,2,4,1,10,10,0
40,15,16,0,0.1,36,24,0,1,2,4,2,4,1,10,10,0
45,15,16,0,0.1,36,24,0,1,2,4,2,4,1,10,10,0
50,15,16,0,0.1,36,24,0,1,2,4,2,4,1,10,10,0
55,15,16,0,0.1,36,24,0,1,2,4,2,4,1,10,10,0
60,15,16,0,0.1,36,24,0,1,2,4,2,4,1,10,10,0
65,15,16,0,0.1,36,24,0,1,2,4,2,4,1,10,10,0
70,15,16,0,0.1,36,24,0,1,2,4,2,4,1,10,10,0
75,15,16,0,0.1,36,24,0,1,2,4,2,4,1,10,10,0
80,15,16,0,0.1,36,24,0,1,2,4,2,4,1,10,10,0
85,15,16,0,0.1,36,24,0,1,2,4,2,4,1,10,10,0
90,15,16,0,0.1,36,24,0,1,2,4,2,4,1,10,10,0
95,15,16,0,0.1,36,24,0,1,2,4,2,4,1,10,10,0
100,15,16,0,0.1,36,24,0,1,2,4,2,4,1,10,10,0
5,20,16,0,0.1,36,24,0,1,2,4,2,4,1,10,10,0
10,20,16,0,0.1,36,24,0,1,2,4,2,4,1,10,10,0
15,20,16,0,0.1,36,24,0,1,2,4,2,4,1,10,10,0
20,20,16,0,0.1,36,24,0,1,2,4,2,4,1,10,10,0
25,20,16,0,0.1,36,24,0,1,2,4,2,4,1,10,10,0
30,20,16,0,0.1,36,24,0,1,2,4,2,4,1,10,10,0
35,20,16,0,0.1,36,24,0,1,2,4,2,4,1,10,10,0
40,20,16,0,0.1,36,24,0,1,2,4,2,4,1,10,10,0
45,20,16,0,0.1,36,24,0,1,2,4,2,4,1,10,10,0
50,20,16,0,0.1,36,24,0,1,2,4,2,4,1,10,10,0
55,20,16,0,0.1,36,24,0,1,2,4,2,4,1,10,10,0
60,20,16,0,0.1,36,24,0,1,2,4,2,4,1,10,10,0
65,20,16,0,0.1,36,24,0,1,2,4,2,4,1,10,10,0
70,20,16,0,0.1,36,24,0,1,2,4,2,4,1,10,10,0
75,20,16,0,0.1,36,24,0,1,2,4,2,4,1,10,10,0
80,20,16,0,0.1,36,24,0,1,2,4,2,4,1,10,10,0
85,20,16,0,0.1,36,24,0,1,2,4,2,4,1,10,10,0
90,20,16,0,0.1,36,24,0,1,2,4,2,4,1,10,10,0
95,20,16,0,0.1,36,24,0,1,2,4,2,4,1,10,10,0
100,20,16,0,0.1,36,24,0,1,2,4,2,4,1,10,10,0
5,25,16,0,0.1,36,24,0,1,2,4,2,4,1,10,10,0
10,25,16,0,0.1,36,24,0,1,2,4,2,4,1,10,10,0
15,25,16,0,0.1,36,24,0,1,2,4,2,4,1,10,10,0
20,25,16,0,0.1,36,24,0,1,2,4,2,4,1,10,10,0
25,25,16,0,0.1,36,24,0,1,2,4,2,4,1,10,10,0
30,25,16,0,0.1,36,24,0,1,2,4,2,4,1,10,10,0
35,25,16,0,0.1,36,24,0,1,2,4,2,4,1,10,10,0
40,25,16,0,0.1,36,24,0,1,2,4,2,4,1,10,10,0
45,25,16,0,0.1,36,24,0,1,2,4,2,4,1,10,10,0
50,25,16,0,0.1,36,24,0,1,2,4,2,4,1,10,10,0
55,25,16,0,0.1,36,24,0,1,2,4,2,4,1,10,10,0
60,25,16,0,0.1,36,24,0,1,2,4,2,4,1,10,10,0
65,25,16,0,0.1,36,24,0,1,2,4,2,4,1,10,10,0
70,25,16,0,0.1,36,24,0,1,2,4,2,4,1,10,10,0
75,25,16,0,0.1,36,24,0,1,2,4,2,4,1,10,10,0
80,25,16,0,0.1,36,24,0,1,2,4,2,4,1,10,10,0
85,25,16,0,0.1,36,24,0,1,2,4,2,4,1,10,10,0
90,25,16,0,0.1,36,24,0,1,2,4,2,4,1,10,10,0
95,25,16,0,0.1,36,24,0,1,2,4,2,4,1,10,10,0
100,25,16,0,0.1,36,24,0,1,2,4,2,4,1,10,10,0
5,30,16,0,0.1,36,24,0,1,2,4,2,4,1,10,10,0
10,30,16,0,0.1,36,24,0,1,2,4,2,4,1,10,10,0
15,30,16,0,0.1,36,24,0,1,2,4,2,4,1,10,10,0
20,30,16,0,0.1,36,24,0,1,2,4,2,4,1,10,10,0
25,30,16,0,0.1,36,24,0,1,2,4,2,4,1,10,10,0
30,30,16,0,0.1,36,24,0,1,2,4,2,4,1,10,10,0
35,30,16,0,0.1,36,24,0,1,2,4,2,4,1,10,10,0
40,30,16,0,0.1,36,24,0,1,2,4,2,4,1,10,10,0
45,30,16,0,0.1,36,24,0,1,2,4,2,4,1,10,10,0
50,30,16,0,0.1,36,24,0,1,2,4,2,4,1,10,10,0
55,30,16,0,0.1,36,24,0,1,2,4,2,4,1,10,10,0
60,30,16,0,0.1,36,24,0,1,2,4,2,4,1,10,10,0
65,30,16,0,0.1,36,24,0,1,2,4,2,4,1,10,10,0
70,30,16,0,0.1,36,24,0,1,2,4,2,4,1,10,10,0
75,30,16,0,0.1,36,24,0,1,2,4,2,4,1,10,10,0
80,30,16,0,0.1,36,24,0,1,2,4,2,4,1,10,10,0
85,30,16,0,0.1,36,24,0,1,2,4,2,4,1,10,10,0
90,30,16,0,0.1,36,24,0,1,2,4,2,4,1,10,10,0
95,30,16,0,0.1,36,24,0,1,2,4,2,4,1,10,10,0
100,30,16,0,0.1,36,24,0,1,2,4,2,4,1,10,10,0
5,35,16,0,0.1,36,24,0,1,2,4,2,4,1,10,10,0
10,35,16,0,0.1,36,24,0,1,2,4,2,4,1,10,10,0
15,35,16,0,0.1,36,24,0,1,2,4,2,4,1,10,10,0
20,35,16,0,0.1,36,24,0,1,2,4,2,4,1,10,10,0
25,35,16,0,0.1,36,24,0,1,2,4,2,4,1,10,10,0
30,35,16,0,0.1,36,24,0,1,2,4,2,4,1,10,10,0
35,35,16,0,0.1,36,24,0,1,2,4,2,4,1,10,10,0
40,35,16,0,0.1,36,24,0,1,2,4,2,4,1,10,10,0
45,35,16,0,0.1,36,24,0,1,2,4,2,4,1,10,10,0
50,35,16,0,0.1,36,24,0,1,2,4,2,4,1,10,10,0
55,35,16,0,0.1,36,24,0,1,2,4,2,4,1,10,10,0
60,35,16,0,0.1,36,24,0,1,2,4,2,4,1,10,10,0
65,35,16,0,0.1,36,24,0,1,2,4,2,4,1,10,10,0
70,35,16,0,0.1,36,24,0,1,2,4,2,4,1,10,10,0
75,35,16,0,0.1,36,24,0,1,2,4,2,4,1,10,10,0
80,35,16,0,0.1,36,24,0,1,2,4,2,4,1,10,10,0
85,35,16,0,0.1,36,24,0,1,2,4,2,4,1,10,10,0
90,35,16,0,0.1,36,24,0,1,2,4,2,4,1,10,10,0
95,35,16,0,0.1,36,24,0,1,2,4,2,4,1,10,10,0
100,35,16,0,0.1,36,24,0,1,2,4,2,4,1,10,10,0
5,40,16,0,0.1,36,24,0,1,2,4,2,4,1,10,10,0
10,40,16,0,0.1,36,24,0,1,2,4,2,4,1,10,10,0
15,40,16,0,0.1,36,24,0,1,2,4,2,4,1,10,10,0
20,40,16,0,0.1,36,24,0,1,2,4,2,4,1,10,10,0
25,40,16,0,0.1,36,24,0,1,2,4,2,4,1,10,10,0
30,40,16,0,0.1,36,24,0,1,2,4,2,4,1,10,10,0
35,40,16,0,0.1,36,24,0,1,2,4,2,4,1,10,10,0
40,40,16,0,0.1,36,24,0,1,2,4,2,4,1,10,10,0
45,40,16,0,0.1,36,24,0,1,2,4,2,4,1,10,10,0
50,40,16,0,0.1,36,24,0,1,2,4,2,4,1,10,10,0
55,40,16,0,0.1,36,24,0,1,2,4,2,4,1,10,10,0
60,40,16,0,0.1,36,24,0,1,2,4,2,4,1,10,10,0
65,40,16,0,0.1,36,24,0,1,2,4,2,4,1,10,10,0
70,40,16,0,0.1,36,24,0,1,2,4,2,4,1,10,10,0
75,40,16,0,0.1,36,24,0,1,2,4,2,4,1,10,10,0
80,40,16,0,0.1,36,24,0,1,2,4,2,4,1,10,10,0
85,40,16,0,0.1,36,24,0,1,2,4,2,4,1,10,10,0
90,40,16,0,0.1,36,24,0,1,2,4,2,4,1,10,10,0
95,40,16,0,0.1,36,24,0,1,2,4,2,4,1,10,10,0
100,40,16,0,0.1,36,24,0,1,2,4,2,4,1,10,10,0
5,45,16,0,0.1,36,24,0,1,2,4,2,4,1,10,10,0
10,45,16,0,0.1,36,24,0,1,2,4,2,4,1,10,10,0
15,45,16,0,0.1,36,24,0,1,2,4,2,4,1,10,10,0
20,45,16,0,0.1,36,24,0,1,2,4,2,4,1,10,10,0
25,45,16,0,0.1,36,24,0,1,2,4,2,4,1,10,10,0
30,45,16,0,0.1,36,24,0,1,2,4,2,4,1,10,10,0
35,45,16,0,0.1,36,24,0,1,2,4,2,4,1,10,10,0
40,45,16,0,0.1,36,24,0,1,2,4,2,4,1,10,10,0
45,45,16,0,0.1,36,24,0,1,2,4,2,4,1,10,10,0
50,45,16,0,0.1,36,24,0,1,2,4,2,4,1,10,10,0
55,45,16,0,0.1,36,24,0,1,2,4,2,4,1,10,10,0
60,45,16,0,0.1,36,24,0,1,2,4,2,4,1,10,10,0
65,45,16,0,0.1,36,24,0,1,2,4,2,4,1,10,10,0
70,45,16,0,0.1,36,24,0,1,2,4,2,4,1,10,10,0
75,45,16,0,0.1,36,24,0,1,2,4,2,4,1,10,10,0
80,45,16,0,0.1,36,24,0,1,2,4,2,4,1,10,10,0
85,45,16,0,0.1,36,24,0,1,2,4,2,4,1,10,10,0
90,45,16,0,0.1,36,24,0,1,2,4,2,4,1,10,10,0
95,45,16,0,0.1,36,24,0,1,2,4,2,4,1,10,10,0
100,45,16,0,0.1,36,24,0,1,2,4,2,4,1,10,10,0
5,50,16,0,0.1,36,24,0,1,2,4,2,4,1,10,10,0
10,50,16,0,0.1,36,24,0,1,2,4,2,4,1,10,10,0
15,50,16,0,0.1,36,24,0,1,2,4,2,4,1,10,10,0
20,50,16,0,0.1,36,24,0,1,2,4,2,4,1,10,10,0
25,50,16,0,0.1,36,24,0,1,2,4,2,4,1,10,10,0
30,50,16,0,0.1,36,24,0,1,2,4,2,4,1,10,10,0
35,50,16,0,0.1,36,24,0,1,2,4,2,4,1,10,10,0
40,50,16,0,0.1,36,24,0,1,2,4,2,4,1,10,10,0
45,50,16,0,0.1,36,24,0,1,2,4,2,4,1,10,10,0
50,50,16,0,0.1,36,24,0,1,2,4,2,4,1,10,10,0
55,50,16,0,0.1,36,24,0,1,2,4,2,4,1,10,10,0
60,50,16,0,0.1,36,24,0,1,2,4,2,4,1,10,10,0
65,50,16,0,0.1,36,24,0,1,2,4,2,4,1,10,10,0
70,50,16,0,0.1,36,24,0,1,2,4,2,4,1,10,10,0
75,50,16,0,0.1,36,24,0,1,2,4,2,4,1,10,10,0
80,50,16,0,0.1,36,24,0,1,2,4,2,4,1,10,10,0
85,50,16,0,0.1,36,24,0,1,2,4,2,4,1,10,10,0
90,50,16,0,0.1,36,24,0,1,2,4,2,4,1,10,10,0
95,50,16,0,0.1,36,24,0,1,2,4,2,4,1,10,10,0
100,50,16,0,0.1,36,24,0,1,2,4,2,4,1,10,10,0
5,55,16,0,0.1,36,24,0,1,2,4,2,4,1,10,10,0
10,55,16,0,0.1,36,24,0,1,2,4,2,4,1,10,10,0
15,55,16,0,0.1,36,24,0,1,2,4,2,4,1,10,10,0
20,55,16,0,0.1,36,24,0,1,2,4,2,4,1,10,10,0
25,55,16,0,0.1,36,24,0,1,2,4,2,4,1,10,10,0
30,55,16,0,0.1,36,24,0,1,2,4,2,4,1,10,10,0
35,55,16,0,0.1,36,24,0,1,2,4,2,4,1,10,10,0
40,55,16,0,0.1,36,24,0,1,2,4,2,4,1,10,10,0
45,55,16,0,0.1,36,24,0,1,2,4,2,4,1,10,10,0
50,55,16,0,0.1,36,24,0,1,2,4,2,4,1,10,10,0
55,55,16,0,0.1,36,24,0,1,2,4,2,4,1,10,10,0
60,55,16,0,0.1,36,24,0,1,2,4,2,4,1,10,10,0
65,55,16,0,0.1,36,24,0,1,2,4,2,4,1,10,10,0
70,55,16,0,0.1,36,24,0,1,2,4,2,4,1,10,10,0
75,55,16,0,0.1,36,24,0,1,2,4,2,4,1,10,10,0
80,55,16,0,0.1,36,24,0,1,2,4,2,4,1,10,10,0
85,55,16,0,0.1,36,24,0,1,2,4,2,4,1,10,10,0
90,55,16,0,0.1,36,24,0,1,2,4,2,4,1,10,10,0
95,55,16,0,0.1,36,24,0,1,2,4,2,4,1,10,10,0
100,55,16,0,0.1,36,24,0,1,2,4,2,4,1,10,10,0
5,60,16,0,0.1,36,24,0,1,2,4,2,4,1,10,10,0
10,60,16,0,0.1,36,24,0,1,2,4,2,4,1,10,10,0
15,60,16,0,0.1,36,24,0,1,2,4,2,4,1,10,10,0
20,60,16,0,0.1,36,24,0,1,2,4,2,4,1,10,10,0
25,60,16,0,0.1,36,24,0,1,2,4,2,4,1,10,10,0
30,60,16,0,0.1,36,24,0,1,2,4,2,4,1,10,10,0
35,60,16,0,0.1,36,24,0,1,2,4,2,4,1,10,10,0
40,60,16,0,0.1,36,24,0,1,2,4,2,4,1,10,10,0
45,60,16,0,0.1,36,24,0,1,2,4,2,4,1,10,10,0
50,60,16,0,0.1,36,24,0,1,2,4,2,4,1,10,10,0
55,60,16,0,0.1,36,24,0,1,2,4,2,4,1,10,10,0
60,60,16,0,0.1,36,24,0,1,2,4,2,4,1,10,10,0
65,60,16,0,0.1,36,24,0,1,2,4,2,4,1,10,10,0
70,60,16,0,0.1,36,24,0,1,2,4,2,4,1,10,10,0
75,60,16,0,0.1,36,24,0,1,2,4,2,4,1,10,10,0
80,60,16,0,0.1,36,24,0,1,2,4,2,4,1,10,10,0
85,60,16,0,0.1,36,24,0,1,2,4,2,4,1,10,10,0
90,60,16,0,0.1,36,24,0,1,2,4,2,4,1,10,10,0
95,60,16,0,0.1,36,24,0,1,2,4,2,4,1,10,10,0
100,60,16,0,0.1,36,24,0,1,2,4,2,4,1,10,10,0
5,65,16,0,0.1,36,24,0,1,2,4,2,4,1,10,10,0
10,65,16,0,0.1,36,24,0,1,2,4,2,4,1,10,10,0
15,65,16,0,0.1,36,24,0,1,2,4,2,4,1,10,10,0
20,65,16,0,0.1,36,24,0,1,2,4,2,4,1,10,10,0
25,65,16,0,0.1,36,24,0,1,2,4,2,4,1,10,10,0
30,65,16,0,0.1,36,24,0,1,2,4,2,4,1,10,10,0
35,65,16,0,0.1,36,24,0,1,2,4,2,4,1,10,10,0
40,65,16,0,0.1,36,24,0,1,2,4,2,4,1,10,10,0
45,65,16,0,0.1,36,24,0,1,2,4,2,4,1,10,10,0
50,65,16,0,0.1,36,24,0,1,2,4,2,4,1,10,10,0
55,65,16,0,0.1,36,24,0,1,2,4,2,4,1,10,10,0
60,65,16,0,0.1,36,24,0,1,2,4,2,4,1,10,10,0
65,65,16,0,0.1,36,24,0,1,2,4,2,4,1,10,10,0
70,65,16,0,0.1,36,24,0,1,2,4,2,4,1,10,10,0
75,65,16,0,0.1,36,24,0,1,2,4,2,4,1,10,10,0
80,65,16,0,0.1,36,24,0,1,2,4,2,4,1,10,10,0
85,65,16,0,0.1,36,24,0,1,2,4,2,4,1,10,10,0
90,65,16,0,0.1,36,24,0,1,2,4,2,4,1,10,10,0
95,65,16,0,0.1,36,24,0,1,2,4,2,4,1,10,10,0
100,65,16,0,0.1,36,24,0,1,2,4,2,4,1,10,10,0
5,70,16,0,0.1,36,24,0,1,2,4,2,4,1,10,10,0
10,70,16,0,0.1,36,24,0,1,2,4,2,4,1,10,10,0
15,70,16,0,0.1,36,24,0,1,2,4,2,4,1,10,10,0
20,70,16,0,0.1,36,24,0,1,2,4,2,4,1,10,10,0
25,70,16,0,0.1,36,24,0,1,2,4,2,4,1,10,10,0
30,70,16,0,0.1,36,24,0,1,2,4,2,4,1,10,10,0
35,70,16,0,0.1,36,24,0,1,2,4,2,4,1,10,10,0
40,70,16,0,0.1,36,24,0,1,2,4,2,4,1,10,10,0
45,70,16,0,0.1,36,24,0,1,2,4,2,4,1,10,10,0
50,70,16,0,0.1,36,24,0,1,2,4,2,4,1,10,10,0
55,70,16,0,0.1,36,24,0,1,2,4,2,4,1,10,10,0
60,70,16,0,0.1,36,24,0,1,2,4,2,4,1,10,10,0
65,70,16,0,0.1,36,24,0,1,2,4,2,4,1,10,10,0
70,70,16,0,0.1,36,24,0,1,2,4,2,4,1,10,10,0
75,70,16,0,0.1,36,24,0,1,2,4,2,4,1,10,10,0
80,70,16,0,0.1,36,24,0,1,2,4,2,4,1,10,10,0
85,70,16,0,0.1,36,24,0,1,2,4,2,4,1,10,10,0
90,70,16,0,0.1,36,24,0,1,2,4,2,4,1,10,10,0
95,70,16,0,0.1,36,24,0,1,2,4,2,4,1,10,10,0
100,70,16,0,0.1,36,24,0,1,2,4,2,4,1,10,10,0
5,75,16,0,0.1,36,24,0,1,2,4,2,4,1,10,10,0
10,75,16,0,0.1,36,24,0,1,2,4,2,4,1,10,10,0
15,75,16,0,0.1,36,24,0,1,2,4,2,4,1,10,10,0
20,75,16,0,0.1,36,24,0,1,2,4,2,4,1,10,10,0
25,75,16,0,0.1,36,24,0,1,2,4,2,4,1,10,10,0
30,75,16,0,0.1,36,24,0,1,2,4,2,4,1,10,10,0
35,75,16,0,0.1,36,24,0,1,2,4,2,4,1,10,10,0
40,75,16,0,0.1,36,24,0,1,2,4,2,4,1,10,10,0
45,75,16,0,0.1,36,24,0,1,2,4,2,4,1,10,10,0
50,75,16,0,0.1,36,24,0,1,2,4,2,4,1,10,10,0
55,75,16,0,0.1,36,24,0,1,2,4,2,4,1,10,10,0
60,75,16,0,0.1,36,24,0,1,2,4,2,4,1,10,10,0
65,75,16,0,0.1,36,24,0,1,2,4,2,4,1,10,10,0
70,75,16,0,0.1,36,24,0,1,2,4,2,4,1,10,10,0
75,75,16,0,0.1,36,24,0,1,2,4,2,4,1,10,10,0
80,75,16,0,0.1,36,24,0,1,2,4,2,4,1,10,10,0
85,75,16,0,0.1,36,24,0,1,2,4,2,4,1,10,10,0
90,75,16,0,0.1,36,24,0,1,2,4,2,4,1,10,10,0
95,75,16,0,0.1,36,24,0,1,2,4,2,4,1,10,10,0
100,75,16,0,0.1,36,24,0,1,2,4,2,4,1,10,10,0
5,80,16,0,0.1,36,24,0,1,2,4,2,4,1,10,10,0
10,80,16,0,0.1,36,24,0,1,2,4,2,4,1,10,10,0
15,80,16,0,0.1,36,24,0,1,2,4,2,4,1,10,10,0
20,80,16,0,0.1,36,24,0,1,2,4,2,4,1,10,10,0
25,80,16,0,0.1,36,24,0,1,2,4,2,4,1,10,10,0
30,80,16,0,0.1,36,24,0,1,2,4,2,4,1,10,10,0
35,80,16,0,0.1,36,24,0,1,2,4,2,4,1,10,10,0
40,80,16,0,0.1,36,24,0,1,2,4,2,4,1,10,10,0
45,80,16,0,0.1,36,24,0,1,2,4,2,4,1,10,10,0
50,80,16,0,0.1,36,24,0,1,2,4,2,4,1,10,10,0
55,80,16,0,0.1,36,24,0,1,2,4,2,4,1,10,10,0
60,80,16,0,0.1,36,24,0,1,2,4,2,4,1,10,10,0
65,80,16,0,0.1,36,24,0,1,2,4,2,4,1,10,10,0
70,80,16,0,0.1,36,24,0,1,2,4,2,4,1,10,10,0
75,80,16,0,0.1,36,24,0,1,2,4,2,4,1,10,10,0
80,80,16,0,0.1,36,24,0,1,2,4,2,4,1,10,10,0
85,80,16,0,0.1,36,24,0,1,2,4,2,4,1,10,10,0
90,80,16,0,0.1,36,24,0,1,2,4,2,4,1,10,10,0
95,80,16,0,0.1,36,24,0,1,2,4,2,4,1,10,10,0
100,80,16,0,0.1,36,24,0,1,2,4,2,4,1,10,10,0
5,85,16,0,0.1,36,24,0,1,2,4,2,4,1,10,10,0
10,85,16,0,0.1,36,24,0,1,2,4,2,4,1,10,10,0
15,85,16,0,0.1,36,24,0,1,2,4,2,4,1,10,10,0
20,85,16,0,0.1,36,24,0,1,2,4,2,4,1,10,10,0
25,85,16,0,0.1,36,24,0,1,2,4,2,4,1,10,10,0
30,85,16,0,0.1,36,24,0,1,2,4,2,4,1,10,10,0
35,85,16,0,0.1,36,24,0,1,2,4,2,4,1,10,10,0
40,85,16,0,0.1,36,24,0,1,2,4,2,4,1,10,10,0
45,85,16,0,0.1,36,24,0,1,2,4,2,4,1,10,10,0
50,85,16,0,0.1,36,24,0,1,2,4,2,4,1,10,10,0
55,85,16,0,0.1,36,24,0,1,2,4,2,4,1,10,10,0
60,85,16,0,0.1,36,24,0,1,2,4,2,4,1,10,10,0
65,85,16,0,0.1,36,24,0,1,2,4,2,4,1,10,10,0
70,85,16,0,0.1,36,24,0,1,2,4,2,4,1,10,10,0
75,85,16,0,0.1,36,24,0,1,2,4,2,4,1,10,10,0
80,85,16,0,0.1,36,24,0,1,2,4,2,4,1,10,10,0
85,85,16,0,0.1,36,24,0,1,2,4,2,4,1,10,10,0
90,85,16,0,0.1,36,24,0,1,2,4,2,4,1,10,10,0
95,85,16,0,0.1,36,24,0,1,2,4,2,4,1,10,10,0
100,85,16,0,0.1,36,24,0,1,2,4,2,4,1,10,10,0
5,90,16,0,0.1,36,24,0,1,2,4,2,4,1,10,10,0
10,90,16,0,0.1,36,24,0,1,2,4,2,4,1,10,10,0
15,90,16,0,0.1,36,24,0,1,2,4,2,4,1,10,10,0
20,90,16,0,0.1,36,24,0,1,2,4,2,4,1,10,10,0
25,90,16,0,0.1,36,24,0,1,2,4,2,4,1,10,10,0
30,90,16,0,0.1,36,24,0,1,2,4,2,4,1,10,10,0
35,90,16,0,0.1,36,24,0,1,2,4,2,4,1,10,10,0
40,90,16,0,0.1,36,24,0,1,2,4,2,4,1,10,10,0
45,90,16,0,0.1,36,24,0,1,2,4,2,4,1,10,10,0
50,90,16,0,0.1,36,24,0,1,2,4,2,4,1,10,10,0
55,90,16,0,0.1,36,24,0,1,2,4,2,4,1,10,10,0
60,90,16,0,0.1,36,24,0,1,2,4,2,4,1,10,10,0
65,90,16,0,0.1,36,24,0,1,2,4,2,4,1,10,10,0
70,90,16,0,0.1,36,24,0,1,2,4,2,4,1,10,10,0
75,90,16,0,0.1,36,24,0,1,2,4,2,4,1,10,10,0
80,90,16,0,0.1,36,24,0,1,2,4,2,4,1,10,10,0
85,90,16,0,0.1,36,24,0,1,2,4,2,4,1,10,10,0
90,90,16,0,0.1,36,24,0,1,2,4,2,4,1,10,10,0
95,90,16,0,0.1,36,24,0,1,2,4,2,4,1,10,10,0
100,90,16,0,0.1,36,24,0,1,2,4,2,4,1,10,10,0
5,95,16,0,0.1,36,24,0,1,2,4,2,4,1,10,10,0
10,95,16,0,0.1,36,24,0,1,2,4,2,4,1,10,10,0
15,95,16,0,0.1,36,24,0,1,2,4,2,4,1,10,10,0
20,95,16,0,0.1,36,24,0,1,2,4,2,4,1,10,10,0
25,95,16,0,0.1,36,24,0,1,2,4,2,4,1,10,10,0
30,95,16,0,0.1,36,24,0,1,2,4,2,4,1,10,10,0
35,95,16,0,0.1,36,24,0,1,2,4,2,4,1,10,10,0
40,95,16,0,0.1,36,24,0,1,2,4,2,4,1,10,10,0
45,95,16,0,0.1,36,24,0,1,2,4,2,4,1,10,10,0
50,95,16,0,0.1,36,24,0,1,2,4,2,4,1,10,10,0
55,95,16,0,0.1,36,24,0,1,2,4,2,4,1,10,10,0
60,95,16,0,0.1,36,24,0,1,2,4,2,4,1,10,10,0
65,95,16,0,0.1,36,24,0,1,2,4,2,4,1,10,10,0
70,95,16,0,0.1,36,24,0,1,2,4,2,4,1,10,10,0
75,95,16,0,0.1,36,24,0,1,2,4,2,4,1,10,10,0
80,95,16,0,0.1,36,24,0,1,2,4,2,4,1,10,10,0
85,95,16,0,0.1,36,24,0,1,2,4,2,4,1,10,10,0
90,95,16,0,0.1,36,24,0,1,2,4,2,4,1,10,10,0
95,95,16,0,0.1,36,24,0,1,2,4,2,4,1,10,10,0
100,95,16,0,0.1,36,24,0,1,2,4,2,4,1,10,10,0
5,100,16,0,0.1,36,24,0,1,2,4,2,4,1,10,10,0
10,100,16,0,0.1,36,24,0,1,2,4,2,4,1,10,10,0
15,100,16,0,0.1,36,24,0,1,2,4,2,4,1,10,10,0
20,100,16,0,0.1,36,24,0,1,2,4,2,4,1,10,10,0
25,100,16,0,0.1,36,24,0,1,2,4,2,4,1,10,10,0
30,100,16,0,0.1,36,24,0,1,2,4,2,4,1,10,10,0
35,100,16,0,0.1,36,24,0,1,2,4,2,4,1,10,10,0
40,100,16,0,0.1,36,24,0,1,2,4,2,4,1,10,10,0
45,100,16,0,0.1,36,24,0,1,2,4,2,4,1,10,10,0
50,100,16,0,0.1,36,24,0,1,2,4,2,4,1,10,10,0
55,100,16,0,0.1,36,24,0,1,2,4,2,4,1,10,10,0
60,100,16,0,0.1,36,24,0,1,2,4,2,4,1,10,10,0
65,100,16,0,0.1,36,24,0,1,2,4,2,4,1,10,10,0
70,100,16,0,0.1,36,24,0,1,2,4,2,4,1,10,10,0
75,100,16,0,0.1,36,24,0,1,2,4,2,4,1,10,10,0
80,100,16,0,0.1,36,24,0,1,2,4,2,4,1,10,10,0
85,100,16,0,0.1,36,24,0,1,2,4,2,4,1,10,10,0
90,100,16,0,0.1,36,24,0,1,2,4,2,4,1,10,10,0
95,100,16,0,0.1,36,24,0,1,2,4,2,4,1,10,10,0
100,100,16,0,0.1,36,24,0,1,2,4,2,4,1,10,10,0
5,5,18,0,0.1,36,24,0,1,2,4,2,4,1,10,10,0
10,5,18,0,0.1,36,24,0,1,2,4,2,4,1,10,10,0
15,5,18,0,0.1,36,24,0,1,2,4,2,4,1,10,10,0
20,5,18,0,0.1,36,24,0,1,2,4,2,4,1,10,10,0
25,5,18,0,0.1,36,24,0,1,2,4,2,4,1,10,10,0
30,5,18,0,0.1,36,24,0,1,2,4,2,4,1,10,10,0
35,5,18,0,0.1,36,24,0,1,2,4,2,4,1,10,10,0
40,5,18,0,0.1,36,24,0,1,2,4,2,4,1,10,10,0
45,5,18,0,0.1,36,24,0,1,2,4,2,4,1,10,10,0
50,5,18,0,0.1,36,24,0,1,2,4,2,4,1,10,10,0
55,5,18,0,0.1,36,24,0,1,2,4,2,4,1,10,10,0
60,5,18,0,0.1,36,24,0,1,2,4,2,4,1,10,10,0
65,5,18,0,0.1,36,24,0,1,2,4,2,4,1,10,10,0
70,5,18,0,0.1,36,24,0,1,2,4,2,4,1,10,10,0
75,5,18,0,0.1,36,24,0,1,2,4,2,4,1,10,10,0
80,5,18,0,0.1,36,24,0,1,2,4,2,4,1,10,10,0
85,5,18,0,0.1,36,24,0,1,2,4,2,4,1,10,10,0
90,5,18,0,0.1,36,24,0,1,2,4,2,4,1,10,10,0
95,5,18,0,0.1,36,24,0,1,2,4,2,4,1,10,10,0
100,5,18,0,0.1,36,24,0,1,2,4,2,4,1,10,10,0
5,10,18,0,0.1,36,24,0,1,2,4,2,4,1,10,10,0
10,10,18,0,0.1,36,24,0,1,2,4,2,4,1,10,10,0
15,10,18,0,0.1,36,24,0,1,2,4,2,4,1,10,10,0
20,10,18,0,0.1,36,24,0,1,2,4,2,4,1,10,10,0
25,10,18,0,0.1,36,24,0,1,2,4,2,4,1,10,10,0
30,10,18,0,0.1,36,24,0,1,2,4,2,4,1,10,10,0
35,10,18,0,0.1,36,24,0,1,2,4,2,4,1,10,10,0
40,10,18,0,0.1,36,24,0,1,2,4,2,4,1,10,10,0
45,10,18,0,0.1,36,24,0,1,2,4,2,4,1,10,10,0
50,10,18,0,0.1,36,24,0,1,2,4,2,4,1,10,10,0
55,10,18,0,0.1,36,24,0,1,2,4,2,4,1,10,10,0
60,10,18,0,0.1,36,24,0,1,2,4,2,4,1,10,10,0
65,10,18,0,0.1,36,24,0,1,2,4,2,4,1,10,10,0
70,10,18,0,0.1,36,24,0,1,2,4,2,4,1,10,10,0
75,10,18,0,0.1,36,24,0,1,2,4,2,4,1,10,10,0
80,10,18,0,0.1,36,24,0,1,2,4,2,4,1,10,10,0
85,10,18,0,0.1,36,24,0,1,2,4,2,4,1,10,10,0
90,10,18,0,0.1,36,24,0,1,2,4,2,4,1,10,10,0
95,10,18,0,0.1,36,24,0,1,2,4,2,4,1,10,10,0
100,10,18,0,0.1,36,24,0,1,2,4,2,4,1,10,10,0
5,15,18,0,0.1,36,24,0,1,2,4,2,4,1,10,10,0
10,15,18,0,0.1,36,24,0,1,2,4,2,4,1,10,10,0
15,15,18,0,0.1,36,24,0,1,2,4,2,4,1,10,10,0
20,15,18,0,0.1,36,24,0,1,2,4,2,4,1,10,10,0
25,15,18,0,0.1,36,24,0,1,2,4,2,4,1,10,10,0
30,15,18,0,0.1,36,24,0,1,2,4,2,4,1,10,10,0
35,15,18,0,0.1,36,24,0,1,2,4,2,4,1,10,10,0
40,15,18,0,0.1,36,24,0,1,2,4,2,4,1,10,10,0
45,15,18,0,0.1,36,24,0,1,2,4,2,4,1,10,10,0
50,15,18,0,0.1,36,24,0,1,2,4,2,4,1,10,10,0
55,15,18,0,0.1,36,24,0,1,2,4,2,4,1,10,10,0
60,15,18,0,0.1,36,24,0,1,2,4,2,4,1,10,10,0
65,15,18,0,0.1,36,24,0,1,2,4,2,4,1,10,10,0
70,15,18,0,0.1,36,24,0,1,2,4,2,4,1,10,10,0
75,15,18,0,0.1,36,24,0,1,2,4,2,4,1,10,10,0
80,15,18,0,0.1,36,24,0,1,2,4,2,4,1,10,10,0
85,15,18,0,0.1,36,24,0,1,2,4,2,4,1,10,10,0
90,15,18,0,0.1,36,24,0,1,2,4,2,4,1,10,10,0
95,15,18,0,0.1,36,24,0,1,2,4,2,4,1,10,10,0
100,15,18,0,0.1,36,24,0,1,2,4,2,4,1,10,10,0
5,20,18,0,0.1,36,24,0,1,2,4,2,4,1,10,10,0
10,20,18,0,0.1,36,24,0,1,2,4,2,4,1,10,10,0
15,20,18,0,0.1,36,24,0,1,2,4,2,4,1,10,10,0
20,20,18,0,0.1,36,24,0,1,2,4,2,4,1,10,10,0
25,20,18,0,0.1,36,24,0,1,2,4,2,4,1,10,10,0
30,20,18,0,0.1,36,24,0,1,2,4,2,4,1,10,10,0
35,20,18,0,0.1,36,24,0,1,2,4,2,4,1,10,10,0
40,20,18,0,0.1,36,24,0,1,2,4,2,4,1,10,10,0
45,20,18,0,0.1,36,24,0,1,2,4,2,4,1,10,10,0
50,20,18,0,0.1,36,24,0,1,2,4,2,4,1,10,10,0
55,20,18,0,0.1,36,24,0,1,2,4,2,4,1,10,10,0
60,20,18,0,0.1,36,24,0,1,2,4,2,4,1,10,10,0
65,20,18,0,0.1,36,24,0,1,2,4,2,4,1,10,10,0
70,20,18,0,0.1,36,24,0,1,2,4,2,4,1,10,10,0
75,20,18,0,0.1,36,24,0,1,2,4,2,4,1,10,10,0
80,20,18,0,0.1,36,24,0,1,2,4,2,4,1,10,10,0
85,20,18,0,0.1,36,24,0,1,2,4,2,4,1,10,10,0
90,20,18,0,0.1,36,24,0,1,2,4,2,4,1,10,10,0
95,20,18,0,0.1,36,24,0,1,2,4,2,4,1,10,10,0
100,20,18,0,0.1,36,24,0,1,2,4,2,4,1,10,10,0
5,25,18,0,0.1,36,24,0,1,2,4,2,4,1,10,10,0
10,25,18,0,0.1,36,24,0,1,2,4,2,4,1,10,10,0
15,25,18,0,0.1,36,24,0,1,2,4,2,4,1,10,10,0
20,25,18,0,0.1,36,24,0,1,2,4,2,4,1,10,10,0
25,25,18,0,0.1,36,24,0,1,2,4,2,4,1,10,10,0
30,25,18,0,0.1,36,24,0,1,2,4,2,4,1,10,10,0
35,25,18,0,0.1,36,24,0,1,2,4,2,4,1,10,10,0
40,25,18,0,0.1,36,24,0,1,2,4,2,4,1,10,10,0
45,25,18,0,0.1,36,24,0,1,2,4,2,4,1,10,10,0
50,25,18,0,0.1,36,24,0,1,2,4,2,4,1,10,10,0
55,25,18,0,0.1,36,24,0,1,2,4,2,4,1,10,10,0
60,25,18,0,0.1,36,24,0,1,2,4,2,4,1,10,10,0
65,25,18,0,0.1,36,24,0,1,2,4,2,4,1,10,10,0
70,25,18,0,0.1,36,24,0,1,2,4,2,4,1,10,10,0
75,25,18,0,0.1,36,24,0,1,2,4,2,4,1,10,10,0
80,25,18,0,0.1,36,24,0,1,2,4,2,4,1,10,10,0
85,25,18,0,0.1,36,24,0,1,2,4,2,4,1,10,10,0
90,25,18,0,0.1,36,24,0,1,2,4,2,4,1,10,10,0
95,25,18,0,0.1,36,24,0,1,2,4,2,4,1,10,10,0
100,25,18,0,0.1,36,24,0,1,2,4,2,4,1,10,10,0
5,30,18,0,0.1,36,24,0,1,2,4,2,4,1,10,10,0
10,30,18,0,0.1,36,24,0,1,2,4,2,4,1,10,10,0
15,30,18,0,0.1,36,24,0,1,2,4,2,4,1,10,10,0
20,30,18,0,0.1,36,24,0,1,2,4,2,4,1,10,10,0
25,30,18,0,0.1,36,24,0,1,2,4,2,4,1,10,10,0
30,30,18,0,0.1,36,24,0,1,2,4,2,4,1,10,10,0
35,30,18,0,0.1,36,24,0,1,2,4,2,4,1,10,10,0
40,30,18,0,0.1,36,24,0,1,2,4,2,4,1,10,10,0
45,30,18,0,0.1,36,24,0,1,2,4,2,4,1,10,10,0
50,30,18,0,0.1,36,24,0,1,2,4,2,4,1,10,10,0
55,30,18,0,0.1,36,24,0,1,2,4,2,4,1,10,10,0
60,30,18,0,0.1,36,24,0,1,2,4,2,4,1,10,10,0
65,30,18,0,0.1,36,24,0,1,2,4,2,4,1,10,10,0
70,30,18,0,0.1,36,24,0,1,2,4,2,4,1,10,10,0
75,30,18,0,0.1,36,24,0,1,2,4,2,4,1,10,10,0
80,30,18,0,0.1,36,24,0,1,2,4,2,4,1,10,10,0
85,30,18,0,0.1,36,24,0,1,2,4,2,4,1,10,10,0
90,30,18,0,0.1,36,24,0,1,2,4,2,4,1,10,10,0
95,30,18,0,0.1,36,24,0,1,2,4,2,4,1,10,10,0
100,30,18,0,0.1,36,24,0,1,2,4,2,4,1,10,10,0
5,35,18,0,0.1,36,24,0,1,2,4,2,4,1,10,10,0
10,35,18,0,0.1,36,24,0,1,2,4,2,4,1,10,10,0
15,35,18,0,0.1,36,24,0,1,2,4,2,4,1,10,10,0
20,35,18,0,0.1,36,24,0,1,2,4,2,4,1,10,10,0
25,35,18,0,0.1,36,24,0,1,2,4,2,4,1,10,10,0
30,35,18,0,0.1,36,24,0,1,2,4,2,4,1,10,10,0
35,35,18,0,0.1,36,24,0,1,2,4,2,4,1,10,10,0
40,35,18,0,0.1,36,24,0,1,2,4,2,4,1,10,10,0
45,35,18,0,0.1,36,24,0,1,2,4,2,4,1,10,10,0
50,35,18,0,0.1,36,24,0,1,2,4,2,4,1,10,10,0
55,35,18,0,0.1,36,24,0,1,2,4,2,4,1,10,10,0
60,35,18,0,0.1,36,24,0,1,2,4,2,4,1,10,10,0
65,35,18,0,0.1,36,24,0,1,2,4,2,4,1,10,10,0
70,35,18,0,0.1,36,24,0,1,2,4,2,4,1,10,10,0
75,35,18,0,0.1,36,24,0,1,2,4,2,4,1,10,10,0
80,35,18,0,0.1,36,24,0,1,2,4,2,4,1,10,10,0
85,35,18,0,0.1,36,24,0,1,2,4,2,4,1,10,10,0
90,35,18,0,0.1,36,24,0,1,2,4,2,4,1,10,10,0
95,35,18,0,0.1,36,24,0,1,2,4,2,4,1,10,10,0
100,35,18,0,0.1,36,24,0,1,2,4,2,4,1,10,10,0
5,40,18,0,0.1,36,24,0,1,2,4,2,4,1,10,10,0
10,40,18,0,0.1,36,24,0,1,2,4,2,4,1,10,10,0
15,40,18,0,0.1,36,24,0,1,2,4,2,4,1,10,10,0
20,40,18,0,0.1,36,24,0,1,2,4,2,4,1,10,10,0
25,40,18,0,0.1,36,24,0,1,2,4,2,4,1,10,10,0
30,40,18,0,0.1,36,24,0,1,2,4,2,4,1,10,10,0
35,40,18,0,0.1,36,24,0,1,2,4,2,4,1,10,10,0
40,40,18,0,0.1,36,24,0,1,2,4,2,4,1,10,10,0
45,40,18,0,0.1,36,24,0,1,2,4,2,4,1,10,10,0
50,40,18,0,0.1,36,24,0,1,2,4,2,4,1,10,10,0
55,40,18,0,0.1,36,24,0,1,2,4,2,4,1,10,10,0
60,40,18,0,0.1,36,24,0,1,2,4,2,4,1,10,10,0
65,40,18,0,0.1,36,24,0,1,2,4,2,4,1,10,10,0
70,40,18,0,0.1,36,24,0,1,2,4,2,4,1,10,10,0
75,40,18,0,0.1,36,24,0,1,2,4,2,4,1,10,10,0
80,40,18,0,0.1,36,24,0,1,2,4,2,4,1,10,10,0
85,40,18,0,0.1,36,24,0,1,2,4,2,4,1,10,10,0
90,40,18,0,0.1,36,24,0,1,2,4,2,4,1,10,10,0
95,40,18,0,0.1,36,24,0,1,2,4,2,4,1,10,10,0
100,40,18,0,0.1,36,24,0,1,2,4,2,4,1,10,10,0
5,45,18,0,0.1,36,24,0,1,2,4,2,4,1,10,10,0
10,45,18,0,0.1,36,24,0,1,2,4,2,4,1,10,10,0
15,45,18,0,0.1,36,24,0,1,2,4,2,4,1,10,10,0
20,45,18,0,0.1,36,24,0,1,2,4,2,4,1,10,10,0
25,45,18,0,0.1,36,24,0,1,2,4,2,4,1,10,10,0
30,45,18,0,0.1,36,24,0,1,2,4,2,4,1,10,10,0
35,45,18,0,0.1,36,24,0,1,2,4,2,4,1,10,10,0
40,45,18,0,0.1,36,24,0,1,2,4,2,4,1,10,10,0
45,45,18,0,0.1,36,24,0,1,2,4,2,4,1,10,10,0
50,45,18,0,0.1,36,24,0,1,2,4,2,4,1,10,10,0
55,45,18,0,0.1,36,24,0,1,2,4,2,4,1,10,10,0
60,45,18,0,0.1,36,24,0,1,2,4,2,4,1,10,10,0
65,45,18,0,0.1,36,24,0,1,2,4,2,4,1,10,10,0
70,45,18,0,0.1,36,24,0,1,2,4,2,4,1,10,10,0
75,45,18,0,0.1,36,24,0,1,2,4,2,4,1,10,10,0
80,45,18,0,0.1,36,24,0,1,2,4,2,4,1,10,10,0
85,45,18,0,0.1,36,24,0,1,2,4,2,4,1,10,10,0
90,45,18,0,0.1,36,24,0,1,2,4,2,4,1,10,10,0
95,45,18,0,0.1,36,24,0,1,2,4,2,4,1,10,10,0
100,45,18,0,0.1,36,24,0,1,2,4,2,4,1,10,10,0
5,50,18,0,0.1,36,24,0,1,2,4,2,4,1,10,10,0
10,50,18,0,0.1,36,24,0,1,2,4,2,4,1,10,10,0
15,50,18,0,0.1,36,24,0,1,2,4,2,4,1,10,10,0
20,50,18,0,0.1,36,24,0,1,2,4,2,4,1,10,10,0
25,50,18,0,0.1,36,24,0,1,2,4,2,4,1,10,10,0
30,50,18,0,0.1,36,24,0,1,2,4,2,4,1,10,10,0
35,50,18,0,0.1,36,24,0,1,2,4,2,4,1,10,10,0
40,50,18,0,0.1,36,24,0,1,2,4,2,4,1,10,10,0
45,50,18,0,0.1,36,24,0,1,2,4,2,4,1,10,10,0
50,50,18,0,0.1,36,24,0,1,2,4,2,4,1,10,10,0
55,50,18,0,0.1,36,24,0,1,2,4,2,4,1,10,10,0
60,50,18,0,0.1,36,24,0,1,2,4,2,4,1,10,10,0
65,50,18,0,0.1,36,24,0,1,2,4,2,4,1,10,10,0
70,50,18,0,0.1,36,24,0,1,2,4,2,4,1,10,10,0
75,50,18,0,0.1,36,24,0,1,2,4,2,4,1,10,10,0
80,50,18,0,0.1,36,24,0,1,2,4,2,4,1,10,10,0
85,50,18,0,0.1,36,24,0,1,2,4,2,4,1,10,10,0
90,50,18,0,0.1,36,24,0,1,2,4,2,4,1,10,10,0
95,50,18,0,0.1,36,24,0,1,2,4,2,4,1,10,10,0
100,50,18,0,0.1,36,24,0,1,2,4,2,4,1,10,10,0
5,55,18,0,0.1,36,24,0,1,2,4,2,4,1,10,10,0
10,55,18,0,0.1,36,24,0,1,2,4,2,4,1,10,10,0
15,55,18,0,0.1,36,24,0,1,2,4,2,4,1,10,10,0
20,55,18,0,0.1,36,24,0,1,2,4,2,4,1,10,10,0
25,55,18,0,0.1,36,24,0,1,2,4,2,4,1,10,10,0
30,55,18,0,0.1,36,24,0,1,2,4,2,4,1,10,10,0
35,55,18,0,0.1,36,24,0,1,2,4,2,4,1,10,10,0
40,55,18,0,0.1,36,24,0,1,2,4,2,4,1,10,10,0
45,55,18,0,0.1,36,24,0,1,2,4,2,4,1,10,10,0
50,55,18,0,0.1,36,24,0,1,2,4,2,4,1,10,10,0
55,55,18,0,0.1,36,24,0,1,2,4,2,4,1,10,10,0
60,55,18,0,0.1,36,24,0,1,2,4,2,4,1,10,10,0
65,55,18,0,0.1,36,24,0,1,2,4,2,4,1,10,10,0
70,55,18,0,0.1,36,24,0,1,2,4,2,4,1,10,10,0
75,55,18,0,0.1,36,24,0,1,2,4,2,4,1,10,10,0
80,55,18,0,0.1,36,24,0,1,2,4,2,4,1,10,10,0
85,55,18,0,0.1,36,24,0,1,2,4,2,4,1,10,10,0
90,55,18,0,0.1,36,24,0,1,2,4,2,4,1,10,10,0
95,55,18,0,0.1,36,24,0,1,2,4,2,4,1,10,10,0
100,55,18,0,0.1,36,24,0,1,2,4,2,4,1,10,10,0
5,60,18,0,0.1,36,24,0,1,2,4,2,4,1,10,10,0
10,60,18,0,0.1,36,24,0,1,2,4,2,4,1,10,10,0
15,60,18,0,0.1,36,24,0,1,2,4,2,4,1,10,10,0
20,60,18,0,0.1,36,24,0,1,2,4,2,4,1,10,10,0
25,60,18,0,0.1,36,24,0,1,2,4,2,4,1,10,10,0
30,60,18,0,0.1,36,24,0,1,2,4,2,4,1,10,10,0
35,60,18,0,0.1,36,24,0,1,2,4,2,4,1,10,10,0
40,60,18,0,0.1,36,24,0,1,2,4,2,4,1,10,10,0
45,60,18,0,0.1,36,24,0,1,2,4,2,4,1,10,10,0
50,60,18,0,0.1,36,24,0,1,2,4,2,4,1,10,10,0
55,60,18,0,0.1,36,24,0,1,2,4,2,4,1,10,10,0
60,60,18,0,0.1,36,24,0,1,2,4,2,4,1,10,10,0
65,60,18,0,0.1,36,24,0,1,2,4,2,4,1,10,10,0
70,60,18,0,0.1,36,24,0,1,2,4,2,4,1,10,10,0
75,60,18,0,0.1,36,24,0,1,2,4,2,4,1,10,10,0
80,60,18,0,0.1,36,24,0,1,2,4,2,4,1,10,10,0
85,60,18,0,0.1,36,24,0,1,2,4,2,4,1,10,10,0
90,60,18,0,0.1,36,24,0,1,2,4,2,4,1,10,10,0
95,60,18,0,0.1,36,24,0,1,2,4,2,4,1,10,10,0
100,60,18,0,0.1,36,24,0,1,2,4,2,4,1,10,10,0
5,65,18,0,0.1,36,24,0,1,2,4,2,4,1,10,10,0
10,65,18,0,0.1,36,24,0,1,2,4,2,4,1,10,10,0
15,65,18,0,0.1,36,24,0,1,2,4,2,4,1,10,10,0
20,65,18,0,0.1,36,24,0,1,2,4,2,4,1,10,10,0
25,65,18,0,0.1,36,24,0,1,2,4,2,4,1,10,10,0
30,65,18,0,0.1,36,24,0,1,2,4,2,4,1,10,10,0
35,65,18,0,0.1,36,24,0,1,2,4,2,4,1,10,10,0
40,65,18,0,0.1,36,24,0,1,2,4,2,4,1,10,10,0
45,65,18,0,0.1,36,24,0,1,2,4,2,4,1,10,10,0
50,65,18,0,0.1,36,24,0,1,2,4,2,4,1,10,10,0
55,65,18,0,0.1,36,24,0,1,2,4,2,4,1,10,10,0
60,65,18,0,0.1,36,24,0,1,2,4,2,4,1,10,10,0
65,65,18,0,0.1,36,24,0,1,2,4,2,4,1,10,10,0
70,65,18,0,0.1,36,24,0,1,2,4,2,4,1,10,10,0
75,65,18,0,0.1,36,24,0,1,2,4,2,4,1,10,10,0
80,65,18,0,0.1,36,24,0,1,2,4,2,4,1,10,10,0
85,65,18,0,0.1,36,24,0,1,2,4,2,4,1,10,10,0
90,65,18,0,0.1,36,24,0,1,2,4,2,4,1,10,10,0
95,65,18,0,0.1,36,24,0,1,2,4,2,4,1,10,10,0
100,65,18,0,0.1,36,24,0,1,2,4,2,4,1,10,10,0
5,70,18,0,0.1,36,24,0,1,2,4,2,4,1,10,10,0
10,70,18,0,0.1,36,24,0,1,2,4,2,4,1,10,10,0
15,70,18,0,0.1,36,24,0,1,2,4,2,4,1,10,10,0
20,70,18,0,0.1,36,24,0,1,2,4,2,4,1,10,10,0
25,70,18,0,0.1,36,24,0,1,2,4,2,4,1,10,10,0
30,70,18,0,0.1,36,24,0,1,2,4,2,4,1,10,10,0
35,70,18,0,0.1,36,24,0,1,2,4,2,4,1,10,10,0
40,70,18,0,0.1,36,24,0,1,2,4,2,4,1,10,10,0
45,70,18,0,0.1,36,24,0,1,2,4,2,4,1,10,10,0
50,70,18,0,0.1,36,24,0,1,2,4,2,4,1,10,10,0
55,70,18,0,0.1,36,24,0,1,2,4,2,4,1,10,10,0
60,70,18,0,0.1,36,24,0,1,2,4,2,4,1,10,10,0
65,70,18,0,0.1,36,24,0,1,2,4,2,4,1,10,10,0
70,70,18,0,0.1,36,24,0,1,2,4,2,4,1,10,10,0
75,70,18,0,0.1,36,24,0,1,2,4,2,4,1,10,10,0
80,70,18,0,0.1,36,24,0,1,2,4,2,4,1,10,10,0
85,70,18,0,0.1,36,24,0,1,2,4,2,4,1,10,10,0
90,70,18,0,0.1,36,24,0,1,2,4,2,4,1,10,10,0
95,70,18,0,0.1,36,24,0,1,2,4,2,4,1,10,10,0
100,70,18,0,0.1,36,24,0,1,2,4,2,4,1,10,10,0
5,75,18,0,0.1,36,24,0,1,2,4,2,4,1,10,10,0
10,75,18,0,0.1,36,24,0,1,2,4,2,4,1,10,10,0
15,75,18,0,0.1,36,24,0,1,2,4,2,4,1,10,10,0
20,75,18,0,0.1,36,24,0,1,2,4,2,4,1,10,10,0
25,75,18,0,0.1,36,24,0,1,2,4,2,4,1,10,10,0
30,75,18,0,0.1,36,24,0,1,2,4,2,4,1,10,10,0
35,75,18,0,0.1,36,24,0,1,2,4,2,4,1,10,10,0
40,75,18,0,0.1,36,24,0,1,2,4,2,4,1,10,10,0
45,75,18,0,0.1,36,24,0,1,2,4,2,4,1,10,10,0
50,75,18,0,0.1,36,24,0,1,2,4,2,4,1,10,10,0
55,75,18,0,0.1,36,24,0,1,2,4,2,4,1,10,10,0
60,75,18,0,0.1,36,24,0,1,2,4,2,4,1,10,10,0
65,75,18,0,0.1,36,24,0,1,2,4,2,4,1,10,10,0
70,75,18,0,0.1,36,24,0,1,2,4,2,4,1,10,10,0
75,75,18,0,0.1,36,24,0,1,2,4,2,4,1,10,10,0
80,75,18,0,0.1,36,24,0,1,2,4,2,4,1,10,10,0
85,75,18,0,0.1,36,24,0,1,2,4,2,4,1,10,10,0
90,75,18,0,0.1,36,24,0,1,2,4,2,4,1,10,10,0
95,75,18,0,0.1,36,24,0,1,2,4,2,4,1,10,10,0
100,75,18,0,0.1,36,24,0,1,2,4,2,4,1,10,10,0
5,80,18,0,0.1,36,24,0,1,2,4,2,4,1,10,10,0
10,80,18,0,0.1,36,24,0,1,2,4,2,4,1,10,10,0
15,80,18,0,0.1,36,24,0,1,2,4,2,4,1,10,10,0
20,80,18,0,0.1,36,24,0,1,2,4,2,4,1,10,10,0
25,80,18,0,0.1,36,24,0,1,2,4,2,4,1,10,10,0
30,80,18,0,0.1,36,24,0,1,2,4,2,4,1,10,10,0
35,80,18,0,0.1,36,24,0,1,2,4,2,4,1,10,10,0
40,80,18,0,0.1,36,24,0,1,2,4,2,4,1,10,10,0
45,80,18,0,0.1,36,24,0,1,2,4,2,4,1,10,10,0
50,80,18,0,0.1,36,24,0,1,2,4,2,4,1,10,10,0
55,80,18,0,0.1,36,24,0,1,2,4,2,4,1,10,10,0
60,80,18,0,0.1,36,24,0,1,2,4,2,4,1,10,10,0
65,80,18,0,0.1,36,24,0,1,2,4,2,4,1,10,10,0
70,80,18,0,0.1,36,24,0,1,2,4,2,4,1,10,10,0
75,80,18,0,0.1,36,24,0,1,2,4,2,4,1,10,10,0
80,80,18,0,0.1,36,24,0,1,2,4,2,4,1,10,10,0
85,80,18,0,0.1,36,24,0,1,2,4,2,4,1,10,10,0
90,80,18,0,0.1,36,24,0,1,2,4,2,4,1,10,10,0
95,80,18,0,0.1,36,24,0,1,2,4,2,4,1,10,10,0
100,80,18,0,0.1,36,24,0,1,2,4,2,4,1,10,10,0
5,85,18,0,0.1,36,24,0,1,2,4,2,4,1,10,10,0
10,85,18,0,0.1,36,24,0,1,2,4,2,4,1,10,10,0
15,85,18,0,0.1,36,24,0,1,2,4,2,4,1,10,10,0
20,85,18,0,0.1,36,24,0,1,2,4,2,4,1,10,10,0
25,85,18,0,0.1,36,24,0,1,2,4,2,4,1,10,10,0
30,85,18,0,0.1,36,24,0,1,2,4,2,4,1,10,10,0
35,85,18,0,0.1,36,24,0,1,2,4,2,4,1,10,10,0
40,85,18,0,0.1,36,24,0,1,2,4,2,4,1,10,10,0
45,85,18,0,0.1,36,24,0,1,2,4,2,4,1,10,10,0
50,85,18,0,0.1,36,24,0,1,2,4,2,4,1,10,10,0
55,85,18,0,0.1,36,24,0,1,2,4,2,4,1,10,10,0
60,85,18,0,0.1,36,24,0,1,2,4,2,4,1,10,10,0
65,85,18,0,0.1,36,24,0,1,2,4,2,4,1,10,10,0
70,85,18,0,0.1,36,24,0,1,2,4,2,4,1,10,10,0
75,85,18,0,0.1,36,24,0,1,2,4,2,4,1,10,10,0
80,85,18,0,0.1,36,24,0,1,2,4,2,4,1,10,10,0
85,85,18,0,0.1,36,24,0,1,2,4,2,4,1,10,10,0
90,85,18,0,0.1,36,24,0,1,2,4,2,4,1,10,10,0
95,85,18,0,0.1,36,24,0,1,2,4,2,4,1,10,10,0
100,85,18,0,0.1,36,24,0,1,2,4,2,4,1,10,10,0
5,90,18,0,0.1,36,24,0,1,2,4,2,4,1,10,10,0
10,90,18,0,0.1,36,24,0,1,2,4,2,4,1,10,10,0
15,90,18,0,0.1,36,24,0,1,2,4,2,4,1,10,10,0
20,90,18,0,0.1,36,24,0,1,2,4,2,4,1,10,10,0
25,90,18,0,0.1,36,24,0,1,2,4,2,4,1,10,10,0
30,90,18,0,0.1,36,24,0,1,2,4,2,4,1,10,10,0
35,90,18,0,0.1,36,24,0,1,2,4,2,4,1,10,10,0
40,90,18,0,0.1,36,24,0,1,2,4,2,4,1,10,10,0
45,90,18,0,0.1,36,24,0,1,2,4,2,4,1,10,10,0
50,90,18,0,0.1,36,24,0,1,2,4,2,4,1,10,10,0
55,90,18,0,0.1,36,24,0,1,2,4,2,4,1,10,10,0
60,90,18,0,0.1,36,24,0,1,2,4,2,4,1,10,10,0
65,90,18,0,0.1,36,24,0,1,2,4,2,4,1,10,10,0
70,90,18,0,0.1,36,24,0,1,2,4,2,4,1,10,10,0
75,90,18,0,0.1,36,24,0,1,2,4,2,4,1,10,10,0
80,90,18,0,0.1,36,24,0,1,2,4,2,4,1,10,10,0
85,90,18,0,0.1,36,24,0,1,2,4,2,4,1,10,10,0
90,90,18,0,0.1,36,24,0,1,2,4,2,4,1,10,10,0
95,90,18,0,0.1,36,24,0,1,2,4,2,4,1,10,10,0
100,90,18,0,0.1,36,24,0,1,2,4,2,4,1,10,10,0
5,95,18,0,0.1,36,24,0,1,2,4,2,4,1,10,10,0
10,95,18,0,0.1,36,24,0,1,2,4,2,4,1,10,10,0
15,95,18,0,0.1,36,24,0,1,2,4,2,4,1,10,10,0
20,95,18,0,0.1,36,24,0,1,2,4,2,4,1,10,10,0
25,95,18,0,0.1,36,24,0,1,2,4,2,4,1,10,10,0
30,95,18,0,0.1,36,24,0,1,2,4,2,4,1,10,10,0
35,95,18,0,0.1,36,24,0,1,2,4,2,4,1,10,10,0
40,95,18,0,0.1,36,24,0,1,2,4,2,4,1,10,10,0
45,95,18,0,0.1,36,24,0,1,2,4,2,4,1,10,10,0
50,95,18,0,0.1,36,24,0,1,2,4,2,4,1,10,10,0
55,95,18,0,0.1,36,24,0,1,2,4,2,4,1,10,10,0
60,95,18,0,0.1,36,24,0,1,2,4,2,4,1,10,10,0
65,95,18,0,0.1,36,24,0,1,2,4,2,4,1,10,10,0
70,95,18,0,0.1,36,24,0,1,2,4,2,4,1,10,10,0
75,95,18,0,0.1,36,24,0,1,2,4,2,4,1,10,10,0
80,95,18,0,0.1,36,24,0,1,2,4,2,4,1,10,10,0
85,95,18,0,0.1,36,24,0,1,2,4,2,4,1,10,10,0
90,95,18,0,0.1,36,24,0,1,2,4,2,4,1,10,10,0
95,95,18,0,0.1,36,24,0,1,2,4,2,4,1,10,10,0
100,95,18,0,0.1,36,24,0,1,2,4,2,4,1,10,10,0
5,100,18,0,0.1,36,24,0,1,2,4,2,4,1,10,10,0
10,100,18,0,0.1,36,24,0,1,2,4,2,4,1,10,10,0
15,100,18,0,0.1,36,24,0,1,2,4,2,4,1,10,10,0
20,100,18,0,0.1,36,24,0,1,2,4,2,4,1,10,10,0
25,100,18,0,0.1,36,24,0,1,2,4,2,4,1,10,10,0
30,100,18,0,0.1,36,24,0,1,2,4,2,4,1,10,10,0
35,100,18,0,0.1,36,24,0,1,2,4,2,4,1,10,10,0
40,100,18,0,0.1,36,24,0,1,2,4,2,4,1,10,10,0
45,100,18,0,0.1,36,24,0,1,2,4,2,4,1,10,10,0
50,100,18,0,0.1,36,24,0,1,2,4,2,4,1,10,10,0
55,100,18,0,0.1,36,24,0,1,2,4,2,4,1,10,10,0
60,100,18,0,0.1,36,24,0,1,2,4,2,4,1,10,10,0
65,100,18,0,0.1,36,24,0,1,2,4,2,4,1,10,10,0
70,100,18,0,0.1,36,24,0,1,2,4,2,4,1,10,10,0
75,100,18,0,0.1,36,24,0,1,2,4,2,4,1,10,10,0
80,100,18,0,0.1,36,24,0,1,2,4,2,4,1,10,10,0
85,100,18,0,0.1,36,24,0,1,2,4,2,4,1,10,10,0
90,100,18,0,0.1,36,24,0,1,2,4,2,4,1,10,10,0
95,100,18,0,0.1,36,24,0,1,2,4,2,4,1,10,10,0
100,100,18,0,0.1,36,24,0,1,2,4,2,4,1,10,10,0
5,5,20,0,0.1,36,24,0,1,2,4,2,4,1,10,10,0
10,5,20,0,0.1,36,24,0,1,2,4,2,4,1,10,10,0
15,5,20,0,0.1,36,24,0,1,2,4,2,4,1,10,10,0
20,5,20,0,0.1,36,24,0,1,2,4,2,4,1,10,10,0
25,5,20,0,0.1,36,24,0,1,2,4,2,4,1,10,10,0
30,5,20,0,0.1,36,24,0,1,2,4,2,4,1,10,10,0
35,5,20,0,0.1,36,24,0,1,2,4,2,4,1,10,10,0
40,5,20,0,0.1,36,24,0,1,2,4,2,4,1,10,10,0
45,5,20,0,0.1,36,24,0,1,2,4,2,4,1,10,10,0
50,5,20,0,0.1,36,24,0,1,2,4,2,4,1,10,10,0
55,5,20,0,0.1,36,24,0,1,2,4,2,4,1,10,10,0
60,5,20,0,0.1,36,24,0,1,2,4,2,4,1,10,10,0
65,5,20,0,0.1,36,24,0,1,2,4,2,4,1,10,10,0
70,5,20,0,0.1,36,24,0,1,2,4,2,4,1,10,10,0
75,5,20,0,0.1,36,24,0,1,2,4,2,4,1,10,10,0
80,5,20,0,0.1,36,24,0,1,2,4,2,4,1,10,10,0
85,5,20,0,0.1,36,24,0,1,2,4,2,4,1,10,10,0
90,5,20,0,0.1,36,24,0,1,2,4,2,4,1,10,10,0
95,5,20,0,0.1,36,24,0,1,2,4,2,4,1,10,10,0
100,5,20,0,0.1,36,24,0,1,2,4,2,4,1,10,10,0
5,10,20,0,0.1,36,24,0,1,2,4,2,4,1,10,10,0
10,10,20,0,0.1,36,24,0,1,2,4,2,4,1,10,10,0
15,10,20,0,0.1,36,24,0,1,2,4,2,4,1,10,10,0
20,10,20,0,0.1,36,24,0,1,2,4,2,4,1,10,10,0
25,10,20,0,0.1,36,24,0,1,2,4,2,4,1,10,10,0
30,10,20,0,0.1,36,24,0,1,2,4,2,4,1,10,10,0
35,10,20,0,0.1,36,24,0,1,2,4,2,4,1,10,10,0
40,10,20,0,0.1,36,24,0,1,2,4,2,4,1,10,10,0
45,10,20,0,0.1,36,24,0,1,2,4,2,4,1,10,10,0
50,10,20,0,0.1,36,24,0,1,2,4,2,4,1,10,10,0
55,10,20,0,0.1,36,24,0,1,2,4,2,4,1,10,10,0
60,10,20,0,0.1,36,24,0,1,2,4,2,4,1,10,10,0
65,10,20,0,0.1,36,24,0,1,2,4,2,4,1,10,10,0
70,10,20,0,0.1,36,24,0,1,2,4,2,4,1,10,10,0
75,10,20,0,0.1,36,24,0,1,2,4,2,4,1,10,10,0
80,10,20,0,0.1,36,24,0,1,2,4,2,4,1,10,10,0
85,10,20,0,0.1,36,24,0,1,2,4,2,4,1,10,10,0
90,10,20,0,0.1,36,24,0,1,2,4,2,4,1,10,10,0
95,10,20,0,0.1,36,24,0,1,2,4,2,4,1,10,10,0
100,10,20,0,0.1,36,24,0,1,2,4,2,4,1,10,10,0
5,15,20,0,0.1,36,24,0,1,2,4,2,4,1,10,10,0
10,15,20,0,0.1,36,24,0,1,2,4,2,4,1,10,10,0
15,15,20,0,0.1,36,24,0,1,2,4,2,4,1,10,10,0
20,15,20,0,0.1,36,24,0,1,2,4,2,4,1,10,10,0
25,15,20,0,0.1,36,24,0,1,2,4,2,4,1,10,10,0
30,15,20,0,0.1,36,24,0,1,2,4,2,4,1,10,10,0
35,15,20,0,0.1,36,24,0,1,2,4,2,4,1,10,10,0
40,15,20,0,0.1,36,24,0,1,2,4,2,4,1,10,10,0
45,15,20,0,0.1,36,24,0,1,2,4,2,4,1,10,10,0
50,15,20,0,0.1,36,24,0,1,2,4,2,4,1,10,10,0
55,15,20,0,0.1,36,24,0,1,2,4,2,4,1,10,10,0
60,15,20,0,0.1,36,24,0,1,2,4,2,4,1,10,10,0
65,15,20,0,0.1,36,24,0,1,2,4,2,4,1,10,10,0
70,15,20,0,0.1,36,24,0,1,2,4,2,4,1,10,10,0
75,15,20,0,0.1,36,24,0,1,2,4,2,4,1,10,10,0
80,15,20,0,0.1,36,24,0,1,2,4,2,4,1,10,10,0
85,15,20,0,0.1,36,24,0,1,2,4,2,4,1,10,10,0
90,15,20,0,0.1,36,24,0,1,2,4,2,4,1,10,10,0
95,15,20,0,0.1,36,24,0,1,2,4,2,4,1,10,10,0
100,15,20,0,0.1,36,24,0,1,2,4,2,4,1,10,10,0
5,20,20,0,0.1,36,24,0,1,2,4,2,4,1,10,10,0
10,20,20,0,0.1,36,24,0,1,2,4,2,4,1,10,10,0
15,20,20,0,0.1,36,24,0,1,2,4,2,4,1,10,10,0
20,20,20,0,0.1,36,24,0,1,2,4,2,4,1,10,10,0
25,20,20,0,0.1,36,24,0,1,2,4,2,4,1,10,10,0
30,20,20,0,0.1,36,24,0,1,2,4,2,4,1,10,10,0
35,20,20,0,0.1,36,24,0,1,2,4,2,4,1,10,10,0
40,20,20,0,0.1,36,24,0,1,2,4,2,4,1,10,10,0
45,20,20,0,0.1,36,24,0,1,2,4,2,4,1,10,10,0
50,20,20,0,0.1,36,24,0,1,2,4,2,4,1,10,10,0
55,20,20,0,0.1,36,24,0,1,2,4,2,4,1,10,10,0
60,20,20,0,0.1,36,24,0,1,2,4,2,4,1,10,10,0
65,20,20,0,0.1,36,24,0,1,2,4,2,4,1,10,10,0
70,20,20,0,0.1,36,24,0,1,2,4,2,4,1,10,10,0
75,20,20,0,0.1,36,24,0,1,2,4,2,4,1,10,10,0
80,20,20,0,0.1,36,24,0,1,2,4,2,4,1,10,10,0
85,20,20,0,0.1,36,24,0,1,2,4,2,4,1,10,10,0
90,20,20,0,0.1,36,24,0,1,2,4,2,4,1,10,10,0
95,20,20,0,0.1,36,24,0,1,2,4,2,4,1,10,10,0
100,20,20,0,0.1,36,24,0,1,2,4,2,4,1,10,10,0
5,25,20,0,0.1,36,24,0,1,2,4,2,4,1,10,10,0
10,25,20,0,0.1,36,24,0,1,2,4,2,4,1,10,10,0
15,25,20,0,0.1,36,24,0,1,2,4,2,4,1,10,10,0
20,25,20,0,0.1,36,24,0,1,2,4,2,4,1,10,10,0
25,25,20,0,0.1,36,24,0,1,2,4,2,4,1,10,10,0
30,25,20,0,0.1,36,24,0,1,2,4,2,4,1,10,10,0
35,25,20,0,0.1,36,24,0,1,2,4,2,4,1,10,10,0
40,25,20,0,0.1,36,24,0,1,2,4,2,4,1,10,10,0
45,25,20,0,0.1,36,24,0,1,2,4,2,4,1,10,10,0
50,25,20,0,0.1,36,24,0,1,2,4,2,4,1,10,10,0
55,25,20,0,0.1,36,24,0,1,2,4,2,4,1,10,10,0
60,25,20,0,0.1,36,24,0,1,2,4,2,4,1,10,10,0
65,25,20,0,0.1,36,24,0,1,2,4,2,4,1,10,10,0
70,25,20,0,0.1,36,24,0,1,2,4,2,4,1,10,10,0
75,25,20,0,0.1,36,24,0,1,2,4,2,4,1,10,10,0
80,25,20,0,0.1,36,24,0,1,2,4,2,4,1,10,10,0
85,25,20,0,0.1,36,24,0,1,2,4,2,4,1,10,10,0
90,25,20,0,0.1,36,24,0,1,2,4,2,4,1,10,10,0
95,25,20,0,0.1,36,24,0,1,2,4,2,4,1,10,10,0
100,25,20,0,0.1,36,24,0,1,2,4,2,4,1,10,10,0
5,30,20,0,0.1,36,24,0,1,2,4,2,4,1,10,10,0
10,30,20,0,0.1,36,24,0,1,2,4,2,4,1,10,10,0
15,30,20,0,0.1,36,24,0,1,2,4,2,4,1,10,10,0
20,30,20,0,0.1,36,24,0,1,2,4,2,4,1,10,10,0
25,30,20,0,0.1,36,24,0,1,2,4,2,4,1,10,10,0
30,30,20,0,0.1,36,24,0,1,2,4,2,4,1,10,10,0
35,30,20,0,0.1,36,24,0,1,2,4,2,4,1,10,10,0
40,30,20,0,0.1,36,24,0,1,2,4,2,4,1,10,10,0
45,30,20,0,0.1,36,24,0,1,2,4,2,4,1,10,10,0
50,30,20,0,0.1,36,24,0,1,2,4,2,4,1,10,10,0
55,30,20,0,0.1,36,24,0,1,2,4,2,4,1,10,10,0
60,30,20,0,0.1,36,24,0,1,2,4,2,4,1,10,10,0
65,30,20,0,0.1,36,24,0,1,2,4,2,4,1,10,10,0
70,30,20,0,0.1,36,24,0,1,2,4,2,4,1,10,10,0
75,30,20,0,0.1,36,24,0,1,2,4,2,4,1,10,10,0
80,30,20,0,0.1,36,24,0,1,2,4,2,4,1,10,10,0
85,30,20,0,0.1,36,24,0,1,2,4,2,4,1,10,10,0
90,30,20,0,0.1,36,24,0,1,2,4,2,4,1,10,10,0
95,30,20,0,0.1,36,24,0,1,2,4,2,4,1,10,10,0
100,30,20,0,0.1,36,24,0,1,2,4,2,4,1,10,10,0
5,35,20,0,0.1,36,24,0,1,2,4,2,4,1,10,10,0
10,35,20,0,0.1,36,24,0,1,2,4,2,4,1,10,10,0
15,35,20,0,0.1,36,24,0,1,2,4,2,4,1,10,10,0
20,35,20,0,0.1,36,24,0,1,2,4,2,4,1,10,10,0
25,35,20,0,0.1,36,24,0,1,2,4,2,4,1,10,10,0
30,35,20,0,0.1,36,24,0,1,2,4,2,4,1,10,10,0
35,35,20,0,0.1,36,24,0,1,2,4,2,4,1,10,10,0
40,35,20,0,0.1,36,24,0,1,2,4,2,4,1,10,10,0
45,35,20,0,0.1,36,24,0,1,2,4,2,4,1,10,10,0
50,35,20,0,0.1,36,24,0,1,2,4,2,4,1,10,10,0
55,35,20,0,0.1,36,24,0,1,2,4,2,4,1,10,10,0
60,35,20,0,0.1,36,24,0,1,2,4,2,4,1,10,10,0
65,35,20,0,0.1,36,24,0,1,2,4,2,4,1,10,10,0
70,35,20,0,0.1,36,24,0,1,2,4,2,4,1,10,10,0
75,35,20,0,0.1,36,24,0,1,2,4,2,4,1,10,10,0
80,35,20,0,0.1,36,24,0,1,2,4,2,4,1,10,10,0
85,35,20,0,0.1,36,24,0,1,2,4,2,4,1,10,10,0
90,35,20,0,0.1,36,24,0,1,2,4,2,4,1,10,10,0
95,35,20,0,0.1,36,24,0,1,2,4,2,4,1,10,10,0
100,35,20,0,0.1,36,24,0,1,2,4,2,4,1,10,10,0
5,40,20,0,0.1,36,24,0,1,2,4,2,4,1,10,10,0
10,40,20,0,0.1,36,24,0,1,2,4,2,4,1,10,10,0
15,40,20,0,0.1,36,24,0,1,2,4,2,4,1,10,10,0
20,40,20,0,0.1,36,24,0,1,2,4,2,4,1,10,10,0
25,40,20,0,0.1,36,24,0,1,2,4,2,4,1,10,10,0
30,40,20,0,0.1,36,24,0,1,2,4,2,4,1,10,10,0
35,40,20,0,0.1,36,24,0,1,2,4,2,4,1,10,10,0
40,40,20,0,0.1,36,24,0,1,2,4,2,4,1,10,10,0
45,40,20,0,0.1,36,24,0,1,2,4,2,4,1,10,10,0
50,40,20,0,0.1,36,24,0,1,2,4,2,4,1,10,10,0
55,40,20,0,0.1,36,24,0,1,2,4,2,4,1,10,10,0
60,40,20,0,0.1,36,24,0,1,2,4,2,4,1,10,10,0
65,40,20,0,0.1,36,24,0,1,2,4,2,4,1,10,10,0
70,40,20,0,0.1,36,24,0,1,2,4,2,4,1,10,10,0
75,40,20,0,0.1,36,24,0,1,2,4,2,4,1,10,10,0
80,40,20,0,0.1,36,24,0,1,2,4,2,4,1,10,10,0
85,40,20,0,0.1,36,24,0,1,2,4,2,4,1,10,10,0
90,40,20,0,0.1,36,24,0,1,2,4,2,4,1,10,10,0
95,40,20,0,0.1,36,24,0,1,2,4,2,4,1,10,10,0
100,40,20,0,0.1,36,24,0,1,2,4,2,4,1,10,10,0
5,45,20,0,0.1,36,24,0,1,2,4,2,4,1,10,10,0
10,45,20,0,0.1,36,24,0,1,2,4,2,4,1,10,10,0
15,45,20,0,0.1,36,24,0,1,2,4,2,4,1,10,10,0
20,45,20,0,0.1,36,24,0,1,2,4,2,4,1,10,10,0
25,45,20,0,0.1,36,24,0,1,2,4,2,4,1,10,10,0
30,45,20,0,0.1,36,24,0,1,2,4,2,4,1,10,10,0
35,45,20,0,0.1,36,24,0,1,2,4,2,4,1,10,10,0
40,45,20,0,0.1,36,24,0,1,2,4,2,4,1,10,10,0
45,45,20,0,0.1,36,24,0,1,2,4,2,4,1,10,10,0
50,45,20,0,0.1,36,24,0,1,2,4,2,4,1,10,10,0
55,45,20,0,0.1,36,24,0,1,2,4,2,4,1,10,10,0
60,45,20,0,0.1,36,24,0,1,2,4,2,4,1,10,10,0
65,45,20,0,0.1,36,24,0,1,2,4,2,4,1,10,10,0
70,45,20,0,0.1,36,24,0,1,2,4,2,4,1,10,10,0
75,45,20,0,0.1,36,24,0,1,2,4,2,4,1,10,10,0
80,45,20,0,0.1,36,24,0,1,2,4,2,4,1,10,10,0
85,45,20,0,0.1,36,24,0,1,2,4,2,4,1,10,10,0
90,45,20,0,0.1,36,24,0,1,2,4,2,4,1,10,10,0
95,45,20,0,0.1,36,24,0,1,2,4,2,4,1,10,10,0
100,45,20,0,0.1,36,24,0,1,2,4,2,4,1,10,10,0
5,50,20,0,0.1,36,24,0,1,2,4,2,4,1,10,10,0
10,50,20,0,0.1,36,24,0,1,2,4,2,4,1,10,10,0
15,50,20,0,0.1,36,24,0,1,2,4,2,4,1,10,10,0
20,50,20,0,0.1,36,24,0,1,2,4,2,4,1,10,10,0
25,50,20,0,0.1,36,24,0,1,2,4,2,4,1,10,10,0
30,50,20,0,0.1,36,24,0,1,2,4,2,4,1,10,10,0
35,50,20,0,0.1,36,24,0,1,2,4,2,4,1,10,10,0
40,50,20,0,0.1,36,24,0,1,2,4,2,4,1,10,10,0
45,50,20,0,0.1,36,24,0,1,2,4,2,4,1,10,10,0
50,50,20,0,0.1,36,24,0,1,2,4,2,4,1,10,10,0
55,50,20,0,0.1,36,24,0,1,2,4,2,4,1,10,10,0
60,50,20,0,0.1,36,24,0,1,2,4,2,4,1,10,10,0
65,50,20,0,0.1,36,24,0,1,2,4,2,4,1,10,10,0
70,50,20,0,0.1,36,24,0,1,2,4,2,4,1,10,10,0
75,50,20,0,0.1,36,24,0,1,2,4,2,4,1,10,10,0
80,50,20,0,0.1,36,24,0,1,2,4,2,4,1,10,10,0
85,50,20,0,0.1,36,24,0,1,2,4,2,4,1,10,10,0
90,50,20,0,0.1,36,24,0,1,2,4,2,4,1,10,10,0
95,50,20,0,0.1,36,24,0,1,2,4,2,4,1,10,10,0
100,50,20,0,0.1,36,24,0,1,2,4,2,4,1,10,10,0
5,55,20,0,0.1,36,24,0,1,2,4,2,4,1,10,10,0
10,55,20,0,0.1,36,24,0,1,2,4,2,4,1,10,10,0
15,55,20,0,0.1,36,24,0,1,2,4,2,4,1,10,10,0
20,55,20,0,0.1,36,24,0,1,2,4,2,4,1,10,10,0
25,55,20,0,0.1,36,24,0,1,2,4,2,4,1,10,10,0
30,55,20,0,0.1,36,24,0,1,2,4,2,4,1,10,10,0
35,55,20,0,0.1,36,24,0,1,2,4,2,4,1,10,10,0
40,55,20,0,0.1,36,24,0,1,2,4,2,4,1,10,10,0
45,55,20,0,0.1,36,24,0,1,2,4,2,4,1,10,10,0
50,55,20,0,0.1,36,24,0,1,2,4,2,4,1,10,10,0
55,55,20,0,0.1,36,24,0,1,2,4,2,4,1,10,10,0
60,55,20,0,0.1,36,24,0,1,2,4,2,4,1,10,10,0
65,55,20,0,0.1,36,24,0,1,2,4,2,4,1,10,10,0
70,55,20,0,0.1,36,24,0,1,2,4,2,4,1,10,10,0
75,55,20,0,0.1,36,24,0,1,2,4,2,4,1,10,10,0
80,55,20,0,0.1,36,24,0,1,2,4,2,4,1,10,10,0
85,55,20,0,0.1,36,24,0,1,2,4,2,4,1,10,10,0
90,55,20,0,0.1,36,24,0,1,2,4,2,4,1,10,10,0
95,55,20,0,0.1,36,24,0,1,2,4,2,4,1,10,10,0
100,55,20,0,0.1,36,24,0,1,2,4,2,4,1,10,10,0
5,60,20,0,0.1,36,24,0,1,2,4,2,4,1,10,10,0
10,60,20,0,0.1,36,24,0,1,2,4,2,4,1,10,10,0
15,60,20,0,0.1,36,24,0,1,2,4,2,4,1,10,10,0
20,60,20,0,0.1,36,24,0,1,2,4,2,4,1,10,10,0
25,60,20,0,0.1,36,24,0,1,2,4,2,4,1,10,10,0
30,60,20,0,0.1,36,24,0,1,2,4,2,4,1,10,10,0
35,60,20,0,0.1,36,24,0,1,2,4,2,4,1,10,10,0
40,60,20,0,0.1,36,24,0,1,2,4,2,4,1,10,10,0
45,60,20,0,0.1,36,24,0,1,2,4,2,4,1,10,10,0
50,60,20,0,0.1,36,24,0,1,2,4,2,4,1,10,10,0
55,60,20,0,0.1,36,24,0,1,2,4,2,4,1,10,10,0
60,60,20,0,0.1,36,24,0,1,2,4,2,4,1,10,10,0
65,60,20,0,0.1,36,24,0,1,2,4,2,4,1,10,10,0
70,60,20,0,0.1,36,24,0,1,2,4,2,4,1,10,10,0
75,60,20,0,0.1,36,24,0,1,2,4,2,4,1,10,10,0
80,60,20,0,0.1,36,24,0,1,2,4,2,4,1,10,10,0
85,60,20,0,0.1,36,24,0,1,2,4,2,4,1,10,10,0
90,60,20,0,0.1,36,24,0,1,2,4,2,4,1,10,10,0
95,60,20,0,0.1,36,24,0,1,2,4,2,4,1,10,10,0
100,60,20,0,0.1,36,24,0,1,2,4,2,4,1,10,10,0
5,65,20,0,0.1,36,24,0,1,2,4,2,4,1,10,10,0
10,65,20,0,0.1,36,24,0,1,2,4,2,4,1,10,10,0
15,65,20,0,0.1,36,24,0,1,2,4,2,4,1,10,10,0
20,65,20,0,0.1,36,24,0,1,2,4,2,4,1,10,10,0
25,65,20,0,0.1,36,24,0,1,2,4,2,4,1,10,10,0
30,65,20,0,0.1,36,24,0,1,2,4,2,4,1,10,10,0
35,65,20,0,0.1,36,24,0,1,2,4,2,4,1,10,10,0
40,65,20,0,0.1,36,24,0,1,2,4,2,4,1,10,10,0
45,65,20,0,0.1,36,24,0,1,2,4,2,4,1,10,10,0
50,65,20,0,0.1,36,24,0,1,2,4,2,4,1,10,10,0
55,65,20,0,0.1,36,24,0,1,2,4,2,4,1,10,10,0
60,65,20,0,0.1,36,24,0,1,2,4,2,4,1,10,10,0
65,65,20,0,0.1,36,24,0,1,2,4,2,4,1,10,10,0
70,65,20,0,0.1,36,24,0,1,2,4,2,4,1,10,10,0
75,65,20,0,0.1,36,24,0,1,2,4,2,4,1,10,10,0
80,65,20,0,0.1,36,24,0,1,2,4,2,4,1,10,10,0
85,65,20,0,0.1,36,24,0,1,2,4,2,4,1,10,10,0
90,65,20,0,0.1,36,24,0,1,2,4,2,4,1,10,10,0
95,65,20,0,0.1,36,24,0,1,2,4,2,4,1,10,10,0
100,65,20,0,0.1,36,24,0,1,2,4,2,4,1,10,10,0
5,70,20,0,0.1,36,24,0,1,2,4,2,4,1,10,10,0
10,70,20,0,0.1,36,24,0,1,2,4,2,4,1,10,10,0
15,70,20,0,0.1,36,24,0,1,2,4,2,4,1,10,10,0
20,70,20,0,0.1,36,24,0,1,2,4,2,4,1,10,10,0
25,70,20,0,0.1,36,24,0,1,2,4,2,4,1,10,10,0
30,70,20,0,0.1,36,24,0,1,2,4,2,4,1,10,10,0
35,70,20,0,0.1,36,24,0,1,2,4,2,4,1,10,10,0
40,70,20,0,0.1,36,24,0,1,2,4,2,4,1,10,10,0
45,70,20,0,0.1,36,24,0,1,2,4,2,4,1,10,10,0
50,70,20,0,0.1,36,24,0,1,2,4,2,4,1,10,10,0
55,70,20,0,0.1,36,24,0,1,2,4,2,4,1,10,10,0
60,70,20,0,0.1,36,24,0,1,2,4,2,4,1,10,10,0
65,70,20,0,0.1,36,24,0,1,2,4,2,4,1,10,10,0
70,70,20,0,0.1,36,24,0,1,2,4,2,4,1,10,10,0
75,70,20,0,0.1,36,24,0,1,2,4,2,4,1,10,10,0
80,70,20,0,0.1,36,24,0,1,2,4,2,4,1,10,10,0
85,70,20,0,0.1,36,24,0,1,2,4,2,4,1,10,10,0
90,70,20,0,0.1,36,24,0,1,2,4,2,4,1,10,10,0
95,70,20,0,0.1,36,24,0,1,2,4,2,4,1,10,10,0
100,70,20,0,0.1,36,24,0,1,2,4,2,4,1,10,10,0
5,75,20,0,0.1,36,24,0,1,2,4,2,4,1,10,10,0
10,75,20,0,0.1,36,24,0,1,2,4,2,4,1,10,10,0
15,75,20,0,0.1,36,24,0,1,2,4,2,4,1,10,10,0
20,75,20,0,0.1,36,24,0,1,2,4,2,4,1,10,10,0
25,75,20,0,0.1,36,24,0,1,2,4,2,4,1,10,10,0
30,75,20,0,0.1,36,24,0,1,2,4,2,4,1,10,10,0
35,75,20,0,0.1,36,24,0,1,2,4,2,4,1,10,10,0
40,75,20,0,0.1,36,24,0,1,2,4,2,4,1,10,10,0
45,75,20,0,0.1,36,24,0,1,2,4,2,4,1,10,10,0
50,75,20,0,0.1,36,24,0,1,2,4,2,4,1,10,10,0
55,75,20,0,0.1,36,24,0,1,2,4,2,4,1,10,10,0
60,75,20,0,0.1,36,24,0,1,2,4,2,4,1,10,10,0
65,75,20,0,0.1,36,24,0,1,2,4,2,4,1,10,10,0
70,75,20,0,0.1,36,24,0,1,2,4,2,4,1,10,10,0
75,75,20,0,0.1,36,24,0,1,2,4,2,4,1,10,10,0
80,75,20,0,0.1,36,24,0,1,2,4,2,4,1,10,10,0
85,75,20,0,0.1,36,24,0,1,2,4,2,4,1,10,10,0
90,75,20,0,0.1,36,24,0,1,2,4,2,4,1,10,10,0
95,75,20,0,0.1,36,24,0,1,2,4,2,4,1,10,10,0
100,75,20,0,0.1,36,24,0,1,2,4,2,4,1,10,10,0
5,80,20,0,0.1,36,24,0,1,2,4,2,4,1,10,10,0
10,80,20,0,0.1,36,24,0,1,2,4,2,4,1,10,10,0
15,80,20,0,0.1,36,24,0,1,2,4,2,4,1,10,10,0
20,80,20,0,0.1,36,24,0,1,2,4,2,4,1,10,10,0
25,80,20,0,0.1,36,24,0,1,2,4,2,4,1,10,10,0
30,80,20,0,0.1,36,24,0,1,2,4,2,4,1,10,10,0
35,80,20,0,0.1,36,24,0,1,2,4,2,4,1,10,10,0
40,80,20,0,0.1,36,24,0,1,2,4,2,4,1,10,10,0
45,80,20,0,0.1,36,24,0,1,2,4,2,4,1,10,10,0
50,80,20,0,0.1,36,24,0,1,2,4,2,4,1,10,10,0
55,80,20,0,0.1,36,24,0,1,2,4,2,4,1,10,10,0
60,80,20,0,0.1,36,24,0,1,2,4,2,4,1,10,10,0
65,80,20,0,0.1,36,24,0,1,2,4,2,4,1,10,10,0
70,80,20,0,0.1,36,24,0,1,2,4,2,4,1,10,10,0
75,80,20,0,0.1,36,24,0,1,2,4,2,4,1,10,10,0
80,80,20,0,0.1,36,24,0,1,2,4,2,4,1,10,10,0
85,80,20,0,0.1,36,24,0,1,2,4,2,4,1,10,10,0
90,80,20,0,0.1,36,24,0,1,2,4,2,4,1,10,10,0
95,80,20,0,0.1,36,24,0,1,2,4,2,4,1,10,10,0
100,80,20,0,0.1,36,24,0,1,2,4,2,4,1,10,10,0
5,85,20,0,0.1,36,24,0,1,2,4,2,4,1,10,10,0
10,85,20,0,0.1,36,24,0,1,2,4,2,4,1,10,10,0
15,85,20,0,0.1,36,24,0,1,2,4,2,4,1,10,10,0
20,85,20,0,0.1,36,24,0,1,2,4,2,4,1,10,10,0
25,85,20,0,0.1,36,24,0,1,2,4,2,4,1,10,10,0
30,85,20,0,0.1,36,24,0,1,2,4,2,4,1,10,10,0
35,85,20,0,0.1,36,24,0,1,2,4,2,4,1,10,10,0
40,85,20,0,0.1,36,24,0,1,2,4,2,4,1,10,10,0
45,85,20,0,0.1,36,24,0,1,2,4,2,4,1,10,10,0
50,85,20,0,0.1,36,24,0,1,2,4,2,4,1,10,10,0
55,85,20,0,0.1,36,24,0,1,2,4,2,4,1,10,10,0
60,85,20,0,0.1,36,24,0,1,2,4,2,4,1,10,10,0
65,85,20,0,0.1,36,24,0,1,2,4,2,4,1,10,10,0
70,85,20,0,0.1,36,24,0,1,2,4,2,4,1,10,10,0
75,85,20,0,0.1,36,24,0,1,2,4,2,4,1,10,10,0
80,85,20,0,0.1,36,24,0,1,2,4,2,4,1,10,10,0
85,85,20,0,0.1,36,24,0,1,2,4,2,4,1,10,10,0
90,85,20,0,0.1,36,24,0,1,2,4,2,4,1,10,10,0
95,85,20,0,0.1,36,24,0,1,2,4,2,4,1,10,10,0
100,85,20,0,0.1,36,24,0,1,2,4,2,4,1,10,10,0
5,90,20,0,0.1,36,24,0,1,2,4,2,4,1,10,10,0
10,90,20,0,0.1,36,24,0,1,2,4,2,4,1,10,10,0
15,90,20,0,0.1,36,24,0,1,2,4,2,4,1,10,10,0
20,90,20,0,0.1,36,24,0,1,2,4,2,4,1,10,10,0
25,90,20,0,0.1,36,24,0,1,2,4,2,4,1,10,10,0
30,90,20,0,0.1,36,24,0,1,2,4,2,4,1,10,10,0
35,90,20,0,0.1,36,24,0,1,2,4,2,4,1,10,10,0
40,90,20,0,0.1,36,24,0,1,2,4,2,4,1,10,10,0
45,90,20,0,0.1,36,24,0,1,2,4,2,4,1,10,10,0
50,90,20,0,0.1,36,24,0,1,2,4,2,4,1,10,10,0
55,90,20,0,0.1,36,24,0,1,2,4,2,4,1,10,10,0
60,90,20,0,0.1,36,24,0,1,2,4,2,4,1,10,10,0
65,90,20,0,0.1,36,24,0,1,2,4,2,4,1,10,10,0
70,90,20,0,0.1,36,24,0,1,2,4,2,4,1,10,10,0
75,90,20,0,0.1,36,24,0,1,2,4,2,4,1,10,10,0
80,90,20,0,0.1,36,24,0,1,2,4,2,4,1,10,10,0
85,90,20,0,0.1,36,24,0,1,2,4,2,4,1,10,10,0
90,90,20,0,0.1,36,24,0,1,2,4,2,4,1,10,10,0
95,90,20,0,0.1,36,24,0,1,2,4,2,4,1,10,10,0
100,90,20,0,0.1,36,24,0,1,2,4,2,4,1,10,10,0
5,95,20,0,0.1,36,24,0,1,2,4,2,4,1,10,10,0
10,95,20,0,0.1,36,24,0,1,2,4,2,4,1,10,10,0
15,95,20,0,0.1,36,24,0,1,2,4,2,4,1,10,10,0
20,95,20,0,0.1,36,24,0,1,2,4,2,4,1,10,10,0
25,95,20,0,0.1,36,24,0,1,2,4,2,4,1,10,10,0
30,95,20,0,0.1,36,24,0,1,2,4,2,4,1,10,10,0
35,95,20,0,0.1,36,24,0,1,2,4,2,4,1,10,10,0
40,95,20,0,0.1,36,24,0,1,2,4,2,4,1,10,10,0
45,95,20,0,0.1,36,24,0,1,2,4,2,4,1,10,10,0
50,95,20,0,0.1,36,24,0,1,2,4,2,4,1,10,10,0
55,95,20,0,0.1,36,24,0,1,2,4,2,4,1,10,10,0
60,95,20,0,0.1,36,24,0,1,2,4,2,4,1,10,10,0
65,95,20,0,0.1,36,24,0,1,2,4,2,4,1,10,10,0
70,95,20,0,0.1,36,24,0,1,2,4,2,4,1,10,10,0
75,95,20,0,0.1,36,24,0,1,2,4,2,4,1,10,10,0
80,95,20,0,0.1,36,24,0,1,2,4,2,4,1,10,10,0
85,95,20,0,0.1,36,24,0,1,2,4,2,4,1,10,10,0
90,95,20,0,0.1,36,24,0,1,2,4,2,4,1,10,10,0
95,95,20,0,0.1,36,24,0,1,2,4,2,4,1,10,10,0
100,95,20,0,0.1,36,24,0,1,2,4,2,4,1,10,10,0
5,100,20,0,0.1,36,24,0,1,2,4,2,4,1,10,10,0
10,100,20,0,0.1,36,24,0,1,2,4,2,4,1,10,10,0
15,100,20,0,0.1,36,24,0,1,2,4,2,4,1,10,10,0
20,100,20,0,0.1,36,24,0,1,2,4,2,4,1,10,10,0
25,100,20,0,0.1,36,24,0,1,2,4,2,4,1,10,10,0
30,100,20,0,0.1,36,24,0,1,2,4,2,4,1,10,10,0
35,100,20,0,0.1,36,24,0,1,2,4,2,4,1,10,10,0
40,100,20,0,0.1,36,24,0,1,2,4,2,4,1,10,10,0
45,100,20,0,0.1,36,24,0,1,2,4,2,4,1,10,10,0
50,100,20,0,0.1,36,24,0,1,2,4,2,4,1,10,10,0
55,100,20,0,0.1,36,24,0,1,2,4,2,4,1,10,10,0
60,100,20,0,0.1,36,24,0,1,2,4,2,4,1,10,10,0
65,100,20,0,0.1,36,24,0,1,2,4,2,4,1,10,10,0
70,100,20,0,0.1,36,24,0,1,2,4,2,4,1,10,10,0
75,100,20,0,0.1,36,24,0,1,2,4,2,4,1,10,10,0
80,100,20,0,0.1,36,24,0,1,2,4,2,4,1,10,10,0
85,100,20,0,0.1,36,24,0,1,2,4,2,4,1,10,10,0
90,100,20,0,0.1,36,24,0,1,2,4,2,4,1,10,10,0
95,100,20,0,0.1,36,24,0,1,2,4,2,4,1,10,10,0
100,100,20,0,0.1,36,24,0,1,2,4,2,4,1,10,10,0
5,5,2,0,0.15,36,24,0,1,2,4,2,4,1,10,10,0
10,5,2,0,0.15,36,24,0,1,2,4,2,4,1,10,10,0
15,5,2,0,0.15,36,24,0,1,2,4,2,4,1,10,10,0
20,5,2,0,0.15,36,24,0,1,2,4,2,4,1,10,10,0
25,5,2,0,0.15,36,24,0,1,2,4,2,4,1,10,10,0
30,5,2,0,0.15,36,24,0,1,2,4,2,4,1,10,10,0
35,5,2,0,0.15,36,24,0,1,2,4,2,4,1,10,10,0
40,5,2,0,0.15,36,24,0,1,2,4,2,4,1,10,10,0
45,5,2,0,0.15,36,24,0,1,2,4,2,4,1,10,10,0
50,5,2,0,0.15,36,24,0,1,2,4,2,4,1,10,10,0
55,5,2,0,0.15,36,24,0,1,2,4,2,4,1,10,10,0
60,5,2,0,0.15,36,24,0,1,2,4,2,4,1,10,10,0
65,5,2,0,0.15,36,24,0,1,2,4,2,4,1,10,10,0
70,5,2,0,0.15,36,24,0,1,2,4,2,4,1,10,10,0
75,5,2,0,0.15,36,24,0,1,2,4,2,4,1,10,10,0
80,5,2,0,0.15,36,24,0,1,2,4,2,4,1,10,10,0
85,5,2,0,0.15,36,24,0,1,2,4,2,4,1,10,10,0
90,5,2,0,0.15,36,24,0,1,2,4,2,4,1,10,10,0
95,5,2,0,0.15,36,24,0,1,2,4,2,4,1,10,10,0
100,5,2,0,0.15,36,24,0,1,2,4,2,4,1,10,10,0
5,10,2,0,0.15,36,24,0,1,2,4,2,4,1,10,10,0
10,10,2,0,0.15,36,24,0,1,2,4,2,4,1,10,10,0
15,10,2,0,0.15,36,24,0,1,2,4,2,4,1,10,10,0
20,10,2,0,0.15,36,24,0,1,2,4,2,4,1,10,10,0
25,10,2,0,0.15,36,24,0,1,2,4,2,4,1,10,10,0
30,10,2,0,0.15,36,24,0,1,2,4,2,4,1,10,10,0
35,10,2,0,0.15,36,24,0,1,2,4,2,4,1,10,10,0
40,10,2,0,0.15,36,24,0,1,2,4,2,4,1,10,10,0
45,10,2,0,0.15,36,24,0,1,2,4,2,4,1,10,10,0
50,10,2,0,0.15,36,24,0,1,2,4,2,4,1,10,10,0
55,10,2,0,0.15,36,24,0,1,2,4,2,4,1,10,10,0
60,10,2,0,0.15,36,24,0,1,2,4,2,4,1,10,10,0
65,10,2,0,0.15,36,24,0,1,2,4,2,4,1,10,10,0
70,10,2,0,0.15,36,24,0,1,2,4,2,4,1,10,10,0
75,10,2,0,0.15,36,24,0,1,2,4,2,4,1,10,10,0
80,10,2,0,0.15,36,24,0,1,2,4,2,4,1,10,10,0
85,10,2,0,0.15,36,24,0,1,2,4,2,4,1,10,10,0
90,10,2,0,0.15,36,24,0,1,2,4,2,4,1,10,10,0
95,10,2,0,0.15,36,24,0,1,2,4,2,4,1,10,10,0
100,10,2,0,0.15,36,24,0,1,2,4,2,4,1,10,10,0
5,15,2,0,0.15,36,24,0,1,2,4,2,4,1,10,10,0
10,15,2,0,0.15,36,24,0,1,2,4,2,4,1,10,10,0
15,15,2,0,0.15,36,24,0,1,2,4,2,4,1,10,10,0
20,15,2,0,0.15,36,24,0,1,2,4,2,4,1,10,10,0
25,15,2,0,0.15,36,24,0,1,2,4,2,4,1,10,10,0
30,15,2,0,0.15,36,24,0,1,2,4,2,4,1,10,10,0
35,15,2,0,0.15,36,24,0,1,2,4,2,4,1,10,10,0
40,15,2,0,0.15,36,24,0,1,2,4,2,4,1,10,10,0
45,15,2,0,0.15,36,24,0,1,2,4,2,4,1,10,10,0
50,15,2,0,0.15,36,24,0,1,2,4,2,4,1,10,10,0
55,15,2,0,0.15,36,24,0,1,2,4,2,4,1,10,10,0
60,15,2,0,0.15,36,24,0,1,2,4,2,4,1,10,10,0
65,15,2,0,0.15,36,24,0,1,2,4,2,4,1,10,10,0
70,15,2,0,0.15,36,24,0,1,2,4,2,4,1,10,10,0
75,15,2,0,0.15,36,24,0,1,2,4,2,4,1,10,10,0
80,15,2,0,0.15,36,24,0,1,2,4,2,4,1,10,10,0
85,15,2,0,0.15,36,24,0,1,2,4,2,4,1,10,10,0
90,15,2,0,0.15,36,24,0,1,2,4,2,4,1,10,10,0
95,15,2,0,0.15,36,24,0,1,2,4,2,4,1,10,10,0
100,15,2,0,0.15,36,24,0,1,2,4,2,4,1,10,10,0
5,20,2,0,0.15,36,24,0,1,2,4,2,4,1,10,10,0
10,20,2,0,0.15,36,24,0,1,2,4,2,4,1,10,10,0
15,20,2,0,0.15,36,24,0,1,2,4,2,4,1,10,10,0
20,20,2,0,0.15,36,24,0,1,2,4,2,4,1,10,10,0
25,20,2,0,0.15,36,24,0,1,2,4,2,4,1,10,10,0
30,20,2,0,0.15,36,24,0,1,2,4,2,4,1,10,10,0
35,20,2,0,0.15,36,24,0,1,2,4,2,4,1,10,10,0
40,20,2,0,0.15,36,24,0,1,2,4,2,4,1,10,10,0
45,20,2,0,0.15,36,24,0,1,2,4,2,4,1,10,10,0
50,20,2,0,0.15,36,24,0,1,2,4,2,4,1,10,10,0
55,20,2,0,0.15,36,24,0,1,2,4,2,4,1,10,10,0
60,20,2,0,0.15,36,24,0,1,2,4,2,4,1,10,10,0
65,20,2,0,0.15,36,24,0,1,2,4,2,4,1,10,10,0
70,20,2,0,0.15,36,24,0,1,2,4,2,4,1,10,10,0
75,20,2,0,0.15,36,24,0,1,2,4,2,4,1,10,10,0
80,20,2,0,0.15,36,24,0,1,2,4,2,4,1,10,10,0
85,20,2,0,0.15,36,24,0,1,2,4,2,4,1,10,10,0
90,20,2,0,0.15,36,24,0,1,2,4,2,4,1,10,10,0
95,20,2,0,0.15,36,24,0,1,2,4,2,4,1,10,10,0
100,20,2,0,0.15,36,24,0,1,2,4,2,4,1,10,10,0
5,25,2,0,0.15,36,24,0,1,2,4,2,4,1,10,10,0
10,25,2,0,0.15,36,24,0,1,2,4,2,4,1,10,10,0
15,25,2,0,0.15,36,24,0,1,2,4,2,4,1,10,10,0
20,25,2,0,0.15,36,24,0,1,2,4,2,4,1,10,10,0
25,25,2,0,0.15,36,24,0,1,2,4,2,4,1,10,10,0
30,25,2,0,0.15,36,24,0,1,2,4,2,4,1,10,10,0
35,25,2,0,0.15,36,24,0,1,2,4,2,4,1,10,10,0
40,25,2,0,0.15,36,24,0,1,2,4,2,4,1,10,10,0
45,25,2,0,0.15,36,24,0,1,2,4,2,4,1,10,10,0
50,25,2,0,0.15,36,24,0,1,2,4,2,4,1,10,10,0
55,25,2,0,0.15,36,24,0,1,2,4,2,4,1,10,10,0
60,25,2,0,0.15,36,24,0,1,2,4,2,4,1,10,10,0
65,25,2,0,0.15,36,24,0,1,2,4,2,4,1,10,10,0
70,25,2,0,0.15,36,24,0,1,2,4,2,4,1,10,10,0
75,25,2,0,0.15,36,24,0,1,2,4,2,4,1,10,10,0
80,25,2,0,0.15,36,24,0,1,2,4,2,4,1,10,10,0
85,25,2,0,0.15,36,24,0,1,2,4,2,4,1,10,10,0
90,25,2,0,0.15,36,24,0,1,2,4,2,4,1,10,10,0
95,25,2,0,0.15,36,24,0,1,2,4,2,4,1,10,10,0
100,25,2,0,0.15,36,24,0,1,2,4,2,4,1,10,10,0
5,30,2,0,0.15,36,24,0,1,2,4,2,4,1,10,10,0
10,30,2,0,0.15,36,24,0,1,2,4,2,4,1,10,10,0
15,30,2,0,0.15,36,24,0,1,2,4,2,4,1,10,10,0
20,30,2,0,0.15,36,24,0,1,2,4,2,4,1,10,10,0
25,30,2,0,0.15,36,24,0,1,2,4,2,4,1,10,10,0
30,30,2,0,0.15,36,24,0,1,2,4,2,4,1,10,10,0
35,30,2,0,0.15,36,24,0,1,2,4,2,4,1,10,10,0
40,30,2,0,0.15,36,24,0,1,2,4,2,4,1,10,10,0
45,30,2,0,0.15,36,24,0,1,2,4,2,4,1,10,10,0
50,30,2,0,0.15,36,24,0,1,2,4,2,4,1,10,10,0
55,30,2,0,0.15,36,24,0,1,2,4,2,4,1,10,10,0
60,30,2,0,0.15,36,24,0,1,2,4,2,4,1,10,10,0
65,30,2,0,0.15,36,24,0,1,2,4,2,4,1,10,10,0
70,30,2,0,0.15,36,24,0,1,2,4,2,4,1,10,10,0
75,30,2,0,0.15,36,24,0,1,2,4,2,4,1,10,10,0
80,30,2,0,0.15,36,24,0,1,2,4,2,4,1,10,10,0
85,30,2,0,0.15,36,24,0,1,2,4,2,4,1,10,10,0
90,30,2,0,0.15,36,24,0,1,2,4,2,4,1,10,10,0
95,30,2,0,0.15,36,24,0,1,2,4,2,4,1,10,10,0
100,30,2,0,0.15,36,24,0,1,2,4,2,4,1,10,10,0
5,35,2,0,0.15,36,24,0,1,2,4,2,4,1,10,10,0
10,35,2,0,0.15,36,24,0,1,2,4,2,4,1,10,10,0
15,35,2,0,0.15,36,24,0,1,2,4,2,4,1,10,10,0
20,35,2,0,0.15,36,24,0,1,2,4,2,4,1,10,10,0
25,35,2,0,0.15,36,24,0,1,2,4,2,4,1,10,10,0
30,35,2,0,0.15,36,24,0,1,2,4,2,4,1,10,10,0
35,35,2,0,0.15,36,24,0,1,2,4,2,4,1,10,10,0
40,35,2,0,0.15,36,24,0,1,2,4,2,4,1,10,10,0
45,35,2,0,0.15,36,24,0,1,2,4,2,4,1,10,10,0
50,35,2,0,0.15,36,24,0,1,2,4,2,4,1,10,10,0
55,35,2,0,0.15,36,24,0,1,2,4,2,4,1,10,10,0
60,35,2,0,0.15,36,24,0,1,2,4,2,4,1,10,10,0
65,35,2,0,0.15,36,24,0,1,2,4,2,4,1,10,10,0
70,35,2,0,0.15,36,24,0,1,2,4,2,4,1,10,10,0
75,35,2,0,0.15,36,24,0,1,2,4,2,4,1,10,10,0
80,35,2,0,0.15,36,24,0,1,2,4,2,4,1,10,10,0
85,35,2,0,0.15,36,24,0,1,2,4,2,4,1,10,10,0
90,35,2,0,0.15,36,24,0,1,2,4,2,4,1,10,10,0
95,35,2,0,0.15,36,24,0,1,2,4,2,4,1,10,10,0
100,35,2,0,0.15,36,24,0,1,2,4,2,4,1,10,10,0
5,40,2,0,0.15,36,24,0,1,2,4,2,4,1,10,10,0
10,40,2,0,0.15,36,24,0,1,2,4,2,4,1,10,10,0
15,40,2,0,0.15,36,24,0,1,2,4,2,4,1,10,10,0
20,40,2,0,0.15,36,24,0,1,2,4,2,4,1,10,10,0
25,40,2,0,0.15,36,24,0,1,2,4,2,4,1,10,10,0
30,40,2,0,0.15,36,24,0,1,2,4,2,4,1,10,10,0
35,40,2,0,0.15,36,24,0,1,2,4,2,4,1,10,10,0
40,40,2,0,0.15,36,24,0,1,2,4,2,4,1,10,10,0
45,40,2,0,0.15,36,24,0,1,2,4,2,4,1,10,10,0
50,40,2,0,0.15,36,24,0,1,2,4,2,4,1,10,10,0
55,40,2,0,0.15,36,24,0,1,2,4,2,4,1,10,10,0
60,40,2,0,0.15,36,24,0,1,2,4,2,4,1,10,10,0
65,40,2,0,0.15,36,24,0,1,2,4,2,4,1,10,10,0
70,40,2,0,0.15,36,24,0,1,2,4,2,4,1,10,10,0
75,40,2,0,0.15,36,24,0,1,2,4,2,4,1,10,10,0
80,40,2,0,0.15,36,24,0,1,2,4,2,4,1,10,10,0
85,40,2,0,0.15,36,24,0,1,2,4,2,4,1,10,10,0
90,40,2,0,0.15,36,24,0,1,2,4,2,4,1,10,10,0
95,40,2,0,0.15,36,24,0,1,2,4,2,4,1,10,10,0
100,40,2,0,0.15,36,24,0,1,2,4,2,4,1,10,10,0
5,45,2,0,0.15,36,24,0,1,2,4,2,4,1,10,10,0
10,45,2,0,0.15,36,24,0,1,2,4,2,4,1,10,10,0
15,45,2,0,0.15,36,24,0,1,2,4,2,4,1,10,10,0
20,45,2,0,0.15,36,24,0,1,2,4,2,4,1,10,10,0
25,45,2,0,0.15,36,24,0,1,2,4,2,4,1,10,10,0
30,45,2,0,0.15,36,24,0,1,2,4,2,4,1,10,10,0
35,45,2,0,0.15,36,24,0,1,2,4,2,4,1,10,10,0
40,45,2,0,0.15,36,24,0,1,2,4,2,4,1,10,10,0
45,45,2,0,0.15,36,24,0,1,2,4,2,4,1,10,10,0
50,45,2,0,0.15,36,24,0,1,2,4,2,4,1,10,10,0
55,45,2,0,0.15,36,24,0,1,2,4,2,4,1,10,10,0
60,45,2,0,0.15,36,24,0,1,2,4,2,4,1,10,10,0
65,45,2,0,0.15,36,24,0,1,2,4,2,4,1,10,10,0
70,45,2,0,0.15,36,24,0,1,2,4,2,4,1,10,10,0
75,45,2,0,0.15,36,24,0,1,2,4,2,4,1,10,10,0
80,45,2,0,0.15,36,24,0,1,2,4,2,4,1,10,10,0
85,45,2,0,0.15,36,24,0,1,2,4,2,4,1,10,10,0
90,45,2,0,0.15,36,24,0,1,2,4,2,4,1,10,10,0
95,45,2,0,0.15,36,24,0,1,2,4,2,4,1,10,10,0
100,45,2,0,0.15,36,24,0,1,2,4,2,4,1,10,10,0
5,50,2,0,0.15,36,24,0,1,2,4,2,4,1,10,10,0
10,50,2,0,0.15,36,24,0,1,2,4,2,4,1,10,10,0
15,50,2,0,0.15,36,24,0,1,2,4,2,4,1,10,10,0
20,50,2,0,0.15,36,24,0,1,2,4,2,4,1,10,10,0
25,50,2,0,0.15,36,24,0,1,2,4,2,4,1,10,10,0
30,50,2,0,0.15,36,24,0,1,2,4,2,4,1,10,10,0
35,50,2,0,0.15,36,24,0,1,2,4,2,4,1,10,10,0
40,50,2,0,0.15,36,24,0,1,2,4,2,4,1,10,10,0
45,50,2,0,0.15,36,24,0,1,2,4,2,4,1,10,10,0
50,50,2,0,0.15,36,24,0,1,2,4,2,4,1,10,10,0
55,50,2,0,0.15,36,24,0,1,2,4,2,4,1,10,10,0
60,50,2,0,0.15,36,24,0,1,2,4,2,4,1,10,10,0
65,50,2,0,0.15,36,24,0,1,2,4,2,4,1,10,10,0
70,50,2,0,0.15,36,24,0,1,2,4,2,4,1,10,10,0
75,50,2,0,0.15,36,24,0,1,2,4,2,4,1,10,10,0
80,50,2,0,0.15,36,24,0,1,2,4,2,4,1,10,10,0
85,50,2,0,0.15,36,24,0,1,2,4,2,4,1,10,10,0
90,50,2,0,0.15,36,24,0,1,2,4,2,4,1,10,10,0
95,50,2,0,0.15,36,24,0,1,2,4,2,4,1,10,10,0
100,50,2,0,0.15,36,24,0,1,2,4,2,4,1,10,10,0
5,55,2,0,0.15,36,24,0,1,2,4,2,4,1,10,10,0
10,55,2,0,0.15,36,24,0,1,2,4,2,4,1,10,10,0
15,55,2,0,0.15,36,24,0,1,2,4,2,4,1,10,10,0
20,55,2,0,0.15,36,24,0,1,2,4,2,4,1,10,10,0
25,55,2,0,0.15,36,24,0,1,2,4,2,4,1,10,10,0
30,55,2,0,0.15,36,24,0,1,2,4,2,4,1,10,10,0
35,55,2,0,0.15,36,24,0,1,2,4,2,4,1,10,10,0
40,55,2,0,0.15,36,24,0,1,2,4,2,4,1,10,10,0
45,55,2,0,0.15,36,24,0,1,2,4,2,4,1,10,10,0
50,55,2,0,0.15,36,24,0,1,2,4,2,4,1,10,10,0
55,55,2,0,0.15,36,24,0,1,2,4,2,4,1,10,10,0
60,55,2,0,0.15,36,24,0,1,2,4,2,4,1,10,10,0
65,55,2,0,0.15,36,24,0,1,2,4,2,4,1,10,10,0
70,55,2,0,0.15,36,24,0,1,2,4,2,4,1,10,10,0
75,55,2,0,0.15,36,24,0,1,2,4,2,4,1,10,10,0
80,55,2,0,0.15,36,24,0,1,2,4,2,4,1,10,10,0
85,55,2,0,0.15,36,24,0,1,2,4,2,4,1,10,10,0
90,55,2,0,0.15,36,24,0,1,2,4,2,4,1,10,10,0
95,55,2,0,0.15,36,24,0,1,2,4,2,4,1,10,10,0
100,55,2,0,0.15,36,24,0,1,2,4,2,4,1,10,10,0
5,60,2,0,0.15,36,24,0,1,2,4,2,4,1,10,10,0
10,60,2,0,0.15,36,24,0,1,2,4,2,4,1,10,10,0
15,60,2,0,0.15,36,24,0,1,2,4,2,4,1,10,10,0
20,60,2,0,0.15,36,24,0,1,2,4,2,4,1,10,10,0
25,60,2,0,0.15,36,24,0,1,2,4,2,4,1,10,10,0
30,60,2,0,0.15,36,24,0,1,2,4,2,4,1,10,10,0
35,60,2,0,0.15,36,24,0,1,2,4,2,4,1,10,10,0
40,60,2,0,0.15,36,24,0,1,2,4,2,4,1,10,10,0
45,60,2,0,0.15,36,24,0,1,2,4,2,4,1,10,10,0
50,60,2,0,0.15,36,24,0,1,2,4,2,4,1,10,10,0
55,60,2,0,0.15,36,24,0,1,2,4,2,4,1,10,10,0
60,60,2,0,0.15,36,24,0,1,2,4,2,4,1,10,10,0
65,60,2,0,0.15,36,24,0,1,2,4,2,4,1,10,10,0
70,60,2,0,0.15,36,24,0,1,2,4,2,4,1,10,10,0
75,60,2,0,0.15,36,24,0,1,2,4,2,4,1,10,10,0
80,60,2,0,0.15,36,24,0,1,2,4,2,4,1,10,10,0
85,60,2,0,0.15,36,24,0,1,2,4,2,4,1,10,10,0
90,60,2,0,0.15,36,24,0,1,2,4,2,4,1,10,10,0
95,60,2,0,0.15,36,24,0,1,2,4,2,4,1,10,10,0
100,60,2,0,0.15,36,24,0,1,2,4,2,4,1,10,10,0
5,65,2,0,0.15,36,24,0,1,2,4,2,4,1,10,10,0
10,65,2,0,0.15,36,24,0,1,2,4,2,4,1,10,10,0
15,65,2,0,0.15,36,24,0,1,2,4,2,4,1,10,10,0
20,65,2,0,0.15,36,24,0,1,2,4,2,4,1,10,10,0
25,65,2,0,0.15,36,24,0,1,2,4,2,4,1,10,10,0
30,65,2,0,0.15,36,24,0,1,2,4,2,4,1,10,10,0
35,65,2,0,0.15,36,24,0,1,2,4,2,4,1,10,10,0
40,65,2,0,0.15,36,24,0,1,2,4,2,4,1,10,10,0
45,65,2,0,0.15,36,24,0,1,2,4,2,4,1,10,10,0
50,65,2,0,0.15,36,24,0,1,2,4,2,4,1,10,10,0
55,65,2,0,0.15,36,24,0,1,2,4,2,4,1,10,10,0
60,65,2,0,0.15,36,24,0,1,2,4,2,4,1,10,10,0
65,65,2,0,0.15,36,24,0,1,2,4,2,4,1,10,10,0
70,65,2,0,0.15,36,24,0,1,2,4,2,4,1,10,10,0
75,65,2,0,0.15,36,24,0,1,2,4,2,4,1,10,10,0
80,65,2,0,0.15,36,24,0,1,2,4,2,4,1,10,10,0
85,65,2,0,0.15,36,24,0,1,2,4,2,4,1,10,10,0
90,65,2,0,0.15,36,24,0,1,2,4,2,4,1,10,10,0
95,65,2,0,0.15,36,24,0,1,2,4,2,4,1,10,10,0
100,65,2,0,0.15,36,24,0,1,2,4,2,4,1,10,10,0
5,70,2,0,0.15,36,24,0,1,2,4,2,4,1,10,10,0
10,70,2,0,0.15,36,24,0,1,2,4,2,4,1,10,10,0
15,70,2,0,0.15,36,24,0,1,2,4,2,4,1,10,10,0
20,70,2,0,0.15,36,24,0,1,2,4,2,4,1,10,10,0
25,70,2,0,0.15,36,24,0,1,2,4,2,4,1,10,10,0
30,70,2,0,0.15,36,24,0,1,2,4,2,4,1,10,10,0
35,70,2,0,0.15,36,24,0,1,2,4,2,4,1,10,10,0
40,70,2,0,0.15,36,24,0,1,2,4,2,4,1,10,10,0
45,70,2,0,0.15,36,24,0,1,2,4,2,4,1,10,10,0
50,70,2,0,0.15,36,24,0,1,2,4,2,4,1,10,10,0
55,70,2,0,0.15,36,24,0,1,2,4,2,4,1,10,10,0
60,70,2,0,0.15,36,24,0,1,2,4,2,4,1,10,10,0
65,70,2,0,0.15,36,24,0,1,2,4,2,4,1,10,10,0
70,70,2,0,0.15,36,24,0,1,2,4,2,4,1,10,10,0
75,70,2,0,0.15,36,24,0,1,2,4,2,4,1,10,10,0
80,70,2,0,0.15,36,24,0,1,2,4,2,4,1,10,10,0
85,70,2,0,0.15,36,24,0,1,2,4,2,4,1,10,10,0
90,70,2,0,0.15,36,24,0,1,2,4,2,4,1,10,10,0
95,70,2,0,0.15,36,24,0,1,2,4,2,4,1,10,10,0
100,70,2,0,0.15,36,24,0,1,2,4,2,4,1,10,10,0
5,75,2,0,0.15,36,24,0,1,2,4,2,4,1,10,10,0
10,75,2,0,0.15,36,24,0,1,2,4,2,4,1,10,10,0
15,75,2,0,0.15,36,24,0,1,2,4,2,4,1,10,10,0
20,75,2,0,0.15,36,24,0,1,2,4,2,4,1,10,10,0
25,75,2,0,0.15,36,24,0,1,2,4,2,4,1,10,10,0
30,75,2,0,0.15,36,24,0,1,2,4,2,4,1,10,10,0
35,75,2,0,0.15,36,24,0,1,2,4,2,4,1,10,10,0
40,75,2,0,0.15,36,24,0,1,2,4,2,4,1,10,10,0
45,75,2,0,0.15,36,24,0,1,2,4,2,4,1,10,10,0
50,75,2,0,0.15,36,24,0,1,2,4,2,4,1,10,10,0
55,75,2,0,0.15,36,24,0,1,2,4,2,4,1,10,10,0
60,75,2,0,0.15,36,24,0,1,2,4,2,4,1,10,10,0
65,75,2,0,0.15,36,24,0,1,2,4,2,4,1,10,10,0
70,75,2,0,0.15,36,24,0,1,2,4,2,4,1,10,10,0
75,75,2,0,0.15,36,24,0,1,2,4,2,4,1,10,10,0
80,75,2,0,0.15,36,24,0,1,2,4,2,4,1,10,10,0
85,75,2,0,0.15,36,24,0,1,2,4,2,4,1,10,10,0
90,75,2,0,0.15,36,24,0,1,2,4,2,4,1,10,10,0
95,75,2,0,0.15,36,24,0,1,2,4,2,4,1,10,10,0
100,75,2,0,0.15,36,24,0,1,2,4,2,4,1,10,10,0
5,80,2,0,0.15,36,24,0,1,2,4,2,4,1,10,10,0
10,80,2,0,0.15,36,24,0,1,2,4,2,4,1,10,10,0
15,80,2,0,0.15,36,24,0,1,2,4,2,4,1,10,10,0
20,80,2,0,0.15,36,24,0,1,2,4,2,4,1,10,10,0
25,80,2,0,0.15,36,24,0,1,2,4,2,4,1,10,10,0
30,80,2,0,0.15,36,24,0,1,2,4,2,4,1,10,10,0
35,80,2,0,0.15,36,24,0,1,2,4,2,4,1,10,10,0
40,80,2,0,0.15,36,24,0,1,2,4,2,4,1,10,10,0
45,80,2,0,0.15,36,24,0,1,2,4,2,4,1,10,10,0
50,80,2,0,0.15,36,24,0,1,2,4,2,4,1,10,10,0
55,80,2,0,0.15,36,24,0,1,2,4,2,4,1,10,10,0
60,80,2,0,0.15,36,24,0,1,2,4,2,4,1,10,10,0
65,80,2,0,0.15,36,24,0,1,2,4,2,4,1,10,10,0
70,80,2,0,0.15,36,24,0,1,2,4,2,4,1,10,10,0
75,80,2,0,0.15,36,24,0,1,2,4,2,4,1,10,10,0
80,80,2,0,0.15,36,24,0,1,2,4,2,4,1,10,10,0
85,80,2,0,0.15,36,24,0,1,2,4,2,4,1,10,10,0
90,80,2,0,0.15,36,24,0,1,2,4,2,4,1,10,10,0
95,80,2,0,0.15,36,24,0,1,2,4,2,4,1,10,10,0
100,80,2,0,0.15,36,24,0,1,2,4,2,4,1,10,10,0
5,85,2,0,0.15,36,24,0,1,2,4,2,4,1,10,10,0
10,85,2,0,0.15,36,24,0,1,2,4,2,4,1,10,10,0
15,85,2,0,0.15,36,24,0,1,2,4,2,4,1,10,10,0
20,85,2,0,0.15,36,24,0,1,2,4,2,4,1,10,10,0
25,85,2,0,0.15,36,24,0,1,2,4,2,4,1,10,10,0
30,85,2,0,0.15,36,24,0,1,2,4,2,4,1,10,10,0
35,85,2,0,0.15,36,24,0,1,2,4,2,4,1,10,10,0
40,85,2,0,0.15,36,24,0,1,2,4,2,4,1,10,10,0
45,85,2,0,0.15,36,24,0,1,2,4,2,4,1,10,10,0
50,85,2,0,0.15,36,24,0,1,2,4,2,4,1,10,10,0
55,85,2,0,0.15,36,24,0,1,2,4,2,4,1,10,10,0
60,85,2,0,0.15,36,24,0,1,2,4,2,4,1,10,10,0
65,85,2,0,0.15,36,24,0,1,2,4,2,4,1,10,10,0
70,85,2,0,0.15,36,24,0,1,2,4,2,4,1,10,10,0
75,85,2,0,0.15,36,24,0,1,2,4,2,4,1,10,10,0
80,85,2,0,0.15,36,24,0,1,2,4,2,4,1,10,10,0
85,85,2,0,0.15,36,24,0,1,2,4,2,4,1,10,10,0
90,85,2,0,0.15,36,24,0,1,2,4,2,4,1,10,10,0
95,85,2,0,0.15,36,24,0,1,2,4,2,4,1,10,10,0
100,85,2,0,0.15,36,24,0,1,2,4,2,4,1,10,10,0
5,90,2,0,0.15,36,24,0,1,2,4,2,4,1,10,10,0
10,90,2,0,0.15,36,24,0,1,2,4,2,4,1,10,10,0
15,90,2,0,0.15,36,24,0,1,2,4,2,4,1,10,10,0
20,90,2,0,0.15,36,24,0,1,2,4,2,4,1,10,10,0
25,90,2,0,0.15,36,24,0,1,2,4,2,4,1,10,10,0
30,90,2,0,0.15,36,24,0,1,2,4,2,4,1,10,10,0
35,90,2,0,0.15,36,24,0,1,2,4,2,4,1,10,10,0
40,90,2,0,0.15,36,24,0,1,2,4,2,4,1,10,10,0
45,90,2,0,0.15,36,24,0,1,2,4,2,4,1,10,10,0
50,90,2,0,0.15,36,24,0,1,2,4,2,4,1,10,10,0
55,90,2,0,0.15,36,24,0,1,2,4,2,4,1,10,10,0
60,90,2,0,0.15,36,24,0,1,2,4,2,4,1,10,10,0
65,90,2,0,0.15,36,24,0,1,2,4,2,4,1,10,10,0
70,90,2,0,0.15,36,24,0,1,2,4,2,4,1,10,10,0
75,90,2,0,0.15,36,24,0,1,2,4,2,4,1,10,10,0
80,90,2,0,0.15,36,24,0,1,2,4,2,4,1,10,10,0
85,90,2,0,0.15,36,24,0,1,2,4,2,4,1,10,10,0
90,90,2,0,0.15,36,24,0,1,2,4,2,4,1,10,10,0
95,90,2,0,0.15,36,24,0,1,2,4,2,4,1,10,10,0
100,90,2,0,0.15,36,24,0,1,2,4,2,4,1,10,10,0
5,95,2,0,0.15,36,24,0,1,2,4,2,4,1,10,10,0
10,95,2,0,0.15,36,24,0,1,2,4,2,4,1,10,10,0
15,95,2,0,0.15,36,24,0,1,2,4,2,4,1,10,10,0
20,95,2,0,0.15,36,24,0,1,2,4,2,4,1,10,10,0
25,95,2,0,0.15,36,24,0,1,2,4,2,4,1,10,10,0
30,95,2,0,0.15,36,24,0,1,2,4,2,4,1,10,10,0
35,95,2,0,0.15,36,24,0,1,2,4,2,4,1,10,10,0
40,95,2,0,0.15,36,24,0,1,2,4,2,4,1,10,10,0
45,95,2,0,0.15,36,24,0,1,2,4,2,4,1,10,10,0
50,95,2,0,0.15,36,24,0,1,2,4,2,4,1,10,10,0
55,95,2,0,0.15,36,24,0,1,2,4,2,4,1,10,10,0
60,95,2,0,0.15,36,24,0,1,2,4,2,4,1,10,10,0
65,95,2,0,0.15,36,24,0,1,2,4,2,4,1,10,10,0
70,95,2,0,0.15,36,24,0,1,2,4,2,4,1,10,10,0
75,95,2,0,0.15,36,24,0,1,2,4,2,4,1,10,10,0
80,95,2,0,0.15,36,24,0,1,2,4,2,4,1,10,10,0
85,95,2,0,0.15,36,24,0,1,2,4,2,4,1,10,10,0
90,95,2,0,0.15,36,24,0,1,2,4,2,4,1,10,10,0
95,95,2,0,0.15,36,24,0,1,2,4,2,4,1,10,10,0
100,95,2,0,0.15,36,24,0,1,2,4,2,4,1,10,10,0
5,100,2,0,0.15,36,24,0,1,2,4,2,4,1,10,10,0
10,100,2,0,0.15,36,24,0,1,2,4,2,4,1,10,10,0
15,100,2,0,0.15,36,24,0,1,2,4,2,4,1,10,10,0
20,100,2,0,0.15,36,24,0,1,2,4,2,4,1,10,10,0
25,100,2,0,0.15,36,24,0,1,2,4,2,4,1,10,10,0
30,100,2,0,0.15,36,24,0,1,2,4,2,4,1,10,10,0
35,100,2,0,0.15,36,24,0,1,2,4,2,4,1,10,10,0
40,100,2,0,0.15,36,24,0,1,2,4,2,4,1,10,10,0
45,100,2,0,0.15,36,24,0,1,2,4,2,4,1,10,10,0
50,100,2,0,0.15,36,24,0,1,2,4,2,4,1,10,10,0
55,100,2,0,0.15,36,24,0,1,2,4,2,4,1,10,10,0
60,100,2,0,0.15,36,24,0,1,2,4,2,4,1,10,10,0
65,100,2,0,0.15,36,24,0,1,2,4,2,4,1,10,10,0
70,100,2,0,0.15,36,24,0,1,2,4,2,4,1,10,10,0
75,100,2,0,0.15,36,24,0,1,2,4,2,4,1,10,10,0
80,100,2,0,0.15,36,24,0,1,2,4,2,4,1,10,10,0
85,100,2,0,0.15,36,24,0,1,2,4,2,4,1,10,10,0
90,100,2,0,0.15,36,24,0,1,2,4,2,4,1,10,10,0
95,100,2,0,0.15,36,24,0,1,2,4,2,4,1,10,10,0
100,100,2,0,0.15,36,24,0,1,2,4,2,4,1,10,10,0
5,5,4,0,0.15,36,24,0,1,2,4,2,4,1,10,10,0
10,5,4,0,0.15,36,24,0,1,2,4,2,4,1,10,10,0
15,5,4,0,0.15,36,24,0,1,2,4,2,4,1,10,10,0
20,5,4,0,0.15,36,24,0,1,2,4,2,4,1,10,10,0
25,5,4,0,0.15,36,24,0,1,2,4,2,4,1,10,10,0
30,5,4,0,0.15,36,24,0,1,2,4,2,4,1,10,10,0
35,5,4,0,0.15,36,24,0,1,2,4,2,4,1,10,10,0
40,5,4,0,0.15,36,24,0,1,2,4,2,4,1,10,10,0
45,5,4,0,0.15,36,24,0,1,2,4,2,4,1,10,10,0
50,5,4,0,0.15,36,24,0,1,2,4,2,4,1,10,10,0
55,5,4,0,0.15,36,24,0,1,2,4,2,4,1,10,10,0
60,5,4,0,0.15,36,24,0,1,2,4,2,4,1,10,10,0
65,5,4,0,0.15,36,24,0,1,2,4,2,4,1,10,10,0
70,5,4,0,0.15,36,24,0,1,2,4,2,4,1,10,10,0
75,5,4,0,0.15,36,24,0,1,2,4,2,4,1,10,10,0
80,5,4,0,0.15,36,24,0,1,2,4,2,4,1,10,10,0
85,5,4,0,0.15,36,24,0,1,2,4,2,4,1,10,10,0
90,5,4,0,0.15,36,24,0,1,2,4,2,4,1,10,10,0
95,5,4,0,0.15,36,24,0,1,2,4,2,4,1,10,10,0
100,5,4,0,0.15,36,24,0,1,2,4,2,4,1,10,10,0
5,10,4,0,0.15,36,24,0,1,2,4,2,4,1,10,10,0
10,10,4,0,0.15,36,24,0,1,2,4,2,4,1,10,10,0
15,10,4,0,0.15,36,24,0,1,2,4,2,4,1,10,10,0
20,10,4,0,0.15,36,24,0,1,2,4,2,4,1,10,10,0
25,10,4,0,0.15,36,24,0,1,2,4,2,4,1,10,10,0
30,10,4,0,0.15,36,24,0,1,2,4,2,4,1,10,10,0
35,10,4,0,0.15,36,24,0,1,2,4,2,4,1,10,10,0
40,10,4,0,0.15,36,24,0,1,2,4,2,4,1,10,10,0
45,10,4,0,0.15,36,24,0,1,2,4,2,4,1,10,10,0
50,10,4,0,0.15,36,24,0,1,2,4,2,4,1,10,10,0
55,10,4,0,0.15,36,24,0,1,2,4,2,4,1,10,10,0
60,10,4,0,0.15,36,24,0,1,2,4,2,4,1,10,10,0
65,10,4,0,0.15,36,24,0,1,2,4,2,4,1,10,10,0
70,10,4,0,0.15,36,24,0,1,2,4,2,4,1,10,10,0
75,10,4,0,0.15,36,24,0,1,2,4,2,4,1,10,10,0
80,10,4,0,0.15,36,24,0,1,2,4,2,4,1,10,10,0
85,10,4,0,0.15,36,24,0,1,2,4,2,4,1,10,10,0
90,10,4,0,0.15,36,24,0,1,2,4,2,4,1,10,10,0
95,10,4,0,0.15,36,24,0,1,2,4,2,4,1,10,10,0
100,10,4,0,0.15,36,24,0,1,2,4,2,4,1,10,10,0
5,15,4,0,0.15,36,24,0,1,2,4,2,4,1,10,10,0
10,15,4,0,0.15,36,24,0,1,2,4,2,4,1,10,10,0
15,15,4,0,0.15,36,24,0,1,2,4,2,4,1,10,10,0
20,15,4,0,0.15,36,24,0,1,2,4,2,4,1,10,10,0
25,15,4,0,0.15,36,24,0,1,2,4,2,4,1,10,10,0
30,15,4,0,0.15,36,24,0,1,2,4,2,4,1,10,10,0
35,15,4,0,0.15,36,24,0,1,2,4,2,4,1,10,10,0
40,15,4,0,0.15,36,24,0,1,2,4,2,4,1,10,10,0
45,15,4,0,0.15,36,24,0,1,2,4,2,4,1,10,10,0
50,15,4,0,0.15,36,24,0,1,2,4,2,4,1,10,10,0
55,15,4,0,0.15,36,24,0,1,2,4,2,4,1,10,10,0
60,15,4,0,0.15,36,24,0,1,2,4,2,4,1,10,10,0
65,15,4,0,0.15,36,24,0,1,2,4,2,4,1,10,10,0
70,15,4,0,0.15,36,24,0,1,2,4,2,4,1,10,10,0
75,15,4,0,0.15,36,24,0,1,2,4,2,4,1,10,10,0
80,15,4,0,0.15,36,24,0,1,2,4,2,4,1,10,10,0
85,15,4,0,0.15,36,24,0,1,2,4,2,4,1,10,10,0
90,15,4,0,0.15,36,24,0,1,2,4,2,4,1,10,10,0
95,15,4,0,0.15,36,24,0,1,2,4,2,4,1,10,10,0
100,15,4,0,0.15,36,24,0,1,2,4,2,4,1,10,10,0
5,20,4,0,0.15,36,24,0,1,2,4,2,4,1,10,10,0
10,20,4,0,0.15,36,24,0,1,2,4,2,4,1,10,10,0
15,20,4,0,0.15,36,24,0,1,2,4,2,4,1,10,10,0
20,20,4,0,0.15,36,24,0,1,2,4,2,4,1,10,10,0
25,20,4,0,0.15,36,24,0,1,2,4,2,4,1,10,10,0
30,20,4,0,0.15,36,24,0,1,2,4,2,4,1,10,10,0
35,20,4,0,0.15,36,24,0,1,2,4,2,4,1,10,10,0
40,20,4,0,0.15,36,24,0,1,2,4,2,4,1,10,10,0
45,20,4,0,0.15,36,24,0,1,2,4,2,4,1,10,10,0
50,20,4,0,0.15,36,24,0,1,2,4,2,4,1,10,10,0
55,20,4,0,0.15,36,24,0,1,2,4,2,4,1,10,10,0
60,20,4,0,0.15,36,24,0,1,2,4,2,4,1,10,10,0
65,20,4,0,0.15,36,24,0,1,2,4,2,4,1,10,10,0
70,20,4,0,0.15,36,24,0,1,2,4,2,4,1,10,10,0
75,20,4,0,0.15,36,24,0,1,2,4,2,4,1,10,10,0
80,20,4,0,0.15,36,24,0,1,2,4,2,4,1,10,10,0
85,20,4,0,0.15,36,24,0,1,2,4,2,4,1,10,10,0
90,20,4,0,0.15,36,24,0,1,2,4,2,4,1,10,10,0
95,20,4,0,0.15,36,24,0,1,2,4,2,4,1,10,10,0
100,20,4,0,0.15,36,24,0,1,2,4,2,4,1,10,10,0
5,25,4,0,0.15,36,24,0,1,2,4,2,4,1,10,10,0
10,25,4,0,0.15,36,24,0,1,2,4,2,4,1,10,10,0
15,25,4,0,0.15,36,24,0,1,2,4,2,4,1,10,10,0
20,25,4,0,0.15,36,24,0,1,2,4,2,4,1,10,10,0
25,25,4,0,0.15,36,24,0,1,2,4,2,4,1,10,10,0
30,25,4,0,0.15,36,24,0,1,2,4,2,4,1,10,10,0
35,25,4,0,0.15,36,24,0,1,2,4,2,4,1,10,10,0
40,25,4,0,0.15,36,24,0,1,2,4,2,4,1,10,10,0
45,25,4,0,0.15,36,24,0,1,2,4,2,4,1,10,10,0
50,25,4,0,0.15,36,24,0,1,2,4,2,4,1,10,10,0
55,25,4,0,0.15,36,24,0,1,2,4,2,4,1,10,10,0
60,25,4,0,0.15,36,24,0,1,2,4,2,4,1,10,10,0
65,25,4,0,0.15,36,24,0,1,2,4,2,4,1,10,10,0
70,25,4,0,0.15,36,24,0,1,2,4,2,4,1,10,10,0
75,25,4,0,0.15,36,24,0,1,2,4,2,4,1,10,10,0
80,25,4,0,0.15,36,24,0,1,2,4,2,4,1,10,10,0
85,25,4,0,0.15,36,24,0,1,2,4,2,4,1,10,10,0
90,25,4,0,0.15,36,24,0,1,2,4,2,4,1,10,10,0
95,25,4,0,0.15,36,24,0,1,2,4,2,4,1,10,10,0
100,25,4,0,0.15,36,24,0,1,2,4,2,4,1,10,10,0
5,30,4,0,0.15,36,24,0,1,2,4,2,4,1,10,10,0
10,30,4,0,0.15,36,24,0,1,2,4,2,4,1,10,10,0
15,30,4,0,0.15,36,24,0,1,2,4,2,4,1,10,10,0
20,30,4,0,0.15,36,24,0,1,2,4,2,4,1,10,10,0
25,30,4,0,0.15,36,24,0,1,2,4,2,4,1,10,10,0
30,30,4,0,0.15,36,24,0,1,2,4,2,4,1,10,10,0
35,30,4,0,0.15,36,24,0,1,2,4,2,4,1,10,10,0
40,30,4,0,0.15,36,24,0,1,2,4,2,4,1,10,10,0
45,30,4,0,0.15,36,24,0,1,2,4,2,4,1,10,10,0
50,30,4,0,0.15,36,24,0,1,2,4,2,4,1,10,10,0
55,30,4,0,0.15,36,24,0,1,2,4,2,4,1,10,10,0
60,30,4,0,0.15,36,24,0,1,2,4,2,4,1,10,10,0
65,30,4,0,0.15,36,24,0,1,2,4,2,4,1,10,10,0
70,30,4,0,0.15,36,24,0,1,2,4,2,4,1,10,10,0
75,30,4,0,0.15,36,24,0,1,2,4,2,4,1,10,10,0
80,30,4,0,0.15,36,24,0,1,2,4,2,4,1,10,10,0
85,30,4,0,0.15,36,24,0,1,2,4,2,4,1,10,10,0
90,30,4,0,0.15,36,24,0,1,2,4,2,4,1,10,10,0
95,30,4,0,0.15,36,24,0,1,2,4,2,4,1,10,10,0
100,30,4,0,0.15,36,24,0,1,2,4,2,4,1,10,10,0
5,35,4,0,0.15,36,24,0,1,2,4,2,4,1,10,10,0
10,35,4,0,0.15,36,24,0,1,2,4,2,4,1,10,10,0
15,35,4,0,0.15,36,24,0,1,2,4,2,4,1,10,10,0
20,35,4,0,0.15,36,24,0,1,2,4,2,4,1,10,10,0
25,35,4,0,0.15,36,24,0,1,2,4,2,4,1,10,10,0
30,35,4,0,0.15,36,24,0,1,2,4,2,4,1,10,10,0
35,35,4,0,0.15,36,24,0,1,2,4,2,4,1,10,10,0
40,35,4,0,0.15,36,24,0,1,2,4,2,4,1,10,10,0
45,35,4,0,0.15,36,24,0,1,2,4,2,4,1,10,10,0
50,35,4,0,0.15,36,24,0,1,2,4,2,4,1,10,10,0
55,35,4,0,0.15,36,24,0,1,2,4,2,4,1,10,10,0
60,35,4,0,0.15,36,24,0,1,2,4,2,4,1,10,10,0
65,35,4,0,0.15,36,24,0,1,2,4,2,4,1,10,10,0
70,35,4,0,0.15,36,24,0,1,2,4,2,4,1,10,10,0
75,35,4,0,0.15,36,24,0,1,2,4,2,4,1,10,10,0
80,35,4,0,0.15,36,24,0,1,2,4,2,4,1,10,10,0
85,35,4,0,0.15,36,24,0,1,2,4,2,4,1,10,10,0
90,35,4,0,0.15,36,24,0,1,2,4,2,4,1,10,10,0
95,35,4,0,0.15,36,24,0,1,2,4,2,4,1,10,10,0
100,35,4,0,0.15,36,24,0,1,2,4,2,4,1,10,10,0
5,40,4,0,0.15,36,24,0,1,2,4,2,4,1,10,10,0
10,40,4,0,0.15,36,24,0,1,2,4,2,4,1,10,10,0
15,40,4,0,0.15,36,24,0,1,2,4,2,4,1,10,10,0
20,40,4,0,0.15,36,24,0,1,2,4,2,4,1,10,10,0
25,40,4,0,0.15,36,24,0,1,2,4,2,4,1,10,10,0
30,40,4,0,0.15,36,24,0,1,2,4,2,4,1,10,10,0
35,40,4,0,0.15,36,24,0,1,2,4,2,4,1,10,10,0
40,40,4,0,0.15,36,24,0,1,2,4,2,4,1,10,10,0
45,40,4,0,0.15,36,24,0,1,2,4,2,4,1,10,10,0
50,40,4,0,0.15,36,24,0,1,2,4,2,4,1,10,10,0
55,40,4,0,0.15,36,24,0,1,2,4,2,4,1,10,10,0
60,40,4,0,0.15,36,24,0,1,2,4,2,4,1,10,10,0
65,40,4,0,0.15,36,24,0,1,2,4,2,4,1,10,10,0
70,40,4,0,0.15,36,24,0,1,2,4,2,4,1,10,10,0
75,40,4,0,0.15,36,24,0,1,2,4,2,4,1,10,10,0
80,40,4,0,0.15,36,24,0,1,2,4,2,4,1,10,10,0
85,40,4,0,0.15,36,24,0,1,2,4,2,4,1,10,10,0
90,40,4,0,0.15,36,24,0,1,2,4,2,4,1,10,10,0
95,40,4,0,0.15,36,24,0,1,2,4,2,4,1,10,10,0
100,40,4,0,0.15,36,24,0,1,2,4,2,4,1,10,10,0
5,45,4,0,0.15,36,24,0,1,2,4,2,4,1,10,10,0
10,45,4,0,0.15,36,24,0,1,2,4,2,4,1,10,10,0
15,45,4,0,0.15,36,24,0,1,2,4,2,4,1,10,10,0
20,45,4,0,0.15,36,24,0,1,2,4,2,4,1,10,10,0
25,45,4,0,0.15,36,24,0,1,2,4,2,4,1,10,10,0
30,45,4,0,0.15,36,24,0,1,2,4,2,4,1,10,10,0
35,45,4,0,0.15,36,24,0,1,2,4,2,4,1,10,10,0
40,45,4,0,0.15,36,24,0,1,2,4,2,4,1,10,10,0
45,45,4,0,0.15,36,24,0,1,2,4,2,4,1,10,10,0
50,45,4,0,0.15,36,24,0,1,2,4,2,4,1,10,10,0
55,45,4,0,0.15,36,24,0,1,2,4,2,4,1,10,10,0
60,45,4,0,0.15,36,24,0,1,2,4,2,4,1,10,10,0
65,45,4,0,0.15,36,24,0,1,2,4,2,4,1,10,10,0
70,45,4,0,0.15,36,24,0,1,2,4,2,4,1,10,10,0
75,45,4,0,0.15,36,24,0,1,2,4,2,4,1,10,10,0
80,45,4,0,0.15,36,24,0,1,2,4,2,4,1,10,10,0
85,45,4,0,0.15,36,24,0,1,2,4,2,4,1,10,10,0
90,45,4,0,0.15,36,24,0,1,2,4,2,4,1,10,10,0
95,45,4,0,0.15,36,24,0,1,2,4,2,4,1,10,10,0
100,45,4,0,0.15,36,24,0,1,2,4,2,4,1,10,10,0
5,50,4,0,0.15,36,24,0,1,2,4,2,4,1,10,10,0
10,50,4,0,0.15,36,24,0,1,2,4,2,4,1,10,10,0
15,50,4,0,0.15,36,24,0,1,2,4,2,4,1,10,10,0
20,50,4,0,0.15,36,24,0,1,2,4,2,4,1,10,10,0
25,50,4,0,0.15,36,24,0,1,2,4,2,4,1,10,10,0
30,50,4,0,0.15,36,24,0,1,2,4,2,4,1,10,10,0
35,50,4,0,0.15,36,24,0,1,2,4,2,4,1,10,10,0
40,50,4,0,0.15,36,24,0,1,2,4,2,4,1,10,10,0
45,50,4,0,0.15,36,24,0,1,2,4,2,4,1,10,10,0
50,50,4,0,0.15,36,24,0,1,2,4,2,4,1,10,10,0
55,50,4,0,0.15,36,24,0,1,2,4,2,4,1,10,10,0
60,50,4,0,0.15,36,24,0,1,2,4,2,4,1,10,10,0
65,50,4,0,0.15,36,24,0,1,2,4,2,4,1,10,10,0
70,50,4,0,0.15,36,24,0,1,2,4,2,4,1,10,10,0
75,50,4,0,0.15,36,24,0,1,2,4,2,4,1,10,10,0
80,50,4,0,0.15,36,24,0,1,2,4,2,4,1,10,10,0
85,50,4,0,0.15,36,24,0,1,2,4,2,4,1,10,10,0
90,50,4,0,0.15,36,24,0,1,2,4,2,4,1,10,10,0
95,50,4,0,0.15,36,24,0,1,2,4,2,4,1,10,10,0
100,50,4,0,0.15,36,24,0,1,2,4,2,4,1,10,10,0
5,55,4,0,0.15,36,24,0,1,2,4,2,4,1,10,10,0
10,55,4,0,0.15,36,24,0,1,2,4,2,4,1,10,10,0
15,55,4,0,0.15,36,24,0,1,2,4,2,4,1,10,10,0
20,55,4,0,0.15,36,24,0,1,2,4,2,4,1,10,10,0
25,55,4,0,0.15,36,24,0,1,2,4,2,4,1,10,10,0
30,55,4,0,0.15,36,24,0,1,2,4,2,4,1,10,10,0
35,55,4,0,0.15,36,24,0,1,2,4,2,4,1,10,10,0
40,55,4,0,0.15,36,24,0,1,2,4,2,4,1,10,10,0
45,55,4,0,0.15,36,24,0,1,2,4,2,4,1,10,10,0
50,55,4,0,0.15,36,24,0,1,2,4,2,4,1,10,10,0
55,55,4,0,0.15,36,24,0,1,2,4,2,4,1,10,10,0
60,55,4,0,0.15,36,24,0,1,2,4,2,4,1,10,10,0
65,55,4,0,0.15,36,24,0,1,2,4,2,4,1,10,10,0
70,55,4,0,0.15,36,24,0,1,2,4,2,4,1,10,10,0
75,55,4,0,0.15,36,24,0,1,2,4,2,4,1,10,10,0
80,55,4,0,0.15,36,24,0,1,2,4,2,4,1,10,10,0
85,55,4,0,0.15,36,24,0,1,2,4,2,4,1,10,10,0
90,55,4,0,0.15,36,24,0,1,2,4,2,4,1,10,10,0
95,55,4,0,0.15,36,24,0,1,2,4,2,4,1,10,10,0
100,55,4,0,0.15,36,24,0,1,2,4,2,4,1,10,10,0
5,60,4,0,0.15,36,24,0,1,2,4,2,4,1,10,10,0
10,60,4,0,0.15,36,24,0,1,2,4,2,4,1,10,10,0
15,60,4,0,0.15,36,24,0,1,2,4,2,4,1,10,10,0
20,60,4,0,0.15,36,24,0,1,2,4,2,4,1,10,10,0
25,60,4,0,0.15,36,24,0,1,2,4,2,4,1,10,10,0
30,60,4,0,0.15,36,24,0,1,2,4,2,4,1,10,10,0
35,60,4,0,0.15,36,24,0,1,2,4,2,4,1,10,10,0
40,60,4,0,0.15,36,24,0,1,2,4,2,4,1,10,10,0
45,60,4,0,0.15,36,24,0,1,2,4,2,4,1,10,10,0
50,60,4,0,0.15,36,24,0,1,2,4,2,4,1,10,10,0
55,60,4,0,0.15,36,24,0,1,2,4,2,4,1,10,10,0
60,60,4,0,0.15,36,24,0,1,2,4,2,4,1,10,10,0
65,60,4,0,0.15,36,24,0,1,2,4,2,4,1,10,10,0
70,60,4,0,0.15,36,24,0,1,2,4,2,4,1,10,10,0
75,60,4,0,0.15,36,24,0,1,2,4,2,4,1,10,10,0
80,60,4,0,0.15,36,24,0,1,2,4,2,4,1,10,10,0
85,60,4,0,0.15,36,24,0,1,2,4,2,4,1,10,10,0
90,60,4,0,0.15,36,24,0,1,2,4,2,4,1,10,10,0
95,60,4,0,0.15,36,24,0,1,2,4,2,4,1,10,10,0
100,60,4,0,0.15,36,24,0,1,2,4,2,4,1,10,10,0
5,65,4,0,0.15,36,24,0,1,2,4,2,4,1,10,10,0
10,65,4,0,0.15,36,24,0,1,2,4,2,4,1,10,10,0
15,65,4,0,0.15,36,24,0,1,2,4,2,4,1,10,10,0
20,65,4,0,0.15,36,24,0,1,2,4,2,4,1,10,10,0
25,65,4,0,0.15,36,24,0,1,2,4,2,4,1,10,10,0
30,65,4,0,0.15,36,24,0,1,2,4,2,4,1,10,10,0
35,65,4,0,0.15,36,24,0,1,2,4,2,4,1,10,10,0
40,65,4,0,0.15,36,24,0,1,2,4,2,4,1,10,10,0
45,65,4,0,0.15,36,24,0,1,2,4,2,4,1,10,10,0
50,65,4,0,0.15,36,24,0,1,2,4,2,4,1,10,10,0
55,65,4,0,0.15,36,24,0,1,2,4,2,4,1,10,10,0
60,65,4,0,0.15,36,24,0,1,2,4,2,4,1,10,10,0
65,65,4,0,0.15,36,24,0,1,2,4,2,4,1,10,10,0
70,65,4,0,0.15,36,24,0,1,2,4,2,4,1,10,10,0
75,65,4,0,0.15,36,24,0,1,2,4,2,4,1,10,10,0
80,65,4,0,0.15,36,24,0,1,2,4,2,4,1,10,10,0
85,65,4,0,0.15,36,24,0,1,2,4,2,4,1,10,10,0
90,65,4,0,0.15,36,24,0,1,2,4,2,4,1,10,10,0
95,65,4,0,0.15,36,24,0,1,2,4,2,4,1,10,10,0
100,65,4,0,0.15,36,24,0,1,2,4,2,4,1,10,10,0
5,70,4,0,0.15,36,24,0,1,2,4,2,4,1,10,10,0
10,70,4,0,0.15,36,24,0,1,2,4,2,4,1,10,10,0
15,70,4,0,0.15,36,24,0,1,2,4,2,4,1,10,10,0
20,70,4,0,0.15,36,24,0,1,2,4,2,4,1,10,10,0
25,70,4,0,0.15,36,24,0,1,2,4,2,4,1,10,10,0
30,70,4,0,0.15,36,24,0,1,2,4,2,4,1,10,10,0
35,70,4,0,0.15,36,24,0,1,2,4,2,4,1,10,10,0
40,70,4,0,0.15,36,24,0,1,2,4,2,4,1,10,10,0
45,70,4,0,0.15,36,24,0,1,2,4,2,4,1,10,10,0
50,70,4,0,0.15,36,24,0,1,2,4,2,4,1,10,10,0
55,70,4,0,0.15,36,24,0,1,2,4,2,4,1,10,10,0
60,70,4,0,0.15,36,24,0,1,2,4,2,4,1,10,10,0
65,70,4,0,0.15,36,24,0,1,2,4,2,4,1,10,10,0
70,70,4,0,0.15,36,24,0,1,2,4,2,4,1,10,10,0
75,70,4,0,0.15,36,24,0,1,2,4,2,4,1,10,10,0
80,70,4,0,0.15,36,24,0,1,2,4,2,4,1,10,10,0
85,70,4,0,0.15,36,24,0,1,2,4,2,4,1,10,10,0
90,70,4,0,0.15,36,24,0,1,2,4,2,4,1,10,10,0
95,70,4,0,0.15,36,24,0,1,2,4,2,4,1,10,10,0
100,70,4,0,0.15,36,24,0,1,2,4,2,4,1,10,10,0
5,75,4,0,0.15,36,24,0,1,2,4,2,4,1,10,10,0
10,75,4,0,0.15,36,24,0,1,2,4,2,4,1,10,10,0
15,75,4,0,0.15,36,24,0,1,2,4,2,4,1,10,10,0
20,75,4,0,0.15,36,24,0,1,2,4,2,4,1,10,10,0
25,75,4,0,0.15,36,24,0,1,2,4,2,4,1,10,10,0
30,75,4,0,0.15,36,24,0,1,2,4,2,4,1,10,10,0
35,75,4,0,0.15,36,24,0,1,2,4,2,4,1,10,10,0
40,75,4,0,0.15,36,24,0,1,2,4,2,4,1,10,10,0
45,75,4,0,0.15,36,24,0,1,2,4,2,4,1,10,10,0
50,75,4,0,0.15,36,24,0,1,2,4,2,4,1,10,10,0
55,75,4,0,0.15,36,24,0,1,2,4,2,4,1,10,10,0
60,75,4,0,0.15,36,24,0,1,2,4,2,4,1,10,10,0
65,75,4,0,0.15,36,24,0,1,2,4,2,4,1,10,10,0
70,75,4,0,0.15,36,24,0,1,2,4,2,4,1,10,10,0
75,75,4,0,0.15,36,24,0,1,2,4,2,4,1,10,10,0
80,75,4,0,0.15,36,24,0,1,2,4,2,4,1,10,10,0
85,75,4,0,0.15,36,24,0,1,2,4,2,4,1,10,10,0
90,75,4,0,0.15,36,24,0,1,2,4,2,4,1,10,10,0
95,75,4,0,0.15,36,24,0,1,2,4,2,4,1,10,10,0
100,75,4,0,0.15,36,24,0,1,2,4,2,4,1,10,10,0
5,80,4,0,0.15,36,24,0,1,2,4,2,4,1,10,10,0
10,80,4,0,0.15,36,24,0,1,2,4,2,4,1,10,10,0
15,80,4,0,0.15,36,24,0,1,2,4,2,4,1,10,10,0
20,80,4,0,0.15,36,24,0,1,2,4,2,4,1,10,10,0
25,80,4,0,0.15,36,24,0,1,2,4,2,4,1,10,10,0
30,80,4,0,0.15,36,24,0,1,2,4,2,4,1,10,10,0
35,80,4,0,0.15,36,24,0,1,2,4,2,4,1,10,10,0
40,80,4,0,0.15,36,24,0,1,2,4,2,4,1,10,10,0
45,80,4,0,0.15,36,24,0,1,2,4,2,4,1,10,10,0
50,80,4,0,0.15,36,24,0,1,2,4,2,4,1,10,10,0
55,80,4,0,0.15,36,24,0,1,2,4,2,4,1,10,10,0
60,80,4,0,0.15,36,24,0,1,2,4,2,4,1,10,10,0
65,80,4,0,0.15,36,24,0,1,2,4,2,4,1,10,10,0
70,80,4,0,0.15,36,24,0,1,2,4,2,4,1,10,10,0
75,80,4,0,0.15,36,24,0,1,2,4,2,4,1,10,10,0
80,80,4,0,0.15,36,24,0,1,2,4,2,4,1,10,10,0
85,80,4,0,0.15,36,24,0,1,2,4,2,4,1,10,10,0
90,80,4,0,0.15,36,24,0,1,2,4,2,4,1,10,10,0
95,80,4,0,0.15,36,24,0,1,2,4,2,4,1,10,10,0
100,80,4,0,0.15,36,24,0,1,2,4,2,4,1,10,10,0
5,85,4,0,0.15,36,24,0,1,2,4,2,4,1,10,10,0
10,85,4,0,0.15,36,24,0,1,2,4,2,4,1,10,10,0
15,85,4,0,0.15,36,24,0,1,2,4,2,4,1,10,10,0
20,85,4,0,0.15,36,24,0,1,2,4,2,4,1,10,10,0
25,85,4,0,0.15,36,24,0,1,2,4,2,4,1,10,10,0
30,85,4,0,0.15,36,24,0,1,2,4,2,4,1,10,10,0
35,85,4,0,0.15,36,24,0,1,2,4,2,4,1,10,10,0
40,85,4,0,0.15,36,24,0,1,2,4,2,4,1,10,10,0
45,85,4,0,0.15,36,24,0,1,2,4,2,4,1,10,10,0
50,85,4,0,0.15,36,24,0,1,2,4,2,4,1,10,10,0
55,85,4,0,0.15,36,24,0,1,2,4,2,4,1,10,10,0
60,85,4,0,0.15,36,24,0,1,2,4,2,4,1,10,10,0
65,85,4,0,0.15,36,24,0,1,2,4,2,4,1,10,10,0
70,85,4,0,0.15,36,24,0,1,2,4,2,4,1,10,10,0
75,85,4,0,0.15,36,24,0,1,2,4,2,4,1,10,10,0
80,85,4,0,0.15,36,24,0,1,2,4,2,4,1,10,10,0
85,85,4,0,0.15,36,24,0,1,2,4,2,4,1,10,10,0
90,85,4,0,0.15,36,24,0,1,2,4,2,4,1,10,10,0
95,85,4,0,0.15,36,24,0,1,2,4,2,4,1,10,10,0
100,85,4,0,0.15,36,24,0,1,2,4,2,4,1,10,10,0
5,90,4,0,0.15,36,24,0,1,2,4,2,4,1,10,10,0
10,90,4,0,0.15,36,24,0,1,2,4,2,4,1,10,10,0
15,90,4,0,0.15,36,24,0,1,2,4,2,4,1,10,10,0
20,90,4,0,0.15,36,24,0,1,2,4,2,4,1,10,10,0
25,90,4,0,0.15,36,24,0,1,2,4,2,4,1,10,10,0
30,90,4,0,0.15,36,24,0,1,2,4,2,4,1,10,10,0
35,90,4,0,0.15,36,24,0,1,2,4,2,4,1,10,10,0
40,90,4,0,0.15,36,24,0,1,2,4,2,4,1,10,10,0
45,90,4,0,0.15,36,24,0,1,2,4,2,4,1,10,10,0
50,90,4,0,0.15,36,24,0,1,2,4,2,4,1,10,10,0
55,90,4,0,0.15,36,24,0,1,2,4,2,4,1,10,10,0
60,90,4,0,0.15,36,24,0,1,2,4,2,4,1,10,10,0
65,90,4,0,0.15,36,24,0,1,2,4,2,4,1,10,10,0
70,90,4,0,0.15,36,24,0,1,2,4,2,4,1,10,10,0
75,90,4,0,0.15,36,24,0,1,2,4,2,4,1,10,10,0
80,90,4,0,0.15,36,24,0,1,2,4,2,4,1,10,10,0
85,90,4,0,0.15,36,24,0,1,2,4,2,4,1,10,10,0
90,90,4,0,0.15,36,24,0,1,2,4,2,4,1,10,10,0
95,90,4,0,0.15,36,24,0,1,2,4,2,4,1,10,10,0
100,90,4,0,0.15,36,24,0,1,2,4,2,4,1,10,10,0
5,95,4,0,0.15,36,24,0,1,2,4,2,4,1,10,10,0
10,95,4,0,0.15,36,24,0,1,2,4,2,4,1,10,10,0
15,95,4,0,0.15,36,24,0,1,2,4,2,4,1,10,10,0
20,95,4,0,0.15,36,24,0,1,2,4,2,4,1,10,10,0
25,95,4,0,0.15,36,24,0,1,2,4,2,4,1,10,10,0
30,95,4,0,0.15,36,24,0,1,2,4,2,4,1,10,10,0
35,95,4,0,0.15,36,24,0,1,2,4,2,4,1,10,10,0
40,95,4,0,0.15,36,24,0,1,2,4,2,4,1,10,10,0
45,95,4,0,0.15,36,24,0,1,2,4,2,4,1,10,10,0
50,95,4,0,0.15,36,24,0,1,2,4,2,4,1,10,10,0
55,95,4,0,0.15,36,24,0,1,2,4,2,4,1,10,10,0
60,95,4,0,0.15,36,24,0,1,2,4,2,4,1,10,10,0
65,95,4,0,0.15,36,24,0,1,2,4,2,4,1,10,10,0
70,95,4,0,0.15,36,24,0,1,2,4,2,4,1,10,10,0
75,95,4,0,0.15,36,24,0,1,2,4,2,4,1,10,10,0
80,95,4,0,0.15,36,24,0,1,2,4,2,4,1,10,10,0
85,95,4,0,0.15,36,24,0,1,2,4,2,4,1,10,10,0
90,95,4,0,0.15,36,24,0,1,2,4,2,4,1,10,10,0
95,95,4,0,0.15,36,24,0,1,2,4,2,4,1,10,10,0
100,95,4,0,0.15,36,24,0,1,2,4,2,4,1,10,10,0
5,100,4,0,0.15,36,24,0,1,2,4,2,4,1,10,10,0
10,100,4,0,0.15,36,24,0,1,2,4,2,4,1,10,10,0
15,100,4,0,0.15,36,24,0,1,2,4,2,4,1,10,10,0
20,100,4,0,0.15,36,24,0,1,2,4,2,4,1,10,10,0
25,100,4,0,0.15,36,24,0,1,2,4,2,4,1,10,10,0
30,100,4,0,0.15,36,24,0,1,2,4,2,4,1,10,10,0
35,100,4,0,0.15,36,24,0,1,2,4,2,4,1,10,10,0
40,100,4,0,0.15,36,24,0,1,2,4,2,4,1,10,10,0
45,100,4,0,0.15,36,24,0,1,2,4,2,4,1,10,10,0
50,100,4,0,0.15,36,24,0,1,2,4,2,4,1,10,10,0
55,100,4,0,0.15,36,24,0,1,2,4,2,4,1,10,10,0
60,100,4,0,0.15,36,24,0,1,2,4,2,4,1,10,10,0
65,100,4,0,0.15,36,24,0,1,2,4,2,4,1,10,10,0
70,100,4,0,0.15,36,24,0,1,2,4,2,4,1,10,10,0
75,100,4,0,0.15,36,24,0,1,2,4,2,4,1,10,10,0
80,100,4,0,0.15,36,24,0,1,2,4,2,4,1,10,10,0
85,100,4,0,0.15,36,24,0,1,2,4,2,4,1,10,10,0
90,100,4,0,0.15,36,24,0,1,2,4,2,4,1,10,10,0
95,100,4,0,0.15,36,24,0,1,2,4,2,4,1,10,10,0
100,100,4,0,0.15,36,24,0,1,2,4,2,4,1,10,10,0
5,5,6,0,0.15,36,24,0,1,2,4,2,4,1,10,10,0
10,5,6,0,0.15,36,24,0,1,2,4,2,4,1,10,10,0
15,5,6,0,0.15,36,24,0,1,2,4,2,4,1,10,10,0
20,5,6,0,0.15,36,24,0,1,2,4,2,4,1,10,10,0
25,5,6,0,0.15,36,24,0,1,2,4,2,4,1,10,10,0
30,5,6,0,0.15,36,24,0,1,2,4,2,4,1,10,10,0
35,5,6,0,0.15,36,24,0,1,2,4,2,4,1,10,10,0
40,5,6,0,0.15,36,24,0,1,2,4,2,4,1,10,10,0
45,5,6,0,0.15,36,24,0,1,2,4,2,4,1,10,10,0
50,5,6,0,0.15,36,24,0,1,2,4,2,4,1,10,10,0
55,5,6,0,0.15,36,24,0,1,2,4,2,4,1,10,10,0
60,5,6,0,0.15,36,24,0,1,2,4,2,4,1,10,10,0
65,5,6,0,0.15,36,24,0,1,2,4,2,4,1,10,10,0
70,5,6,0,0.15,36,24,0,1,2,4,2,4,1,10,10,0
75,5,6,0,0.15,36,24,0,1,2,4,2,4,1,10,10,0
80,5,6,0,0.15,36,24,0,1,2,4,2,4,1,10,10,0
85,5,6,0,0.15,36,24,0,1,2,4,2,4,1,10,10,0
90,5,6,0,0.15,36,24,0,1,2,4,2,4,1,10,10,0
95,5,6,0,0.15,36,24,0,1,2,4,2,4,1,10,10,0
100,5,6,0,0.15,36,24,0,1,2,4,2,4,1,10,10,0
5,10,6,0,0.15,36,24,0,1,2,4,2,4,1,10,10,0
10,10,6,0,0.15,36,24,0,1,2,4,2,4,1,10,10,0
15,10,6,0,0.15,36,24,0,1,2,4,2,4,1,10,10,0
20,10,6,0,0.15,36,24,0,1,2,4,2,4,1,10,10,0
25,10,6,0,0.15,36,24,0,1,2,4,2,4,1,10,10,0
30,10,6,0,0.15,36,24,0,1,2,4,2,4,1,10,10,0
35,10,6,0,0.15,36,24,0,1,2,4,2,4,1,10,10,0
40,10,6,0,0.15,36,24,0,1,2,4,2,4,1,10,10,0
45,10,6,0,0.15,36,24,0,1,2,4,2,4,1,10,10,0
50,10,6,0,0.15,36,24,0,1,2,4,2,4,1,10,10,0
55,10,6,0,0.15,36,24,0,1,2,4,2,4,1,10,10,0
60,10,6,0,0.15,36,24,0,1,2,4,2,4,1,10,10,0
65,10,6,0,0.15,36,24,0,1,2,4,2,4,1,10,10,0
70,10,6,0,0.15,36,24,0,1,2,4,2,4,1,10,10,0
75,10,6,0,0.15,36,24,0,1,2,4,2,4,1,10,10,0
80,10,6,0,0.15,36,24,0,1,2,4,2,4,1,10,10,0
85,10,6,0,0.15,36,24,0,1,2,4,2,4,1,10,10,0
90,10,6,0,0.15,36,24,0,1,2,4,2,4,1,10,10,0
95,10,6,0,0.15,36,24,0,1,2,4,2,4,1,10,10,0
100,10,6,0,0.15,36,24,0,1,2,4,2,4,1,10,10,0
5,15,6,0,0.15,36,24,0,1,2,4,2,4,1,10,10,0
10,15,6,0,0.15,36,24,0,1,2,4,2,4,1,10,10,0
15,15,6,0,0.15,36,24,0,1,2,4,2,4,1,10,10,0
20,15,6,0,0.15,36,24,0,1,2,4,2,4,1,10,10,0
25,15,6,0,0.15,36,24,0,1,2,4,2,4,1,10,10,0
30,15,6,0,0.15,36,24,0,1,2,4,2,4,1,10,10,0
35,15,6,0,0.15,36,24,0,1,2,4,2,4,1,10,10,0
40,15,6,0,0.15,36,24,0,1,2,4,2,4,1,10,10,0
45,15,6,0,0.15,36,24,0,1,2,4,2,4,1,10,10,0
50,15,6,0,0.15,36,24,0,1,2,4,2,4,1,10,10,0
55,15,6,0,0.15,36,24,0,1,2,4,2,4,1,10,10,0
60,15,6,0,0.15,36,24,0,1,2,4,2,4,1,10,10,0
65,15,6,0,0.15,36,24,0,1,2,4,2,4,1,10,10,0
70,15,6,0,0.15,36,24,0,1,2,4,2,4,1,10,10,0
75,15,6,0,0.15,36,24,0,1,2,4,2,4,1,10,10,0
80,15,6,0,0.15,36,24,0,1,2,4,2,4,1,10,10,0
85,15,6,0,0.15,36,24,0,1,2,4,2,4,1,10,10,0
90,15,6,0,0.15,36,24,0,1,2,4,2,4,1,10,10,0
95,15,6,0,0.15,36,24,0,1,2,4,2,4,1,10,10,0
100,15,6,0,0.15,36,24,0,1,2,4,2,4,1,10,10,0
5,20,6,0,0.15,36,24,0,1,2,4,2,4,1,10,10,0
10,20,6,0,0.15,36,24,0,1,2,4,2,4,1,10,10,0
15,20,6,0,0.15,36,24,0,1,2,4,2,4,1,10,10,0
20,20,6,0,0.15,36,24,0,1,2,4,2,4,1,10,10,0
25,20,6,0,0.15,36,24,0,1,2,4,2,4,1,10,10,0
30,20,6,0,0.15,36,24,0,1,2,4,2,4,1,10,10,0
35,20,6,0,0.15,36,24,0,1,2,4,2,4,1,10,10,0
40,20,6,0,0.15,36,24,0,1,2,4,2,4,1,10,10,0
45,20,6,0,0.15,36,24,0,1,2,4,2,4,1,10,10,0
50,20,6,0,0.15,36,24,0,1,2,4,2,4,1,10,10,0
55,20,6,0,0.15,36,24,0,1,2,4,2,4,1,10,10,0
60,20,6,0,0.15,36,24,0,1,2,4,2,4,1,10,10,0
65,20,6,0,0.15,36,24,0,1,2,4,2,4,1,10,10,0
70,20,6,0,0.15,36,24,0,1,2,4,2,4,1,10,10,0
75,20,6,0,0.15,36,24,0,1,2,4,2,4,1,10,10,0
80,20,6,0,0.15,36,24,0,1,2,4,2,4,1,10,10,0
85,20,6,0,0.15,36,24,0,1,2,4,2,4,1,10,10,0
90,20,6,0,0.15,36,24,0,1,2,4,2,4,1,10,10,0
95,20,6,0,0.15,36,24,0,1,2,4,2,4,1,10,10,0
100,20,6,0,0.15,36,24,0,1,2,4,2,4,1,10,10,0
5,25,6,0,0.15,36,24,0,1,2,4,2,4,1,10,10,0
10,25,6,0,0.15,36,24,0,1,2,4,2,4,1,10,10,0
15,25,6,0,0.15,36,24,0,1,2,4,2,4,1,10,10,0
20,25,6,0,0.15,36,24,0,1,2,4,2,4,1,10,10,0
25,25,6,0,0.15,36,24,0,1,2,4,2,4,1,10,10,0
30,25,6,0,0.15,36,24,0,1,2,4,2,4,1,10,10,0
35,25,6,0,0.15,36,24,0,1,2,4,2,4,1,10,10,0
40,25,6,0,0.15,36,24,0,1,2,4,2,4,1,10,10,0
45,25,6,0,0.15,36,24,0,1,2,4,2,4,1,10,10,0
50,25,6,0,0.15,36,24,0,1,2,4,2,4,1,10,10,0
55,25,6,0,0.15,36,24,0,1,2,4,2,4,1,10,10,0
60,25,6,0,0.15,36,24,0,1,2,4,2,4,1,10,10,0
65,25,6,0,0.15,36,24,0,1,2,4,2,4,1,10,10,0
70,25,6,0,0.15,36,24,0,1,2,4,2,4,1,10,10,0
75,25,6,0,0.15,36,24,0,1,2,4,2,4,1,10,10,0
80,25,6,0,0.15,36,24,0,1,2,4,2,4,1,10,10,0
85,25,6,0,0.15,36,24,0,1,2,4,2,4,1,10,10,0
90,25,6,0,0.15,36,24,0,1,2,4,2,4,1,10,10,0
95,25,6,0,0.15,36,24,0,1,2,4,2,4,1,10,10,0
100,25,6,0,0.15,36,24,0,1,2,4,2,4,1,10,10,0
5,30,6,0,0.15,36,24,0,1,2,4,2,4,1,10,10,0
10,30,6,0,0.15,36,24,0,1,2,4,2,4,1,10,10,0
15,30,6,0,0.15,36,24,0,1,2,4,2,4,1,10,10,0
20,30,6,0,0.15,36,24,0,1,2,4,2,4,1,10,10,0
25,30,6,0,0.15,36,24,0,1,2,4,2,4,1,10,10,0
30,30,6,0,0.15,36,24,0,1,2,4,2,4,1,10,10,0
35,30,6,0,0.15,36,24,0,1,2,4,2,4,1,10,10,0
40,30,6,0,0.15,36,24,0,1,2,4,2,4,1,10,10,0
45,30,6,0,0.15,36,24,0,1,2,4,2,4,1,10,10,0
50,30,6,0,0.15,36,24,0,1,2,4,2,4,1,10,10,0
55,30,6,0,0.15,36,24,0,1,2,4,2,4,1,10,10,0
60,30,6,0,0.15,36,24,0,1,2,4,2,4,1,10,10,0
65,30,6,0,0.15,36,24,0,1,2,4,2,4,1,10,10,0
70,30,6,0,0.15,36,24,0,1,2,4,2,4,1,10,10,0
75,30,6,0,0.15,36,24,0,1,2,4,2,4,1,10,10,0
80,30,6,0,0.15,36,24,0,1,2,4,2,4,1,10,10,0
85,30,6,0,0.15,36,24,0,1,2,4,2,4,1,10,10,0
90,30,6,0,0.15,36,24,0,1,2,4,2,4,1,10,10,0
95,30,6,0,0.15,36,24,0,1,2,4,2,4,1,10,10,0
100,30,6,0,0.15,36,24,0,1,2,4,2,4,1,10,10,0
5,35,6,0,0.15,36,24,0,1,2,4,2,4,1,10,10,0
10,35,6,0,0.15,36,24,0,1,2,4,2,4,1,10,10,0
15,35,6,0,0.15,36,24,0,1,2,4,2,4,1,10,10,0
20,35,6,0,0.15,36,24,0,1,2,4,2,4,1,10,10,0
25,35,6,0,0.15,36,24,0,1,2,4,2,4,1,10,10,0
30,35,6,0,0.15,36,24,0,1,2,4,2,4,1,10,10,0
35,35,6,0,0.15,36,24,0,1,2,4,2,4,1,10,10,0
40,35,6,0,0.15,36,24,0,1,2,4,2,4,1,10,10,0
45,35,6,0,0.15,36,24,0,1,2,4,2,4,1,10,10,0
50,35,6,0,0.15,36,24,0,1,2,4,2,4,1,10,10,0
55,35,6,0,0.15,36,24,0,1,2,4,2,4,1,10,10,0
60,35,6,0,0.15,36,24,0,1,2,4,2,4,1,10,10,0
65,35,6,0,0.15,36,24,0,1,2,4,2,4,1,10,10,0
70,35,6,0,0.15,36,24,0,1,2,4,2,4,1,10,10,0
75,35,6,0,0.15,36,24,0,1,2,4,2,4,1,10,10,0
80,35,6,0,0.15,36,24,0,1,2,4,2,4,1,10,10,0
85,35,6,0,0.15,36,24,0,1,2,4,2,4,1,10,10,0
90,35,6,0,0.15,36,24,0,1,2,4,2,4,1,10,10,0
95,35,6,0,0.15,36,24,0,1,2,4,2,4,1,10,10,0
100,35,6,0,0.15,36,24,0,1,2,4,2,4,1,10,10,0
5,40,6,0,0.15,36,24,0,1,2,4,2,4,1,10,10,0
10,40,6,0,0.15,36,24,0,1,2,4,2,4,1,10,10,0
15,40,6,0,0.15,36,24,0,1,2,4,2,4,1,10,10,0
20,40,6,0,0.15,36,24,0,1,2,4,2,4,1,10,10,0
25,40,6,0,0.15,36,24,0,1,2,4,2,4,1,10,10,0
30,40,6,0,0.15,36,24,0,1,2,4,2,4,1,10,10,0
35,40,6,0,0.15,36,24,0,1,2,4,2,4,1,10,10,0
40,40,6,0,0.15,36,24,0,1,2,4,2,4,1,10,10,0
45,40,6,0,0.15,36,24,0,1,2,4,2,4,1,10,10,0
50,40,6,0,0.15,36,24,0,1,2,4,2,4,1,10,10,0
55,40,6,0,0.15,36,24,0,1,2,4,2,4,1,10,10,0
60,40,6,0,0.15,36,24,0,1,2,4,2,4,1,10,10,0
65,40,6,0,0.15,36,24,0,1,2,4,2,4,1,10,10,0
70,40,6,0,0.15,36,24,0,1,2,4,2,4,1,10,10,0
75,40,6,0,0.15,36,24,0,1,2,4,2,4,1,10,10,0
80,40,6,0,0.15,36,24,0,1,2,4,2,4,1,10,10,0
85,40,6,0,0.15,36,24,0,1,2,4,2,4,1,10,10,0
90,40,6,0,0.15,36,24,0,1,2,4,2,4,1,10,10,0
95,40,6,0,0.15,36,24,0,1,2,4,2,4,1,10,10,0
100,40,6,0,0.15,36,24,0,1,2,4,2,4,1,10,10,0
5,45,6,0,0.15,36,24,0,1,2,4,2,4,1,10,10,0
10,45,6,0,0.15,36,24,0,1,2,4,2,4,1,10,10,0
15,45,6,0,0.15,36,24,0,1,2,4,2,4,1,10,10,0
20,45,6,0,0.15,36,24,0,1,2,4,2,4,1,10,10,0
25,45,6,0,0.15,36,24,0,1,2,4,2,4,1,10,10,0
30,45,6,0,0.15,36,24,0,1,2,4,2,4,1,10,10,0
35,45,6,0,0.15,36,24,0,1,2,4,2,4,1,10,10,0
40,45,6,0,0.15,36,24,0,1,2,4,2,4,1,10,10,0
45,45,6,0,0.15,36,24,0,1,2,4,2,4,1,10,10,0
50,45,6,0,0.15,36,24,0,1,2,4,2,4,1,10,10,0
55,45,6,0,0.15,36,24,0,1,2,4,2,4,1,10,10,0
60,45,6,0,0.15,36,24,0,1,2,4,2,4,1,10,10,0
65,45,6,0,0.15,36,24,0,1,2,4,2,4,1,10,10,0
70,45,6,0,0.15,36,24,0,1,2,4,2,4,1,10,10,0
75,45,6,0,0.15,36,24,0,1,2,4,2,4,1,10,10,0
80,45,6,0,0.15,36,24,0,1,2,4,2,4,1,10,10,0
85,45,6,0,0.15,36,24,0,1,2,4,2,4,1,10,10,0
90,45,6,0,0.15,36,24,0,1,2,4,2,4,1,10,10,0
95,45,6,0,0.15,36,24,0,1,2,4,2,4,1,10,10,0
100,45,6,0,0.15,36,24,0,1,2,4,2,4,1,10,10,0
5,50,6,0,0.15,36,24,0,1,2,4,2,4,1,10,10,0
10,50,6,0,0.15,36,24,0,1,2,4,2,4,1,10,10,0
15,50,6,0,0.15,36,24,0,1,2,4,2,4,1,10,10,0
20,50,6,0,0.15,36,24,0,1,2,4,2,4,1,10,10,0
25,50,6,0,0.15,36,24,0,1,2,4,2,4,1,10,10,0
30,50,6,0,0.15,36,24,0,1,2,4,2,4,1,10,10,0
35,50,6,0,0.15,36,24,0,1,2,4,2,4,1,10,10,0
40,50,6,0,0.15,36,24,0,1,2,4,2,4,1,10,10,0
45,50,6,0,0.15,36,24,0,1,2,4,2,4,1,10,10,0
50,50,6,0,0.15,36,24,0,1,2,4,2,4,1,10,10,0
55,50,6,0,0.15,36,24,0,1,2,4,2,4,1,10,10,0
60,50,6,0,0.15,36,24,0,1,2,4,2,4,1,10,10,0
65,50,6,0,0.15,36,24,0,1,2,4,2,4,1,10,10,0
70,50,6,0,0.15,36,24,0,1,2,4,2,4,1,10,10,0
75,50,6,0,0.15,36,24,0,1,2,4,2,4,1,10,10,0
80,50,6,0,0.15,36,24,0,1,2,4,2,4,1,10,10,0
85,50,6,0,0.15,36,24,0,1,2,4,2,4,1,10,10,0
90,50,6,0,0.15,36,24,0,1,2,4,2,4,1,10,10,0
95,50,6,0,0.15,36,24,0,1,2,4,2,4,1,10,10,0
100,50,6,0,0.15,36,24,0,1,2,4,2,4,1,10,10,0
5,55,6,0,0.15,36,24,0,1,2,4,2,4,1,10,10,0
10,55,6,0,0.15,36,24,0,1,2,4,2,4,1,10,10,0
15,55,6,0,0.15,36,24,0,1,2,4,2,4,1,10,10,0
20,55,6,0,0.15,36,24,0,1,2,4,2,4,1,10,10,0
25,55,6,0,0.15,36,24,0,1,2,4,2,4,1,10,10,0
30,55,6,0,0.15,36,24,0,1,2,4,2,4,1,10,10,0
35,55,6,0,0.15,36,24,0,1,2,4,2,4,1,10,10,0
40,55,6,0,0.15,36,24,0,1,2,4,2,4,1,10,10,0
45,55,6,0,0.15,36,24,0,1,2,4,2,4,1,10,10,0
50,55,6,0,0.15,36,24,0,1,2,4,2,4,1,10,10,0
55,55,6,0,0.15,36,24,0,1,2,4,2,4,1,10,10,0
60,55,6,0,0.15,36,24,0,1,2,4,2,4,1,10,10,0
65,55,6,0,0.15,36,24,0,1,2,4,2,4,1,10,10,0
70,55,6,0,0.15,36,24,0,1,2,4,2,4,1,10,10,0
75,55,6,0,0.15,36,24,0,1,2,4,2,4,1,10,10,0
80,55,6,0,0.15,36,24,0,1,2,4,2,4,1,10,10,0
85,55,6,0,0.15,36,24,0,1,2,4,2,4,1,10,10,0
90,55,6,0,0.15,36,24,0,1,2,4,2,4,1,10,10,0
95,55,6,0,0.15,36,24,0,1,2,4,2,4,1,10,10,0
100,55,6,0,0.15,36,24,0,1,2,4,2,4,1,10,10,0
5,60,6,0,0.15,36,24,0,1,2,4,2,4,1,10,10,0
10,60,6,0,0.15,36,24,0,1,2,4,2,4,1,10,10,0
15,60,6,0,0.15,36,24,0,1,2,4,2,4,1,10,10,0
20,60,6,0,0.15,36,24,0,1,2,4,2,4,1,10,10,0
25,60,6,0,0.15,36,24,0,1,2,4,2,4,1,10,10,0
30,60,6,0,0.15,36,24,0,1,2,4,2,4,1,10,10,0
35,60,6,0,0.15,36,24,0,1,2,4,2,4,1,10,10,0
40,60,6,0,0.15,36,24,0,1,2,4,2,4,1,10,10,0
45,60,6,0,0.15,36,24,0,1,2,4,2,4,1,10,10,0
50,60,6,0,0.15,36,24,0,1,2,4,2,4,1,10,10,0
55,60,6,0,0.15,36,24,0,1,2,4,2,4,1,10,10,0
60,60,6,0,0.15,36,24,0,1,2,4,2,4,1,10,10,0
65,60,6,0,0.15,36,24,0,1,2,4,2,4,1,10,10,0
70,60,6,0,0.15,36,24,0,1,2,4,2,4,1,10,10,0
75,60,6,0,0.15,36,24,0,1,2,4,2,4,1,10,10,0
80,60,6,0,0.15,36,24,0,1,2,4,2,4,1,10,10,0
85,60,6,0,0.15,36,24,0,1,2,4,2,4,1,10,10,0
90,60,6,0,0.15,36,24,0,1,2,4,2,4,1,10,10,0
95,60,6,0,0.15,36,24,0,1,2,4,2,4,1,10,10,0
100,60,6,0,0.15,36,24,0,1,2,4,2,4,1,10,10,0
5,65,6,0,0.15,36,24,0,1,2,4,2,4,1,10,10,0
10,65,6,0,0.15,36,24,0,1,2,4,2,4,1,10,10,0
15,65,6,0,0.15,36,24,0,1,2,4,2,4,1,10,10,0
20,65,6,0,0.15,36,24,0,1,2,4,2,4,1,10,10,0
25,65,6,0,0.15,36,24,0,1,2,4,2,4,1,10,10,0
30,65,6,0,0.15,36,24,0,1,2,4,2,4,1,10,10,0
35,65,6,0,0.15,36,24,0,1,2,4,2,4,1,10,10,0
40,65,6,0,0.15,36,24,0,1,2,4,2,4,1,10,10,0
45,65,6,0,0.15,36,24,0,1,2,4,2,4,1,10,10,0
50,65,6,0,0.15,36,24,0,1,2,4,2,4,1,10,10,0
55,65,6,0,0.15,36,24,0,1,2,4,2,4,1,10,10,0
60,65,6,0,0.15,36,24,0,1,2,4,2,4,1,10,10,0
65,65,6,0,0.15,36,24,0,1,2,4,2,4,1,10,10,0
70,65,6,0,0.15,36,24,0,1,2,4,2,4,1,10,10,0
75,65,6,0,0.15,36,24,0,1,2,4,2,4,1,10,10,0
80,65,6,0,0.15,36,24,0,1,2,4,2,4,1,10,10,0
85,65,6,0,0.15,36,24,0,1,2,4,2,4,1,10,10,0
90,65,6,0,0.15,36,24,0,1,2,4,2,4,1,10,10,0
95,65,6,0,0.15,36,24,0,1,2,4,2,4,1,10,10,0
100,65,6,0,0.15,36,24,0,1,2,4,2,4,1,10,10,0
5,70,6,0,0.15,36,24,0,1,2,4,2,4,1,10,10,0
10,70,6,0,0.15,36,24,0,1,2,4,2,4,1,10,10,0
15,70,6,0,0.15,36,24,0,1,2,4,2,4,1,10,10,0
20,70,6,0,0.15,36,24,0,1,2,4,2,4,1,10,10,0
25,70,6,0,0.15,36,24,0,1,2,4,2,4,1,10,10,0
30,70,6,0,0.15,36,24,0,1,2,4,2,4,1,10,10,0
35,70,6,0,0.15,36,24,0,1,2,4,2,4,1,10,10,0
40,70,6,0,0.15,36,24,0,1,2,4,2,4,1,10,10,0
45,70,6,0,0.15,36,24,0,1,2,4,2,4,1,10,10,0
50,70,6,0,0.15,36,24,0,1,2,4,2,4,1,10,10,0
55,70,6,0,0.15,36,24,0,1,2,4,2,4,1,10,10,0
60,70,6,0,0.15,36,24,0,1,2,4,2,4,1,10,10,0
65,70,6,0,0.15,36,24,0,1,2,4,2,4,1,10,10,0
70,70,6,0,0.15,36,24,0,1,2,4,2,4,1,10,10,0
75,70,6,0,0.15,36,24,0,1,2,4,2,4,1,10,10,0
80,70,6,0,0.15,36,24,0,1,2,4,2,4,1,10,10,0
85,70,6,0,0.15,36,24,0,1,2,4,2,4,1,10,10,0
90,70,6,0,0.15,36,24,0,1,2,4,2,4,1,10,10,0
95,70,6,0,0.15,36,24,0,1,2,4,2,4,1,10,10,0
100,70,6,0,0.15,36,24,0,1,2,4,2,4,1,10,10,0
5,75,6,0,0.15,36,24,0,1,2,4,2,4,1,10,10,0
10,75,6,0,0.15,36,24,0,1,2,4,2,4,1,10,10,0
15,75,6,0,0.15,36,24,0,1,2,4,2,4,1,10,10,0
20,75,6,0,0.15,36,24,0,1,2,4,2,4,1,10,10,0
25,75,6,0,0.15,36,24,0,1,2,4,2,4,1,10,10,0
30,75,6,0,0.15,36,24,0,1,2,4,2,4,1,10,10,0
35,75,6,0,0.15,36,24,0,1,2,4,2,4,1,10,10,0
40,75,6,0,0.15,36,24,0,1,2,4,2,4,1,10,10,0
45,75,6,0,0.15,36,24,0,1,2,4,2,4,1,10,10,0
50,75,6,0,0.15,36,24,0,1,2,4,2,4,1,10,10,0
55,75,6,0,0.15,36,24,0,1,2,4,2,4,1,10,10,0
60,75,6,0,0.15,36,24,0,1,2,4,2,4,1,10,10,0
65,75,6,0,0.15,36,24,0,1,2,4,2,4,1,10,10,0
70,75,6,0,0.15,36,24,0,1,2,4,2,4,1,10,10,0
75,75,6,0,0.15,36,24,0,1,2,4,2,4,1,10,10,0
80,75,6,0,0.15,36,24,0,1,2,4,2,4,1,10,10,0
85,75,6,0,0.15,36,24,0,1,2,4,2,4,1,10,10,0
90,75,6,0,0.15,36,24,0,1,2,4,2,4,1,10,10,0
95,75,6,0,0.15,36,24,0,1,2,4,2,4,1,10,10,0
100,75,6,0,0.15,36,24,0,1,2,4,2,4,1,10,10,0
5,80,6,0,0.15,36,24,0,1,2,4,2,4,1,10,10,0
10,80,6,0,0.15,36,24,0,1,2,4,2,4,1,10,10,0
15,80,6,0,0.15,36,24,0,1,2,4,2,4,1,10,10,0
20,80,6,0,0.15,36,24,0,1,2,4,2,4,1,10,10,0
25,80,6,0,0.15,36,24,0,1,2,4,2,4,1,10,10,0
30,80,6,0,0.15,36,24,0,1,2,4,2,4,1,10,10,0
35,80,6,0,0.15,36,24,0,1,2,4,2,4,1,10,10,0
40,80,6,0,0.15,36,24,0,1,2,4,2,4,1,10,10,0
45,80,6,0,0.15,36,24,0,1,2,4,2,4,1,10,10,0
50,80,6,0,0.15,36,24,0,1,2,4,2,4,1,10,10,0
55,80,6,0,0.15,36,24,0,1,2,4,2,4,1,10,10,0
60,80,6,0,0.15,36,24,0,1,2,4,2,4,1,10,10,0
65,80,6,0,0.15,36,24,0,1,2,4,2,4,1,10,10,0
70,80,6,0,0.15,36,24,0,1,2,4,2,4,1,10,10,0
75,80,6,0,0.15,36,24,0,1,2,4,2,4,1,10,10,0
80,80,6,0,0.15,36,24,0,1,2,4,2,4,1,10,10,0
85,80,6,0,0.15,36,24,0,1,2,4,2,4,1,10,10,0
90,80,6,0,0.15,36,24,0,1,2,4,2,4,1,10,10,0
95,80,6,0,0.15,36,24,0,1,2,4,2,4,1,10,10,0
100,80,6,0,0.15,36,24,0,1,2,4,2,4,1,10,10,0
5,85,6,0,0.15,36,24,0,1,2,4,2,4,1,10,10,0
10,85,6,0,0.15,36,24,0,1,2,4,2,4,1,10,10,0
15,85,6,0,0.15,36,24,0,1,2,4,2,4,1,10,10,0
20,85,6,0,0.15,36,24,0,1,2,4,2,4,1,10,10,0
25,85,6,0,0.15,36,24,0,1,2,4,2,4,1,10,10,0
30,85,6,0,0.15,36,24,0,1,2,4,2,4,1,10,10,0
35,85,6,0,0.15,36,24,0,1,2,4,2,4,1,10,10,0
40,85,6,0,0.15,36,24,0,1,2,4,2,4,1,10,10,0
45,85,6,0,0.15,36,24,0,1,2,4,2,4,1,10,10,0
50,85,6,0,0.15,36,24,0,1,2,4,2,4,1,10,10,0
55,85,6,0,0.15,36,24,0,1,2,4,2,4,1,10,10,0
60,85,6,0,0.15,36,24,0,1,2,4,2,4,1,10,10,0
65,85,6,0,0.15,36,24,0,1,2,4,2,4,1,10,10,0
70,85,6,0,0.15,36,24,0,1,2,4,2,4,1,10,10,0
75,85,6,0,0.15,36,24,0,1,2,4,2,4,1,10,10,0
80,85,6,0,0.15,36,24,0,1,2,4,2,4,1,10,10,0
85,85,6,0,0.15,36,24,0,1,2,4,2,4,1,10,10,0
90,85,6,0,0.15,36,24,0,1,2,4,2,4,1,10,10,0
95,85,6,0,0.15,36,24,0,1,2,4,2,4,1,10,10,0
100,85,6,0,0.15,36,24,0,1,2,4,2,4,1,10,10,0
5,90,6,0,0.15,36,24,0,1,2,4,2,4,1,10,10,0
10,90,6,0,0.15,36,24,0,1,2,4,2,4,1,10,10,0
15,90,6,0,0.15,36,24,0,1,2,4,2,4,1,10,10,0
20,90,6,0,0.15,36,24,0,1,2,4,2,4,1,10,10,0
25,90,6,0,0.15,36,24,0,1,2,4,2,4,1,10,10,0
30,90,6,0,0.15,36,24,0,1,2,4,2,4,1,10,10,0
35,90,6,0,0.15,36,24,0,1,2,4,2,4,1,10,10,0
40,90,6,0,0.15,36,24,0,1,2,4,2,4,1,10,10,0
45,90,6,0,0.15,36,24,0,1,2,4,2,4,1,10,10,0
50,90,6,0,0.15,36,24,0,1,2,4,2,4,1,10,10,0
55,90,6,0,0.15,36,24,0,1,2,4,2,4,1,10,10,0
60,90,6,0,0.15,36,24,0,1,2,4,2,4,1,10,10,0
65,90,6,0,0.15,36,24,0,1,2,4,2,4,1,10,10,0
70,90,6,0,0.15,36,24,0,1,2,4,2,4,1,10,10,0
75,90,6,0,0.15,36,24,0,1,2,4,2,4,1,10,10,0
80,90,6,0,0.15,36,24,0,1,2,4,2,4,1,10,10,0
85,90,6,0,0.15,36,24,0,1,2,4,2,4,1,10,10,0
90,90,6,0,0.15,36,24,0,1,2,4,2,4,1,10,10,0
95,90,6,0,0.15,36,24,0,1,2,4,2,4,1,10,10,0
100,90,6,0,0.15,36,24,0,1,2,4,2,4,1,10,10,0
5,95,6,0,0.15,36,24,0,1,2,4,2,4,1,10,10,0
10,95,6,0,0.15,36,24,0,1,2,4,2,4,1,10,10,0
15,95,6,0,0.15,36,24,0,1,2,4,2,4,1,10,10,0
20,95,6,0,0.15,36,24,0,1,2,4,2,4,1,10,10,0
25,95,6,0,0.15,36,24,0,1,2,4,2,4,1,10,10,0
30,95,6,0,0.15,36,24,0,1,2,4,2,4,1,10,10,0
35,95,6,0,0.15,36,24,0,1,2,4,2,4,1,10,10,0
40,95,6,0,0.15,36,24,0,1,2,4,2,4,1,10,10,0
45,95,6,0,0.15,36,24,0,1,2,4,2,4,1,10,10,0
50,95,6,0,0.15,36,24,0,1,2,4,2,4,1,10,10,0
55,95,6,0,0.15,36,24,0,1,2,4,2,4,1,10,10,0
60,95,6,0,0.15,36,24,0,1,2,4,2,4,1,10,10,0
65,95,6,0,0.15,36,24,0,1,2,4,2,4,1,10,10,0
70,95,6,0,0.15,36,24,0,1,2,4,2,4,1,10,10,0
75,95,6,0,0.15,36,24,0,1,2,4,2,4,1,10,10,0
80,95,6,0,0.15,36,24,0,1,2,4,2,4,1,10,10,0
85,95,6,0,0.15,36,24,0,1,2,4,2,4,1,10,10,0
90,95,6,0,0.15,36,24,0,1,2,4,2,4,1,10,10,0
95,95,6,0,0.15,36,24,0,1,2,4,2,4,1,10,10,0
100,95,6,0,0.15,36,24,0,1,2,4,2,4,1,10,10,0
5,100,6,0,0.15,36,24,0,1,2,4,2,4,1,10,10,0
10,100,6,0,0.15,36,24,0,1,2,4,2,4,1,10,10,0
15,100,6,0,0.15,36,24,0,1,2,4,2,4,1,10,10,0
20,100,6,0,0.15,36,24,0,1,2,4,2,4,1,10,10,0
25,100,6,0,0.15,36,24,0,1,2,4,2,4,1,10,10,0
30,100,6,0,0.15,36,24,0,1,2,4,2,4,1,10,10,0
35,100,6,0,0.15,36,24,0,1,2,4,2,4,1,10,10,0
40,100,6,0,0.15,36,24,0,1,2,4,2,4,1,10,10,0
45,100,6,0,0.15,36,24,0,1,2,4,2,4,1,10,10,0
50,100,6,0,0.15,36,24,0,1,2,4,2,4,1,10,10,0
55,100,6,0,0.15,36,24,0,1,2,4,2,4,1,10,10,0
60,100,6,0,0.15,36,24,0,1,2,4,2,4,1,10,10,0
65,100,6,0,0.15,36,24,0,1,2,4,2,4,1,10,10,0
70,100,6,0,0.15,36,24,0,1,2,4,2,4,1,10,10,0
75,100,6,0,0.15,36,24,0,1,2,4,2,4,1,10,10,0
80,100,6,0,0.15,36,24,0,1,2,4,2,4,1,10,10,0
85,100,6,0,0.15,36,24,0,1,2,4,2,4,1,10,10,0
90,100,6,0,0.15,36,24,0,1,2,4,2,4,1,10,10,0
95,100,6,0,0.15,36,24,0,1,2,4,2,4,1,10,10,0
100,100,6,0,0.15,36,24,0,1,2,4,2,4,1,10,10,0
5,5,8,0,0.15,36,24,0,1,2,4,2,4,1,10,10,0
10,5,8,0,0.15,36,24,0,1,2,4,2,4,1,10,10,0
15,5,8,0,0.15,36,24,0,1,2,4,2,4,1,10,10,0
20,5,8,0,0.15,36,24,0,1,2,4,2,4,1,10,10,0
25,5,8,0,0.15,36,24,0,1,2,4,2,4,1,10,10,0
30,5,8,0,0.15,36,24,0,1,2,4,2,4,1,10,10,0
35,5,8,0,0.15,36,24,0,1,2,4,2,4,1,10,10,0
40,5,8,0,0.15,36,24,0,1,2,4,2,4,1,10,10,0
45,5,8,0,0.15,36,24,0,1,2,4,2,4,1,10,10,0
50,5,8,0,0.15,36,24,0,1,2,4,2,4,1,10,10,0
55,5,8,0,0.15,36,24,0,1,2,4,2,4,1,10,10,0
60,5,8,0,0.15,36,24,0,1,2,4,2,4,1,10,10,0
65,5,8,0,0.15,36,24,0,1,2,4,2,4,1,10,10,0
70,5,8,0,0.15,36,24,0,1,2,4,2,4,1,10,10,0
75,5,8,0,0.15,36,24,0,1,2,4,2,4,1,10,10,0
80,5,8,0,0.15,36,24,0,1,2,4,2,4,1,10,10,0
85,5,8,0,0.15,36,24,0,1,2,4,2,4,1,10,10,0
90,5,8,0,0.15,36,24,0,1,2,4,2,4,1,10,10,0
95,5,8,0,0.15,36,24,0,1,2,4,2,4,1,10,10,0
100,5,8,0,0.15,36,24,0,1,2,4,2,4,1,10,10,0
5,10,8,0,0.15,36,24,0,1,2,4,2,4,1,10,10,0
10,10,8,0,0.15,36,24,0,1,2,4,2,4,1,10,10,0
15,10,8,0,0.15,36,24,0,1,2,4,2,4,1,10,10,0
20,10,8,0,0.15,36,24,0,1,2,4,2,4,1,10,10,0
25,10,8,0,0.15,36,24,0,1,2,4,2,4,1,10,10,0
30,10,8,0,0.15,36,24,0,1,2,4,2,4,1,10,10,0
35,10,8,0,0.15,36,24,0,1,2,4,2,4,1,10,10,0
40,10,8,0,0.15,36,24,0,1,2,4,2,4,1,10,10,0
45,10,8,0,0.15,36,24,0,1,2,4,2,4,1,10,10,0
50,10,8,0,0.15,36,24,0,1,2,4,2,4,1,10,10,0
55,10,8,0,0.15,36,24,0,1,2,4,2,4,1,10,10,0
60,10,8,0,0.15,36,24,0,1,2,4,2,4,1,10,10,0
65,10,8,0,0.15,36,24,0,1,2,4,2,4,1,10,10,0
70,10,8,0,0.15,36,24,0,1,2,4,2,4,1,10,10,0
75,10,8,0,0.15,36,24,0,1,2,4,2,4,1,10,10,0
80,10,8,0,0.15,36,24,0,1,2,4,2,4,1,10,10,0
85,10,8,0,0.15,36,24,0,1,2,4,2,4,1,10,10,0
90,10,8,0,0.15,36,24,0,1,2,4,2,4,1,10,10,0
95,10,8,0,0.15,36,24,0,1,2,4,2,4,1,10,10,0
100,10,8,0,0.15,36,24,0,1,2,4,2,4,1,10,10,0
5,15,8,0,0.15,36,24,0,1,2,4,2,4,1,10,10,0
10,15,8,0,0.15,36,24,0,1,2,4,2,4,1,10,10,0
15,15,8,0,0.15,36,24,0,1,2,4,2,4,1,10,10,0
20,15,8,0,0.15,36,24,0,1,2,4,2,4,1,10,10,0
25,15,8,0,0.15,36,24,0,1,2,4,2,4,1,10,10,0
30,15,8,0,0.15,36,24,0,1,2,4,2,4,1,10,10,0
35,15,8,0,0.15,36,24,0,1,2,4,2,4,1,10,10,0
40,15,8,0,0.15,36,24,0,1,2,4,2,4,1,10,10,0
45,15,8,0,0.15,36,24,0,1,2,4,2,4,1,10,10,0
50,15,8,0,0.15,36,24,0,1,2,4,2,4,1,10,10,0
55,15,8,0,0.15,36,24,0,1,2,4,2,4,1,10,10,0
60,15,8,0,0.15,36,24,0,1,2,4,2,4,1,10,10,0
65,15,8,0,0.15,36,24,0,1,2,4,2,4,1,10,10,0
70,15,8,0,0.15,36,24,0,1,2,4,2,4,1,10,10,0
75,15,8,0,0.15,36,24,0,1,2,4,2,4,1,10,10,0
80,15,8,0,0.15,36,24,0,1,2,4,2,4,1,10,10,0
85,15,8,0,0.15,36,24,0,1,2,4,2,4,1,10,10,0
90,15,8,0,0.15,36,24,0,1,2,4,2,4,1,10,10,0
95,15,8,0,0.15,36,24,0,1,2,4,2,4,1,10,10,0
100,15,8,0,0.15,36,24,0,1,2,4,2,4,1,10,10,0
5,20,8,0,0.15,36,24,0,1,2,4,2,4,1,10,10,0
10,20,8,0,0.15,36,24,0,1,2,4,2,4,1,10,10,0
15,20,8,0,0.15,36,24,0,1,2,4,2,4,1,10,10,0
20,20,8,0,0.15,36,24,0,1,2,4,2,4,1,10,10,0
25,20,8,0,0.15,36,24,0,1,2,4,2,4,1,10,10,0
30,20,8,0,0.15,36,24,0,1,2,4,2,4,1,10,10,0
35,20,8,0,0.15,36,24,0,1,2,4,2,4,1,10,10,0
40,20,8,0,0.15,36,24,0,1,2,4,2,4,1,10,10,0
45,20,8,0,0.15,36,24,0,1,2,4,2,4,1,10,10,0
50,20,8,0,0.15,36,24,0,1,2,4,2,4,1,10,10,0
55,20,8,0,0.15,36,24,0,1,2,4,2,4,1,10,10,0
60,20,8,0,0.15,36,24,0,1,2,4,2,4,1,10,10,0
65,20,8,0,0.15,36,24,0,1,2,4,2,4,1,10,10,0
70,20,8,0,0.15,36,24,0,1,2,4,2,4,1,10,10,0
75,20,8,0,0.15,36,24,0,1,2,4,2,4,1,10,10,0
80,20,8,0,0.15,36,24,0,1,2,4,2,4,1,10,10,0
85,20,8,0,0.15,36,24,0,1,2,4,2,4,1,10,10,0
90,20,8,0,0.15,36,24,0,1,2,4,2,4,1,10,10,0
95,20,8,0,0.15,36,24,0,1,2,4,2,4,1,10,10,0
100,20,8,0,0.15,36,24,0,1,2,4,2,4,1,10,10,0
5,25,8,0,0.15,36,24,0,1,2,4,2,4,1,10,10,0
10,25,8,0,0.15,36,24,0,1,2,4,2,4,1,10,10,0
15,25,8,0,0.15,36,24,0,1,2,4,2,4,1,10,10,0
20,25,8,0,0.15,36,24,0,1,2,4,2,4,1,10,10,0
25,25,8,0,0.15,36,24,0,1,2,4,2,4,1,10,10,0
30,25,8,0,0.15,36,24,0,1,2,4,2,4,1,10,10,0
35,25,8,0,0.15,36,24,0,1,2,4,2,4,1,10,10,0
40,25,8,0,0.15,36,24,0,1,2,4,2,4,1,10,10,0
45,25,8,0,0.15,36,24,0,1,2,4,2,4,1,10,10,0
50,25,8,0,0.15,36,24,0,1,2,4,2,4,1,10,10,0
55,25,8,0,0.15,36,24,0,1,2,4,2,4,1,10,10,0
60,25,8,0,0.15,36,24,0,1,2,4,2,4,1,10,10,0
65,25,8,0,0.15,36,24,0,1,2,4,2,4,1,10,10,0
70,25,8,0,0.15,36,24,0,1,2,4,2,4,1,10,10,0
75,25,8,0,0.15,36,24,0,1,2,4,2,4,1,10,10,0
80,25,8,0,0.15,36,24,0,1,2,4,2,4,1,10,10,0
85,25,8,0,0.15,36,24,0,1,2,4,2,4,1,10,10,0
90,25,8,0,0.15,36,24,0,1,2,4,2,4,1,10,10,0
95,25,8,0,0.15,36,24,0,1,2,4,2,4,1,10,10,0
100,25,8,0,0.15,36,24,0,1,2,4,2,4,1,10,10,0
5,30,8,0,0.15,36,24,0,1,2,4,2,4,1,10,10,0
10,30,8,0,0.15,36,24,0,1,2,4,2,4,1,10,10,0
15,30,8,0,0.15,36,24,0,1,2,4,2,4,1,10,10,0
20,30,8,0,0.15,36,24,0,1,2,4,2,4,1,10,10,0
25,30,8,0,0.15,36,24,0,1,2,4,2,4,1,10,10,0
30,30,8,0,0.15,36,24,0,1,2,4,2,4,1,10,10,0
35,30,8,0,0.15,36,24,0,1,2,4,2,4,1,10,10,0
40,30,8,0,0.15,36,24,0,1,2,4,2,4,1,10,10,0
45,30,8,0,0.15,36,24,0,1,2,4,2,4,1,10,10,0
50,30,8,0,0.15,36,24,0,1,2,4,2,4,1,10,10,0
55,30,8,0,0.15,36,24,0,1,2,4,2,4,1,10,10,0
60,30,8,0,0.15,36,24,0,1,2,4,2,4,1,10,10,0
65,30,8,0,0.15,36,24,0,1,2,4,2,4,1,10,10,0
70,30,8,0,0.15,36,24,0,1,2,4,2,4,1,10,10,0
75,30,8,0,0.15,36,24,0,1,2,4,2,4,1,10,10,0
80,30,8,0,0.15,36,24,0,1,2,4,2,4,1,10,10,0
85,30,8,0,0.15,36,24,0,1,2,4,2,4,1,10,10,0
90,30,8,0,0.15,36,24,0,1,2,4,2,4,1,10,10,0
95,30,8,0,0.15,36,24,0,1,2,4,2,4,1,10,10,0
100,30,8,0,0.15,36,24,0,1,2,4,2,4,1,10,10,0
5,35,8,0,0.15,36,24,0,1,2,4,2,4,1,10,10,0
10,35,8,0,0.15,36,24,0,1,2,4,2,4,1,10,10,0
15,35,8,0,0.15,36,24,0,1,2,4,2,4,1,10,10,0
20,35,8,0,0.15,36,24,0,1,2,4,2,4,1,10,10,0
25,35,8,0,0.15,36,24,0,1,2,4,2,4,1,10,10,0
30,35,8,0,0.15,36,24,0,1,2,4,2,4,1,10,10,0
35,35,8,0,0.15,36,24,0,1,2,4,2,4,1,10,10,0
40,35,8,0,0.15,36,24,0,1,2,4,2,4,1,10,10,0
45,35,8,0,0.15,36,24,0,1,2,4,2,4,1,10,10,0
50,35,8,0,0.15,36,24,0,1,2,4,2,4,1,10,10,0
55,35,8,0,0.15,36,24,0,1,2,4,2,4,1,10,10,0
60,35,8,0,0.15,36,24,0,1,2,4,2,4,1,10,10,0
65,35,8,0,0.15,36,24,0,1,2,4,2,4,1,10,10,0
70,35,8,0,0.15,36,24,0,1,2,4,2,4,1,10,10,0
75,35,8,0,0.15,36,24,0,1,2,4,2,4,1,10,10,0
80,35,8,0,0.15,36,24,0,1,2,4,2,4,1,10,10,0
85,35,8,0,0.15,36,24,0,1,2,4,2,4,1,10,10,0
90,35,8,0,0.15,36,24,0,1,2,4,2,4,1,10,10,0
95,35,8,0,0.15,36,24,0,1,2,4,2,4,1,10,10,0
100,35,8,0,0.15,36,24,0,1,2,4,2,4,1,10,10,0
5,40,8,0,0.15,36,24,0,1,2,4,2,4,1,10,10,0
10,40,8,0,0.15,36,24,0,1,2,4,2,4,1,10,10,0
15,40,8,0,0.15,36,24,0,1,2,4,2,4,1,10,10,0
20,40,8,0,0.15,36,24,0,1,2,4,2,4,1,10,10,0
25,40,8,0,0.15,36,24,0,1,2,4,2,4,1,10,10,0
30,40,8,0,0.15,36,24,0,1,2,4,2,4,1,10,10,0
35,40,8,0,0.15,36,24,0,1,2,4,2,4,1,10,10,0
40,40,8,0,0.15,36,24,0,1,2,4,2,4,1,10,10,0
45,40,8,0,0.15,36,24,0,1,2,4,2,4,1,10,10,0
50,40,8,0,0.15,36,24,0,1,2,4,2,4,1,10,10,0
55,40,8,0,0.15,36,24,0,1,2,4,2,4,1,10,10,0
60,40,8,0,0.15,36,24,0,1,2,4,2,4,1,10,10,0
65,40,8,0,0.15,36,24,0,1,2,4,2,4,1,10,10,0
70,40,8,0,0.15,36,24,0,1,2,4,2,4,1,10,10,0
75,40,8,0,0.15,36,24,0,1,2,4,2,4,1,10,10,0
80,40,8,0,0.15,36,24,0,1,2,4,2,4,1,10,10,0
85,40,8,0,0.15,36,24,0,1,2,4,2,4,1,10,10,0
90,40,8,0,0.15,36,24,0,1,2,4,2,4,1,10,10,0
95,40,8,0,0.15,36,24,0,1,2,4,2,4,1,10,10,0
100,40,8,0,0.15,36,24,0,1,2,4,2,4,1,10,10,0
5,45,8,0,0.15,36,24,0,1,2,4,2,4,1,10,10,0
10,45,8,0,0.15,36,24,0,1,2,4,2,4,1,10,10,0
15,45,8,0,0.15,36,24,0,1,2,4,2,4,1,10,10,0
20,45,8,0,0.15,36,24,0,1,2,4,2,4,1,10,10,0
25,45,8,0,0.15,36,24,0,1,2,4,2,4,1,10,10,0
30,45,8,0,0.15,36,24,0,1,2,4,2,4,1,10,10,0
35,45,8,0,0.15,36,24,0,1,2,4,2,4,1,10,10,0
40,45,8,0,0.15,36,24,0,1,2,4,2,4,1,10,10,0
45,45,8,0,0.15,36,24,0,1,2,4,2,4,1,10,10,0
50,45,8,0,0.15,36,24,0,1,2,4,2,4,1,10,10,0
55,45,8,0,0.15,36,24,0,1,2,4,2,4,1,10,10,0
60,45,8,0,0.15,36,24,0,1,2,4,2,4,1,10,10,0
65,45,8,0,0.15,36,24,0,1,2,4,2,4,1,10,10,0
70,45,8,0,0.15,36,24,0,1,2,4,2,4,1,10,10,0
75,45,8,0,0.15,36,24,0,1,2,4,2,4,1,10,10,0
80,45,8,0,0.15,36,24,0,1,2,4,2,4,1,10,10,0
85,45,8,0,0.15,36,24,0,1,2,4,2,4,1,10,10,0
90,45,8,0,0.15,36,24,0,1,2,4,2,4,1,10,10,0
95,45,8,0,0.15,36,24,0,1,2,4,2,4,1,10,10,0
100,45,8,0,0.15,36,24,0,1,2,4,2,4,1,10,10,0
5,50,8,0,0.15,36,24,0,1,2,4,2,4,1,10,10,0
10,50,8,0,0.15,36,24,0,1,2,4,2,4,1,10,10,0
15,50,8,0,0.15,36,24,0,1,2,4,2,4,1,10,10,0
20,50,8,0,0.15,36,24,0,1,2,4,2,4,1,10,10,0
25,50,8,0,0.15,36,24,0,1,2,4,2,4,1,10,10,0
30,50,8,0,0.15,36,24,0,1,2,4,2,4,1,10,10,0
35,50,8,0,0.15,36,24,0,1,2,4,2,4,1,10,10,0
40,50,8,0,0.15,36,24,0,1,2,4,2,4,1,10,10,0
45,50,8,0,0.15,36,24,0,1,2,4,2,4,1,10,10,0
50,50,8,0,0.15,36,24,0,1,2,4,2,4,1,10,10,0
55,50,8,0,0.15,36,24,0,1,2,4,2,4,1,10,10,0
60,50,8,0,0.15,36,24,0,1,2,4,2,4,1,10,10,0
65,50,8,0,0.15,36,24,0,1,2,4,2,4,1,10,10,0
70,50,8,0,0.15,36,24,0,1,2,4,2,4,1,10,10,0
75,50,8,0,0.15,36,24,0,1,2,4,2,4,1,10,10,0
80,50,8,0,0.15,36,24,0,1,2,4,2,4,1,10,10,0
85,50,8,0,0.15,36,24,0,1,2,4,2,4,1,10,10,0
90,50,8,0,0.15,36,24,0,1,2,4,2,4,1,10,10,0
95,50,8,0,0.15,36,24,0,1,2,4,2,4,1,10,10,0
100,50,8,0,0.15,36,24,0,1,2,4,2,4,1,10,10,0
5,55,8,0,0.15,36,24,0,1,2,4,2,4,1,10,10,0
10,55,8,0,0.15,36,24,0,1,2,4,2,4,1,10,10,0
15,55,8,0,0.15,36,24,0,1,2,4,2,4,1,10,10,0
20,55,8,0,0.15,36,24,0,1,2,4,2,4,1,10,10,0
25,55,8,0,0.15,36,24,0,1,2,4,2,4,1,10,10,0
30,55,8,0,0.15,36,24,0,1,2,4,2,4,1,10,10,0
35,55,8,0,0.15,36,24,0,1,2,4,2,4,1,10,10,0
40,55,8,0,0.15,36,24,0,1,2,4,2,4,1,10,10,0
45,55,8,0,0.15,36,24,0,1,2,4,2,4,1,10,10,0
50,55,8,0,0.15,36,24,0,1,2,4,2,4,1,10,10,0
55,55,8,0,0.15,36,24,0,1,2,4,2,4,1,10,10,0
60,55,8,0,0.15,36,24,0,1,2,4,2,4,1,10,10,0
65,55,8,0,0.15,36,24,0,1,2,4,2,4,1,10,10,0
70,55,8,0,0.15,36,24,0,1,2,4,2,4,1,10,10,0
75,55,8,0,0.15,36,24,0,1,2,4,2,4,1,10,10,0
80,55,8,0,0.15,36,24,0,1,2,4,2,4,1,10,10,0
85,55,8,0,0.15,36,24,0,1,2,4,2,4,1,10,10,0
90,55,8,0,0.15,36,24,0,1,2,4,2,4,1,10,10,0
95,55,8,0,0.15,36,24,0,1,2,4,2,4,1,10,10,0
100,55,8,0,0.15,36,24,0,1,2,4,2,4,1,10,10,0
5,60,8,0,0.15,36,24,0,1,2,4,2,4,1,10,10,0
10,60,8,0,0.15,36,24,0,1,2,4,2,4,1,10,10,0
15,60,8,0,0.15,36,24,0,1,2,4,2,4,1,10,10,0
20,60,8,0,0.15,36,24,0,1,2,4,2,4,1,10,10,0
25,60,8,0,0.15,36,24,0,1,2,4,2,4,1,10,10,0
30,60,8,0,0.15,36,24,0,1,2,4,2,4,1,10,10,0
35,60,8,0,0.15,36,24,0,1,2,4,2,4,1,10,10,0
40,60,8,0,0.15,36,24,0,1,2,4,2,4,1,10,10,0
45,60,8,0,0.15,36,24,0,1,2,4,2,4,1,10,10,0
50,60,8,0,0.15,36,24,0,1,2,4,2,4,1,10,10,0
55,60,8,0,0.15,36,24,0,1,2,4,2,4,1,10,10,0
60,60,8,0,0.15,36,24,0,1,2,4,2,4,1,10,10,0
65,60,8,0,0.15,36,24,0,1,2,4,2,4,1,10,10,0
70,60,8,0,0.15,36,24,0,1,2,4,2,4,1,10,10,0
75,60,8,0,0.15,36,24,0,1,2,4,2,4,1,10,10,0
80,60,8,0,0.15,36,24,0,1,2,4,2,4,1,10,10,0
85,60,8,0,0.15,36,24,0,1,2,4,2,4,1,10,10,0
90,60,8,0,0.15,36,24,0,1,2,4,2,4,1,10,10,0
95,60,8,0,0.15,36,24,0,1,2,4,2,4,1,10,10,0
100,60,8,0,0.15,36,24,0,1,2,4,2,4,1,10,10,0
5,65,8,0,0.15,36,24,0,1,2,4,2,4,1,10,10,0
10,65,8,0,0.15,36,24,0,1,2,4,2,4,1,10,10,0
15,65,8,0,0.15,36,24,0,1,2,4,2,4,1,10,10,0
20,65,8,0,0.15,36,24,0,1,2,4,2,4,1,10,10,0
25,65,8,0,0.15,36,24,0,1,2,4,2,4,1,10,10,0
30,65,8,0,0.15,36,24,0,1,2,4,2,4,1,10,10,0
35,65,8,0,0.15,36,24,0,1,2,4,2,4,1,10,10,0
40,65,8,0,0.15,36,24,0,1,2,4,2,4,1,10,10,0
45,65,8,0,0.15,36,24,0,1,2,4,2,4,1,10,10,0
50,65,8,0,0.15,36,24,0,1,2,4,2,4,1,10,10,0
55,65,8,0,0.15,36,24,0,1,2,4,2,4,1,10,10,0
60,65,8,0,0.15,36,24,0,1,2,4,2,4,1,10,10,0
65,65,8,0,0.15,36,24,0,1,2,4,2,4,1,10,10,0
70,65,8,0,0.15,36,24,0,1,2,4,2,4,1,10,10,0
75,65,8,0,0.15,36,24,0,1,2,4,2,4,1,10,10,0
80,65,8,0,0.15,36,24,0,1,2,4,2,4,1,10,10,0
85,65,8,0,0.15,36,24,0,1,2,4,2,4,1,10,10,0
90,65,8,0,0.15,36,24,0,1,2,4,2,4,1,10,10,0
95,65,8,0,0.15,36,24,0,1,2,4,2,4,1,10,10,0
100,65,8,0,0.15,36,24,0,1,2,4,2,4,1,10,10,0
5,70,8,0,0.15,36,24,0,1,2,4,2,4,1,10,10,0
10,70,8,0,0.15,36,24,0,1,2,4,2,4,1,10,10,0
15,70,8,0,0.15,36,24,0,1,2,4,2,4,1,10,10,0
20,70,8,0,0.15,36,24,0,1,2,4,2,4,1,10,10,0
25,70,8,0,0.15,36,24,0,1,2,4,2,4,1,10,10,0
30,70,8,0,0.15,36,24,0,1,2,4,2,4,1,10,10,0
35,70,8,0,0.15,36,24,0,1,2,4,2,4,1,10,10,0
40,70,8,0,0.15,36,24,0,1,2,4,2,4,1,10,10,0
45,70,8,0,0.15,36,24,0,1,2,4,2,4,1,10,10,0
50,70,8,0,0.15,36,24,0,1,2,4,2,4,1,10,10,0
55,70,8,0,0.15,36,24,0,1,2,4,2,4,1,10,10,0
60,70,8,0,0.15,36,24,0,1,2,4,2,4,1,10,10,0
65,70,8,0,0.15,36,24,0,1,2,4,2,4,1,10,10,0
70,70,8,0,0.15,36,24,0,1,2,4,2,4,1,10,10,0
75,70,8,0,0.15,36,24,0,1,2,4,2,4,1,10,10,0
80,70,8,0,0.15,36,24,0,1,2,4,2,4,1,10,10,0
85,70,8,0,0.15,36,24,0,1,2,4,2,4,1,10,10,0
90,70,8,0,0.15,36,24,0,1,2,4,2,4,1,10,10,0
95,70,8,0,0.15,36,24,0,1,2,4,2,4,1,10,10,0
100,70,8,0,0.15,36,24,0,1,2,4,2,4,1,10,10,0
5,75,8,0,0.15,36,24,0,1,2,4,2,4,1,10,10,0
10,75,8,0,0.15,36,24,0,1,2,4,2,4,1,10,10,0
15,75,8,0,0.15,36,24,0,1,2,4,2,4,1,10,10,0
20,75,8,0,0.15,36,24,0,1,2,4,2,4,1,10,10,0
25,75,8,0,0.15,36,24,0,1,2,4,2,4,1,10,10,0
30,75,8,0,0.15,36,24,0,1,2,4,2,4,1,10,10,0
35,75,8,0,0.15,36,24,0,1,2,4,2,4,1,10,10,0
40,75,8,0,0.15,36,24,0,1,2,4,2,4,1,10,10,0
45,75,8,0,0.15,36,24,0,1,2,4,2,4,1,10,10,0
50,75,8,0,0.15,36,24,0,1,2,4,2,4,1,10,10,0
55,75,8,0,0.15,36,24,0,1,2,4,2,4,1,10,10,0
60,75,8,0,0.15,36,24,0,1,2,4,2,4,1,10,10,0
65,75,8,0,0.15,36,24,0,1,2,4,2,4,1,10,10,0
70,75,8,0,0.15,36,24,0,1,2,4,2,4,1,10,10,0
75,75,8,0,0.15,36,24,0,1,2,4,2,4,1,10,10,0
80,75,8,0,0.15,36,24,0,1,2,4,2,4,1,10,10,0
85,75,8,0,0.15,36,24,0,1,2,4,2,4,1,10,10,0
90,75,8,0,0.15,36,24,0,1,2,4,2,4,1,10,10,0
95,75,8,0,0.15,36,24,0,1,2,4,2,4,1,10,10,0
100,75,8,0,0.15,36,24,0,1,2,4,2,4,1,10,10,0
5,80,8,0,0.15,36,24,0,1,2,4,2,4,1,10,10,0
10,80,8,0,0.15,36,24,0,1,2,4,2,4,1,10,10,0
15,80,8,0,0.15,36,24,0,1,2,4,2,4,1,10,10,0
20,80,8,0,0.15,36,24,0,1,2,4,2,4,1,10,10,0
25,80,8,0,0.15,36,24,0,1,2,4,2,4,1,10,10,0
30,80,8,0,0.15,36,24,0,1,2,4,2,4,1,10,10,0
35,80,8,0,0.15,36,24,0,1,2,4,2,4,1,10,10,0
40,80,8,0,0.15,36,24,0,1,2,4,2,4,1,10,10,0
45,80,8,0,0.15,36,24,0,1,2,4,2,4,1,10,10,0
50,80,8,0,0.15,36,24,0,1,2,4,2,4,1,10,10,0
55,80,8,0,0.15,36,24,0,1,2,4,2,4,1,10,10,0
60,80,8,0,0.15,36,24,0,1,2,4,2,4,1,10,10,0
65,80,8,0,0.15,36,24,0,1,2,4,2,4,1,10,10,0
70,80,8,0,0.15,36,24,0,1,2,4,2,4,1,10,10,0
75,80,8,0,0.15,36,24,0,1,2,4,2,4,1,10,10,0
80,80,8,0,0.15,36,24,0,1,2,4,2,4,1,10,10,0
85,80,8,0,0.15,36,24,0,1,2,4,2,4,1,10,10,0
90,80,8,0,0.15,36,24,0,1,2,4,2,4,1,10,10,0
95,80,8,0,0.15,36,24,0,1,2,4,2,4,1,10,10,0
100,80,8,0,0.15,36,24,0,1,2,4,2,4,1,10,10,0
5,85,8,0,0.15,36,24,0,1,2,4,2,4,1,10,10,0
10,85,8,0,0.15,36,24,0,1,2,4,2,4,1,10,10,0
15,85,8,0,0.15,36,24,0,1,2,4,2,4,1,10,10,0
20,85,8,0,0.15,36,24,0,1,2,4,2,4,1,10,10,0
25,85,8,0,0.15,36,24,0,1,2,4,2,4,1,10,10,0
30,85,8,0,0.15,36,24,0,1,2,4,2,4,1,10,10,0
35,85,8,0,0.15,36,24,0,1,2,4,2,4,1,10,10,0
40,85,8,0,0.15,36,24,0,1,2,4,2,4,1,10,10,0
45,85,8,0,0.15,36,24,0,1,2,4,2,4,1,10,10,0
50,85,8,0,0.15,36,24,0,1,2,4,2,4,1,10,10,0
55,85,8,0,0.15,36,24,0,1,2,4,2,4,1,10,10,0
60,85,8,0,0.15,36,24,0,1,2,4,2,4,1,10,10,0
65,85,8,0,0.15,36,24,0,1,2,4,2,4,1,10,10,0
70,85,8,0,0.15,36,24,0,1,2,4,2,4,1,10,10,0
75,85,8,0,0.15,36,24,0,1,2,4,2,4,1,10,10,0
80,85,8,0,0.15,36,24,0,1,2,4,2,4,1,10,10,0
85,85,8,0,0.15,36,24,0,1,2,4,2,4,1,10,10,0
90,85,8,0,0.15,36,24,0,1,2,4,2,4,1,10,10,0
95,85,8,0,0.15,36,24,0,1,2,4,2,4,1,10,10,0
100,85,8,0,0.15,36,24,0,1,2,4,2,4,1,10,10,0
5,90,8,0,0.15,36,24,0,1,2,4,2,4,1,10,10,0
10,90,8,0,0.15,36,24,0,1,2,4,2,4,1,10,10,0
15,90,8,0,0.15,36,24,0,1,2,4,2,4,1,10,10,0
20,90,8,0,0.15,36,24,0,1,2,4,2,4,1,10,10,0
25,90,8,0,0.15,36,24,0,1,2,4,2,4,1,10,10,0
30,90,8,0,0.15,36,24,0,1,2,4,2,4,1,10,10,0
35,90,8,0,0.15,36,24,0,1,2,4,2,4,1,10,10,0
40,90,8,0,0.15,36,24,0,1,2,4,2,4,1,10,10,0
45,90,8,0,0.15,36,24,0,1,2,4,2,4,1,10,10,0
50,90,8,0,0.15,36,24,0,1,2,4,2,4,1,10,10,0
55,90,8,0,0.15,36,24,0,1,2,4,2,4,1,10,10,0
60,90,8,0,0.15,36,24,0,1,2,4,2,4,1,10,10,0
65,90,8,0,0.15,36,24,0,1,2,4,2,4,1,10,10,0
70,90,8,0,0.15,36,24,0,1,2,4,2,4,1,10,10,0
75,90,8,0,0.15,36,24,0,1,2,4,2,4,1,10,10,0
80,90,8,0,0.15,36,24,0,1,2,4,2,4,1,10,10,0
85,90,8,0,0.15,36,24,0,1,2,4,2,4,1,10,10,0
90,90,8,0,0.15,36,24,0,1,2,4,2,4,1,10,10,0
95,90,8,0,0.15,36,24,0,1,2,4,2,4,1,10,10,0
100,90,8,0,0.15,36,24,0,1,2,4,2,4,1,10,10,0
5,95,8,0,0.15,36,24,0,1,2,4,2,4,1,10,10,0
10,95,8,0,0.15,36,24,0,1,2,4,2,4,1,10,10,0
15,95,8,0,0.15,36,24,0,1,2,4,2,4,1,10,10,0
20,95,8,0,0.15,36,24,0,1,2,4,2,4,1,10,10,0
25,95,8,0,0.15,36,24,0,1,2,4,2,4,1,10,10,0
30,95,8,0,0.15,36,24,0,1,2,4,2,4,1,10,10,0
35,95,8,0,0.15,36,24,0,1,2,4,2,4,1,10,10,0
40,95,8,0,0.15,36,24,0,1,2,4,2,4,1,10,10,0
45,95,8,0,0.15,36,24,0,1,2,4,2,4,1,10,10,0
50,95,8,0,0.15,36,24,0,1,2,4,2,4,1,10,10,0
55,95,8,0,0.15,36,24,0,1,2,4,2,4,1,10,10,0
60,95,8,0,0.15,36,24,0,1,2,4,2,4,1,10,10,0
65,95,8,0,0.15,36,24,0,1,2,4,2,4,1,10,10,0
70,95,8,0,0.15,36,24,0,1,2,4,2,4,1,10,10,0
75,95,8,0,0.15,36,24,0,1,2,4,2,4,1,10,10,0
80,95,8,0,0.15,36,24,0,1,2,4,2,4,1,10,10,0
85,95,8,0,0.15,36,24,0,1,2,4,2,4,1,10,10,0
90,95,8,0,0.15,36,24,0,1,2,4,2,4,1,10,10,0
95,95,8,0,0.15,36,24,0,1,2,4,2,4,1,10,10,0
100,95,8,0,0.15,36,24,0,1,2,4,2,4,1,10,10,0
5,100,8,0,0.15,36,24,0,1,2,4,2,4,1,10,10,0
10,100,8,0,0.15,36,24,0,1,2,4,2,4,1,10,10,0
15,100,8,0,0.15,36,24,0,1,2,4,2,4,1,10,10,0
20,100,8,0,0.15,36,24,0,1,2,4,2,4,1,10,10,0
25,100,8,0,0.15,36,24,0,1,2,4,2,4,1,10,10,0
30,100,8,0,0.15,36,24,0,1,2,4,2,4,1,10,10,0
35,100,8,0,0.15,36,24,0,1,2,4,2,4,1,10,10,0
40,100,8,0,0.15,36,24,0,1,2,4,2,4,1,10,10,0
45,100,8,0,0.15,36,24,0,1,2,4,2,4,1,10,10,0
50,100,8,0,0.15,36,24,0,1,2,4,2,4,1,10,10,0
55,100,8,0,0.15,36,24,0,1,2,4,2,4,1,10,10,0
60,100,8,0,0.15,36,24,0,1,2,4,2,4,1,10,10,0
65,100,8,0,0.15,36,24,0,1,2,4,2,4,1,10,10,0
70,100,8,0,0.15,36,24,0,1,2,4,2,4,1,10,10,0
75,100,8,0,0.15,36,24,0,1,2,4,2,4,1,10,10,0
80,100,8,0,0.15,36,24,0,1,2,4,2,4,1,10,10,0
85,100,8,0,0.15,36,24,0,1,2,4,2,4,1,10,10,0
90,100,8,0,0.15,36,24,0,1,2,4,2,4,1,10,10,0
95,100,8,0,0.15,36,24,0,1,2,4,2,4,1,10,10,0
100,100,8,0,0.15,36,24,0,1,2,4,2,4,1,10,10,0
5,5,10,0,0.15,36,24,0,1,2,4,2,4,1,10,10,0
10,5,10,0,0.15,36,24,0,1,2,4,2,4,1,10,10,0
15,5,10,0,0.15,36,24,0,1,2,4,2,4,1,10,10,0
20,5,10,0,0.15,36,24,0,1,2,4,2,4,1,10,10,0
25,5,10,0,0.15,36,24,0,1,2,4,2,4,1,10,10,0
30,5,10,0,0.15,36,24,0,1,2,4,2,4,1,10,10,0
35,5,10,0,0.15,36,24,0,1,2,4,2,4,1,10,10,0
40,5,10,0,0.15,36,24,0,1,2,4,2,4,1,10,10,0
45,5,10,0,0.15,36,24,0,1,2,4,2,4,1,10,10,0
50,5,10,0,0.15,36,24,0,1,2,4,2,4,1,10,10,0
55,5,10,0,0.15,36,24,0,1,2,4,2,4,1,10,10,0
60,5,10,0,0.15,36,24,0,1,2,4,2,4,1,10,10,0
65,5,10,0,0.15,36,24,0,1,2,4,2,4,1,10,10,0
70,5,10,0,0.15,36,24,0,1,2,4,2,4,1,10,10,0
75,5,10,0,0.15,36,24,0,1,2,4,2,4,1,10,10,0
80,5,10,0,0.15,36,24,0,1,2,4,2,4,1,10,10,0
85,5,10,0,0.15,36,24,0,1,2,4,2,4,1,10,10,0
90,5,10,0,0.15,36,24,0,1,2,4,2,4,1,10,10,0
95,5,10,0,0.15,36,24,0,1,2,4,2,4,1,10,10,0
100,5,10,0,0.15,36,24,0,1,2,4,2,4,1,10,10,0
5,10,10,0,0.15,36,24,0,1,2,4,2,4,1,10,10,0
10,10,10,0,0.15,36,24,0,1,2,4,2,4,1,10,10,0
15,10,10,0,0.15,36,24,0,1,2,4,2,4,1,10,10,0
20,10,10,0,0.15,36,24,0,1,2,4,2,4,1,10,10,0
25,10,10,0,0.15,36,24,0,1,2,4,2,4,1,10,10,0
30,10,10,0,0.15,36,24,0,1,2,4,2,4,1,10,10,0
35,10,10,0,0.15,36,24,0,1,2,4,2,4,1,10,10,0
40,10,10,0,0.15,36,24,0,1,2,4,2,4,1,10,10,0
45,10,10,0,0.15,36,24,0,1,2,4,2,4,1,10,10,0
50,10,10,0,0.15,36,24,0,1,2,4,2,4,1,10,10,0
55,10,10,0,0.15,36,24,0,1,2,4,2,4,1,10,10,0
60,10,10,0,0.15,36,24,0,1,2,4,2,4,1,10,10,0
65,10,10,0,0.15,36,24,0,1,2,4,2,4,1,10,10,0
70,10,10,0,0.15,36,24,0,1,2,4,2,4,1,10,10,0
75,10,10,0,0.15,36,24,0,1,2,4,2,4,1,10,10,0
80,10,10,0,0.15,36,24,0,1,2,4,2,4,1,10,10,0
85,10,10,0,0.15,36,24,0,1,2,4,2,4,1,10,10,0
90,10,10,0,0.15,36,24,0,1,2,4,2,4,1,10,10,0
95,10,10,0,0.15,36,24,0,1,2,4,2,4,1,10,10,0
100,10,10,0,0.15,36,24,0,1,2,4,2,4,1,10,10,0
5,15,10,0,0.15,36,24,0,1,2,4,2,4,1,10,10,0
10,15,10,0,0.15,36,24,0,1,2,4,2,4,1,10,10,0
15,15,10,0,0.15,36,24,0,1,2,4,2,4,1,10,10,0
20,15,10,0,0.15,36,24,0,1,2,4,2,4,1,10,10,0
25,15,10,0,0.15,36,24,0,1,2,4,2,4,1,10,10,0
30,15,10,0,0.15,36,24,0,1,2,4,2,4,1,10,10,0
35,15,10,0,0.15,36,24,0,1,2,4,2,4,1,10,10,0
40,15,10,0,0.15,36,24,0,1,2,4,2,4,1,10,10,0
45,15,10,0,0.15,36,24,0,1,2,4,2,4,1,10,10,0
50,15,10,0,0.15,36,24,0,1,2,4,2,4,1,10,10,0
55,15,10,0,0.15,36,24,0,1,2,4,2,4,1,10,10,0
60,15,10,0,0.15,36,24,0,1,2,4,2,4,1,10,10,0
65,15,10,0,0.15,36,24,0,1,2,4,2,4,1,10,10,0
70,15,10,0,0.15,36,24,0,1,2,4,2,4,1,10,10,0
75,15,10,0,0.15,36,24,0,1,2,4,2,4,1,10,10,0
80,15,10,0,0.15,36,24,0,1,2,4,2,4,1,10,10,0
85,15,10,0,0.15,36,24,0,1,2,4,2,4,1,10,10,0
90,15,10,0,0.15,36,24,0,1,2,4,2,4,1,10,10,0
95,15,10,0,0.15,36,24,0,1,2,4,2,4,1,10,10,0
100,15,10,0,0.15,36,24,0,1,2,4,2,4,1,10,10,0
5,20,10,0,0.15,36,24,0,1,2,4,2,4,1,10,10,0
10,20,10,0,0.15,36,24,0,1,2,4,2,4,1,10,10,0
15,20,10,0,0.15,36,24,0,1,2,4,2,4,1,10,10,0
20,20,10,0,0.15,36,24,0,1,2,4,2,4,1,10,10,0
25,20,10,0,0.15,36,24,0,1,2,4,2,4,1,10,10,0
30,20,10,0,0.15,36,24,0,1,2,4,2,4,1,10,10,0
35,20,10,0,0.15,36,24,0,1,2,4,2,4,1,10,10,0
40,20,10,0,0.15,36,24,0,1,2,4,2,4,1,10,10,0
45,20,10,0,0.15,36,24,0,1,2,4,2,4,1,10,10,0
50,20,10,0,0.15,36,24,0,1,2,4,2,4,1,10,10,0
55,20,10,0,0.15,36,24,0,1,2,4,2,4,1,10,10,0
60,20,10,0,0.15,36,24,0,1,2,4,2,4,1,10,10,0
65,20,10,0,0.15,36,24,0,1,2,4,2,4,1,10,10,0
70,20,10,0,0.15,36,24,0,1,2,4,2,4,1,10,10,0
75,20,10,0,0.15,36,24,0,1,2,4,2,4,1,10,10,0
80,20,10,0,0.15,36,24,0,1,2,4,2,4,1,10,10,0
85,20,10,0,0.15,36,24,0,1,2,4,2,4,1,10,10,0
90,20,10,0,0.15,36,24,0,1,2,4,2,4,1,10,10,0
95,20,10,0,0.15,36,24,0,1,2,4,2,4,1,10,10,0
100,20,10,0,0.15,36,24,0,1,2,4,2,4,1,10,10,0
5,25,10,0,0.15,36,24,0,1,2,4,2,4,1,10,10,0
10,25,10,0,0.15,36,24,0,1,2,4,2,4,1,10,10,0
15,25,10,0,0.15,36,24,0,1,2,4,2,4,1,10,10,0
20,25,10,0,0.15,36,24,0,1,2,4,2,4,1,10,10,0
25,25,10,0,0.15,36,24,0,1,2,4,2,4,1,10,10,0
30,25,10,0,0.15,36,24,0,1,2,4,2,4,1,10,10,0
35,25,10,0,0.15,36,24,0,1,2,4,2,4,1,10,10,0
40,25,10,0,0.15,36,24,0,1,2,4,2,4,1,10,10,0
45,25,10,0,0.15,36,24,0,1,2,4,2,4,1,10,10,0
50,25,10,0,0.15,36,24,0,1,2,4,2,4,1,10,10,0
55,25,10,0,0.15,36,24,0,1,2,4,2,4,1,10,10,0
60,25,10,0,0.15,36,24,0,1,2,4,2,4,1,10,10,0
65,25,10,0,0.15,36,24,0,1,2,4,2,4,1,10,10,0
70,25,10,0,0.15,36,24,0,1,2,4,2,4,1,10,10,0
75,25,10,0,0.15,36,24,0,1,2,4,2,4,1,10,10,0
80,25,10,0,0.15,36,24,0,1,2,4,2,4,1,10,10,0
85,25,10,0,0.15,36,24,0,1,2,4,2,4,1,10,10,0
90,25,10,0,0.15,36,24,0,1,2,4,2,4,1,10,10,0
95,25,10,0,0.15,36,24,0,1,2,4,2,4,1,10,10,0
100,25,10,0,0.15,36,24,0,1,2,4,2,4,1,10,10,0
5,30,10,0,0.15,36,24,0,1,2,4,2,4,1,10,10,0
10,30,10,0,0.15,36,24,0,1,2,4,2,4,1,10,10,0
15,30,10,0,0.15,36,24,0,1,2,4,2,4,1,10,10,0
20,30,10,0,0.15,36,24,0,1,2,4,2,4,1,10,10,0
25,30,10,0,0.15,36,24,0,1,2,4,2,4,1,10,10,0
30,30,10,0,0.15,36,24,0,1,2,4,2,4,1,10,10,0
35,30,10,0,0.15,36,24,0,1,2,4,2,4,1,10,10,0
40,30,10,0,0.15,36,24,0,1,2,4,2,4,1,10,10,0
45,30,10,0,0.15,36,24,0,1,2,4,2,4,1,10,10,0
50,30,10,0,0.15,36,24,0,1,2,4,2,4,1,10,10,0
55,30,10,0,0.15,36,24,0,1,2,4,2,4,1,10,10,0
60,30,10,0,0.15,36,24,0,1,2,4,2,4,1,10,10,0
65,30,10,0,0.15,36,24,0,1,2,4,2,4,1,10,10,0
70,30,10,0,0.15,36,24,0,1,2,4,2,4,1,10,10,0
75,30,10,0,0.15,36,24,0,1,2,4,2,4,1,10,10,0
80,30,10,0,0.15,36,24,0,1,2,4,2,4,1,10,10,0
85,30,10,0,0.15,36,24,0,1,2,4,2,4,1,10,10,0
90,30,10,0,0.15,36,24,0,1,2,4,2,4,1,10,10,0
95,30,10,0,0.15,36,24,0,1,2,4,2,4,1,10,10,0
100,30,10,0,0.15,36,24,0,1,2,4,2,4,1,10,10,0
5,35,10,0,0.15,36,24,0,1,2,4,2,4,1,10,10,0
10,35,10,0,0.15,36,24,0,1,2,4,2,4,1,10,10,0
15,35,10,0,0.15,36,24,0,1,2,4,2,4,1,10,10,0
20,35,10,0,0.15,36,24,0,1,2,4,2,4,1,10,10,0
25,35,10,0,0.15,36,24,0,1,2,4,2,4,1,10,10,0
30,35,10,0,0.15,36,24,0,1,2,4,2,4,1,10,10,0
35,35,10,0,0.15,36,24,0,1,2,4,2,4,1,10,10,0
40,35,10,0,0.15,36,24,0,1,2,4,2,4,1,10,10,0
45,35,10,0,0.15,36,24,0,1,2,4,2,4,1,10,10,0
50,35,10,0,0.15,36,24,0,1,2,4,2,4,1,10,10,0
55,35,10,0,0.15,36,24,0,1,2,4,2,4,1,10,10,0
60,35,10,0,0.15,36,24,0,1,2,4,2,4,1,10,10,0
65,35,10,0,0.15,36,24,0,1,2,4,2,4,1,10,10,0
70,35,10,0,0.15,36,24,0,1,2,4,2,4,1,10,10,0
75,35,10,0,0.15,36,24,0,1,2,4,2,4,1,10,10,0
80,35,10,0,0.15,36,24,0,1,2,4,2,4,1,10,10,0
85,35,10,0,0.15,36,24,0,1,2,4,2,4,1,10,10,0
90,35,10,0,0.15,36,24,0,1,2,4,2,4,1,10,10,0
95,35,10,0,0.15,36,24,0,1,2,4,2,4,1,10,10,0
100,35,10,0,0.15,36,24,0,1,2,4,2,4,1,10,10,0
5,40,10,0,0.15,36,24,0,1,2,4,2,4,1,10,10,0
10,40,10,0,0.15,36,24,0,1,2,4,2,4,1,10,10,0
15,40,10,0,0.15,36,24,0,1,2,4,2,4,1,10,10,0
20,40,10,0,0.15,36,24,0,1,2,4,2,4,1,10,10,0
25,40,10,0,0.15,36,24,0,1,2,4,2,4,1,10,10,0
30,40,10,0,0.15,36,24,0,1,2,4,2,4,1,10,10,0
35,40,10,0,0.15,36,24,0,1,2,4,2,4,1,10,10,0
40,40,10,0,0.15,36,24,0,1,2,4,2,4,1,10,10,0
45,40,10,0,0.15,36,24,0,1,2,4,2,4,1,10,10,0
50,40,10,0,0.15,36,24,0,1,2,4,2,4,1,10,10,0
55,40,10,0,0.15,36,24,0,1,2,4,2,4,1,10,10,0
60,40,10,0,0.15,36,24,0,1,2,4,2,4,1,10,10,0
65,40,10,0,0.15,36,24,0,1,2,4,2,4,1,10,10,0
70,40,10,0,0.15,36,24,0,1,2,4,2,4,1,10,10,0
75,40,10,0,0.15,36,24,0,1,2,4,2,4,1,10,10,0
80,40,10,0,0.15,36,24,0,1,2,4,2,4,1,10,10,0
85,40,10,0,0.15,36,24,0,1,2,4,2,4,1,10,10,0
90,40,10,0,0.15,36,24,0,1,2,4,2,4,1,10,10,0
95,40,10,0,0.15,36,24,0,1,2,4,2,4,1,10,10,0
100,40,10,0,0.15,36,24,0,1,2,4,2,4,1,10,10,0
5,45,10,0,0.15,36,24,0,1,2,4,2,4,1,10,10,0
10,45,10,0,0.15,36,24,0,1,2,4,2,4,1,10,10,0
15,45,10,0,0.15,36,24,0,1,2,4,2,4,1,10,10,0
20,45,10,0,0.15,36,24,0,1,2,4,2,4,1,10,10,0
25,45,10,0,0.15,36,24,0,1,2,4,2,4,1,10,10,0
30,45,10,0,0.15,36,24,0,1,2,4,2,4,1,10,10,0
35,45,10,0,0.15,36,24,0,1,2,4,2,4,1,10,10,0
40,45,10,0,0.15,36,24,0,1,2,4,2,4,1,10,10,0
45,45,10,0,0.15,36,24,0,1,2,4,2,4,1,10,10,0
50,45,10,0,0.15,36,24,0,1,2,4,2,4,1,10,10,0
55,45,10,0,0.15,36,24,0,1,2,4,2,4,1,10,10,0
60,45,10,0,0.15,36,24,0,1,2,4,2,4,1,10,10,0
65,45,10,0,0.15,36,24,0,1,2,4,2,4,1,10,10,0
70,45,10,0,0.15,36,24,0,1,2,4,2,4,1,10,10,0
75,45,10,0,0.15,36,24,0,1,2,4,2,4,1,10,10,0
80,45,10,0,0.15,36,24,0,1,2,4,2,4,1,10,10,0
85,45,10,0,0.15,36,24,0,1,2,4,2,4,1,10,10,0
90,45,10,0,0.15,36,24,0,1,2,4,2,4,1,10,10,0
95,45,10,0,0.15,36,24,0,1,2,4,2,4,1,10,10,0
100,45,10,0,0.15,36,24,0,1,2,4,2,4,1,10,10,0
5,50,10,0,0.15,36,24,0,1,2,4,2,4,1,10,10,0
10,50,10,0,0.15,36,24,0,1,2,4,2,4,1,10,10,0
15,50,10,0,0.15,36,24,0,1,2,4,2,4,1,10,10,0
20,50,10,0,0.15,36,24,0,1,2,4,2,4,1,10,10,0
25,50,10,0,0.15,36,24,0,1,2,4,2,4,1,10,10,0
30,50,10,0,0.15,36,24,0,1,2,4,2,4,1,10,10,0
35,50,10,0,0.15,36,24,0,1,2,4,2,4,1,10,10,0
40,50,10,0,0.15,36,24,0,1,2,4,2,4,1,10,10,0
45,50,10,0,0.15,36,24,0,1,2,4,2,4,1,10,10,0
50,50,10,0,0.15,36,24,0,1,2,4,2,4,1,10,10,0
55,50,10,0,0.15,36,24,0,1,2,4,2,4,1,10,10,0
60,50,10,0,0.15,36,24,0,1,2,4,2,4,1,10,10,0
65,50,10,0,0.15,36,24,0,1,2,4,2,4,1,10,10,0
70,50,10,0,0.15,36,24,0,1,2,4,2,4,1,10,10,0
75,50,10,0,0.15,36,24,0,1,2,4,2,4,1,10,10,0
80,50,10,0,0.15,36,24,0,1,2,4,2,4,1,10,10,0
85,50,10,0,0.15,36,24,0,1,2,4,2,4,1,10,10,0
90,50,10,0,0.15,36,24,0,1,2,4,2,4,1,10,10,0
95,50,10,0,0.15,36,24,0,1,2,4,2,4,1,10,10,0
100,50,10,0,0.15,36,24,0,1,2,4,2,4,1,10,10,0
5,55,10,0,0.15,36,24,0,1,2,4,2,4,1,10,10,0
10,55,10,0,0.15,36,24,0,1,2,4,2,4,1,10,10,0
15,55,10,0,0.15,36,24,0,1,2,4,2,4,1,10,10,0
20,55,10,0,0.15,36,24,0,1,2,4,2,4,1,10,10,0
25,55,10,0,0.15,36,24,0,1,2,4,2,4,1,10,10,0
30,55,10,0,0.15,36,24,0,1,2,4,2,4,1,10,10,0
35,55,10,0,0.15,36,24,0,1,2,4,2,4,1,10,10,0
40,55,10,0,0.15,36,24,0,1,2,4,2,4,1,10,10,0
45,55,10,0,0.15,36,24,0,1,2,4,2,4,1,10,10,0
50,55,10,0,0.15,36,24,0,1,2,4,2,4,1,10,10,0
55,55,10,0,0.15,36,24,0,1,2,4,2,4,1,10,10,0
60,55,10,0,0.15,36,24,0,1,2,4,2,4,1,10,10,0
65,55,10,0,0.15,36,24,0,1,2,4,2,4,1,10,10,0
70,55,10,0,0.15,36,24,0,1,2,4,2,4,1,10,10,0
75,55,10,0,0.15,36,24,0,1,2,4,2,4,1,10,10,0
80,55,10,0,0.15,36,24,0,1,2,4,2,4,1,10,10,0
85,55,10,0,0.15,36,24,0,1,2,4,2,4,1,10,10,0
90,55,10,0,0.15,36,24,0,1,2,4,2,4,1,10,10,0
95,55,10,0,0.15,36,24,0,1,2,4,2,4,1,10,10,0
100,55,10,0,0.15,36,24,0,1,2,4,2,4,1,10,10,0
5,60,10,0,0.15,36,24,0,1,2,4,2,4,1,10,10,0
10,60,10,0,0.15,36,24,0,1,2,4,2,4,1,10,10,0
15,60,10,0,0.15,36,24,0,1,2,4,2,4,1,10,10,0
20,60,10,0,0.15,36,24,0,1,2,4,2,4,1,10,10,0
25,60,10,0,0.15,36,24,0,1,2,4,2,4,1,10,10,0
30,60,10,0,0.15,36,24,0,1,2,4,2,4,1,10,10,0
35,60,10,0,0.15,36,24,0,1,2,4,2,4,1,10,10,0
40,60,10,0,0.15,36,24,0,1,2,4,2,4,1,10,10,0
45,60,10,0,0.15,36,24,0,1,2,4,2,4,1,10,10,0
50,60,10,0,0.15,36,24,0,1,2,4,2,4,1,10,10,0
55,60,10,0,0.15,36,24,0,1,2,4,2,4,1,10,10,0
60,60,10,0,0.15,36,24,0,1,2,4,2,4,1,10,10,0
65,60,10,0,0.15,36,24,0,1,2,4,2,4,1,10,10,0
70,60,10,0,0.15,36,24,0,1,2,4,2,4,1,10,10,0
75,60,10,0,0.15,36,24,0,1,2,4,2,4,1,10,10,0
80,60,10,0,0.15,36,24,0,1,2,4,2,4,1,10,10,0
85,60,10,0,0.15,36,24,0,1,2,4,2,4,1,10,10,0
90,60,10,0,0.15,36,24,0,1,2,4,2,4,1,10,10,0
95,60,10,0,0.15,36,24,0,1,2,4,2,4,1,10,10,0
100,60,10,0,0.15,36,24,0,1,2,4,2,4,1,10,10,0
5,65,10,0,0.15,36,24,0,1,2,4,2,4,1,10,10,0
10,65,10,0,0.15,36,24,0,1,2,4,2,4,1,10,10,0
15,65,10,0,0.15,36,24,0,1,2,4,2,4,1,10,10,0
20,65,10,0,0.15,36,24,0,1,2,4,2,4,1,10,10,0
25,65,10,0,0.15,36,24,0,1,2,4,2,4,1,10,10,0
30,65,10,0,0.15,36,24,0,1,2,4,2,4,1,10,10,0
35,65,10,0,0.15,36,24,0,1,2,4,2,4,1,10,10,0
40,65,10,0,0.15,36,24,0,1,2,4,2,4,1,10,10,0
45,65,10,0,0.15,36,24,0,1,2,4,2,4,1,10,10,0
50,65,10,0,0.15,36,24,0,1,2,4,2,4,1,10,10,0
55,65,10,0,0.15,36,24,0,1,2,4,2,4,1,10,10,0
60,65,10,0,0.15,36,24,0,1,2,4,2,4,1,10,10,0
65,65,10,0,0.15,36,24,0,1,2,4,2,4,1,10,10,0
70,65,10,0,0.15,36,24,0,1,2,4,2,4,1,10,10,0
75,65,10,0,0.15,36,24,0,1,2,4,2,4,1,10,10,0
80,65,10,0,0.15,36,24,0,1,2,4,2,4,1,10,10,0
85,65,10,0,0.15,36,24,0,1,2,4,2,4,1,10,10,0
90,65,10,0,0.15,36,24,0,1,2,4,2,4,1,10,10,0
95,65,10,0,0.15,36,24,0,1,2,4,2,4,1,10,10,0
100,65,10,0,0.15,36,24,0,1,2,4,2,4,1,10,10,0
5,70,10,0,0.15,36,24,0,1,2,4,2,4,1,10,10,0
10,70,10,0,0.15,36,24,0,1,2,4,2,4,1,10,10,0
15,70,10,0,0.15,36,24,0,1,2,4,2,4,1,10,10,0
20,70,10,0,0.15,36,24,0,1,2,4,2,4,1,10,10,0
25,70,10,0,0.15,36,24,0,1,2,4,2,4,1,10,10,0
30,70,10,0,0.15,36,24,0,1,2,4,2,4,1,10,10,0
35,70,10,0,0.15,36,24,0,1,2,4,2,4,1,10,10,0
40,70,10,0,0.15,36,24,0,1,2,4,2,4,1,10,10,0
45,70,10,0,0.15,36,24,0,1,2,4,2,4,1,10,10,0
50,70,10,0,0.15,36,24,0,1,2,4,2,4,1,10,10,0
55,70,10,0,0.15,36,24,0,1,2,4,2,4,1,10,10,0
60,70,10,0,0.15,36,24,0,1,2,4,2,4,1,10,10,0
65,70,10,0,0.15,36,24,0,1,2,4,2,4,1,10,10,0
70,70,10,0,0.15,36,24,0,1,2,4,2,4,1,10,10,0
75,70,10,0,0.15,36,24,0,1,2,4,2,4,1,10,10,0
80,70,10,0,0.15,36,24,0,1,2,4,2,4,1,10,10,0
85,70,10,0,0.15,36,24,0,1,2,4,2,4,1,10,10,0
90,70,10,0,0.15,36,24,0,1,2,4,2,4,1,10,10,0
95,70,10,0,0.15,36,24,0,1,2,4,2,4,1,10,10,0
100,70,10,0,0.15,36,24,0,1,2,4,2,4,1,10,10,0
5,75,10,0,0.15,36,24,0,1,2,4,2,4,1,10,10,0
10,75,10,0,0.15,36,24,0,1,2,4,2,4,1,10,10,0
15,75,10,0,0.15,36,24,0,1,2,4,2,4,1,10,10,0
20,75,10,0,0.15,36,24,0,1,2,4,2,4,1,10,10,0
25,75,10,0,0.15,36,24,0,1,2,4,2,4,1,10,10,0
30,75,10,0,0.15,36,24,0,1,2,4,2,4,1,10,10,0
35,75,10,0,0.15,36,24,0,1,2,4,2,4,1,10,10,0
40,75,10,0,0.15,36,24,0,1,2,4,2,4,1,10,10,0
45,75,10,0,0.15,36,24,0,1,2,4,2,4,1,10,10,0
50,75,10,0,0.15,36,24,0,1,2,4,2,4,1,10,10,0
55,75,10,0,0.15,36,24,0,1,2,4,2,4,1,10,10,0
60,75,10,0,0.15,36,24,0,1,2,4,2,4,1,10,10,0
65,75,10,0,0.15,36,24,0,1,2,4,2,4,1,10,10,0
70,75,10,0,0.15,36,24,0,1,2,4,2,4,1,10,10,0
75,75,10,0,0.15,36,24,0,1,2,4,2,4,1,10,10,0
80,75,10,0,0.15,36,24,0,1,2,4,2,4,1,10,10,0
85,75,10,0,0.15,36,24,0,1,2,4,2,4,1,10,10,0
90,75,10,0,0.15,36,24,0,1,2,4,2,4,1,10,10,0
95,75,10,0,0.15,36,24,0,1,2,4,2,4,1,10,10,0
100,75,10,0,0.15,36,24,0,1,2,4,2,4,1,10,10,0
5,80,10,0,0.15,36,24,0,1,2,4,2,4,1,10,10,0
10,80,10,0,0.15,36,24,0,1,2,4,2,4,1,10,10,0
15,80,10,0,0.15,36,24,0,1,2,4,2,4,1,10,10,0
20,80,10,0,0.15,36,24,0,1,2,4,2,4,1,10,10,0
25,80,10,0,0.15,36,24,0,1,2,4,2,4,1,10,10,0
30,80,10,0,0.15,36,24,0,1,2,4,2,4,1,10,10,0
35,80,10,0,0.15,36,24,0,1,2,4,2,4,1,10,10,0
40,80,10,0,0.15,36,24,0,1,2,4,2,4,1,10,10,0
45,80,10,0,0.15,36,24,0,1,2,4,2,4,1,10,10,0
50,80,10,0,0.15,36,24,0,1,2,4,2,4,1,10,10,0
55,80,10,0,0.15,36,24,0,1,2,4,2,4,1,10,10,0
60,80,10,0,0.15,36,24,0,1,2,4,2,4,1,10,10,0
65,80,10,0,0.15,36,24,0,1,2,4,2,4,1,10,10,0
70,80,10,0,0.15,36,24,0,1,2,4,2,4,1,10,10,0
75,80,10,0,0.15,36,24,0,1,2,4,2,4,1,10,10,0
80,80,10,0,0.15,36,24,0,1,2,4,2,4,1,10,10,0
85,80,10,0,0.15,36,24,0,1,2,4,2,4,1,10,10,0
90,80,10,0,0.15,36,24,0,1,2,4,2,4,1,10,10,0
95,80,10,0,0.15,36,24,0,1,2,4,2,4,1,10,10,0
100,80,10,0,0.15,36,24,0,1,2,4,2,4,1,10,10,0
5,85,10,0,0.15,36,24,0,1,2,4,2,4,1,10,10,0
10,85,10,0,0.15,36,24,0,1,2,4,2,4,1,10,10,0
15,85,10,0,0.15,36,24,0,1,2,4,2,4,1,10,10,0
20,85,10,0,0.15,36,24,0,1,2,4,2,4,1,10,10,0
25,85,10,0,0.15,36,24,0,1,2,4,2,4,1,10,10,0
30,85,10,0,0.15,36,24,0,1,2,4,2,4,1,10,10,0
35,85,10,0,0.15,36,24,0,1,2,4,2,4,1,10,10,0
40,85,10,0,0.15,36,24,0,1,2,4,2,4,1,10,10,0
45,85,10,0,0.15,36,24,0,1,2,4,2,4,1,10,10,0
50,85,10,0,0.15,36,24,0,1,2,4,2,4,1,10,10,0
55,85,10,0,0.15,36,24,0,1,2,4,2,4,1,10,10,0
60,85,10,0,0.15,36,24,0,1,2,4,2,4,1,10,10,0
65,85,10,0,0.15,36,24,0,1,2,4,2,4,1,10,10,0
70,85,10,0,0.15,36,24,0,1,2,4,2,4,1,10,10,0
75,85,10,0,0.15,36,24,0,1,2,4,2,4,1,10,10,0
80,85,10,0,0.15,36,24,0,1,2,4,2,4,1,10,10,0
85,85,10,0,0.15,36,24,0,1,2,4,2,4,1,10,10,0
90,85,10,0,0.15,36,24,0,1,2,4,2,4,1,10,10,0
95,85,10,0,0.15,36,24,0,1,2,4,2,4,1,10,10,0
100,85,10,0,0.15,36,24,0,1,2,4,2,4,1,10,10,0
5,90,10,0,0.15,36,24,0,1,2,4,2,4,1,10,10,0
10,90,10,0,0.15,36,24,0,1,2,4,2,4,1,10,10,0
15,90,10,0,0.15,36,24,0,1,2,4,2,4,1,10,10,0
20,90,10,0,0.15,36,24,0,1,2,4,2,4,1,10,10,0
25,90,10,0,0.15,36,24,0,1,2,4,2,4,1,10,10,0
30,90,10,0,0.15,36,24,0,1,2,4,2,4,1,10,10,0
35,90,10,0,0.15,36,24,0,1,2,4,2,4,1,10,10,0
40,90,10,0,0.15,36,24,0,1,2,4,2,4,1,10,10,0
45,90,10,0,0.15,36,24,0,1,2,4,2,4,1,10,10,0
50,90,10,0,0.15,36,24,0,1,2,4,2,4,1,10,10,0
55,90,10,0,0.15,36,24,0,1,2,4,2,4,1,10,10,0
60,90,10,0,0.15,36,24,0,1,2,4,2,4,1,10,10,0
65,90,10,0,0.15,36,24,0,1,2,4,2,4,1,10,10,0
70,90,10,0,0.15,36,24,0,1,2,4,2,4,1,10,10,0
75,90,10,0,0.15,36,24,0,1,2,4,2,4,1,10,10,0
80,90,10,0,0.15,36,24,0,1,2,4,2,4,1,10,10,0
85,90,10,0,0.15,36,24,0,1,2,4,2,4,1,10,10,0
90,90,10,0,0.15,36,24,0,1,2,4,2,4,1,10,10,0
95,90,10,0,0.15,36,24,0,1,2,4,2,4,1,10,10,0
100,90,10,0,0.15,36,24,0,1,2,4,2,4,1,10,10,0
5,95,10,0,0.15,36,24,0,1,2,4,2,4,1,10,10,0
10,95,10,0,0.15,36,24,0,1,2,4,2,4,1,10,10,0
15,95,10,0,0.15,36,24,0,1,2,4,2,4,1,10,10,0
20,95,10,0,0.15,36,24,0,1,2,4,2,4,1,10,10,0
25,95,10,0,0.15,36,24,0,1,2,4,2,4,1,10,10,0
30,95,10,0,0.15,36,24,0,1,2,4,2,4,1,10,10,0
35,95,10,0,0.15,36,24,0,1,2,4,2,4,1,10,10,0
40,95,10,0,0.15,36,24,0,1,2,4,2,4,1,10,10,0
45,95,10,0,0.15,36,24,0,1,2,4,2,4,1,10,10,0
50,95,10,0,0.15,36,24,0,1,2,4,2,4,1,10,10,0
55,95,10,0,0.15,36,24,0,1,2,4,2,4,1,10,10,0
60,95,10,0,0.15,36,24,0,1,2,4,2,4,1,10,10,0
65,95,10,0,0.15,36,24,0,1,2,4,2,4,1,10,10,0
70,95,10,0,0.15,36,24,0,1,2,4,2,4,1,10,10,0
75,95,10,0,0.15,36,24,0,1,2,4,2,4,1,10,10,0
80,95,10,0,0.15,36,24,0,1,2,4,2,4,1,10,10,0
85,95,10,0,0.15,36,24,0,1,2,4,2,4,1,10,10,0
90,95,10,0,0.15,36,24,0,1,2,4,2,4,1,10,10,0
95,95,10,0,0.15,36,24,0,1,2,4,2,4,1,10,10,0
100,95,10,0,0.15,36,24,0,1,2,4,2,4,1,10,10,0
5,100,10,0,0.15,36,24,0,1,2,4,2,4,1,10,10,0
10,100,10,0,0.15,36,24,0,1,2,4,2,4,1,10,10,0
15,100,10,0,0.15,36,24,0,1,2,4,2,4,1,10,10,0
20,100,10,0,0.15,36,24,0,1,2,4,2,4,1,10,10,0
25,100,10,0,0.15,36,24,0,1,2,4,2,4,1,10,10,0
30,100,10,0,0.15,36,24,0,1,2,4,2,4,1,10,10,0
35,100,10,0,0.15,36,24,0,1,2,4,2,4,1,10,10,0
40,100,10,0,0.15,36,24,0,1,2,4,2,4,1,10,10,0
45,100,10,0,0.15,36,24,0,1,2,4,2,4,1,10,10,0
50,100,10,0,0.15,36,24,0,1,2,4,2,4,1,10,10,0
55,100,10,0,0.15,36,24,0,1,2,4,2,4,1,10,10,0
60,100,10,0,0.15,36,24,0,1,2,4,2,4,1,10,10,0
65,100,10,0,0.15,36,24,0,1,2,4,2,4,1,10,10,0
70,100,10,0,0.15,36,24,0,1,2,4,2,4,1,10,10,0
75,100,10,0,0.15,36,24,0,1,2,4,2,4,1,10,10,0
80,100,10,0,0.15,36,24,0,1,2,4,2,4,1,10,10,0
85,100,10,0,0.15,36,24,0,1,2,4,2,4,1,10,10,0
90,100,10,0,0.15,36,24,0,1,2,4,2,4,1,10,10,0
95,100,10,0,0.15,36,24,0,1,2,4,2,4,1,10,10,0
100,100,10,0,0.15,36,24,0,1,2,4,2,4,1,10,10,0
5,5,12,0,0.15,36,24,0,1,2,4,2,4,1,10,10,0
10,5,12,0,0.15,36,24,0,1,2,4,2,4,1,10,10,0
15,5,12,0,0.15,36,24,0,1,2,4,2,4,1,10,10,0
20,5,12,0,0.15,36,24,0,1,2,4,2,4,1,10,10,0
25,5,12,0,0.15,36,24,0,1,2,4,2,4,1,10,10,0
30,5,12,0,0.15,36,24,0,1,2,4,2,4,1,10,10,0
35,5,12,0,0.15,36,24,0,1,2,4,2,4,1,10,10,0
40,5,12,0,0.15,36,24,0,1,2,4,2,4,1,10,10,0
45,5,12,0,0.15,36,24,0,1,2,4,2,4,1,10,10,0
50,5,12,0,0.15,36,24,0,1,2,4,2,4,1,10,10,0
55,5,12,0,0.15,36,24,0,1,2,4,2,4,1,10,10,0
60,5,12,0,0.15,36,24,0,1,2,4,2,4,1,10,10,0
65,5,12,0,0.15,36,24,0,1,2,4,2,4,1,10,10,0
70,5,12,0,0.15,36,24,0,1,2,4,2,4,1,10,10,0
75,5,12,0,0.15,36,24,0,1,2,4,2,4,1,10,10,0
80,5,12,0,0.15,36,24,0,1,2,4,2,4,1,10,10,0
85,5,12,0,0.15,36,24,0,1,2,4,2,4,1,10,10,0
90,5,12,0,0.15,36,24,0,1,2,4,2,4,1,10,10,0
95,5,12,0,0.15,36,24,0,1,2,4,2,4,1,10,10,0
100,5,12,0,0.15,36,24,0,1,2,4,2,4,1,10,10,0
5,10,12,0,0.15,36,24,0,1,2,4,2,4,1,10,10,0
10,10,12,0,0.15,36,24,0,1,2,4,2,4,1,10,10,0
15,10,12,0,0.15,36,24,0,1,2,4,2,4,1,10,10,0
20,10,12,0,0.15,36,24,0,1,2,4,2,4,1,10,10,0
25,10,12,0,0.15,36,24,0,1,2,4,2,4,1,10,10,0
30,10,12,0,0.15,36,24,0,1,2,4,2,4,1,10,10,0
35,10,12,0,0.15,36,24,0,1,2,4,2,4,1,10,10,0
40,10,12,0,0.15,36,24,0,1,2,4,2,4,1,10,10,0
45,10,12,0,0.15,36,24,0,1,2,4,2,4,1,10,10,0
50,10,12,0,0.15,36,24,0,1,2,4,2,4,1,10,10,0
55,10,12,0,0.15,36,24,0,1,2,4,2,4,1,10,10,0
60,10,12,0,0.15,36,24,0,1,2,4,2,4,1,10,10,0
65,10,12,0,0.15,36,24,0,1,2,4,2,4,1,10,10,0
70,10,12,0,0.15,36,24,0,1,2,4,2,4,1,10,10,0
75,10,12,0,0.15,36,24,0,1,2,4,2,4,1,10,10,0
80,10,12,0,0.15,36,24,0,1,2,4,2,4,1,10,10,0
85,10,12,0,0.15,36,24,0,1,2,4,2,4,1,10,10,0
90,10,12,0,0.15,36,24,0,1,2,4,2,4,1,10,10,0
95,10,12,0,0.15,36,24,0,1,2,4,2,4,1,10,10,0
100,10,12,0,0.15,36,24,0,1,2,4,2,4,1,10,10,0
5,15,12,0,0.15,36,24,0,1,2,4,2,4,1,10,10,0
10,15,12,0,0.15,36,24,0,1,2,4,2,4,1,10,10,0
15,15,12,0,0.15,36,24,0,1,2,4,2,4,1,10,10,0
20,15,12,0,0.15,36,24,0,1,2,4,2,4,1,10,10,0
25,15,12,0,0.15,36,24,0,1,2,4,2,4,1,10,10,0
30,15,12,0,0.15,36,24,0,1,2,4,2,4,1,10,10,0
35,15,12,0,0.15,36,24,0,1,2,4,2,4,1,10,10,0
40,15,12,0,0.15,36,24,0,1,2,4,2,4,1,10,10,0
45,15,12,0,0.15,36,24,0,1,2,4,2,4,1,10,10,0
50,15,12,0,0.15,36,24,0,1,2,4,2,4,1,10,10,0
55,15,12,0,0.15,36,24,0,1,2,4,2,4,1,10,10,0
60,15,12,0,0.15,36,24,0,1,2,4,2,4,1,10,10,0
65,15,12,0,0.15,36,24,0,1,2,4,2,4,1,10,10,0
70,15,12,0,0.15,36,24,0,1,2,4,2,4,1,10,10,0
75,15,12,0,0.15,36,24,0,1,2,4,2,4,1,10,10,0
80,15,12,0,0.15,36,24,0,1,2,4,2,4,1,10,10,0
85,15,12,0,0.15,36,24,0,1,2,4,2,4,1,10,10,0
90,15,12,0,0.15,36,24,0,1,2,4,2,4,1,10,10,0
95,15,12,0,0.15,36,24,0,1,2,4,2,4,1,10,10,0
100,15,12,0,0.15,36,24,0,1,2,4,2,4,1,10,10,0
5,20,12,0,0.15,36,24,0,1,2,4,2,4,1,10,10,0
10,20,12,0,0.15,36,24,0,1,2,4,2,4,1,10,10,0
15,20,12,0,0.15,36,24,0,1,2,4,2,4,1,10,10,0
20,20,12,0,0.15,36,24,0,1,2,4,2,4,1,10,10,0
25,20,12,0,0.15,36,24,0,1,2,4,2,4,1,10,10,0
30,20,12,0,0.15,36,24,0,1,2,4,2,4,1,10,10,0
35,20,12,0,0.15,36,24,0,1,2,4,2,4,1,10,10,0
40,20,12,0,0.15,36,24,0,1,2,4,2,4,1,10,10,0
45,20,12,0,0.15,36,24,0,1,2,4,2,4,1,10,10,0
50,20,12,0,0.15,36,24,0,1,2,4,2,4,1,10,10,0
55,20,12,0,0.15,36,24,0,1,2,4,2,4,1,10,10,0
60,20,12,0,0.15,36,24,0,1,2,4,2,4,1,10,10,0
65,20,12,0,0.15,36,24,0,1,2,4,2,4,1,10,10,0
70,20,12,0,0.15,36,24,0,1,2,4,2,4,1,10,10,0
75,20,12,0,0.15,36,24,0,1,2,4,2,4,1,10,10,0
80,20,12,0,0.15,36,24,0,1,2,4,2,4,1,10,10,0
85,20,12,0,0.15,36,24,0,1,2,4,2,4,1,10,10,0
90,20,12,0,0.15,36,24,0,1,2,4,2,4,1,10,10,0
95,20,12,0,0.15,36,24,0,1,2,4,2,4,1,10,10,0
100,20,12,0,0.15,36,24,0,1,2,4,2,4,1,10,10,0
5,25,12,0,0.15,36,24,0,1,2,4,2,4,1,10,10,0
10,25,12,0,0.15,36,24,0,1,2,4,2,4,1,10,10,0
15,25,12,0,0.15,36,24,0,1,2,4,2,4,1,10,10,0
20,25,12,0,0.15,36,24,0,1,2,4,2,4,1,10,10,0
25,25,12,0,0.15,36,24,0,1,2,4,2,4,1,10,10,0
30,25,12,0,0.15,36,24,0,1,2,4,2,4,1,10,10,0
35,25,12,0,0.15,36,24,0,1,2,4,2,4,1,10,10,0
40,25,12,0,0.15,36,24,0,1,2,4,2,4,1,10,10,0
45,25,12,0,0.15,36,24,0,1,2,4,2,4,1,10,10,0
50,25,12,0,0.15,36,24,0,1,2,4,2,4,1,10,10,0
55,25,12,0,0.15,36,24,0,1,2,4,2,4,1,10,10,0
60,25,12,0,0.15,36,24,0,1,2,4,2,4,1,10,10,0
65,25,12,0,0.15,36,24,0,1,2,4,2,4,1,10,10,0
70,25,12,0,0.15,36,24,0,1,2,4,2,4,1,10,10,0
75,25,12,0,0.15,36,24,0,1,2,4,2,4,1,10,10,0
80,25,12,0,0.15,36,24,0,1,2,4,2,4,1,10,10,0
85,25,12,0,0.15,36,24,0,1,2,4,2,4,1,10,10,0
90,25,12,0,0.15,36,24,0,1,2,4,2,4,1,10,10,0
95,25,12,0,0.15,36,24,0,1,2,4,2,4,1,10,10,0
100,25,12,0,0.15,36,24,0,1,2,4,2,4,1,10,10,0
5,30,12,0,0.15,36,24,0,1,2,4,2,4,1,10,10,0
10,30,12,0,0.15,36,24,0,1,2,4,2,4,1,10,10,0
15,30,12,0,0.15,36,24,0,1,2,4,2,4,1,10,10,0
20,30,12,0,0.15,36,24,0,1,2,4,2,4,1,10,10,0
25,30,12,0,0.15,36,24,0,1,2,4,2,4,1,10,10,0
30,30,12,0,0.15,36,24,0,1,2,4,2,4,1,10,10,0
35,30,12,0,0.15,36,24,0,1,2,4,2,4,1,10,10,0
40,30,12,0,0.15,36,24,0,1,2,4,2,4,1,10,10,0
45,30,12,0,0.15,36,24,0,1,2,4,2,4,1,10,10,0
50,30,12,0,0.15,36,24,0,1,2,4,2,4,1,10,10,0
55,30,12,0,0.15,36,24,0,1,2,4,2,4,1,10,10,0
60,30,12,0,0.15,36,24,0,1,2,4,2,4,1,10,10,0
65,30,12,0,0.15,36,24,0,1,2,4,2,4,1,10,10,0
70,30,12,0,0.15,36,24,0,1,2,4,2,4,1,10,10,0
75,30,12,0,0.15,36,24,0,1,2,4,2,4,1,10,10,0
80,30,12,0,0.15,36,24,0,1,2,4,2,4,1,10,10,0
85,30,12,0,0.15,36,24,0,1,2,4,2,4,1,10,10,0
90,30,12,0,0.15,36,24,0,1,2,4,2,4,1,10,10,0
95,30,12,0,0.15,36,24,0,1,2,4,2,4,1,10,10,0
100,30,12,0,0.15,36,24,0,1,2,4,2,4,1,10,10,0
5,35,12,0,0.15,36,24,0,1,2,4,2,4,1,10,10,0
10,35,12,0,0.15,36,24,0,1,2,4,2,4,1,10,10,0
15,35,12,0,0.15,36,24,0,1,2,4,2,4,1,10,10,0
20,35,12,0,0.15,36,24,0,1,2,4,2,4,1,10,10,0
25,35,12,0,0.15,36,24,0,1,2,4,2,4,1,10,10,0
30,35,12,0,0.15,36,24,0,1,2,4,2,4,1,10,10,0
35,35,12,0,0.15,36,24,0,1,2,4,2,4,1,10,10,0
40,35,12,0,0.15,36,24,0,1,2,4,2,4,1,10,10,0
45,35,12,0,0.15,36,24,0,1,2,4,2,4,1,10,10,0
50,35,12,0,0.15,36,24,0,1,2,4,2,4,1,10,10,0
55,35,12,0,0.15,36,24,0,1,2,4,2,4,1,10,10,0
60,35,12,0,0.15,36,24,0,1,2,4,2,4,1,10,10,0
65,35,12,0,0.15,36,24,0,1,2,4,2,4,1,10,10,0
70,35,12,0,0.15,36,24,0,1,2,4,2,4,1,10,10,0
75,35,12,0,0.15,36,24,0,1,2,4,2,4,1,10,10,0
80,35,12,0,0.15,36,24,0,1,2,4,2,4,1,10,10,0
85,35,12,0,0.15,36,24,0,1,2,4,2,4,1,10,10,0
90,35,12,0,0.15,36,24,0,1,2,4,2,4,1,10,10,0
95,35,12,0,0.15,36,24,0,1,2,4,2,4,1,10,10,0
100,35,12,0,0.15,36,24,0,1,2,4,2,4,1,10,10,0
5,40,12,0,0.15,36,24,0,1,2,4,2,4,1,10,10,0
10,40,12,0,0.15,36,24,0,1,2,4,2,4,1,10,10,0
15,40,12,0,0.15,36,24,0,1,2,4,2,4,1,10,10,0
20,40,12,0,0.15,36,24,0,1,2,4,2,4,1,10,10,0
25,40,12,0,0.15,36,24,0,1,2,4,2,4,1,10,10,0
30,40,12,0,0.15,36,24,0,1,2,4,2,4,1,10,10,0
35,40,12,0,0.15,36,24,0,1,2,4,2,4,1,10,10,0
40,40,12,0,0.15,36,24,0,1,2,4,2,4,1,10,10,0
45,40,12,0,0.15,36,24,0,1,2,4,2,4,1,10,10,0
50,40,12,0,0.15,36,24,0,1,2,4,2,4,1,10,10,0
55,40,12,0,0.15,36,24,0,1,2,4,2,4,1,10,10,0
60,40,12,0,0.15,36,24,0,1,2,4,2,4,1,10,10,0
65,40,12,0,0.15,36,24,0,1,2,4,2,4,1,10,10,0
70,40,12,0,0.15,36,24,0,1,2,4,2,4,1,10,10,0
75,40,12,0,0.15,36,24,0,1,2,4,2,4,1,10,10,0
80,40,12,0,0.15,36,24,0,1,2,4,2,4,1,10,10,0
85,40,12,0,0.15,36,24,0,1,2,4,2,4,1,10,10,0
90,40,12,0,0.15,36,24,0,1,2,4,2,4,1,10,10,0
95,40,12,0,0.15,36,24,0,1,2,4,2,4,1,10,10,0
100,40,12,0,0.15,36,24,0,1,2,4,2,4,1,10,10,0
5,45,12,0,0.15,36,24,0,1,2,4,2,4,1,10,10,0
10,45,12,0,0.15,36,24,0,1,2,4,2,4,1,10,10,0
15,45,12,0,0.15,36,24,0,1,2,4,2,4,1,10,10,0
20,45,12,0,0.15,36,24,0,1,2,4,2,4,1,10,10,0
25,45,12,0,0.15,36,24,0,1,2,4,2,4,1,10,10,0
30,45,12,0,0.15,36,24,0,1,2,4,2,4,1,10,10,0
35,45,12,0,0.15,36,24,0,1,2,4,2,4,1,10,10,0
40,45,12,0,0.15,36,24,0,1,2,4,2,4,1,10,10,0
45,45,12,0,0.15,36,24,0,1,2,4,2,4,1,10,10,0
50,45,12,0,0.15,36,24,0,1,2,4,2,4,1,10,10,0
55,45,12,0,0.15,36,24,0,1,2,4,2,4,1,10,10,0
60,45,12,0,0.15,36,24,0,1,2,4,2,4,1,10,10,0
65,45,12,0,0.15,36,24,0,1,2,4,2,4,1,10,10,0
70,45,12,0,0.15,36,24,0,1,2,4,2,4,1,10,10,0
75,45,12,0,0.15,36,24,0,1,2,4,2,4,1,10,10,0
80,45,12,0,0.15,36,24,0,1,2,4,2,4,1,10,10,0
85,45,12,0,0.15,36,24,0,1,2,4,2,4,1,10,10,0
90,45,12,0,0.15,36,24,0,1,2,4,2,4,1,10,10,0
95,45,12,0,0.15,36,24,0,1,2,4,2,4,1,10,10,0
100,45,12,0,0.15,36,24,0,1,2,4,2,4,1,10,10,0
5,50,12,0,0.15,36,24,0,1,2,4,2,4,1,10,10,0
10,50,12,0,0.15,36,24,0,1,2,4,2,4,1,10,10,0
15,50,12,0,0.15,36,24,0,1,2,4,2,4,1,10,10,0
20,50,12,0,0.15,36,24,0,1,2,4,2,4,1,10,10,0
25,50,12,0,0.15,36,24,0,1,2,4,2,4,1,10,10,0
30,50,12,0,0.15,36,24,0,1,2,4,2,4,1,10,10,0
35,50,12,0,0.15,36,24,0,1,2,4,2,4,1,10,10,0
40,50,12,0,0.15,36,24,0,1,2,4,2,4,1,10,10,0
45,50,12,0,0.15,36,24,0,1,2,4,2,4,1,10,10,0
50,50,12,0,0.15,36,24,0,1,2,4,2,4,1,10,10,0
55,50,12,0,0.15,36,24,0,1,2,4,2,4,1,10,10,0
60,50,12,0,0.15,36,24,0,1,2,4,2,4,1,10,10,0
65,50,12,0,0.15,36,24,0,1,2,4,2,4,1,10,10,0
70,50,12,0,0.15,36,24,0,1,2,4,2,4,1,10,10,0
75,50,12,0,0.15,36,24,0,1,2,4,2,4,1,10,10,0
80,50,12,0,0.15,36,24,0,1,2,4,2,4,1,10,10,0
85,50,12,0,0.15,36,24,0,1,2,4,2,4,1,10,10,0
90,50,12,0,0.15,36,24,0,1,2,4,2,4,1,10,10,0
95,50,12,0,0.15,36,24,0,1,2,4,2,4,1,10,10,0
100,50,12,0,0.15,36,24,0,1,2,4,2,4,1,10,10,0
5,55,12,0,0.15,36,24,0,1,2,4,2,4,1,10,10,0
10,55,12,0,0.15,36,24,0,1,2,4,2,4,1,10,10,0
15,55,12,0,0.15,36,24,0,1,2,4,2,4,1,10,10,0
20,55,12,0,0.15,36,24,0,1,2,4,2,4,1,10,10,0
25,55,12,0,0.15,36,24,0,1,2,4,2,4,1,10,10,0
30,55,12,0,0.15,36,24,0,1,2,4,2,4,1,10,10,0
35,55,12,0,0.15,36,24,0,1,2,4,2,4,1,10,10,0
40,55,12,0,0.15,36,24,0,1,2,4,2,4,1,10,10,0
45,55,12,0,0.15,36,24,0,1,2,4,2,4,1,10,10,0
50,55,12,0,0.15,36,24,0,1,2,4,2,4,1,10,10,0
55,55,12,0,0.15,36,24,0,1,2,4,2,4,1,10,10,0
60,55,12,0,0.15,36,24,0,1,2,4,2,4,1,10,10,0
65,55,12,0,0.15,36,24,0,1,2,4,2,4,1,10,10,0
70,55,12,0,0.15,36,24,0,1,2,4,2,4,1,10,10,0
75,55,12,0,0.15,36,24,0,1,2,4,2,4,1,10,10,0
80,55,12,0,0.15,36,24,0,1,2,4,2,4,1,10,10,0
85,55,12,0,0.15,36,24,0,1,2,4,2,4,1,10,10,0
90,55,12,0,0.15,36,24,0,1,2,4,2,4,1,10,10,0
95,55,12,0,0.15,36,24,0,1,2,4,2,4,1,10,10,0
100,55,12,0,0.15,36,24,0,1,2,4,2,4,1,10,10,0
5,60,12,0,0.15,36,24,0,1,2,4,2,4,1,10,10,0
10,60,12,0,0.15,36,24,0,1,2,4,2,4,1,10,10,0
15,60,12,0,0.15,36,24,0,1,2,4,2,4,1,10,10,0
20,60,12,0,0.15,36,24,0,1,2,4,2,4,1,10,10,0
25,60,12,0,0.15,36,24,0,1,2,4,2,4,1,10,10,0
30,60,12,0,0.15,36,24,0,1,2,4,2,4,1,10,10,0
35,60,12,0,0.15,36,24,0,1,2,4,2,4,1,10,10,0
40,60,12,0,0.15,36,24,0,1,2,4,2,4,1,10,10,0
45,60,12,0,0.15,36,24,0,1,2,4,2,4,1,10,10,0
50,60,12,0,0.15,36,24,0,1,2,4,2,4,1,10,10,0
55,60,12,0,0.15,36,24,0,1,2,4,2,4,1,10,10,0
60,60,12,0,0.15,36,24,0,1,2,4,2,4,1,10,10,0
65,60,12,0,0.15,36,24,0,1,2,4,2,4,1,10,10,0
70,60,12,0,0.15,36,24,0,1,2,4,2,4,1,10,10,0
75,60,12,0,0.15,36,24,0,1,2,4,2,4,1,10,10,0
80,60,12,0,0.15,36,24,0,1,2,4,2,4,1,10,10,0
85,60,12,0,0.15,36,24,0,1,2,4,2,4,1,10,10,0
90,60,12,0,0.15,36,24,0,1,2,4,2,4,1,10,10,0
95,60,12,0,0.15,36,24,0,1,2,4,2,4,1,10,10,0
100,60,12,0,0.15,36,24,0,1,2,4,2,4,1,10,10,0
5,65,12,0,0.15,36,24,0,1,2,4,2,4,1,10,10,0
10,65,12,0,0.15,36,24,0,1,2,4,2,4,1,10,10,0
15,65,12,0,0.15,36,24,0,1,2,4,2,4,1,10,10,0
20,65,12,0,0.15,36,24,0,1,2,4,2,4,1,10,10,0
25,65,12,0,0.15,36,24,0,1,2,4,2,4,1,10,10,0
30,65,12,0,0.15,36,24,0,1,2,4,2,4,1,10,10,0
35,65,12,0,0.15,36,24,0,1,2,4,2,4,1,10,10,0
40,65,12,0,0.15,36,24,0,1,2,4,2,4,1,10,10,0
45,65,12,0,0.15,36,24,0,1,2,4,2,4,1,10,10,0
50,65,12,0,0.15,36,24,0,1,2,4,2,4,1,10,10,0
55,65,12,0,0.15,36,24,0,1,2,4,2,4,1,10,10,0
60,65,12,0,0.15,36,24,0,1,2,4,2,4,1,10,10,0
65,65,12,0,0.15,36,24,0,1,2,4,2,4,1,10,10,0
70,65,12,0,0.15,36,24,0,1,2,4,2,4,1,10,10,0
75,65,12,0,0.15,36,24,0,1,2,4,2,4,1,10,10,0
80,65,12,0,0.15,36,24,0,1,2,4,2,4,1,10,10,0
85,65,12,0,0.15,36,24,0,1,2,4,2,4,1,10,10,0
90,65,12,0,0.15,36,24,0,1,2,4,2,4,1,10,10,0
95,65,12,0,0.15,36,24,0,1,2,4,2,4,1,10,10,0
100,65,12,0,0.15,36,24,0,1,2,4,2,4,1,10,10,0
5,70,12,0,0.15,36,24,0,1,2,4,2,4,1,10,10,0
10,70,12,0,0.15,36,24,0,1,2,4,2,4,1,10,10,0
15,70,12,0,0.15,36,24,0,1,2,4,2,4,1,10,10,0
20,70,12,0,0.15,36,24,0,1,2,4,2,4,1,10,10,0
25,70,12,0,0.15,36,24,0,1,2,4,2,4,1,10,10,0
30,70,12,0,0.15,36,24,0,1,2,4,2,4,1,10,10,0
35,70,12,0,0.15,36,24,0,1,2,4,2,4,1,10,10,0
40,70,12,0,0.15,36,24,0,1,2,4,2,4,1,10,10,0
45,70,12,0,0.15,36,24,0,1,2,4,2,4,1,10,10,0
50,70,12,0,0.15,36,24,0,1,2,4,2,4,1,10,10,0
55,70,12,0,0.15,36,24,0,1,2,4,2,4,1,10,10,0
60,70,12,0,0.15,36,24,0,1,2,4,2,4,1,10,10,0
65,70,12,0,0.15,36,24,0,1,2,4,2,4,1,10,10,0
70,70,12,0,0.15,36,24,0,1,2,4,2,4,1,10,10,0
75,70,12,0,0.15,36,24,0,1,2,4,2,4,1,10,10,0
80,70,12,0,0.15,36,24,0,1,2,4,2,4,1,10,10,0
85,70,12,0,0.15,36,24,0,1,2,4,2,4,1,10,10,0
90,70,12,0,0.15,36,24,0,1,2,4,2,4,1,10,10,0
95,70,12,0,0.15,36,24,0,1,2,4,2,4,1,10,10,0
100,70,12,0,0.15,36,24,0,1,2,4,2,4,1,10,10,0
5,75,12,0,0.15,36,24,0,1,2,4,2,4,1,10,10,0
10,75,12,0,0.15,36,24,0,1,2,4,2,4,1,10,10,0
15,75,12,0,0.15,36,24,0,1,2,4,2,4,1,10,10,0
20,75,12,0,0.15,36,24,0,1,2,4,2,4,1,10,10,0
25,75,12,0,0.15,36,24,0,1,2,4,2,4,1,10,10,0
30,75,12,0,0.15,36,24,0,1,2,4,2,4,1,10,10,0
35,75,12,0,0.15,36,24,0,1,2,4,2,4,1,10,10,0
40,75,12,0,0.15,36,24,0,1,2,4,2,4,1,10,10,0
45,75,12,0,0.15,36,24,0,1,2,4,2,4,1,10,10,0
50,75,12,0,0.15,36,24,0,1,2,4,2,4,1,10,10,0
55,75,12,0,0.15,36,24,0,1,2,4,2,4,1,10,10,0
60,75,12,0,0.15,36,24,0,1,2,4,2,4,1,10,10,0
65,75,12,0,0.15,36,24,0,1,2,4,2,4,1,10,10,0
70,75,12,0,0.15,36,24,0,1,2,4,2,4,1,10,10,0
75,75,12,0,0.15,36,24,0,1,2,4,2,4,1,10,10,0
80,75,12,0,0.15,36,24,0,1,2,4,2,4,1,10,10,0
85,75,12,0,0.15,36,24,0,1,2,4,2,4,1,10,10,0
90,75,12,0,0.15,36,24,0,1,2,4,2,4,1,10,10,0
95,75,12,0,0.15,36,24,0,1,2,4,2,4,1,10,10,0
100,75,12,0,0.15,36,24,0,1,2,4,2,4,1,10,10,0
5,80,12,0,0.15,36,24,0,1,2,4,2,4,1,10,10,0
10,80,12,0,0.15,36,24,0,1,2,4,2,4,1,10,10,0
15,80,12,0,0.15,36,24,0,1,2,4,2,4,1,10,10,0
20,80,12,0,0.15,36,24,0,1,2,4,2,4,1,10,10,0
25,80,12,0,0.15,36,24,0,1,2,4,2,4,1,10,10,0
30,80,12,0,0.15,36,24,0,1,2,4,2,4,1,10,10,0
35,80,12,0,0.15,36,24,0,1,2,4,2,4,1,10,10,0
40,80,12,0,0.15,36,24,0,1,2,4,2,4,1,10,10,0
45,80,12,0,0.15,36,24,0,1,2,4,2,4,1,10,10,0
50,80,12,0,0.15,36,24,0,1,2,4,2,4,1,10,10,0
55,80,12,0,0.15,36,24,0,1,2,4,2,4,1,10,10,0
60,80,12,0,0.15,36,24,0,1,2,4,2,4,1,10,10,0
65,80,12,0,0.15,36,24,0,1,2,4,2,4,1,10,10,0
70,80,12,0,0.15,36,24,0,1,2,4,2,4,1,10,10,0
75,80,12,0,0.15,36,24,0,1,2,4,2,4,1,10,10,0
80,80,12,0,0.15,36,24,0,1,2,4,2,4,1,10,10,0
85,80,12,0,0.15,36,24,0,1,2,4,2,4,1,10,10,0
90,80,12,0,0.15,36,24,0,1,2,4,2,4,1,10,10,0
95,80,12,0,0.15,36,24,0,1,2,4,2,4,1,10,10,0
100,80,12,0,0.15,36,24,0,1,2,4,2,4,1,10,10,0
5,85,12,0,0.15,36,24,0,1,2,4,2,4,1,10,10,0
10,85,12,0,0.15,36,24,0,1,2,4,2,4,1,10,10,0
15,85,12,0,0.15,36,24,0,1,2,4,2,4,1,10,10,0
20,85,12,0,0.15,36,24,0,1,2,4,2,4,1,10,10,0
25,85,12,0,0.15,36,24,0,1,2,4,2,4,1,10,10,0
30,85,12,0,0.15,36,24,0,1,2,4,2,4,1,10,10,0
35,85,12,0,0.15,36,24,0,1,2,4,2,4,1,10,10,0
40,85,12,0,0.15,36,24,0,1,2,4,2,4,1,10,10,0
45,85,12,0,0.15,36,24,0,1,2,4,2,4,1,10,10,0
50,85,12,0,0.15,36,24,0,1,2,4,2,4,1,10,10,0
55,85,12,0,0.15,36,24,0,1,2,4,2,4,1,10,10,0
60,85,12,0,0.15,36,24,0,1,2,4,2,4,1,10,10,0
65,85,12,0,0.15,36,24,0,1,2,4,2,4,1,10,10,0
70,85,12,0,0.15,36,24,0,1,2,4,2,4,1,10,10,0
75,85,12,0,0.15,36,24,0,1,2,4,2,4,1,10,10,0
80,85,12,0,0.15,36,24,0,1,2,4,2,4,1,10,10,0
85,85,12,0,0.15,36,24,0,1,2,4,2,4,1,10,10,0
90,85,12,0,0.15,36,24,0,1,2,4,2,4,1,10,10,0
95,85,12,0,0.15,36,24,0,1,2,4,2,4,1,10,10,0
100,85,12,0,0.15,36,24,0,1,2,4,2,4,1,10,10,0
5,90,12,0,0.15,36,24,0,1,2,4,2,4,1,10,10,0
10,90,12,0,0.15,36,24,0,1,2,4,2,4,1,10,10,0
15,90,12,0,0.15,36,24,0,1,2,4,2,4,1,10,10,0
20,90,12,0,0.15,36,24,0,1,2,4,2,4,1,10,10,0
25,90,12,0,0.15,36,24,0,1,2,4,2,4,1,10,10,0
30,90,12,0,0.15,36,24,0,1,2,4,2,4,1,10,10,0
35,90,12,0,0.15,36,24,0,1,2,4,2,4,1,10,10,0
40,90,12,0,0.15,36,24,0,1,2,4,2,4,1,10,10,0
45,90,12,0,0.15,36,24,0,1,2,4,2,4,1,10,10,0
50,90,12,0,0.15,36,24,0,1,2,4,2,4,1,10,10,0
55,90,12,0,0.15,36,24,0,1,2,4,2,4,1,10,10,0
60,90,12,0,0.15,36,24,0,1,2,4,2,4,1,10,10,0
65,90,12,0,0.15,36,24,0,1,2,4,2,4,1,10,10,0
70,90,12,0,0.15,36,24,0,1,2,4,2,4,1,10,10,0
75,90,12,0,0.15,36,24,0,1,2,4,2,4,1,10,10,0
80,90,12,0,0.15,36,24,0,1,2,4,2,4,1,10,10,0
85,90,12,0,0.15,36,24,0,1,2,4,2,4,1,10,10,0
90,90,12,0,0.15,36,24,0,1,2,4,2,4,1,10,10,0
95,90,12,0,0.15,36,24,0,1,2,4,2,4,1,10,10,0
100,90,12,0,0.15,36,24,0,1,2,4,2,4,1,10,10,0
5,95,12,0,0.15,36,24,0,1,2,4,2,4,1,10,10,0
10,95,12,0,0.15,36,24,0,1,2,4,2,4,1,10,10,0
15,95,12,0,0.15,36,24,0,1,2,4,2,4,1,10,10,0
20,95,12,0,0.15,36,24,0,1,2,4,2,4,1,10,10,0
25,95,12,0,0.15,36,24,0,1,2,4,2,4,1,10,10,0
30,95,12,0,0.15,36,24,0,1,2,4,2,4,1,10,10,0
35,95,12,0,0.15,36,24,0,1,2,4,2,4,1,10,10,0
40,95,12,0,0.15,36,24,0,1,2,4,2,4,1,10,10,0
45,95,12,0,0.15,36,24,0,1,2,4,2,4,1,10,10,0
50,95,12,0,0.15,36,24,0,1,2,4,2,4,1,10,10,0
55,95,12,0,0.15,36,24,0,1,2,4,2,4,1,10,10,0
60,95,12,0,0.15,36,24,0,1,2,4,2,4,1,10,10,0
65,95,12,0,0.15,36,24,0,1,2,4,2,4,1,10,10,0
70,95,12,0,0.15,36,24,0,1,2,4,2,4,1,10,10,0
75,95,12,0,0.15,36,24,0,1,2,4,2,4,1,10,10,0
80,95,12,0,0.15,36,24,0,1,2,4,2,4,1,10,10,0
85,95,12,0,0.15,36,24,0,1,2,4,2,4,1,10,10,0
90,95,12,0,0.15,36,24,0,1,2,4,2,4,1,10,10,0
95,95,12,0,0.15,36,24,0,1,2,4,2,4,1,10,10,0
100,95,12,0,0.15,36,24,0,1,2,4,2,4,1,10,10,0
5,100,12,0,0.15,36,24,0,1,2,4,2,4,1,10,10,0
10,100,12,0,0.15,36,24,0,1,2,4,2,4,1,10,10,0
15,100,12,0,0.15,36,24,0,1,2,4,2,4,1,10,10,0
20,100,12,0,0.15,36,24,0,1,2,4,2,4,1,10,10,0
25,100,12,0,0.15,36,24,0,1,2,4,2,4,1,10,10,0
30,100,12,0,0.15,36,24,0,1,2,4,2,4,1,10,10,0
35,100,12,0,0.15,36,24,0,1,2,4,2,4,1,10,10,0
40,100,12,0,0.15,36,24,0,1,2,4,2,4,1,10,10,0
45,100,12,0,0.15,36,24,0,1,2,4,2,4,1,10,10,0
50,100,12,0,0.15,36,24,0,1,2,4,2,4,1,10,10,0
55,100,12,0,0.15,36,24,0,1,2,4,2,4,1,10,10,0
60,100,12,0,0.15,36,24,0,1,2,4,2,4,1,10,10,0
65,100,12,0,0.15,36,24,0,1,2,4,2,4,1,10,10,0
70,100,12,0,0.15,36,24,0,1,2,4,2,4,1,10,10,0
75,100,12,0,0.15,36,24,0,1,2,4,2,4,1,10,10,0
80,100,12,0,0.15,36,24,0,1,2,4,2,4,1,10,10,0
85,100,12,0,0.15,36,24,0,1,2,4,2,4,1,10,10,0
90,100,12,0,0.15,36,24,0,1,2,4,2,4,1,10,10,0
95,100,12,0,0.15,36,24,0,1,2,4,2,4,1,10,10,0
100,100,12,0,0.15,36,24,0,1,2,4,2,4,1,10,10,0
5,5,14,0,0.15,36,24,0,1,2,4,2,4,1,10,10,0
10,5,14,0,0.15,36,24,0,1,2,4,2,4,1,10,10,0
15,5,14,0,0.15,36,24,0,1,2,4,2,4,1,10,10,0
20,5,14,0,0.15,36,24,0,1,2,4,2,4,1,10,10,0
25,5,14,0,0.15,36,24,0,1,2,4,2,4,1,10,10,0
30,5,14,0,0.15,36,24,0,1,2,4,2,4,1,10,10,0
35,5,14,0,0.15,36,24,0,1,2,4,2,4,1,10,10,0
40,5,14,0,0.15,36,24,0,1,2,4,2,4,1,10,10,0
45,5,14,0,0.15,36,24,0,1,2,4,2,4,1,10,10,0
50,5,14,0,0.15,36,24,0,1,2,4,2,4,1,10,10,0
55,5,14,0,0.15,36,24,0,1,2,4,2,4,1,10,10,0
60,5,14,0,0.15,36,24,0,1,2,4,2,4,1,10,10,0
65,5,14,0,0.15,36,24,0,1,2,4,2,4,1,10,10,0
70,5,14,0,0.15,36,24,0,1,2,4,2,4,1,10,10,0
75,5,14,0,0.15,36,24,0,1,2,4,2,4,1,10,10,0
80,5,14,0,0.15,36,24,0,1,2,4,2,4,1,10,10,0
85,5,14,0,0.15,36,24,0,1,2,4,2,4,1,10,10,0
90,5,14,0,0.15,36,24,0,1,2,4,2,4,1,10,10,0
95,5,14,0,0.15,36,24,0,1,2,4,2,4,1,10,10,0
100,5,14,0,0.15,36,24,0,1,2,4,2,4,1,10,10,0
5,10,14,0,0.15,36,24,0,1,2,4,2,4,1,10,10,0
10,10,14,0,0.15,36,24,0,1,2,4,2,4,1,10,10,0
15,10,14,0,0.15,36,24,0,1,2,4,2,4,1,10,10,0
20,10,14,0,0.15,36,24,0,1,2,4,2,4,1,10,10,0
25,10,14,0,0.15,36,24,0,1,2,4,2,4,1,10,10,0
30,10,14,0,0.15,36,24,0,1,2,4,2,4,1,10,10,0
35,10,14,0,0.15,36,24,0,1,2,4,2,4,1,10,10,0
40,10,14,0,0.15,36,24,0,1,2,4,2,4,1,10,10,0
45,10,14,0,0.15,36,24,0,1,2,4,2,4,1,10,10,0
50,10,14,0,0.15,36,24,0,1,2,4,2,4,1,10,10,0
55,10,14,0,0.15,36,24,0,1,2,4,2,4,1,10,10,0
60,10,14,0,0.15,36,24,0,1,2,4,2,4,1,10,10,0
65,10,14,0,0.15,36,24,0,1,2,4,2,4,1,10,10,0
70,10,14,0,0.15,36,24,0,1,2,4,2,4,1,10,10,0
75,10,14,0,0.15,36,24,0,1,2,4,2,4,1,10,10,0
80,10,14,0,0.15,36,24,0,1,2,4,2,4,1,10,10,0
85,10,14,0,0.15,36,24,0,1,2,4,2,4,1,10,10,0
90,10,14,0,0.15,36,24,0,1,2,4,2,4,1,10,10,0
95,10,14,0,0.15,36,24,0,1,2,4,2,4,1,10,10,0
100,10,14,0,0.15,36,24,0,1,2,4,2,4,1,10,10,0
5,15,14,0,0.15,36,24,0,1,2,4,2,4,1,10,10,0
10,15,14,0,0.15,36,24,0,1,2,4,2,4,1,10,10,0
15,15,14,0,0.15,36,24,0,1,2,4,2,4,1,10,10,0
20,15,14,0,0.15,36,24,0,1,2,4,2,4,1,10,10,0
25,15,14,0,0.15,36,24,0,1,2,4,2,4,1,10,10,0
30,15,14,0,0.15,36,24,0,1,2,4,2,4,1,10,10,0
35,15,14,0,0.15,36,24,0,1,2,4,2,4,1,10,10,0
40,15,14,0,0.15,36,24,0,1,2,4,2,4,1,10,10,0
45,15,14,0,0.15,36,24,0,1,2,4,2,4,1,10,10,0
50,15,14,0,0.15,36,24,0,1,2,4,2,4,1,10,10,0
55,15,14,0,0.15,36,24,0,1,2,4,2,4,1,10,10,0
60,15,14,0,0.15,36,24,0,1,2,4,2,4,1,10,10,0
65,15,14,0,0.15,36,24,0,1,2,4,2,4,1,10,10,0
70,15,14,0,0.15,36,24,0,1,2,4,2,4,1,10,10,0
75,15,14,0,0.15,36,24,0,1,2,4,2,4,1,10,10,0
80,15,14,0,0.15,36,24,0,1,2,4,2,4,1,10,10,0
85,15,14,0,0.15,36,24,0,1,2,4,2,4,1,10,10,0
90,15,14,0,0.15,36,24,0,1,2,4,2,4,1,10,10,0
95,15,14,0,0.15,36,24,0,1,2,4,2,4,1,10,10,0
100,15,14,0,0.15,36,24,0,1,2,4,2,4,1,10,10,0
5,20,14,0,0.15,36,24,0,1,2,4,2,4,1,10,10,0
10,20,14,0,0.15,36,24,0,1,2,4,2,4,1,10,10,0
15,20,14,0,0.15,36,24,0,1,2,4,2,4,1,10,10,0
20,20,14,0,0.15,36,24,0,1,2,4,2,4,1,10,10,0
25,20,14,0,0.15,36,24,0,1,2,4,2,4,1,10,10,0
30,20,14,0,0.15,36,24,0,1,2,4,2,4,1,10,10,0
35,20,14,0,0.15,36,24,0,1,2,4,2,4,1,10,10,0
40,20,14,0,0.15,36,24,0,1,2,4,2,4,1,10,10,0
45,20,14,0,0.15,36,24,0,1,2,4,2,4,1,10,10,0
50,20,14,0,0.15,36,24,0,1,2,4,2,4,1,10,10,0
55,20,14,0,0.15,36,24,0,1,2,4,2,4,1,10,10,0
60,20,14,0,0.15,36,24,0,1,2,4,2,4,1,10,10,0
65,20,14,0,0.15,36,24,0,1,2,4,2,4,1,10,10,0
70,20,14,0,0.15,36,24,0,1,2,4,2,4,1,10,10,0
75,20,14,0,0.15,36,24,0,1,2,4,2,4,1,10,10,0
80,20,14,0,0.15,36,24,0,1,2,4,2,4,1,10,10,0
85,20,14,0,0.15,36,24,0,1,2,4,2,4,1,10,10,0
90,20,14,0,0.15,36,24,0,1,2,4,2,4,1,10,10,0
95,20,14,0,0.15,36,24,0,1,2,4,2,4,1,10,10,0
100,20,14,0,0.15,36,24,0,1,2,4,2,4,1,10,10,0
5,25,14,0,0.15,36,24,0,1,2,4,2,4,1,10,10,0
10,25,14,0,0.15,36,24,0,1,2,4,2,4,1,10,10,0
15,25,14,0,0.15,36,24,0,1,2,4,2,4,1,10,10,0
20,25,14,0,0.15,36,24,0,1,2,4,2,4,1,10,10,0
25,25,14,0,0.15,36,24,0,1,2,4,2,4,1,10,10,0
30,25,14,0,0.15,36,24,0,1,2,4,2,4,1,10,10,0
35,25,14,0,0.15,36,24,0,1,2,4,2,4,1,10,10,0
40,25,14,0,0.15,36,24,0,1,2,4,2,4,1,10,10,0
45,25,14,0,0.15,36,24,0,1,2,4,2,4,1,10,10,0
50,25,14,0,0.15,36,24,0,1,2,4,2,4,1,10,10,0
55,25,14,0,0.15,36,24,0,1,2,4,2,4,1,10,10,0
60,25,14,0,0.15,36,24,0,1,2,4,2,4,1,10,10,0
65,25,14,0,0.15,36,24,0,1,2,4,2,4,1,10,10,0
70,25,14,0,0.15,36,24,0,1,2,4,2,4,1,10,10,0
75,25,14,0,0.15,36,24,0,1,2,4,2,4,1,10,10,0
80,25,14,0,0.15,36,24,0,1,2,4,2,4,1,10,10,0
85,25,14,0,0.15,36,24,0,1,2,4,2,4,1,10,10,0
90,25,14,0,0.15,36,24,0,1,2,4,2,4,1,10,10,0
95,25,14,0,0.15,36,24,0,1,2,4,2,4,1,10,10,0
100,25,14,0,0.15,36,24,0,1,2,4,2,4,1,10,10,0
5,30,14,0,0.15,36,24,0,1,2,4,2,4,1,10,10,0
10,30,14,0,0.15,36,24,0,1,2,4,2,4,1,10,10,0
15,30,14,0,0.15,36,24,0,1,2,4,2,4,1,10,10,0
20,30,14,0,0.15,36,24,0,1,2,4,2,4,1,10,10,0
25,30,14,0,0.15,36,24,0,1,2,4,2,4,1,10,10,0
30,30,14,0,0.15,36,24,0,1,2,4,2,4,1,10,10,0
35,30,14,0,0.15,36,24,0,1,2,4,2,4,1,10,10,0
40,30,14,0,0.15,36,24,0,1,2,4,2,4,1,10,10,0
45,30,14,0,0.15,36,24,0,1,2,4,2,4,1,10,10,0
50,30,14,0,0.15,36,24,0,1,2,4,2,4,1,10,10,0
55,30,14,0,0.15,36,24,0,1,2,4,2,4,1,10,10,0
60,30,14,0,0.15,36,24,0,1,2,4,2,4,1,10,10,0
65,30,14,0,0.15,36,24,0,1,2,4,2,4,1,10,10,0
70,30,14,0,0.15,36,24,0,1,2,4,2,4,1,10,10,0
75,30,14,0,0.15,36,24,0,1,2,4,2,4,1,10,10,0
80,30,14,0,0.15,36,24,0,1,2,4,2,4,1,10,10,0
85,30,14,0,0.15,36,24,0,1,2,4,2,4,1,10,10,0
90,30,14,0,0.15,36,24,0,1,2,4,2,4,1,10,10,0
95,30,14,0,0.15,36,24,0,1,2,4,2,4,1,10,10,0
100,30,14,0,0.15,36,24,0,1,2,4,2,4,1,10,10,0
5,35,14,0,0.15,36,24,0,1,2,4,2,4,1,10,10,0
10,35,14,0,0.15,36,24,0,1,2,4,2,4,1,10,10,0
15,35,14,0,0.15,36,24,0,1,2,4,2,4,1,10,10,0
20,35,14,0,0.15,36,24,0,1,2,4,2,4,1,10,10,0
25,35,14,0,0.15,36,24,0,1,2,4,2,4,1,10,10,0
30,35,14,0,0.15,36,24,0,1,2,4,2,4,1,10,10,0
35,35,14,0,0.15,36,24,0,1,2,4,2,4,1,10,10,0
40,35,14,0,0.15,36,24,0,1,2,4,2,4,1,10,10,0
45,35,14,0,0.15,36,24,0,1,2,4,2,4,1,10,10,0
50,35,14,0,0.15,36,24,0,1,2,4,2,4,1,10,10,0
55,35,14,0,0.15,36,24,0,1,2,4,2,4,1,10,10,0
60,35,14,0,0.15,36,24,0,1,2,4,2,4,1,10,10,0
65,35,14,0,0.15,36,24,0,1,2,4,2,4,1,10,10,0
70,35,14,0,0.15,36,24,0,1,2,4,2,4,1,10,10,0
75,35,14,0,0.15,36,24,0,1,2,4,2,4,1,10,10,0
80,35,14,0,0.15,36,24,0,1,2,4,2,4,1,10,10,0
85,35,14,0,0.15,36,24,0,1,2,4,2,4,1,10,10,0
90,35,14,0,0.15,36,24,0,1,2,4,2,4,1,10,10,0
95,35,14,0,0.15,36,24,0,1,2,4,2,4,1,10,10,0
100,35,14,0,0.15,36,24,0,1,2,4,2,4,1,10,10,0
5,40,14,0,0.15,36,24,0,1,2,4,2,4,1,10,10,0
10,40,14,0,0.15,36,24,0,1,2,4,2,4,1,10,10,0
15,40,14,0,0.15,36,24,0,1,2,4,2,4,1,10,10,0
20,40,14,0,0.15,36,24,0,1,2,4,2,4,1,10,10,0
25,40,14,0,0.15,36,24,0,1,2,4,2,4,1,10,10,0
30,40,14,0,0.15,36,24,0,1,2,4,2,4,1,10,10,0
35,40,14,0,0.15,36,24,0,1,2,4,2,4,1,10,10,0
40,40,14,0,0.15,36,24,0,1,2,4,2,4,1,10,10,0
45,40,14,0,0.15,36,24,0,1,2,4,2,4,1,10,10,0
50,40,14,0,0.15,36,24,0,1,2,4,2,4,1,10,10,0
55,40,14,0,0.15,36,24,0,1,2,4,2,4,1,10,10,0
60,40,14,0,0.15,36,24,0,1,2,4,2,4,1,10,10,0
65,40,14,0,0.15,36,24,0,1,2,4,2,4,1,10,10,0
70,40,14,0,0.15,36,24,0,1,2,4,2,4,1,10,10,0
75,40,14,0,0.15,36,24,0,1,2,4,2,4,1,10,10,0
80,40,14,0,0.15,36,24,0,1,2,4,2,4,1,10,10,0
85,40,14,0,0.15,36,24,0,1,2,4,2,4,1,10,10,0
90,40,14,0,0.15,36,24,0,1,2,4,2,4,1,10,10,0
95,40,14,0,0.15,36,24,0,1,2,4,2,4,1,10,10,0
100,40,14,0,0.15,36,24,0,1,2,4,2,4,1,10,10,0
5,45,14,0,0.15,36,24,0,1,2,4,2,4,1,10,10,0
10,45,14,0,0.15,36,24,0,1,2,4,2,4,1,10,10,0
15,45,14,0,0.15,36,24,0,1,2,4,2,4,1,10,10,0
20,45,14,0,0.15,36,24,0,1,2,4,2,4,1,10,10,0
25,45,14,0,0.15,36,24,0,1,2,4,2,4,1,10,10,0
30,45,14,0,0.15,36,24,0,1,2,4,2,4,1,10,10,0
35,45,14,0,0.15,36,24,0,1,2,4,2,4,1,10,10,0
40,45,14,0,0.15,36,24,0,1,2,4,2,4,1,10,10,0
45,45,14,0,0.15,36,24,0,1,2,4,2,4,1,10,10,0
50,45,14,0,0.15,36,24,0,1,2,4,2,4,1,10,10,0
55,45,14,0,0.15,36,24,0,1,2,4,2,4,1,10,10,0
60,45,14,0,0.15,36,24,0,1,2,4,2,4,1,10,10,0
65,45,14,0,0.15,36,24,0,1,2,4,2,4,1,10,10,0
70,45,14,0,0.15,36,24,0,1,2,4,2,4,1,10,10,0
75,45,14,0,0.15,36,24,0,1,2,4,2,4,1,10,10,0
80,45,14,0,0.15,36,24,0,1,2,4,2,4,1,10,10,0
85,45,14,0,0.15,36,24,0,1,2,4,2,4,1,10,10,0
90,45,14,0,0.15,36,24,0,1,2,4,2,4,1,10,10,0
95,45,14,0,0.15,36,24,0,1,2,4,2,4,1,10,10,0
100,45,14,0,0.15,36,24,0,1,2,4,2,4,1,10,10,0
5,50,14,0,0.15,36,24,0,1,2,4,2,4,1,10,10,0
10,50,14,0,0.15,36,24,0,1,2,4,2,4,1,10,10,0
15,50,14,0,0.15,36,24,0,1,2,4,2,4,1,10,10,0
20,50,14,0,0.15,36,24,0,1,2,4,2,4,1,10,10,0
25,50,14,0,0.15,36,24,0,1,2,4,2,4,1,10,10,0
30,50,14,0,0.15,36,24,0,1,2,4,2,4,1,10,10,0
35,50,14,0,0.15,36,24,0,1,2,4,2,4,1,10,10,0
40,50,14,0,0.15,36,24,0,1,2,4,2,4,1,10,10,0
45,50,14,0,0.15,36,24,0,1,2,4,2,4,1,10,10,0
50,50,14,0,0.15,36,24,0,1,2,4,2,4,1,10,10,0
55,50,14,0,0.15,36,24,0,1,2,4,2,4,1,10,10,0
60,50,14,0,0.15,36,24,0,1,2,4,2,4,1,10,10,0
65,50,14,0,0.15,36,24,0,1,2,4,2,4,1,10,10,0
70,50,14,0,0.15,36,24,0,1,2,4,2,4,1,10,10,0
75,50,14,0,0.15,36,24,0,1,2,4,2,4,1,10,10,0
80,50,14,0,0.15,36,24,0,1,2,4,2,4,1,10,10,0
85,50,14,0,0.15,36,24,0,1,2,4,2,4,1,10,10,0
90,50,14,0,0.15,36,24,0,1,2,4,2,4,1,10,10,0
95,50,14,0,0.15,36,24,0,1,2,4,2,4,1,10,10,0
100,50,14,0,0.15,36,24,0,1,2,4,2,4,1,10,10,0
5,55,14,0,0.15,36,24,0,1,2,4,2,4,1,10,10,0
10,55,14,0,0.15,36,24,0,1,2,4,2,4,1,10,10,0
15,55,14,0,0.15,36,24,0,1,2,4,2,4,1,10,10,0
20,55,14,0,0.15,36,24,0,1,2,4,2,4,1,10,10,0
25,55,14,0,0.15,36,24,0,1,2,4,2,4,1,10,10,0
30,55,14,0,0.15,36,24,0,1,2,4,2,4,1,10,10,0
35,55,14,0,0.15,36,24,0,1,2,4,2,4,1,10,10,0
40,55,14,0,0.15,36,24,0,1,2,4,2,4,1,10,10,0
45,55,14,0,0.15,36,24,0,1,2,4,2,4,1,10,10,0
50,55,14,0,0.15,36,24,0,1,2,4,2,4,1,10,10,0
55,55,14,0,0.15,36,24,0,1,2,4,2,4,1,10,10,0
60,55,14,0,0.15,36,24,0,1,2,4,2,4,1,10,10,0
65,55,14,0,0.15,36,24,0,1,2,4,2,4,1,10,10,0
70,55,14,0,0.15,36,24,0,1,2,4,2,4,1,10,10,0
75,55,14,0,0.15,36,24,0,1,2,4,2,4,1,10,10,0
80,55,14,0,0.15,36,24,0,1,2,4,2,4,1,10,10,0
85,55,14,0,0.15,36,24,0,1,2,4,2,4,1,10,10,0
90,55,14,0,0.15,36,24,0,1,2,4,2,4,1,10,10,0
95,55,14,0,0.15,36,24,0,1,2,4,2,4,1,10,10,0
100,55,14,0,0.15,36,24,0,1,2,4,2,4,1,10,10,0
5,60,14,0,0.15,36,24,0,1,2,4,2,4,1,10,10,0
10,60,14,0,0.15,36,24,0,1,2,4,2,4,1,10,10,0
15,60,14,0,0.15,36,24,0,1,2,4,2,4,1,10,10,0
20,60,14,0,0.15,36,24,0,1,2,4,2,4,1,10,10,0
25,60,14,0,0.15,36,24,0,1,2,4,2,4,1,10,10,0
30,60,14,0,0.15,36,24,0,1,2,4,2,4,1,10,10,0
35,60,14,0,0.15,36,24,0,1,2,4,2,4,1,10,10,0
40,60,14,0,0.15,36,24,0,1,2,4,2,4,1,10,10,0
45,60,14,0,0.15,36,24,0,1,2,4,2,4,1,10,10,0
50,60,14,0,0.15,36,24,0,1,2,4,2,4,1,10,10,0
55,60,14,0,0.15,36,24,0,1,2,4,2,4,1,10,10,0
60,60,14,0,0.15,36,24,0,1,2,4,2,4,1,10,10,0
65,60,14,0,0.15,36,24,0,1,2,4,2,4,1,10,10,0
70,60,14,0,0.15,36,24,0,1,2,4,2,4,1,10,10,0
75,60,14,0,0.15,36,24,0,1,2,4,2,4,1,10,10,0
80,60,14,0,0.15,36,24,0,1,2,4,2,4,1,10,10,0
85,60,14,0,0.15,36,24,0,1,2,4,2,4,1,10,10,0
90,60,14,0,0.15,36,24,0,1,2,4,2,4,1,10,10,0
95,60,14,0,0.15,36,24,0,1,2,4,2,4,1,10,10,0
100,60,14,0,0.15,36,24,0,1,2,4,2,4,1,10,10,0
5,65,14,0,0.15,36,24,0,1,2,4,2,4,1,10,10,0
10,65,14,0,0.15,36,24,0,1,2,4,2,4,1,10,10,0
15,65,14,0,0.15,36,24,0,1,2,4,2,4,1,10,10,0
20,65,14,0,0.15,36,24,0,1,2,4,2,4,1,10,10,0
25,65,14,0,0.15,36,24,0,1,2,4,2,4,1,10,10,0
30,65,14,0,0.15,36,24,0,1,2,4,2,4,1,10,10,0
35,65,14,0,0.15,36,24,0,1,2,4,2,4,1,10,10,0
40,65,14,0,0.15,36,24,0,1,2,4,2,4,1,10,10,0
45,65,14,0,0.15,36,24,0,1,2,4,2,4,1,10,10,0
50,65,14,0,0.15,36,24,0,1,2,4,2,4,1,10,10,0
55,65,14,0,0.15,36,24,0,1,2,4,2,4,1,10,10,0
60,65,14,0,0.15,36,24,0,1,2,4,2,4,1,10,10,0
65,65,14,0,0.15,36,24,0,1,2,4,2,4,1,10,10,0
70,65,14,0,0.15,36,24,0,1,2,4,2,4,1,10,10,0
75,65,14,0,0.15,36,24,0,1,2,4,2,4,1,10,10,0
80,65,14,0,0.15,36,24,0,1,2,4,2,4,1,10,10,0
85,65,14,0,0.15,36,24,0,1,2,4,2,4,1,10,10,0
90,65,14,0,0.15,36,24,0,1,2,4,2,4,1,10,10,0
95,65,14,0,0.15,36,24,0,1,2,4,2,4,1,10,10,0
100,65,14,0,0.15,36,24,0,1,2,4,2,4,1,10,10,0
5,70,14,0,0.15,36,24,0,1,2,4,2,4,1,10,10,0
10,70,14,0,0.15,36,24,0,1,2,4,2,4,1,10,10,0
15,70,14,0,0.15,36,24,0,1,2,4,2,4,1,10,10,0
20,70,14,0,0.15,36,24,0,1,2,4,2,4,1,10,10,0
25,70,14,0,0.15,36,24,0,1,2,4,2,4,1,10,10,0
30,70,14,0,0.15,36,24,0,1,2,4,2,4,1,10,10,0
35,70,14,0,0.15,36,24,0,1,2,4,2,4,1,10,10,0
40,70,14,0,0.15,36,24,0,1,2,4,2,4,1,10,10,0
45,70,14,0,0.15,36,24,0,1,2,4,2,4,1,10,10,0
50,70,14,0,0.15,36,24,0,1,2,4,2,4,1,10,10,0
55,70,14,0,0.15,36,24,0,1,2,4,2,4,1,10,10,0
60,70,14,0,0.15,36,24,0,1,2,4,2,4,1,10,10,0
65,70,14,0,0.15,36,24,0,1,2,4,2,4,1,10,10,0
70,70,14,0,0.15,36,24,0,1,2,4,2,4,1,10,10,0
75,70,14,0,0.15,36,24,0,1,2,4,2,4,1,10,10,0
80,70,14,0,0.15,36,24,0,1,2,4,2,4,1,10,10,0
85,70,14,0,0.15,36,24,0,1,2,4,2,4,1,10,10,0
90,70,14,0,0.15,36,24,0,1,2,4,2,4,1,10,10,0
95,70,14,0,0.15,36,24,0,1,2,4,2,4,1,10,10,0
100,70,14,0,0.15,36,24,0,1,2,4,2,4,1,10,10,0
5,75,14,0,0.15,36,24,0,1,2,4,2,4,1,10,10,0
10,75,14,0,0.15,36,24,0,1,2,4,2,4,1,10,10,0
15,75,14,0,0.15,36,24,0,1,2,4,2,4,1,10,10,0
20,75,14,0,0.15,36,24,0,1,2,4,2,4,1,10,10,0
25,75,14,0,0.15,36,24,0,1,2,4,2,4,1,10,10,0
30,75,14,0,0.15,36,24,0,1,2,4,2,4,1,10,10,0
35,75,14,0,0.15,36,24,0,1,2,4,2,4,1,10,10,0
40,75,14,0,0.15,36,24,0,1,2,4,2,4,1,10,10,0
45,75,14,0,0.15,36,24,0,1,2,4,2,4,1,10,10,0
50,75,14,0,0.15,36,24,0,1,2,4,2,4,1,10,10,0
55,75,14,0,0.15,36,24,0,1,2,4,2,4,1,10,10,0
60,75,14,0,0.15,36,24,0,1,2,4,2,4,1,10,10,0
65,75,14,0,0.15,36,24,0,1,2,4,2,4,1,10,10,0
70,75,14,0,0.15,36,24,0,1,2,4,2,4,1,10,10,0
75,75,14,0,0.15,36,24,0,1,2,4,2,4,1,10,10,0
80,75,14,0,0.15,36,24,0,1,2,4,2,4,1,10,10,0
85,75,14,0,0.15,36,24,0,1,2,4,2,4,1,10,10,0
90,75,14,0,0.15,36,24,0,1,2,4,2,4,1,10,10,0
95,75,14,0,0.15,36,24,0,1,2,4,2,4,1,10,10,0
100,75,14,0,0.15,36,24,0,1,2,4,2,4,1,10,10,0
5,80,14,0,0.15,36,24,0,1,2,4,2,4,1,10,10,0
10,80,14,0,0.15,36,24,0,1,2,4,2,4,1,10,10,0
15,80,14,0,0.15,36,24,0,1,2,4,2,4,1,10,10,0
20,80,14,0,0.15,36,24,0,1,2,4,2,4,1,10,10,0
25,80,14,0,0.15,36,24,0,1,2,4,2,4,1,10,10,0
30,80,14,0,0.15,36,24,0,1,2,4,2,4,1,10,10,0
35,80,14,0,0.15,36,24,0,1,2,4,2,4,1,10,10,0
40,80,14,0,0.15,36,24,0,1,2,4,2,4,1,10,10,0
45,80,14,0,0.15,36,24,0,1,2,4,2,4,1,10,10,0
50,80,14,0,0.15,36,24,0,1,2,4,2,4,1,10,10,0
55,80,14,0,0.15,36,24,0,1,2,4,2,4,1,10,10,0
60,80,14,0,0.15,36,24,0,1,2,4,2,4,1,10,10,0
65,80,14,0,0.15,36,24,0,1,2,4,2,4,1,10,10,0
70,80,14,0,0.15,36,24,0,1,2,4,2,4,1,10,10,0
75,80,14,0,0.15,36,24,0,1,2,4,2,4,1,10,10,0
80,80,14,0,0.15,36,24,0,1,2,4,2,4,1,10,10,0
85,80,14,0,0.15,36,24,0,1,2,4,2,4,1,10,10,0
90,80,14,0,0.15,36,24,0,1,2,4,2,4,1,10,10,0
95,80,14,0,0.15,36,24,0,1,2,4,2,4,1,10,10,0
100,80,14,0,0.15,36,24,0,1,2,4,2,4,1,10,10,0
5,85,14,0,0.15,36,24,0,1,2,4,2,4,1,10,10,0
10,85,14,0,0.15,36,24,0,1,2,4,2,4,1,10,10,0
15,85,14,0,0.15,36,24,0,1,2,4,2,4,1,10,10,0
20,85,14,0,0.15,36,24,0,1,2,4,2,4,1,10,10,0
25,85,14,0,0.15,36,24,0,1,2,4,2,4,1,10,10,0
30,85,14,0,0.15,36,24,0,1,2,4,2,4,1,10,10,0
35,85,14,0,0.15,36,24,0,1,2,4,2,4,1,10,10,0
40,85,14,0,0.15,36,24,0,1,2,4,2,4,1,10,10,0
45,85,14,0,0.15,36,24,0,1,2,4,2,4,1,10,10,0
50,85,14,0,0.15,36,24,0,1,2,4,2,4,1,10,10,0
55,85,14,0,0.15,36,24,0,1,2,4,2,4,1,10,10,0
60,85,14,0,0.15,36,24,0,1,2,4,2,4,1,10,10,0
65,85,14,0,0.15,36,24,0,1,2,4,2,4,1,10,10,0
70,85,14,0,0.15,36,24,0,1,2,4,2,4,1,10,10,0
75,85,14,0,0.15,36,24,0,1,2,4,2,4,1,10,10,0
80,85,14,0,0.15,36,24,0,1,2,4,2,4,1,10,10,0
85,85,14,0,0.15,36,24,0,1,2,4,2,4,1,10,10,0
90,85,14,0,0.15,36,24,0,1,2,4,2,4,1,10,10,0
95,85,14,0,0.15,36,24,0,1,2,4,2,4,1,10,10,0
100,85,14,0,0.15,36,24,0,1,2,4,2,4,1,10,10,0
5,90,14,0,0.15,36,24,0,1,2,4,2,4,1,10,10,0
10,90,14,0,0.15,36,24,0,1,2,4,2,4,1,10,10,0
15,90,14,0,0.15,36,24,0,1,2,4,2,4,1,10,10,0
20,90,14,0,0.15,36,24,0,1,2,4,2,4,1,10,10,0
25,90,14,0,0.15,36,24,0,1,2,4,2,4,1,10,10,0
30,90,14,0,0.15,36,24,0,1,2,4,2,4,1,10,10,0
35,90,14,0,0.15,36,24,0,1,2,4,2,4,1,10,10,0
40,90,14,0,0.15,36,24,0,1,2,4,2,4,1,10,10,0
45,90,14,0,0.15,36,24,0,1,2,4,2,4,1,10,10,0
50,90,14,0,0.15,36,24,0,1,2,4,2,4,1,10,10,0
55,90,14,0,0.15,36,24,0,1,2,4,2,4,1,10,10,0
60,90,14,0,0.15,36,24,0,1,2,4,2,4,1,10,10,0
65,90,14,0,0.15,36,24,0,1,2,4,2,4,1,10,10,0
70,90,14,0,0.15,36,24,0,1,2,4,2,4,1,10,10,0
75,90,14,0,0.15,36,24,0,1,2,4,2,4,1,10,10,0
80,90,14,0,0.15,36,24,0,1,2,4,2,4,1,10,10,0
85,90,14,0,0.15,36,24,0,1,2,4,2,4,1,10,10,0
90,90,14,0,0.15,36,24,0,1,2,4,2,4,1,10,10,0
95,90,14,0,0.15,36,24,0,1,2,4,2,4,1,10,10,0
100,90,14,0,0.15,36,24,0,1,2,4,2,4,1,10,10,0
5,95,14,0,0.15,36,24,0,1,2,4,2,4,1,10,10,0
10,95,14,0,0.15,36,24,0,1,2,4,2,4,1,10,10,0
15,95,14,0,0.15,36,24,0,1,2,4,2,4,1,10,10,0
20,95,14,0,0.15,36,24,0,1,2,4,2,4,1,10,10,0
25,95,14,0,0.15,36,24,0,1,2,4,2,4,1,10,10,0
30,95,14,0,0.15,36,24,0,1,2,4,2,4,1,10,10,0
35,95,14,0,0.15,36,24,0,1,2,4,2,4,1,10,10,0
40,95,14,0,0.15,36,24,0,1,2,4,2,4,1,10,10,0
45,95,14,0,0.15,36,24,0,1,2,4,2,4,1,10,10,0
50,95,14,0,0.15,36,24,0,1,2,4,2,4,1,10,10,0
55,95,14,0,0.15,36,24,0,1,2,4,2,4,1,10,10,0
60,95,14,0,0.15,36,24,0,1,2,4,2,4,1,10,10,0
65,95,14,0,0.15,36,24,0,1,2,4,2,4,1,10,10,0
70,95,14,0,0.15,36,24,0,1,2,4,2,4,1,10,10,0
75,95,14,0,0.15,36,24,0,1,2,4,2,4,1,10,10,0
80,95,14,0,0.15,36,24,0,1,2,4,2,4,1,10,10,0
85,95,14,0,0.15,36,24,0,1,2,4,2,4,1,10,10,0
90,95,14,0,0.15,36,24,0,1,2,4,2,4,1,10,10,0
95,95,14,0,0.15,36,24,0,1,2,4,2,4,1,10,10,0
100,95,14,0,0.15,36,24,0,1,2,4,2,4,1,10,10,0
5,100,14,0,0.15,36,24,0,1,2,4,2,4,1,10,10,0
10,100,14,0,0.15,36,24,0,1,2,4,2,4,1,10,10,0
15,100,14,0,0.15,36,24,0,1,2,4,2,4,1,10,10,0
20,100,14,0,0.15,36,24,0,1,2,4,2,4,1,10,10,0
25,100,14,0,0.15,36,24,0,1,2,4,2,4,1,10,10,0
30,100,14,0,0.15,36,24,0,1,2,4,2,4,1,10,10,0
35,100,14,0,0.15,36,24,0,1,2,4,2,4,1,10,10,0
40,100,14,0,0.15,36,24,0,1,2,4,2,4,1,10,10,0
45,100,14,0,0.15,36,24,0,1,2,4,2,4,1,10,10,0
50,100,14,0,0.15,36,24,0,1,2,4,2,4,1,10,10,0
55,100,14,0,0.15,36,24,0,1,2,4,2,4,1,10,10,0
60,100,14,0,0.15,36,24,0,1,2,4,2,4,1,10,10,0
65,100,14,0,0.15,36,24,0,1,2,4,2,4,1,10,10,0
70,100,14,0,0.15,36,24,0,1,2,4,2,4,1,10,10,0
75,100,14,0,0.15,36,24,0,1,2,4,2,4,1,10,10,0
80,100,14,0,0.15,36,24,0,1,2,4,2,4,1,10,10,0
85,100,14,0,0.15,36,24,0,1,2,4,2,4,1,10,10,0
90,100,14,0,0.15,36,24,0,1,2,4,2,4,1,10,10,0
95,100,14,0,0.15,36,24,0,1,2,4,2,4,1,10,10,0
100,100,14,0,0.15,36,24,0,1,2,4,2,4,1,10,10,0
5,5,16,0,0.15,36,24,0,1,2,4,2,4,1,10,10,0
10,5,16,0,0.15,36,24,0,1,2,4,2,4,1,10,10,0
15,5,16,0,0.15,36,24,0,1,2,4,2,4,1,10,10,0
20,5,16,0,0.15,36,24,0,1,2,4,2,4,1,10,10,0
25,5,16,0,0.15,36,24,0,1,2,4,2,4,1,10,10,0
30,5,16,0,0.15,36,24,0,1,2,4,2,4,1,10,10,0
35,5,16,0,0.15,36,24,0,1,2,4,2,4,1,10,10,0
40,5,16,0,0.15,36,24,0,1,2,4,2,4,1,10,10,0
45,5,16,0,0.15,36,24,0,1,2,4,2,4,1,10,10,0
50,5,16,0,0.15,36,24,0,1,2,4,2,4,1,10,10,0
55,5,16,0,0.15,36,24,0,1,2,4,2,4,1,10,10,0
60,5,16,0,0.15,36,24,0,1,2,4,2,4,1,10,10,0
65,5,16,0,0.15,36,24,0,1,2,4,2,4,1,10,10,0
70,5,16,0,0.15,36,24,0,1,2,4,2,4,1,10,10,0
75,5,16,0,0.15,36,24,0,1,2,4,2,4,1,10,10,0
80,5,16,0,0.15,36,24,0,1,2,4,2,4,1,10,10,0
85,5,16,0,0.15,36,24,0,1,2,4,2,4,1,10,10,0
90,5,16,0,0.15,36,24,0,1,2,4,2,4,1,10,10,0
95,5,16,0,0.15,36,24,0,1,2,4,2,4,1,10,10,0
100,5,16,0,0.15,36,24,0,1,2,4,2,4,1,10,10,0
5,10,16,0,0.15,36,24,0,1,2,4,2,4,1,10,10,0
10,10,16,0,0.15,36,24,0,1,2,4,2,4,1,10,10,0
15,10,16,0,0.15,36,24,0,1,2,4,2,4,1,10,10,0
20,10,16,0,0.15,36,24,0,1,2,4,2,4,1,10,10,0
25,10,16,0,0.15,36,24,0,1,2,4,2,4,1,10,10,0
30,10,16,0,0.15,36,24,0,1,2,4,2,4,1,10,10,0
35,10,16,0,0.15,36,24,0,1,2,4,2,4,1,10,10,0
40,10,16,0,0.15,36,24,0,1,2,4,2,4,1,10,10,0
45,10,16,0,0.15,36,24,0,1,2,4,2,4,1,10,10,0
50,10,16,0,0.15,36,24,0,1,2,4,2,4,1,10,10,0
55,10,16,0,0.15,36,24,0,1,2,4,2,4,1,10,10,0
60,10,16,0,0.15,36,24,0,1,2,4,2,4,1,10,10,0
65,10,16,0,0.15,36,24,0,1,2,4,2,4,1,10,10,0
70,10,16,0,0.15,36,24,0,1,2,4,2,4,1,10,10,0
75,10,16,0,0.15,36,24,0,1,2,4,2,4,1,10,10,0
80,10,16,0,0.15,36,24,0,1,2,4,2,4,1,10,10,0
85,10,16,0,0.15,36,24,0,1,2,4,2,4,1,10,10,0
90,10,16,0,0.15,36,24,0,1,2,4,2,4,1,10,10,0
95,10,16,0,0.15,36,24,0,1,2,4,2,4,1,10,10,0
100,10,16,0,0.15,36,24,0,1,2,4,2,4,1,10,10,0
5,15,16,0,0.15,36,24,0,1,2,4,2,4,1,10,10,0
10,15,16,0,0.15,36,24,0,1,2,4,2,4,1,10,10,0
15,15,16,0,0.15,36,24,0,1,2,4,2,4,1,10,10,0
20,15,16,0,0.15,36,24,0,1,2,4,2,4,1,10,10,0
25,15,16,0,0.15,36,24,0,1,2,4,2,4,1,10,10,0
30,15,16,0,0.15,36,24,0,1,2,4,2,4,1,10,10,0
35,15,16,0,0.15,36,24,0,1,2,4,2,4,1,10,10,0
40,15,16,0,0.15,36,24,0,1,2,4,2,4,1,10,10,0
45,15,16,0,0.15,36,24,0,1,2,4,2,4,1,10,10,0
50,15,16,0,0.15,36,24,0,1,2,4,2,4,1,10,10,0
55,15,16,0,0.15,36,24,0,1,2,4,2,4,1,10,10,0
60,15,16,0,0.15,36,24,0,1,2,4,2,4,1,10,10,0
65,15,16,0,0.15,36,24,0,1,2,4,2,4,1,10,10,0
70,15,16,0,0.15,36,24,0,1,2,4,2,4,1,10,10,0
75,15,16,0,0.15,36,24,0,1,2,4,2,4,1,10,10,0
80,15,16,0,0.15,36,24,0,1,2,4,2,4,1,10,10,0
85,15,16,0,0.15,36,24,0,1,2,4,2,4,1,10,10,0
90,15,16,0,0.15,36,24,0,1,2,4,2,4,1,10,10,0
95,15,16,0,0.15,36,24,0,1,2,4,2,4,1,10,10,0
100,15,16,0,0.15,36,24,0,1,2,4,2,4,1,10,10,0
5,20,16,0,0.15,36,24,0,1,2,4,2,4,1,10,10,0
10,20,16,0,0.15,36,24,0,1,2,4,2,4,1,10,10,0
15,20,16,0,0.15,36,24,0,1,2,4,2,4,1,10,10,0
20,20,16,0,0.15,36,24,0,1,2,4,2,4,1,10,10,0
25,20,16,0,0.15,36,24,0,1,2,4,2,4,1,10,10,0
30,20,16,0,0.15,36,24,0,1,2,4,2,4,1,10,10,0
35,20,16,0,0.15,36,24,0,1,2,4,2,4,1,10,10,0
40,20,16,0,0.15,36,24,0,1,2,4,2,4,1,10,10,0
45,20,16,0,0.15,36,24,0,1,2,4,2,4,1,10,10,0
50,20,16,0,0.15,36,24,0,1,2,4,2,4,1,10,10,0
55,20,16,0,0.15,36,24,0,1,2,4,2,4,1,10,10,0
60,20,16,0,0.15,36,24,0,1,2,4,2,4,1,10,10,0
65,20,16,0,0.15,36,24,0,1,2,4,2,4,1,10,10,0
70,20,16,0,0.15,36,24,0,1,2,4,2,4,1,10,10,0
75,20,16,0,0.15,36,24,0,1,2,4,2,4,1,10,10,0
80,20,16,0,0.15,36,24,0,1,2,4,2,4,1,10,10,0
85,20,16,0,0.15,36,24,0,1,2,4,2,4,1,10,10,0
90,20,16,0,0.15,36,24,0,1,2,4,2,4,1,10,10,0
95,20,16,0,0.15,36,24,0,1,2,4,2,4,1,10,10,0
100,20,16,0,0.15,36,24,0,1,2,4,2,4,1,10,10,0
5,25,16,0,0.15,36,24,0,1,2,4,2,4,1,10,10,0
10,25,16,0,0.15,36,24,0,1,2,4,2,4,1,10,10,0
15,25,16,0,0.15,36,24,0,1,2,4,2,4,1,10,10,0
20,25,16,0,0.15,36,24,0,1,2,4,2,4,1,10,10,0
25,25,16,0,0.15,36,24,0,1,2,4,2,4,1,10,10,0
30,25,16,0,0.15,36,24,0,1,2,4,2,4,1,10,10,0
35,25,16,0,0.15,36,24,0,1,2,4,2,4,1,10,10,0
40,25,16,0,0.15,36,24,0,1,2,4,2,4,1,10,10,0
45,25,16,0,0.15,36,24,0,1,2,4,2,4,1,10,10,0
50,25,16,0,0.15,36,24,0,1,2,4,2,4,1,10,10,0
55,25,16,0,0.15,36,24,0,1,2,4,2,4,1,10,10,0
60,25,16,0,0.15,36,24,0,1,2,4,2,4,1,10,10,0
65,25,16,0,0.15,36,24,0,1,2,4,2,4,1,10,10,0
70,25,16,0,0.15,36,24,0,1,2,4,2,4,1,10,10,0
75,25,16,0,0.15,36,24,0,1,2,4,2,4,1,10,10,0
80,25,16,0,0.15,36,24,0,1,2,4,2,4,1,10,10,0
85,25,16,0,0.15,36,24,0,1,2,4,2,4,1,10,10,0
90,25,16,0,0.15,36,24,0,1,2,4,2,4,1,10,10,0
95,25,16,0,0.15,36,24,0,1,2,4,2,4,1,10,10,0
100,25,16,0,0.15,36,24,0,1,2,4,2,4,1,10,10,0
5,30,16,0,0.15,36,24,0,1,2,4,2,4,1,10,10,0
10,30,16,0,0.15,36,24,0,1,2,4,2,4,1,10,10,0
15,30,16,0,0.15,36,24,0,1,2,4,2,4,1,10,10,0
20,30,16,0,0.15,36,24,0,1,2,4,2,4,1,10,10,0
25,30,16,0,0.15,36,24,0,1,2,4,2,4,1,10,10,0
30,30,16,0,0.15,36,24,0,1,2,4,2,4,1,10,10,0
35,30,16,0,0.15,36,24,0,1,2,4,2,4,1,10,10,0
40,30,16,0,0.15,36,24,0,1,2,4,2,4,1,10,10,0
45,30,16,0,0.15,36,24,0,1,2,4,2,4,1,10,10,0
50,30,16,0,0.15,36,24,0,1,2,4,2,4,1,10,10,0
55,30,16,0,0.15,36,24,0,1,2,4,2,4,1,10,10,0
60,30,16,0,0.15,36,24,0,1,2,4,2,4,1,10,10,0
65,30,16,0,0.15,36,24,0,1,2,4,2,4,1,10,10,0
70,30,16,0,0.15,36,24,0,1,2,4,2,4,1,10,10,0
75,30,16,0,0.15,36,24,0,1,2,4,2,4,1,10,10,0
80,30,16,0,0.15,36,24,0,1,2,4,2,4,1,10,10,0
85,30,16,0,0.15,36,24,0,1,2,4,2,4,1,10,10,0
90,30,16,0,0.15,36,24,0,1,2,4,2,4,1,10,10,0
95,30,16,0,0.15,36,24,0,1,2,4,2,4,1,10,10,0
100,30,16,0,0.15,36,24,0,1,2,4,2,4,1,10,10,0
5,35,16,0,0.15,36,24,0,1,2,4,2,4,1,10,10,0
10,35,16,0,0.15,36,24,0,1,2,4,2,4,1,10,10,0
15,35,16,0,0.15,36,24,0,1,2,4,2,4,1,10,10,0
20,35,16,0,0.15,36,24,0,1,2,4,2,4,1,10,10,0
25,35,16,0,0.15,36,24,0,1,2,4,2,4,1,10,10,0
30,35,16,0,0.15,36,24,0,1,2,4,2,4,1,10,10,0
35,35,16,0,0.15,36,24,0,1,2,4,2,4,1,10,10,0
40,35,16,0,0.15,36,24,0,1,2,4,2,4,1,10,10,0
45,35,16,0,0.15,36,24,0,1,2,4,2,4,1,10,10,0
50,35,16,0,0.15,36,24,0,1,2,4,2,4,1,10,10,0
55,35,16,0,0.15,36,24,0,1,2,4,2,4,1,10,10,0
60,35,16,0,0.15,36,24,0,1,2,4,2,4,1,10,10,0
65,35,16,0,0.15,36,24,0,1,2,4,2,4,1,10,10,0
70,35,16,0,0.15,36,24,0,1,2,4,2,4,1,10,10,0
75,35,16,0,0.15,36,24,0,1,2,4,2,4,1,10,10,0
80,35,16,0,0.15,36,24,0,1,2,4,2,4,1,10,10,0
85,35,16,0,0.15,36,24,0,1,2,4,2,4,1,10,10,0
90,35,16,0,0.15,36,24,0,1,2,4,2,4,1,10,10,0
95,35,16,0,0.15,36,24,0,1,2,4,2,4,1,10,10,0
100,35,16,0,0.15,36,24,0,1,2,4,2,4,1,10,10,0
5,40,16,0,0.15,36,24,0,1,2,4,2,4,1,10,10,0
10,40,16,0,0.15,36,24,0,1,2,4,2,4,1,10,10,0
15,40,16,0,0.15,36,24,0,1,2,4,2,4,1,10,10,0
20,40,16,0,0.15,36,24,0,1,2,4,2,4,1,10,10,0
25,40,16,0,0.15,36,24,0,1,2,4,2,4,1,10,10,0
30,40,16,0,0.15,36,24,0,1,2,4,2,4,1,10,10,0
35,40,16,0,0.15,36,24,0,1,2,4,2,4,1,10,10,0
40,40,16,0,0.15,36,24,0,1,2,4,2,4,1,10,10,0
45,40,16,0,0.15,36,24,0,1,2,4,2,4,1,10,10,0
50,40,16,0,0.15,36,24,0,1,2,4,2,4,1,10,10,0
55,40,16,0,0.15,36,24,0,1,2,4,2,4,1,10,10,0
60,40,16,0,0.15,36,24,0,1,2,4,2,4,1,10,10,0
65,40,16,0,0.15,36,24,0,1,2,4,2,4,1,10,10,0
70,40,16,0,0.15,36,24,0,1,2,4,2,4,1,10,10,0
75,40,16,0,0.15,36,24,0,1,2,4,2,4,1,10,10,0
80,40,16,0,0.15,36,24,0,1,2,4,2,4,1,10,10,0
85,40,16,0,0.15,36,24,0,1,2,4,2,4,1,10,10,0
90,40,16,0,0.15,36,24,0,1,2,4,2,4,1,10,10,0
95,40,16,0,0.15,36,24,0,1,2,4,2,4,1,10,10,0
100,40,16,0,0.15,36,24,0,1,2,4,2,4,1,10,10,0
5,45,16,0,0.15,36,24,0,1,2,4,2,4,1,10,10,0
10,45,16,0,0.15,36,24,0,1,2,4,2,4,1,10,10,0
15,45,16,0,0.15,36,24,0,1,2,4,2,4,1,10,10,0
20,45,16,0,0.15,36,24,0,1,2,4,2,4,1,10,10,0
25,45,16,0,0.15,36,24,0,1,2,4,2,4,1,10,10,0
30,45,16,0,0.15,36,24,0,1,2,4,2,4,1,10,10,0
35,45,16,0,0.15,36,24,0,1,2,4,2,4,1,10,10,0
40,45,16,0,0.15,36,24,0,1,2,4,2,4,1,10,10,0
45,45,16,0,0.15,36,24,0,1,2,4,2,4,1,10,10,0
50,45,16,0,0.15,36,24,0,1,2,4,2,4,1,10,10,0
55,45,16,0,0.15,36,24,0,1,2,4,2,4,1,10,10,0
60,45,16,0,0.15,36,24,0,1,2,4,2,4,1,10,10,0
65,45,16,0,0.15,36,24,0,1,2,4,2,4,1,10,10,0
70,45,16,0,0.15,36,24,0,1,2,4,2,4,1,10,10,0
75,45,16,0,0.15,36,24,0,1,2,4,2,4,1,10,10,0
80,45,16,0,0.15,36,24,0,1,2,4,2,4,1,10,10,0
85,45,16,0,0.15,36,24,0,1,2,4,2,4,1,10,10,0
90,45,16,0,0.15,36,24,0,1,2,4,2,4,1,10,10,0
95,45,16,0,0.15,36,24,0,1,2,4,2,4,1,10,10,0
100,45,16,0,0.15,36,24,0,1,2,4,2,4,1,10,10,0
5,50,16,0,0.15,36,24,0,1,2,4,2,4,1,10,10,0
10,50,16,0,0.15,36,24,0,1,2,4,2,4,1,10,10,0
15,50,16,0,0.15,36,24,0,1,2,4,2,4,1,10,10,0
20,50,16,0,0.15,36,24,0,1,2,4,2,4,1,10,10,0
25,50,16,0,0.15,36,24,0,1,2,4,2,4,1,10,10,0
30,50,16,0,0.15,36,24,0,1,2,4,2,4,1,10,10,0
35,50,16,0,0.15,36,24,0,1,2,4,2,4,1,10,10,0
40,50,16,0,0.15,36,24,0,1,2,4,2,4,1,10,10,0
45,50,16,0,0.15,36,24,0,1,2,4,2,4,1,10,10,0
50,50,16,0,0.15,36,24,0,1,2,4,2,4,1,10,10,0
55,50,16,0,0.15,36,24,0,1,2,4,2,4,1,10,10,0
60,50,16,0,0.15,36,24,0,1,2,4,2,4,1,10,10,0
65,50,16,0,0.15,36,24,0,1,2,4,2,4,1,10,10,0
70,50,16,0,0.15,36,24,0,1,2,4,2,4,1,10,10,0
75,50,16,0,0.15,36,24,0,1,2,4,2,4,1,10,10,0
80,50,16,0,0.15,36,24,0,1,2,4,2,4,1,10,10,0
85,50,16,0,0.15,36,24,0,1,2,4,2,4,1,10,10,0
90,50,16,0,0.15,36,24,0,1,2,4,2,4,1,10,10,0
95,50,16,0,0.15,36,24,0,1,2,4,2,4,1,10,10,0
100,50,16,0,0.15,36,24,0,1,2,4,2,4,1,10,10,0
5,55,16,0,0.15,36,24,0,1,2,4,2,4,1,10,10,0
10,55,16,0,0.15,36,24,0,1,2,4,2,4,1,10,10,0
15,55,16,0,0.15,36,24,0,1,2,4,2,4,1,10,10,0
20,55,16,0,0.15,36,24,0,1,2,4,2,4,1,10,10,0
25,55,16,0,0.15,36,24,0,1,2,4,2,4,1,10,10,0
30,55,16,0,0.15,36,24,0,1,2,4,2,4,1,10,10,0
35,55,16,0,0.15,36,24,0,1,2,4,2,4,1,10,10,0
40,55,16,0,0.15,36,24,0,1,2,4,2,4,1,10,10,0
45,55,16,0,0.15,36,24,0,1,2,4,2,4,1,10,10,0
50,55,16,0,0.15,36,24,0,1,2,4,2,4,1,10,10,0
55,55,16,0,0.15,36,24,0,1,2,4,2,4,1,10,10,0
60,55,16,0,0.15,36,24,0,1,2,4,2,4,1,10,10,0
65,55,16,0,0.15,36,24,0,1,2,4,2,4,1,10,10,0
70,55,16,0,0.15,36,24,0,1,2,4,2,4,1,10,10,0
75,55,16,0,0.15,36,24,0,1,2,4,2,4,1,10,10,0
80,55,16,0,0.15,36,24,0,1,2,4,2,4,1,10,10,0
85,55,16,0,0.15,36,24,0,1,2,4,2,4,1,10,10,0
90,55,16,0,0.15,36,24,0,1,2,4,2,4,1,10,10,0
95,55,16,0,0.15,36,24,0,1,2,4,2,4,1,10,10,0
100,55,16,0,0.15,36,24,0,1,2,4,2,4,1,10,10,0
5,60,16,0,0.15,36,24,0,1,2,4,2,4,1,10,10,0
10,60,16,0,0.15,36,24,0,1,2,4,2,4,1,10,10,0
15,60,16,0,0.15,36,24,0,1,2,4,2,4,1,10,10,0
20,60,16,0,0.15,36,24,0,1,2,4,2,4,1,10,10,0
25,60,16,0,0.15,36,24,0,1,2,4,2,4,1,10,10,0
30,60,16,0,0.15,36,24,0,1,2,4,2,4,1,10,10,0
35,60,16,0,0.15,36,24,0,1,2,4,2,4,1,10,10,0
40,60,16,0,0.15,36,24,0,1,2,4,2,4,1,10,10,0
45,60,16,0,0.15,36,24,0,1,2,4,2,4,1,10,10,0
50,60,16,0,0.15,36,24,0,1,2,4,2,4,1,10,10,0
55,60,16,0,0.15,36,24,0,1,2,4,2,4,1,10,10,0
60,60,16,0,0.15,36,24,0,1,2,4,2,4,1,10,10,0
65,60,16,0,0.15,36,24,0,1,2,4,2,4,1,10,10,0
70,60,16,0,0.15,36,24,0,1,2,4,2,4,1,10,10,0
75,60,16,0,0.15,36,24,0,1,2,4,2,4,1,10,10,0
80,60,16,0,0.15,36,24,0,1,2,4,2,4,1,10,10,0
85,60,16,0,0.15,36,24,0,1,2,4,2,4,1,10,10,0
90,60,16,0,0.15,36,24,0,1,2,4,2,4,1,10,10,0
95,60,16,0,0.15,36,24,0,1,2,4,2,4,1,10,10,0
100,60,16,0,0.15,36,24,0,1,2,4,2,4,1,10,10,0
5,65,16,0,0.15,36,24,0,1,2,4,2,4,1,10,10,0
10,65,16,0,0.15,36,24,0,1,2,4,2,4,1,10,10,0
15,65,16,0,0.15,36,24,0,1,2,4,2,4,1,10,10,0
20,65,16,0,0.15,36,24,0,1,2,4,2,4,1,10,10,0
25,65,16,0,0.15,36,24,0,1,2,4,2,4,1,10,10,0
30,65,16,0,0.15,36,24,0,1,2,4,2,4,1,10,10,0
35,65,16,0,0.15,36,24,0,1,2,4,2,4,1,10,10,0
40,65,16,0,0.15,36,24,0,1,2,4,2,4,1,10,10,0
45,65,16,0,0.15,36,24,0,1,2,4,2,4,1,10,10,0
50,65,16,0,0.15,36,24,0,1,2,4,2,4,1,10,10,0
55,65,16,0,0.15,36,24,0,1,2,4,2,4,1,10,10,0
60,65,16,0,0.15,36,24,0,1,2,4,2,4,1,10,10,0
65,65,16,0,0.15,36,24,0,1,2,4,2,4,1,10,10,0
70,65,16,0,0.15,36,24,0,1,2,4,2,4,1,10,10,0
75,65,16,0,0.15,36,24,0,1,2,4,2,4,1,10,10,0
80,65,16,0,0.15,36,24,0,1,2,4,2,4,1,10,10,0
85,65,16,0,0.15,36,24,0,1,2,4,2,4,1,10,10,0
90,65,16,0,0.15,36,24,0,1,2,4,2,4,1,10,10,0
95,65,16,0,0.15,36,24,0,1,2,4,2,4,1,10,10,0
100,65,16,0,0.15,36,24,0,1,2,4,2,4,1,10,10,0
5,70,16,0,0.15,36,24,0,1,2,4,2,4,1,10,10,0
10,70,16,0,0.15,36,24,0,1,2,4,2,4,1,10,10,0
15,70,16,0,0.15,36,24,0,1,2,4,2,4,1,10,10,0
20,70,16,0,0.15,36,24,0,1,2,4,2,4,1,10,10,0
25,70,16,0,0.15,36,24,0,1,2,4,2,4,1,10,10,0
30,70,16,0,0.15,36,24,0,1,2,4,2,4,1,10,10,0
35,70,16,0,0.15,36,24,0,1,2,4,2,4,1,10,10,0
40,70,16,0,0.15,36,24,0,1,2,4,2,4,1,10,10,0
45,70,16,0,0.15,36,24,0,1,2,4,2,4,1,10,10,0
50,70,16,0,0.15,36,24,0,1,2,4,2,4,1,10,10,0
55,70,16,0,0.15,36,24,0,1,2,4,2,4,1,10,10,0
60,70,16,0,0.15,36,24,0,1,2,4,2,4,1,10,10,0
65,70,16,0,0.15,36,24,0,1,2,4,2,4,1,10,10,0
70,70,16,0,0.15,36,24,0,1,2,4,2,4,1,10,10,0
75,70,16,0,0.15,36,24,0,1,2,4,2,4,1,10,10,0
80,70,16,0,0.15,36,24,0,1,2,4,2,4,1,10,10,0
85,70,16,0,0.15,36,24,0,1,2,4,2,4,1,10,10,0
90,70,16,0,0.15,36,24,0,1,2,4,2,4,1,10,10,0
95,70,16,0,0.15,36,24,0,1,2,4,2,4,1,10,10,0
100,70,16,0,0.15,36,24,0,1,2,4,2,4,1,10,10,0
5,75,16,0,0.15,36,24,0,1,2,4,2,4,1,10,10,0
10,75,16,0,0.15,36,24,0,1,2,4,2,4,1,10,10,0
15,75,16,0,0.15,36,24,0,1,2,4,2,4,1,10,10,0
20,75,16,0,0.15,36,24,0,1,2,4,2,4,1,10,10,0
25,75,16,0,0.15,36,24,0,1,2,4,2,4,1,10,10,0
30,75,16,0,0.15,36,24,0,1,2,4,2,4,1,10,10,0
35,75,16,0,0.15,36,24,0,1,2,4,2,4,1,10,10,0
40,75,16,0,0.15,36,24,0,1,2,4,2,4,1,10,10,0
45,75,16,0,0.15,36,24,0,1,2,4,2,4,1,10,10,0
50,75,16,0,0.15,36,24,0,1,2,4,2,4,1,10,10,0
55,75,16,0,0.15,36,24,0,1,2,4,2,4,1,10,10,0
60,75,16,0,0.15,36,24,0,1,2,4,2,4,1,10,10,0
65,75,16,0,0.15,36,24,0,1,2,4,2,4,1,10,10,0
70,75,16,0,0.15,36,24,0,1,2,4,2,4,1,10,10,0
75,75,16,0,0.15,36,24,0,1,2,4,2,4,1,10,10,0
80,75,16,0,0.15,36,24,0,1,2,4,2,4,1,10,10,0
85,75,16,0,0.15,36,24,0,1,2,4,2,4,1,10,10,0
90,75,16,0,0.15,36,24,0,1,2,4,2,4,1,10,10,0
95,75,16,0,0.15,36,24,0,1,2,4,2,4,1,10,10,0
100,75,16,0,0.15,36,24,0,1,2,4,2,4,1,10,10,0
5,80,16,0,0.15,36,24,0,1,2,4,2,4,1,10,10,0
10,80,16,0,0.15,36,24,0,1,2,4,2,4,1,10,10,0
15,80,16,0,0.15,36,24,0,1,2,4,2,4,1,10,10,0
20,80,16,0,0.15,36,24,0,1,2,4,2,4,1,10,10,0
25,80,16,0,0.15,36,24,0,1,2,4,2,4,1,10,10,0
30,80,16,0,0.15,36,24,0,1,2,4,2,4,1,10,10,0
35,80,16,0,0.15,36,24,0,1,2,4,2,4,1,10,10,0
40,80,16,0,0.15,36,24,0,1,2,4,2,4,1,10,10,0
45,80,16,0,0.15,36,24,0,1,2,4,2,4,1,10,10,0
50,80,16,0,0.15,36,24,0,1,2,4,2,4,1,10,10,0
55,80,16,0,0.15,36,24,0,1,2,4,2,4,1,10,10,0
60,80,16,0,0.15,36,24,0,1,2,4,2,4,1,10,10,0
65,80,16,0,0.15,36,24,0,1,2,4,2,4,1,10,10,0
70,80,16,0,0.15,36,24,0,1,2,4,2,4,1,10,10,0
75,80,16,0,0.15,36,24,0,1,2,4,2,4,1,10,10,0
80,80,16,0,0.15,36,24,0,1,2,4,2,4,1,10,10,0
85,80,16,0,0.15,36,24,0,1,2,4,2,4,1,10,10,0
90,80,16,0,0.15,36,24,0,1,2,4,2,4,1,10,10,0
95,80,16,0,0.15,36,24,0,1,2,4,2,4,1,10,10,0
100,80,16,0,0.15,36,24,0,1,2,4,2,4,1,10,10,0
5,85,16,0,0.15,36,24,0,1,2,4,2,4,1,10,10,0
10,85,16,0,0.15,36,24,0,1,2,4,2,4,1,10,10,0
15,85,16,0,0.15,36,24,0,1,2,4,2,4,1,10,10,0
20,85,16,0,0.15,36,24,0,1,2,4,2,4,1,10,10,0
25,85,16,0,0.15,36,24,0,1,2,4,2,4,1,10,10,0
30,85,16,0,0.15,36,24,0,1,2,4,2,4,1,10,10,0
35,85,16,0,0.15,36,24,0,1,2,4,2,4,1,10,10,0
40,85,16,0,0.15,36,24,0,1,2,4,2,4,1,10,10,0
45,85,16,0,0.15,36,24,0,1,2,4,2,4,1,10,10,0
50,85,16,0,0.15,36,24,0,1,2,4,2,4,1,10,10,0
55,85,16,0,0.15,36,24,0,1,2,4,2,4,1,10,10,0
60,85,16,0,0.15,36,24,0,1,2,4,2,4,1,10,10,0
65,85,16,0,0.15,36,24,0,1,2,4,2,4,1,10,10,0
70,85,16,0,0.15,36,24,0,1,2,4,2,4,1,10,10,0
75,85,16,0,0.15,36,24,0,1,2,4,2,4,1,10,10,0
80,85,16,0,0.15,36,24,0,1,2,4,2,4,1,10,10,0
85,85,16,0,0.15,36,24,0,1,2,4,2,4,1,10,10,0
90,85,16,0,0.15,36,24,0,1,2,4,2,4,1,10,10,0
95,85,16,0,0.15,36,24,0,1,2,4,2,4,1,10,10,0
100,85,16,0,0.15,36,24,0,1,2,4,2,4,1,10,10,0
5,90,16,0,0.15,36,24,0,1,2,4,2,4,1,10,10,0
10,90,16,0,0.15,36,24,0,1,2,4,2,4,1,10,10,0
15,90,16,0,0.15,36,24,0,1,2,4,2,4,1,10,10,0
20,90,16,0,0.15,36,24,0,1,2,4,2,4,1,10,10,0
25,90,16,0,0.15,36,24,0,1,2,4,2,4,1,10,10,0
30,90,16,0,0.15,36,24,0,1,2,4,2,4,1,10,10,0
35,90,16,0,0.15,36,24,0,1,2,4,2,4,1,10,10,0
40,90,16,0,0.15,36,24,0,1,2,4,2,4,1,10,10,0
45,90,16,0,0.15,36,24,0,1,2,4,2,4,1,10,10,0
50,90,16,0,0.15,36,24,0,1,2,4,2,4,1,10,10,0
55,90,16,0,0.15,36,24,0,1,2,4,2,4,1,10,10,0
60,90,16,0,0.15,36,24,0,1,2,4,2,4,1,10,10,0
65,90,16,0,0.15,36,24,0,1,2,4,2,4,1,10,10,0
70,90,16,0,0.15,36,24,0,1,2,4,2,4,1,10,10,0
75,90,16,0,0.15,36,24,0,1,2,4,2,4,1,10,10,0
80,90,16,0,0.15,36,24,0,1,2,4,2,4,1,10,10,0
85,90,16,0,0.15,36,24,0,1,2,4,2,4,1,10,10,0
90,90,16,0,0.15,36,24,0,1,2,4,2,4,1,10,10,0
95,90,16,0,0.15,36,24,0,1,2,4,2,4,1,10,10,0
100,90,16,0,0.15,36,24,0,1,2,4,2,4,1,10,10,0
5,95,16,0,0.15,36,24,0,1,2,4,2,4,1,10,10,0
10,95,16,0,0.15,36,24,0,1,2,4,2,4,1,10,10,0
15,95,16,0,0.15,36,24,0,1,2,4,2,4,1,10,10,0
20,95,16,0,0.15,36,24,0,1,2,4,2,4,1,10,10,0
25,95,16,0,0.15,36,24,0,1,2,4,2,4,1,10,10,0
30,95,16,0,0.15,36,24,0,1,2,4,2,4,1,10,10,0
35,95,16,0,0.15,36,24,0,1,2,4,2,4,1,10,10,0
40,95,16,0,0.15,36,24,0,1,2,4,2,4,1,10,10,0
45,95,16,0,0.15,36,24,0,1,2,4,2,4,1,10,10,0
50,95,16,0,0.15,36,24,0,1,2,4,2,4,1,10,10,0
55,95,16,0,0.15,36,24,0,1,2,4,2,4,1,10,10,0
60,95,16,0,0.15,36,24,0,1,2,4,2,4,1,10,10,0
65,95,16,0,0.15,36,24,0,1,2,4,2,4,1,10,10,0
70,95,16,0,0.15,36,24,0,1,2,4,2,4,1,10,10,0
75,95,16,0,0.15,36,24,0,1,2,4,2,4,1,10,10,0
80,95,16,0,0.15,36,24,0,1,2,4,2,4,1,10,10,0
85,95,16,0,0.15,36,24,0,1,2,4,2,4,1,10,10,0
90,95,16,0,0.15,36,24,0,1,2,4,2,4,1,10,10,0
95,95,16,0,0.15,36,24,0,1,2,4,2,4,1,10,10,0
100,95,16,0,0.15,36,24,0,1,2,4,2,4,1,10,10,0
5,100,16,0,0.15,36,24,0,1,2,4,2,4,1,10,10,0
10,100,16,0,0.15,36,24,0,1,2,4,2,4,1,10,10,0
15,100,16,0,0.15,36,24,0,1,2,4,2,4,1,10,10,0
20,100,16,0,0.15,36,24,0,1,2,4,2,4,1,10,10,0
25,100,16,0,0.15,36,24,0,1,2,4,2,4,1,10,10,0
30,100,16,0,0.15,36,24,0,1,2,4,2,4,1,10,10,0
35,100,16,0,0.15,36,24,0,1,2,4,2,4,1,10,10,0
40,100,16,0,0.15,36,24,0,1,2,4,2,4,1,10,10,0
45,100,16,0,0.15,36,24,0,1,2,4,2,4,1,10,10,0
50,100,16,0,0.15,36,24,0,1,2,4,2,4,1,10,10,0
55,100,16,0,0.15,36,24,0,1,2,4,2,4,1,10,10,0
60,100,16,0,0.15,36,24,0,1,2,4,2,4,1,10,10,0
65,100,16,0,0.15,36,24,0,1,2,4,2,4,1,10,10,0
70,100,16,0,0.15,36,24,0,1,2,4,2,4,1,10,10,0
75,100,16,0,0.15,36,24,0,1,2,4,2,4,1,10,10,0
80,100,16,0,0.15,36,24,0,1,2,4,2,4,1,10,10,0
85,100,16,0,0.15,36,24,0,1,2,4,2,4,1,10,10,0
90,100,16,0,0.15,36,24,0,1,2,4,2,4,1,10,10,0
95,100,16,0,0.15,36,24,0,1,2,4,2,4,1,10,10,0
100,100,16,0,0.15,36,24,0,1,2,4,2,4,1,10,10,0
5,5,18,0,0.15,36,24,0,1,2,4,2,4,1,10,10,0
10,5,18,0,0.15,36,24,0,1,2,4,2,4,1,10,10,0
15,5,18,0,0.15,36,24,0,1,2,4,2,4,1,10,10,0
20,5,18,0,0.15,36,24,0,1,2,4,2,4,1,10,10,0
25,5,18,0,0.15,36,24,0,1,2,4,2,4,1,10,10,0
30,5,18,0,0.15,36,24,0,1,2,4,2,4,1,10,10,0
35,5,18,0,0.15,36,24,0,1,2,4,2,4,1,10,10,0
40,5,18,0,0.15,36,24,0,1,2,4,2,4,1,10,10,0
45,5,18,0,0.15,36,24,0,1,2,4,2,4,1,10,10,0
50,5,18,0,0.15,36,24,0,1,2,4,2,4,1,10,10,0
55,5,18,0,0.15,36,24,0,1,2,4,2,4,1,10,10,0
60,5,18,0,0.15,36,24,0,1,2,4,2,4,1,10,10,0
65,5,18,0,0.15,36,24,0,1,2,4,2,4,1,10,10,0
70,5,18,0,0.15,36,24,0,1,2,4,2,4,1,10,10,0
75,5,18,0,0.15,36,24,0,1,2,4,2,4,1,10,10,0
80,5,18,0,0.15,36,24,0,1,2,4,2,4,1,10,10,0
85,5,18,0,0.15,36,24,0,1,2,4,2,4,1,10,10,0
90,5,18,0,0.15,36,24,0,1,2,4,2,4,1,10,10,0
95,5,18,0,0.15,36,24,0,1,2,4,2,4,1,10,10,0
100,5,18,0,0.15,36,24,0,1,2,4,2,4,1,10,10,0
5,10,18,0,0.15,36,24,0,1,2,4,2,4,1,10,10,0
10,10,18,0,0.15,36,24,0,1,2,4,2,4,1,10,10,0
15,10,18,0,0.15,36,24,0,1,2,4,2,4,1,10,10,0
20,10,18,0,0.15,36,24,0,1,2,4,2,4,1,10,10,0
25,10,18,0,0.15,36,24,0,1,2,4,2,4,1,10,10,0
30,10,18,0,0.15,36,24,0,1,2,4,2,4,1,10,10,0
35,10,18,0,0.15,36,24,0,1,2,4,2,4,1,10,10,0
40,10,18,0,0.15,36,24,0,1,2,4,2,4,1,10,10,0
45,10,18,0,0.15,36,24,0,1,2,4,2,4,1,10,10,0
50,10,18,0,0.15,36,24,0,1,2,4,2,4,1,10,10,0
55,10,18,0,0.15,36,24,0,1,2,4,2,4,1,10,10,0
60,10,18,0,0.15,36,24,0,1,2,4,2,4,1,10,10,0
65,10,18,0,0.15,36,24,0,1,2,4,2,4,1,10,10,0
70,10,18,0,0.15,36,24,0,1,2,4,2,4,1,10,10,0
75,10,18,0,0.15,36,24,0,1,2,4,2,4,1,10,10,0
80,10,18,0,0.15,36,24,0,1,2,4,2,4,1,10,10,0
85,10,18,0,0.15,36,24,0,1,2,4,2,4,1,10,10,0
90,10,18,0,0.15,36,24,0,1,2,4,2,4,1,10,10,0
95,10,18,0,0.15,36,24,0,1,2,4,2,4,1,10,10,0
100,10,18,0,0.15,36,24,0,1,2,4,2,4,1,10,10,0
5,15,18,0,0.15,36,24,0,1,2,4,2,4,1,10,10,0
10,15,18,0,0.15,36,24,0,1,2,4,2,4,1,10,10,0
15,15,18,0,0.15,36,24,0,1,2,4,2,4,1,10,10,0
20,15,18,0,0.15,36,24,0,1,2,4,2,4,1,10,10,0
25,15,18,0,0.15,36,24,0,1,2,4,2,4,1,10,10,0
30,15,18,0,0.15,36,24,0,1,2,4,2,4,1,10,10,0
35,15,18,0,0.15,36,24,0,1,2,4,2,4,1,10,10,0
40,15,18,0,0.15,36,24,0,1,2,4,2,4,1,10,10,0
45,15,18,0,0.15,36,24,0,1,2,4,2,4,1,10,10,0
50,15,18,0,0.15,36,24,0,1,2,4,2,4,1,10,10,0
55,15,18,0,0.15,36,24,0,1,2,4,2,4,1,10,10,0
60,15,18,0,0.15,36,24,0,1,2,4,2,4,1,10,10,0
65,15,18,0,0.15,36,24,0,1,2,4,2,4,1,10,10,0
70,15,18,0,0.15,36,24,0,1,2,4,2,4,1,10,10,0
75,15,18,0,0.15,36,24,0,1,2,4,2,4,1,10,10,0
80,15,18,0,0.15,36,24,0,1,2,4,2,4,1,10,10,0
85,15,18,0,0.15,36,24,0,1,2,4,2,4,1,10,10,0
90,15,18,0,0.15,36,24,0,1,2,4,2,4,1,10,10,0
95,15,18,0,0.15,36,24,0,1,2,4,2,4,1,10,10,0
100,15,18,0,0.15,36,24,0,1,2,4,2,4,1,10,10,0
5,20,18,0,0.15,36,24,0,1,2,4,2,4,1,10,10,0
10,20,18,0,0.15,36,24,0,1,2,4,2,4,1,10,10,0
15,20,18,0,0.15,36,24,0,1,2,4,2,4,1,10,10,0
20,20,18,0,0.15,36,24,0,1,2,4,2,4,1,10,10,0
25,20,18,0,0.15,36,24,0,1,2,4,2,4,1,10,10,0
30,20,18,0,0.15,36,24,0,1,2,4,2,4,1,10,10,0
35,20,18,0,0.15,36,24,0,1,2,4,2,4,1,10,10,0
40,20,18,0,0.15,36,24,0,1,2,4,2,4,1,10,10,0
45,20,18,0,0.15,36,24,0,1,2,4,2,4,1,10,10,0
50,20,18,0,0.15,36,24,0,1,2,4,2,4,1,10,10,0
55,20,18,0,0.15,36,24,0,1,2,4,2,4,1,10,10,0
60,20,18,0,0.15,36,24,0,1,2,4,2,4,1,10,10,0
65,20,18,0,0.15,36,24,0,1,2,4,2,4,1,10,10,0
70,20,18,0,0.15,36,24,0,1,2,4,2,4,1,10,10,0
75,20,18,0,0.15,36,24,0,1,2,4,2,4,1,10,10,0
80,20,18,0,0.15,36,24,0,1,2,4,2,4,1,10,10,0
85,20,18,0,0.15,36,24,0,1,2,4,2,4,1,10,10,0
90,20,18,0,0.15,36,24,0,1,2,4,2,4,1,10,10,0
95,20,18,0,0.15,36,24,0,1,2,4,2,4,1,10,10,0
100,20,18,0,0.15,36,24,0,1,2,4,2,4,1,10,10,0
5,25,18,0,0.15,36,24,0,1,2,4,2,4,1,10,10,0
10,25,18,0,0.15,36,24,0,1,2,4,2,4,1,10,10,0
15,25,18,0,0.15,36,24,0,1,2,4,2,4,1,10,10,0
20,25,18,0,0.15,36,24,0,1,2,4,2,4,1,10,10,0
25,25,18,0,0.15,36,24,0,1,2,4,2,4,1,10,10,0
30,25,18,0,0.15,36,24,0,1,2,4,2,4,1,10,10,0
35,25,18,0,0.15,36,24,0,1,2,4,2,4,1,10,10,0
40,25,18,0,0.15,36,24,0,1,2,4,2,4,1,10,10,0
45,25,18,0,0.15,36,24,0,1,2,4,2,4,1,10,10,0
50,25,18,0,0.15,36,24,0,1,2,4,2,4,1,10,10,0
55,25,18,0,0.15,36,24,0,1,2,4,2,4,1,10,10,0
60,25,18,0,0.15,36,24,0,1,2,4,2,4,1,10,10,0
65,25,18,0,0.15,36,24,0,1,2,4,2,4,1,10,10,0
70,25,18,0,0.15,36,24,0,1,2,4,2,4,1,10,10,0
75,25,18,0,0.15,36,24,0,1,2,4,2,4,1,10,10,0
80,25,18,0,0.15,36,24,0,1,2,4,2,4,1,10,10,0
85,25,18,0,0.15,36,24,0,1,2,4,2,4,1,10,10,0
90,25,18,0,0.15,36,24,0,1,2,4,2,4,1,10,10,0
95,25,18,0,0.15,36,24,0,1,2,4,2,4,1,10,10,0
100,25,18,0,0.15,36,24,0,1,2,4,2,4,1,10,10,0
5,30,18,0,0.15,36,24,0,1,2,4,2,4,1,10,10,0
10,30,18,0,0.15,36,24,0,1,2,4,2,4,1,10,10,0
15,30,18,0,0.15,36,24,0,1,2,4,2,4,1,10,10,0
20,30,18,0,0.15,36,24,0,1,2,4,2,4,1,10,10,0
25,30,18,0,0.15,36,24,0,1,2,4,2,4,1,10,10,0
30,30,18,0,0.15,36,24,0,1,2,4,2,4,1,10,10,0
35,30,18,0,0.15,36,24,0,1,2,4,2,4,1,10,10,0
40,30,18,0,0.15,36,24,0,1,2,4,2,4,1,10,10,0
45,30,18,0,0.15,36,24,0,1,2,4,2,4,1,10,10,0
50,30,18,0,0.15,36,24,0,1,2,4,2,4,1,10,10,0
55,30,18,0,0.15,36,24,0,1,2,4,2,4,1,10,10,0
60,30,18,0,0.15,36,24,0,1,2,4,2,4,1,10,10,0
65,30,18,0,0.15,36,24,0,1,2,4,2,4,1,10,10,0
70,30,18,0,0.15,36,24,0,1,2,4,2,4,1,10,10,0
75,30,18,0,0.15,36,24,0,1,2,4,2,4,1,10,10,0
80,30,18,0,0.15,36,24,0,1,2,4,2,4,1,10,10,0
85,30,18,0,0.15,36,24,0,1,2,4,2,4,1,10,10,0
90,30,18,0,0.15,36,24,0,1,2,4,2,4,1,10,10,0
95,30,18,0,0.15,36,24,0,1,2,4,2,4,1,10,10,0
100,30,18,0,0.15,36,24,0,1,2,4,2,4,1,10,10,0
5,35,18,0,0.15,36,24,0,1,2,4,2,4,1,10,10,0
10,35,18,0,0.15,36,24,0,1,2,4,2,4,1,10,10,0
15,35,18,0,0.15,36,24,0,1,2,4,2,4,1,10,10,0
20,35,18,0,0.15,36,24,0,1,2,4,2,4,1,10,10,0
25,35,18,0,0.15,36,24,0,1,2,4,2,4,1,10,10,0
30,35,18,0,0.15,36,24,0,1,2,4,2,4,1,10,10,0
35,35,18,0,0.15,36,24,0,1,2,4,2,4,1,10,10,0
40,35,18,0,0.15,36,24,0,1,2,4,2,4,1,10,10,0
45,35,18,0,0.15,36,24,0,1,2,4,2,4,1,10,10,0
50,35,18,0,0.15,36,24,0,1,2,4,2,4,1,10,10,0
55,35,18,0,0.15,36,24,0,1,2,4,2,4,1,10,10,0
60,35,18,0,0.15,36,24,0,1,2,4,2,4,1,10,10,0
65,35,18,0,0.15,36,24,0,1,2,4,2,4,1,10,10,0
70,35,18,0,0.15,36,24,0,1,2,4,2,4,1,10,10,0
75,35,18,0,0.15,36,24,0,1,2,4,2,4,1,10,10,0
80,35,18,0,0.15,36,24,0,1,2,4,2,4,1,10,10,0
85,35,18,0,0.15,36,24,0,1,2,4,2,4,1,10,10,0
90,35,18,0,0.15,36,24,0,1,2,4,2,4,1,10,10,0
95,35,18,0,0.15,36,24,0,1,2,4,2,4,1,10,10,0
100,35,18,0,0.15,36,24,0,1,2,4,2,4,1,10,10,0
5,40,18,0,0.15,36,24,0,1,2,4,2,4,1,10,10,0
10,40,18,0,0.15,36,24,0,1,2,4,2,4,1,10,10,0
15,40,18,0,0.15,36,24,0,1,2,4,2,4,1,10,10,0
20,40,18,0,0.15,36,24,0,1,2,4,2,4,1,10,10,0
25,40,18,0,0.15,36,24,0,1,2,4,2,4,1,10,10,0
30,40,18,0,0.15,36,24,0,1,2,4,2,4,1,10,10,0
35,40,18,0,0.15,36,24,0,1,2,4,2,4,1,10,10,0
40,40,18,0,0.15,36,24,0,1,2,4,2,4,1,10,10,0
45,40,18,0,0.15,36,24,0,1,2,4,2,4,1,10,10,0
50,40,18,0,0.15,36,24,0,1,2,4,2,4,1,10,10,0
55,40,18,0,0.15,36,24,0,1,2,4,2,4,1,10,10,0
60,40,18,0,0.15,36,24,0,1,2,4,2,4,1,10,10,0
65,40,18,0,0.15,36,24,0,1,2,4,2,4,1,10,10,0
70,40,18,0,0.15,36,24,0,1,2,4,2,4,1,10,10,0
75,40,18,0,0.15,36,24,0,1,2,4,2,4,1,10,10,0
80,40,18,0,0.15,36,24,0,1,2,4,2,4,1,10,10,0
85,40,18,0,0.15,36,24,0,1,2,4,2,4,1,10,10,0
90,40,18,0,0.15,36,24,0,1,2,4,2,4,1,10,10,0
95,40,18,0,0.15,36,24,0,1,2,4,2,4,1,10,10,0
100,40,18,0,0.15,36,24,0,1,2,4,2,4,1,10,10,0
5,45,18,0,0.15,36,24,0,1,2,4,2,4,1,10,10,0
10,45,18,0,0.15,36,24,0,1,2,4,2,4,1,10,10,0
15,45,18,0,0.15,36,24,0,1,2,4,2,4,1,10,10,0
20,45,18,0,0.15,36,24,0,1,2,4,2,4,1,10,10,0
25,45,18,0,0.15,36,24,0,1,2,4,2,4,1,10,10,0
30,45,18,0,0.15,36,24,0,1,2,4,2,4,1,10,10,0
35,45,18,0,0.15,36,24,0,1,2,4,2,4,1,10,10,0
40,45,18,0,0.15,36,24,0,1,2,4,2,4,1,10,10,0
45,45,18,0,0.15,36,24,0,1,2,4,2,4,1,10,10,0
50,45,18,0,0.15,36,24,0,1,2,4,2,4,1,10,10,0
55,45,18,0,0.15,36,24,0,1,2,4,2,4,1,10,10,0
60,45,18,0,0.15,36,24,0,1,2,4,2,4,1,10,10,0
65,45,18,0,0.15,36,24,0,1,2,4,2,4,1,10,10,0
70,45,18,0,0.15,36,24,0,1,2,4,2,4,1,10,10,0
75,45,18,0,0.15,36,24,0,1,2,4,2,4,1,10,10,0
80,45,18,0,0.15,36,24,0,1,2,4,2,4,1,10,10,0
85,45,18,0,0.15,36,24,0,1,2,4,2,4,1,10,10,0
90,45,18,0,0.15,36,24,0,1,2,4,2,4,1,10,10,0
95,45,18,0,0.15,36,24,0,1,2,4,2,4,1,10,10,0
100,45,18,0,0.15,36,24,0,1,2,4,2,4,1,10,10,0
5,50,18,0,0.15,36,24,0,1,2,4,2,4,1,10,10,0
10,50,18,0,0.15,36,24,0,1,2,4,2,4,1,10,10,0
15,50,18,0,0.15,36,24,0,1,2,4,2,4,1,10,10,0
20,50,18,0,0.15,36,24,0,1,2,4,2,4,1,10,10,0
25,50,18,0,0.15,36,24,0,1,2,4,2,4,1,10,10,0
30,50,18,0,0.15,36,24,0,1,2,4,2,4,1,10,10,0
35,50,18,0,0.15,36,24,0,1,2,4,2,4,1,10,10,0
40,50,18,0,0.15,36,24,0,1,2,4,2,4,1,10,10,0
45,50,18,0,0.15,36,24,0,1,2,4,2,4,1,10,10,0
50,50,18,0,0.15,36,24,0,1,2,4,2,4,1,10,10,0
55,50,18,0,0.15,36,24,0,1,2,4,2,4,1,10,10,0
60,50,18,0,0.15,36,24,0,1,2,4,2,4,1,10,10,0
65,50,18,0,0.15,36,24,0,1,2,4,2,4,1,10,10,0
70,50,18,0,0.15,36,24,0,1,2,4,2,4,1,10,10,0
75,50,18,0,0.15,36,24,0,1,2,4,2,4,1,10,10,0
80,50,18,0,0.15,36,24,0,1,2,4,2,4,1,10,10,0
85,50,18,0,0.15,36,24,0,1,2,4,2,4,1,10,10,0
90,50,18,0,0.15,36,24,0,1,2,4,2,4,1,10,10,0
95,50,18,0,0.15,36,24,0,1,2,4,2,4,1,10,10,0
100,50,18,0,0.15,36,24,0,1,2,4,2,4,1,10,10,0
5,55,18,0,0.15,36,24,0,1,2,4,2,4,1,10,10,0
10,55,18,0,0.15,36,24,0,1,2,4,2,4,1,10,10,0
15,55,18,0,0.15,36,24,0,1,2,4,2,4,1,10,10,0
20,55,18,0,0.15,36,24,0,1,2,4,2,4,1,10,10,0
25,55,18,0,0.15,36,24,0,1,2,4,2,4,1,10,10,0
30,55,18,0,0.15,36,24,0,1,2,4,2,4,1,10,10,0
35,55,18,0,0.15,36,24,0,1,2,4,2,4,1,10,10,0
40,55,18,0,0.15,36,24,0,1,2,4,2,4,1,10,10,0
45,55,18,0,0.15,36,24,0,1,2,4,2,4,1,10,10,0
50,55,18,0,0.15,36,24,0,1,2,4,2,4,1,10,10,0
55,55,18,0,0.15,36,24,0,1,2,4,2,4,1,10,10,0
60,55,18,0,0.15,36,24,0,1,2,4,2,4,1,10,10,0
65,55,18,0,0.15,36,24,0,1,2,4,2,4,1,10,10,0
70,55,18,0,0.15,36,24,0,1,2,4,2,4,1,10,10,0
75,55,18,0,0.15,36,24,0,1,2,4,2,4,1,10,10,0
80,55,18,0,0.15,36,24,0,1,2,4,2,4,1,10,10,0
85,55,18,0,0.15,36,24,0,1,2,4,2,4,1,10,10,0
90,55,18,0,0.15,36,24,0,1,2,4,2,4,1,10,10,0
95,55,18,0,0.15,36,24,0,1,2,4,2,4,1,10,10,0
100,55,18,0,0.15,36,24,0,1,2,4,2,4,1,10,10,0
5,60,18,0,0.15,36,24,0,1,2,4,2,4,1,10,10,0
10,60,18,0,0.15,36,24,0,1,2,4,2,4,1,10,10,0
15,60,18,0,0.15,36,24,0,1,2,4,2,4,1,10,10,0
20,60,18,0,0.15,36,24,0,1,2,4,2,4,1,10,10,0
25,60,18,0,0.15,36,24,0,1,2,4,2,4,1,10,10,0
30,60,18,0,0.15,36,24,0,1,2,4,2,4,1,10,10,0
35,60,18,0,0.15,36,24,0,1,2,4,2,4,1,10,10,0
40,60,18,0,0.15,36,24,0,1,2,4,2,4,1,10,10,0
45,60,18,0,0.15,36,24,0,1,2,4,2,4,1,10,10,0
50,60,18,0,0.15,36,24,0,1,2,4,2,4,1,10,10,0
55,60,18,0,0.15,36,24,0,1,2,4,2,4,1,10,10,0
60,60,18,0,0.15,36,24,0,1,2,4,2,4,1,10,10,0
65,60,18,0,0.15,36,24,0,1,2,4,2,4,1,10,10,0
70,60,18,0,0.15,36,24,0,1,2,4,2,4,1,10,10,0
75,60,18,0,0.15,36,24,0,1,2,4,2,4,1,10,10,0
80,60,18,0,0.15,36,24,0,1,2,4,2,4,1,10,10,0
85,60,18,0,0.15,36,24,0,1,2,4,2,4,1,10,10,0
90,60,18,0,0.15,36,24,0,1,2,4,2,4,1,10,10,0
95,60,18,0,0.15,36,24,0,1,2,4,2,4,1,10,10,0
100,60,18,0,0.15,36,24,0,1,2,4,2,4,1,10,10,0
5,65,18,0,0.15,36,24,0,1,2,4,2,4,1,10,10,0
10,65,18,0,0.15,36,24,0,1,2,4,2,4,1,10,10,0
15,65,18,0,0.15,36,24,0,1,2,4,2,4,1,10,10,0
20,65,18,0,0.15,36,24,0,1,2,4,2,4,1,10,10,0
25,65,18,0,0.15,36,24,0,1,2,4,2,4,1,10,10,0
30,65,18,0,0.15,36,24,0,1,2,4,2,4,1,10,10,0
35,65,18,0,0.15,36,24,0,1,2,4,2,4,1,10,10,0
40,65,18,0,0.15,36,24,0,1,2,4,2,4,1,10,10,0
45,65,18,0,0.15,36,24,0,1,2,4,2,4,1,10,10,0
50,65,18,0,0.15,36,24,0,1,2,4,2,4,1,10,10,0
55,65,18,0,0.15,36,24,0,1,2,4,2,4,1,10,10,0
60,65,18,0,0.15,36,24,0,1,2,4,2,4,1,10,10,0
65,65,18,0,0.15,36,24,0,1,2,4,2,4,1,10,10,0
70,65,18,0,0.15,36,24,0,1,2,4,2,4,1,10,10,0
75,65,18,0,0.15,36,24,0,1,2,4,2,4,1,10,10,0
80,65,18,0,0.15,36,24,0,1,2,4,2,4,1,10,10,0
85,65,18,0,0.15,36,24,0,1,2,4,2,4,1,10,10,0
90,65,18,0,0.15,36,24,0,1,2,4,2,4,1,10,10,0
95,65,18,0,0.15,36,24,0,1,2,4,2,4,1,10,10,0
100,65,18,0,0.15,36,24,0,1,2,4,2,4,1,10,10,0
5,70,18,0,0.15,36,24,0,1,2,4,2,4,1,10,10,0
10,70,18,0,0.15,36,24,0,1,2,4,2,4,1,10,10,0
15,70,18,0,0.15,36,24,0,1,2,4,2,4,1,10,10,0
20,70,18,0,0.15,36,24,0,1,2,4,2,4,1,10,10,0
25,70,18,0,0.15,36,24,0,1,2,4,2,4,1,10,10,0
30,70,18,0,0.15,36,24,0,1,2,4,2,4,1,10,10,0
35,70,18,0,0.15,36,24,0,1,2,4,2,4,1,10,10,0
40,70,18,0,0.15,36,24,0,1,2,4,2,4,1,10,10,0
45,70,18,0,0.15,36,24,0,1,2,4,2,4,1,10,10,0
50,70,18,0,0.15,36,24,0,1,2,4,2,4,1,10,10,0
55,70,18,0,0.15,36,24,0,1,2,4,2,4,1,10,10,0
60,70,18,0,0.15,36,24,0,1,2,4,2,4,1,10,10,0
65,70,18,0,0.15,36,24,0,1,2,4,2,4,1,10,10,0
70,70,18,0,0.15,36,24,0,1,2,4,2,4,1,10,10,0
75,70,18,0,0.15,36,24,0,1,2,4,2,4,1,10,10,0
80,70,18,0,0.15,36,24,0,1,2,4,2,4,1,10,10,0
85,70,18,0,0.15,36,24,0,1,2,4,2,4,1,10,10,0
90,70,18,0,0.15,36,24,0,1,2,4,2,4,1,10,10,0
95,70,18,0,0.15,36,24,0,1,2,4,2,4,1,10,10,0
100,70,18,0,0.15,36,24,0,1,2,4,2,4,1,10,10,0
5,75,18,0,0.15,36,24,0,1,2,4,2,4,1,10,10,0
10,75,18,0,0.15,36,24,0,1,2,4,2,4,1,10,10,0
15,75,18,0,0.15,36,24,0,1,2,4,2,4,1,10,10,0
20,75,18,0,0.15,36,24,0,1,2,4,2,4,1,10,10,0
25,75,18,0,0.15,36,24,0,1,2,4,2,4,1,10,10,0
30,75,18,0,0.15,36,24,0,1,2,4,2,4,1,10,10,0
35,75,18,0,0.15,36,24,0,1,2,4,2,4,1,10,10,0
40,75,18,0,0.15,36,24,0,1,2,4,2,4,1,10,10,0
45,75,18,0,0.15,36,24,0,1,2,4,2,4,1,10,10,0
50,75,18,0,0.15,36,24,0,1,2,4,2,4,1,10,10,0
55,75,18,0,0.15,36,24,0,1,2,4,2,4,1,10,10,0
60,75,18,0,0.15,36,24,0,1,2,4,2,4,1,10,10,0
65,75,18,0,0.15,36,24,0,1,2,4,2,4,1,10,10,0
70,75,18,0,0.15,36,24,0,1,2,4,2,4,1,10,10,0
75,75,18,0,0.15,36,24,0,1,2,4,2,4,1,10,10,0
80,75,18,0,0.15,36,24,0,1,2,4,2,4,1,10,10,0
85,75,18,0,0.15,36,24,0,1,2,4,2,4,1,10,10,0
90,75,18,0,0.15,36,24,0,1,2,4,2,4,1,10,10,0
95,75,18,0,0.15,36,24,0,1,2,4,2,4,1,10,10,0
100,75,18,0,0.15,36,24,0,1,2,4,2,4,1,10,10,0
5,80,18,0,0.15,36,24,0,1,2,4,2,4,1,10,10,0
10,80,18,0,0.15,36,24,0,1,2,4,2,4,1,10,10,0
15,80,18,0,0.15,36,24,0,1,2,4,2,4,1,10,10,0
20,80,18,0,0.15,36,24,0,1,2,4,2,4,1,10,10,0
25,80,18,0,0.15,36,24,0,1,2,4,2,4,1,10,10,0
30,80,18,0,0.15,36,24,0,1,2,4,2,4,1,10,10,0
35,80,18,0,0.15,36,24,0,1,2,4,2,4,1,10,10,0
40,80,18,0,0.15,36,24,0,1,2,4,2,4,1,10,10,0
45,80,18,0,0.15,36,24,0,1,2,4,2,4,1,10,10,0
50,80,18,0,0.15,36,24,0,1,2,4,2,4,1,10,10,0
55,80,18,0,0.15,36,24,0,1,2,4,2,4,1,10,10,0
60,80,18,0,0.15,36,24,0,1,2,4,2,4,1,10,10,0
65,80,18,0,0.15,36,24,0,1,2,4,2,4,1,10,10,0
70,80,18,0,0.15,36,24,0,1,2,4,2,4,1,10,10,0
75,80,18,0,0.15,36,24,0,1,2,4,2,4,1,10,10,0
80,80,18,0,0.15,36,24,0,1,2,4,2,4,1,10,10,0
85,80,18,0,0.15,36,24,0,1,2,4,2,4,1,10,10,0
90,80,18,0,0.15,36,24,0,1,2,4,2,4,1,10,10,0
95,80,18,0,0.15,36,24,0,1,2,4,2,4,1,10,10,0
100,80,18,0,0.15,36,24,0,1,2,4,2,4,1,10,10,0
5,85,18,0,0.15,36,24,0,1,2,4,2,4,1,10,10,0
10,85,18,0,0.15,36,24,0,1,2,4,2,4,1,10,10,0
15,85,18,0,0.15,36,24,0,1,2,4,2,4,1,10,10,0
20,85,18,0,0.15,36,24,0,1,2,4,2,4,1,10,10,0
25,85,18,0,0.15,36,24,0,1,2,4,2,4,1,10,10,0
30,85,18,0,0.15,36,24,0,1,2,4,2,4,1,10,10,0
35,85,18,0,0.15,36,24,0,1,2,4,2,4,1,10,10,0
40,85,18,0,0.15,36,24,0,1,2,4,2,4,1,10,10,0
45,85,18,0,0.15,36,24,0,1,2,4,2,4,1,10,10,0
50,85,18,0,0.15,36,24,0,1,2,4,2,4,1,10,10,0
55,85,18,0,0.15,36,24,0,1,2,4,2,4,1,10,10,0
60,85,18,0,0.15,36,24,0,1,2,4,2,4,1,10,10,0
65,85,18,0,0.15,36,24,0,1,2,4,2,4,1,10,10,0
70,85,18,0,0.15,36,24,0,1,2,4,2,4,1,10,10,0
75,85,18,0,0.15,36,24,0,1,2,4,2,4,1,10,10,0
80,85,18,0,0.15,36,24,0,1,2,4,2,4,1,10,10,0
85,85,18,0,0.15,36,24,0,1,2,4,2,4,1,10,10,0
90,85,18,0,0.15,36,24,0,1,2,4,2,4,1,10,10,0
95,85,18,0,0.15,36,24,0,1,2,4,2,4,1,10,10,0
100,85,18,0,0.15,36,24,0,1,2,4,2,4,1,10,10,0
5,90,18,0,0.15,36,24,0,1,2,4,2,4,1,10,10,0
10,90,18,0,0.15,36,24,0,1,2,4,2,4,1,10,10,0
15,90,18,0,0.15,36,24,0,1,2,4,2,4,1,10,10,0
20,90,18,0,0.15,36,24,0,1,2,4,2,4,1,10,10,0
25,90,18,0,0.15,36,24,0,1,2,4,2,4,1,10,10,0
30,90,18,0,0.15,36,24,0,1,2,4,2,4,1,10,10,0
35,90,18,0,0.15,36,24,0,1,2,4,2,4,1,10,10,0
40,90,18,0,0.15,36,24,0,1,2,4,2,4,1,10,10,0
45,90,18,0,0.15,36,24,0,1,2,4,2,4,1,10,10,0
50,90,18,0,0.15,36,24,0,1,2,4,2,4,1,10,10,0
55,90,18,0,0.15,36,24,0,1,2,4,2,4,1,10,10,0
60,90,18,0,0.15,36,24,0,1,2,4,2,4,1,10,10,0
65,90,18,0,0.15,36,24,0,1,2,4,2,4,1,10,10,0
70,90,18,0,0.15,36,24,0,1,2,4,2,4,1,10,10,0
75,90,18,0,0.15,36,24,0,1,2,4,2,4,1,10,10,0
80,90,18,0,0.15,36,24,0,1,2,4,2,4,1,10,10,0
85,90,18,0,0.15,36,24,0,1,2,4,2,4,1,10,10,0
90,90,18,0,0.15,36,24,0,1,2,4,2,4,1,10,10,0
95,90,18,0,0.15,36,24,0,1,2,4,2,4,1,10,10,0
100,90,18,0,0.15,36,24,0,1,2,4,2,4,1,10,10,0
5,95,18,0,0.15,36,24,0,1,2,4,2,4,1,10,10,0
10,95,18,0,0.15,36,24,0,1,2,4,2,4,1,10,10,0
15,95,18,0,0.15,36,24,0,1,2,4,2,4,1,10,10,0
20,95,18,0,0.15,36,24,0,1,2,4,2,4,1,10,10,0
25,95,18,0,0.15,36,24,0,1,2,4,2,4,1,10,10,0
30,95,18,0,0.15,36,24,0,1,2,4,2,4,1,10,10,0
35,95,18,0,0.15,36,24,0,1,2,4,2,4,1,10,10,0
40,95,18,0,0.15,36,24,0,1,2,4,2,4,1,10,10,0
45,95,18,0,0.15,36,24,0,1,2,4,2,4,1,10,10,0
50,95,18,0,0.15,36,24,0,1,2,4,2,4,1,10,10,0
55,95,18,0,0.15,36,24,0,1,2,4,2,4,1,10,10,0
60,95,18,0,0.15,36,24,0,1,2,4,2,4,1,10,10,0
65,95,18,0,0.15,36,24,0,1,2,4,2,4,1,10,10,0
70,95,18,0,0.15,36,24,0,1,2,4,2,4,1,10,10,0
75,95,18,0,0.15,36,24,0,1,2,4,2,4,1,10,10,0
80,95,18,0,0.15,36,24,0,1,2,4,2,4,1,10,10,0
85,95,18,0,0.15,36,24,0,1,2,4,2,4,1,10,10,0
90,95,18,0,0.15,36,24,0,1,2,4,2,4,1,10,10,0
95,95,18,0,0.15,36,24,0,1,2,4,2,4,1,10,10,0
100,95,18,0,0.15,36,24,0,1,2,4,2,4,1,10,10,0
5,100,18,0,0.15,36,24,0,1,2,4,2,4,1,10,10,0
10,100,18,0,0.15,36,24,0,1,2,4,2,4,1,10,10,0
15,100,18,0,0.15,36,24,0,1,2,4,2,4,1,10,10,0
20,100,18,0,0.15,36,24,0,1,2,4,2,4,1,10,10,0
25,100,18,0,0.15,36,24,0,1,2,4,2,4,1,10,10,0
30,100,18,0,0.15,36,24,0,1,2,4,2,4,1,10,10,0
35,100,18,0,0.15,36,24,0,1,2,4,2,4,1,10,10,0
40,100,18,0,0.15,36,24,0,1,2,4,2,4,1,10,10,0
45,100,18,0,0.15,36,24,0,1,2,4,2,4,1,10,10,0
50,100,18,0,0.15,36,24,0,1,2,4,2,4,1,10,10,0
55,100,18,0,0.15,36,24,0,1,2,4,2,4,1,10,10,0
60,100,18,0,0.15,36,24,0,1,2,4,2,4,1,10,10,0
65,100,18,0,0.15,36,24,0,1,2,4,2,4,1,10,10,0
70,100,18,0,0.15,36,24,0,1,2,4,2,4,1,10,10,0
75,100,18,0,0.15,36,24,0,1,2,4,2,4,1,10,10,0
80,100,18,0,0.15,36,24,0,1,2,4,2,4,1,10,10,0
85,100,18,0,0.15,36,24,0,1,2,4,2,4,1,10,10,0
90,100,18,0,0.15,36,24,0,1,2,4,2,4,1,10,10,0
95,100,18,0,0.15,36,24,0,1,2,4,2,4,1,10,10,0
100,100,18,0,0.15,36,24,0,1,2,4,2,4,1,10,10,0
5,5,20,0,0.15,36,24,0,1,2,4,2,4,1,10,10,0
10,5,20,0,0.15,36,24,0,1,2,4,2,4,1,10,10,0
15,5,20,0,0.15,36,24,0,1,2,4,2,4,1,10,10,0
20,5,20,0,0.15,36,24,0,1,2,4,2,4,1,10,10,0
25,5,20,0,0.15,36,24,0,1,2,4,2,4,1,10,10,0
30,5,20,0,0.15,36,24,0,1,2,4,2,4,1,10,10,0
35,5,20,0,0.15,36,24,0,1,2,4,2,4,1,10,10,0
40,5,20,0,0.15,36,24,0,1,2,4,2,4,1,10,10,0
45,5,20,0,0.15,36,24,0,1,2,4,2,4,1,10,10,0
50,5,20,0,0.15,36,24,0,1,2,4,2,4,1,10,10,0
55,5,20,0,0.15,36,24,0,1,2,4,2,4,1,10,10,0
60,5,20,0,0.15,36,24,0,1,2,4,2,4,1,10,10,0
65,5,20,0,0.15,36,24,0,1,2,4,2,4,1,10,10,0
70,5,20,0,0.15,36,24,0,1,2,4,2,4,1,10,10,0
75,5,20,0,0.15,36,24,0,1,2,4,2,4,1,10,10,0
80,5,20,0,0.15,36,24,0,1,2,4,2,4,1,10,10,0
85,5,20,0,0.15,36,24,0,1,2,4,2,4,1,10,10,0
90,5,20,0,0.15,36,24,0,1,2,4,2,4,1,10,10,0
95,5,20,0,0.15,36,24,0,1,2,4,2,4,1,10,10,0
100,5,20,0,0.15,36,24,0,1,2,4,2,4,1,10,10,0
5,10,20,0,0.15,36,24,0,1,2,4,2,4,1,10,10,0
10,10,20,0,0.15,36,24,0,1,2,4,2,4,1,10,10,0
15,10,20,0,0.15,36,24,0,1,2,4,2,4,1,10,10,0
20,10,20,0,0.15,36,24,0,1,2,4,2,4,1,10,10,0
25,10,20,0,0.15,36,24,0,1,2,4,2,4,1,10,10,0
30,10,20,0,0.15,36,24,0,1,2,4,2,4,1,10,10,0
35,10,20,0,0.15,36,24,0,1,2,4,2,4,1,10,10,0
40,10,20,0,0.15,36,24,0,1,2,4,2,4,1,10,10,0
45,10,20,0,0.15,36,24,0,1,2,4,2,4,1,10,10,0
50,10,20,0,0.15,36,24,0,1,2,4,2,4,1,10,10,0
55,10,20,0,0.15,36,24,0,1,2,4,2,4,1,10,10,0
60,10,20,0,0.15,36,24,0,1,2,4,2,4,1,10,10,0
65,10,20,0,0.15,36,24,0,1,2,4,2,4,1,10,10,0
70,10,20,0,0.15,36,24,0,1,2,4,2,4,1,10,10,0
75,10,20,0,0.15,36,24,0,1,2,4,2,4,1,10,10,0
80,10,20,0,0.15,36,24,0,1,2,4,2,4,1,10,10,0
85,10,20,0,0.15,36,24,0,1,2,4,2,4,1,10,10,0
90,10,20,0,0.15,36,24,0,1,2,4,2,4,1,10,10,0
95,10,20,0,0.15,36,24,0,1,2,4,2,4,1,10,10,0
100,10,20,0,0.15,36,24,0,1,2,4,2,4,1,10,10,0
5,15,20,0,0.15,36,24,0,1,2,4,2,4,1,10,10,0
10,15,20,0,0.15,36,24,0,1,2,4,2,4,1,10,10,0
15,15,20,0,0.15,36,24,0,1,2,4,2,4,1,10,10,0
20,15,20,0,0.15,36,24,0,1,2,4,2,4,1,10,10,0
25,15,20,0,0.15,36,24,0,1,2,4,2,4,1,10,10,0
30,15,20,0,0.15,36,24,0,1,2,4,2,4,1,10,10,0
35,15,20,0,0.15,36,24,0,1,2,4,2,4,1,10,10,0
40,15,20,0,0.15,36,24,0,1,2,4,2,4,1,10,10,0
45,15,20,0,0.15,36,24,0,1,2,4,2,4,1,10,10,0
50,15,20,0,0.15,36,24,0,1,2,4,2,4,1,10,10,0
55,15,20,0,0.15,36,24,0,1,2,4,2,4,1,10,10,0
60,15,20,0,0.15,36,24,0,1,2,4,2,4,1,10,10,0
65,15,20,0,0.15,36,24,0,1,2,4,2,4,1,10,10,0
70,15,20,0,0.15,36,24,0,1,2,4,2,4,1,10,10,0
75,15,20,0,0.15,36,24,0,1,2,4,2,4,1,10,10,0
80,15,20,0,0.15,36,24,0,1,2,4,2,4,1,10,10,0
85,15,20,0,0.15,36,24,0,1,2,4,2,4,1,10,10,0
90,15,20,0,0.15,36,24,0,1,2,4,2,4,1,10,10,0
95,15,20,0,0.15,36,24,0,1,2,4,2,4,1,10,10,0
100,15,20,0,0.15,36,24,0,1,2,4,2,4,1,10,10,0
5,20,20,0,0.15,36,24,0,1,2,4,2,4,1,10,10,0
10,20,20,0,0.15,36,24,0,1,2,4,2,4,1,10,10,0
15,20,20,0,0.15,36,24,0,1,2,4,2,4,1,10,10,0
20,20,20,0,0.15,36,24,0,1,2,4,2,4,1,10,10,0
25,20,20,0,0.15,36,24,0,1,2,4,2,4,1,10,10,0
30,20,20,0,0.15,36,24,0,1,2,4,2,4,1,10,10,0
35,20,20,0,0.15,36,24,0,1,2,4,2,4,1,10,10,0
40,20,20,0,0.15,36,24,0,1,2,4,2,4,1,10,10,0
45,20,20,0,0.15,36,24,0,1,2,4,2,4,1,10,10,0
50,20,20,0,0.15,36,24,0,1,2,4,2,4,1,10,10,0
55,20,20,0,0.15,36,24,0,1,2,4,2,4,1,10,10,0
60,20,20,0,0.15,36,24,0,1,2,4,2,4,1,10,10,0
65,20,20,0,0.15,36,24,0,1,2,4,2,4,1,10,10,0
70,20,20,0,0.15,36,24,0,1,2,4,2,4,1,10,10,0
75,20,20,0,0.15,36,24,0,1,2,4,2,4,1,10,10,0
80,20,20,0,0.15,36,24,0,1,2,4,2,4,1,10,10,0
85,20,20,0,0.15,36,24,0,1,2,4,2,4,1,10,10,0
90,20,20,0,0.15,36,24,0,1,2,4,2,4,1,10,10,0
95,20,20,0,0.15,36,24,0,1,2,4,2,4,1,10,10,0
100,20,20,0,0.15,36,24,0,1,2,4,2,4,1,10,10,0
5,25,20,0,0.15,36,24,0,1,2,4,2,4,1,10,10,0
10,25,20,0,0.15,36,24,0,1,2,4,2,4,1,10,10,0
15,25,20,0,0.15,36,24,0,1,2,4,2,4,1,10,10,0
20,25,20,0,0.15,36,24,0,1,2,4,2,4,1,10,10,0
25,25,20,0,0.15,36,24,0,1,2,4,2,4,1,10,10,0
30,25,20,0,0.15,36,24,0,1,2,4,2,4,1,10,10,0
35,25,20,0,0.15,36,24,0,1,2,4,2,4,1,10,10,0
40,25,20,0,0.15,36,24,0,1,2,4,2,4,1,10,10,0
45,25,20,0,0.15,36,24,0,1,2,4,2,4,1,10,10,0
50,25,20,0,0.15,36,24,0,1,2,4,2,4,1,10,10,0
55,25,20,0,0.15,36,24,0,1,2,4,2,4,1,10,10,0
60,25,20,0,0.15,36,24,0,1,2,4,2,4,1,10,10,0
65,25,20,0,0.15,36,24,0,1,2,4,2,4,1,10,10,0
70,25,20,0,0.15,36,24,0,1,2,4,2,4,1,10,10,0
75,25,20,0,0.15,36,24,0,1,2,4,2,4,1,10,10,0
80,25,20,0,0.15,36,24,0,1,2,4,2,4,1,10,10,0
85,25,20,0,0.15,36,24,0,1,2,4,2,4,1,10,10,0
90,25,20,0,0.15,36,24,0,1,2,4,2,4,1,10,10,0
95,25,20,0,0.15,36,24,0,1,2,4,2,4,1,10,10,0
100,25,20,0,0.15,36,24,0,1,2,4,2,4,1,10,10,0
5,30,20,0,0.15,36,24,0,1,2,4,2,4,1,10,10,0
10,30,20,0,0.15,36,24,0,1,2,4,2,4,1,10,10,0
15,30,20,0,0.15,36,24,0,1,2,4,2,4,1,10,10,0
20,30,20,0,0.15,36,24,0,1,2,4,2,4,1,10,10,0
25,30,20,0,0.15,36,24,0,1,2,4,2,4,1,10,10,0
30,30,20,0,0.15,36,24,0,1,2,4,2,4,1,10,10,0
35,30,20,0,0.15,36,24,0,1,2,4,2,4,1,10,10,0
40,30,20,0,0.15,36,24,0,1,2,4,2,4,1,10,10,0
45,30,20,0,0.15,36,24,0,1,2,4,2,4,1,10,10,0
50,30,20,0,0.15,36,24,0,1,2,4,2,4,1,10,10,0
55,30,20,0,0.15,36,24,0,1,2,4,2,4,1,10,10,0
60,30,20,0,0.15,36,24,0,1,2,4,2,4,1,10,10,0
65,30,20,0,0.15,36,24,0,1,2,4,2,4,1,10,10,0
70,30,20,0,0.15,36,24,0,1,2,4,2,4,1,10,10,0
75,30,20,0,0.15,36,24,0,1,2,4,2,4,1,10,10,0
80,30,20,0,0.15,36,24,0,1,2,4,2,4,1,10,10,0
85,30,20,0,0.15,36,24,0,1,2,4,2,4,1,10,10,0
90,30,20,0,0.15,36,24,0,1,2,4,2,4,1,10,10,0
95,30,20,0,0.15,36,24,0,1,2,4,2,4,1,10,10,0
100,30,20,0,0.15,36,24,0,1,2,4,2,4,1,10,10,0
5,35,20,0,0.15,36,24,0,1,2,4,2,4,1,10,10,0
10,35,20,0,0.15,36,24,0,1,2,4,2,4,1,10,10,0
15,35,20,0,0.15,36,24,0,1,2,4,2,4,1,10,10,0
20,35,20,0,0.15,36,24,0,1,2,4,2,4,1,10,10,0
25,35,20,0,0.15,36,24,0,1,2,4,2,4,1,10,10,0
30,35,20,0,0.15,36,24,0,1,2,4,2,4,1,10,10,0
35,35,20,0,0.15,36,24,0,1,2,4,2,4,1,10,10,0
40,35,20,0,0.15,36,24,0,1,2,4,2,4,1,10,10,0
45,35,20,0,0.15,36,24,0,1,2,4,2,4,1,10,10,0
50,35,20,0,0.15,36,24,0,1,2,4,2,4,1,10,10,0
55,35,20,0,0.15,36,24,0,1,2,4,2,4,1,10,10,0
60,35,20,0,0.15,36,24,0,1,2,4,2,4,1,10,10,0
65,35,20,0,0.15,36,24,0,1,2,4,2,4,1,10,10,0
70,35,20,0,0.15,36,24,0,1,2,4,2,4,1,10,10,0
75,35,20,0,0.15,36,24,0,1,2,4,2,4,1,10,10,0
80,35,20,0,0.15,36,24,0,1,2,4,2,4,1,10,10,0
85,35,20,0,0.15,36,24,0,1,2,4,2,4,1,10,10,0
90,35,20,0,0.15,36,24,0,1,2,4,2,4,1,10,10,0
95,35,20,0,0.15,36,24,0,1,2,4,2,4,1,10,10,0
100,35,20,0,0.15,36,24,0,1,2,4,2,4,1,10,10,0
5,40,20,0,0.15,36,24,0,1,2,4,2,4,1,10,10,0
10,40,20,0,0.15,36,24,0,1,2,4,2,4,1,10,10,0
15,40,20,0,0.15,36,24,0,1,2,4,2,4,1,10,10,0
20,40,20,0,0.15,36,24,0,1,2,4,2,4,1,10,10,0
25,40,20,0,0.15,36,24,0,1,2,4,2,4,1,10,10,0
30,40,20,0,0.15,36,24,0,1,2,4,2,4,1,10,10,0
35,40,20,0,0.15,36,24,0,1,2,4,2,4,1,10,10,0
40,40,20,0,0.15,36,24,0,1,2,4,2,4,1,10,10,0
45,40,20,0,0.15,36,24,0,1,2,4,2,4,1,10,10,0
50,40,20,0,0.15,36,24,0,1,2,4,2,4,1,10,10,0
55,40,20,0,0.15,36,24,0,1,2,4,2,4,1,10,10,0
60,40,20,0,0.15,36,24,0,1,2,4,2,4,1,10,10,0
65,40,20,0,0.15,36,24,0,1,2,4,2,4,1,10,10,0
70,40,20,0,0.15,36,24,0,1,2,4,2,4,1,10,10,0
75,40,20,0,0.15,36,24,0,1,2,4,2,4,1,10,10,0
80,40,20,0,0.15,36,24,0,1,2,4,2,4,1,10,10,0
85,40,20,0,0.15,36,24,0,1,2,4,2,4,1,10,10,0
90,40,20,0,0.15,36,24,0,1,2,4,2,4,1,10,10,0
95,40,20,0,0.15,36,24,0,1,2,4,2,4,1,10,10,0
100,40,20,0,0.15,36,24,0,1,2,4,2,4,1,10,10,0
5,45,20,0,0.15,36,24,0,1,2,4,2,4,1,10,10,0
10,45,20,0,0.15,36,24,0,1,2,4,2,4,1,10,10,0
15,45,20,0,0.15,36,24,0,1,2,4,2,4,1,10,10,0
20,45,20,0,0.15,36,24,0,1,2,4,2,4,1,10,10,0
25,45,20,0,0.15,36,24,0,1,2,4,2,4,1,10,10,0
30,45,20,0,0.15,36,24,0,1,2,4,2,4,1,10,10,0
35,45,20,0,0.15,36,24,0,1,2,4,2,4,1,10,10,0
40,45,20,0,0.15,36,24,0,1,2,4,2,4,1,10,10,0
45,45,20,0,0.15,36,24,0,1,2,4,2,4,1,10,10,0
50,45,20,0,0.15,36,24,0,1,2,4,2,4,1,10,10,0
55,45,20,0,0.15,36,24,0,1,2,4,2,4,1,10,10,0
60,45,20,0,0.15,36,24,0,1,2,4,2,4,1,10,10,0
65,45,20,0,0.15,36,24,0,1,2,4,2,4,1,10,10,0
70,45,20,0,0.15,36,24,0,1,2,4,2,4,1,10,10,0
75,45,20,0,0.15,36,24,0,1,2,4,2,4,1,10,10,0
80,45,20,0,0.15,36,24,0,1,2,4,2,4,1,10,10,0
85,45,20,0,0.15,36,24,0,1,2,4,2,4,1,10,10,0
90,45,20,0,0.15,36,24,0,1,2,4,2,4,1,10,10,0
95,45,20,0,0.15,36,24,0,1,2,4,2,4,1,10,10,0
100,45,20,0,0.15,36,24,0,1,2,4,2,4,1,10,10,0
5,50,20,0,0.15,36,24,0,1,2,4,2,4,1,10,10,0
10,50,20,0,0.15,36,24,0,1,2,4,2,4,1,10,10,0
15,50,20,0,0.15,36,24,0,1,2,4,2,4,1,10,10,0
20,50,20,0,0.15,36,24,0,1,2,4,2,4,1,10,10,0
25,50,20,0,0.15,36,24,0,1,2,4,2,4,1,10,10,0
30,50,20,0,0.15,36,24,0,1,2,4,2,4,1,10,10,0
35,50,20,0,0.15,36,24,0,1,2,4,2,4,1,10,10,0
40,50,20,0,0.15,36,24,0,1,2,4,2,4,1,10,10,0
45,50,20,0,0.15,36,24,0,1,2,4,2,4,1,10,10,0
50,50,20,0,0.15,36,24,0,1,2,4,2,4,1,10,10,0
55,50,20,0,0.15,36,24,0,1,2,4,2,4,1,10,10,0
60,50,20,0,0.15,36,24,0,1,2,4,2,4,1,10,10,0
65,50,20,0,0.15,36,24,0,1,2,4,2,4,1,10,10,0
70,50,20,0,0.15,36,24,0,1,2,4,2,4,1,10,10,0
75,50,20,0,0.15,36,24,0,1,2,4,2,4,1,10,10,0
80,50,20,0,0.15,36,24,0,1,2,4,2,4,1,10,10,0
85,50,20,0,0.15,36,24,0,1,2,4,2,4,1,10,10,0
90,50,20,0,0.15,36,24,0,1,2,4,2,4,1,10,10,0
95,50,20,0,0.15,36,24,0,1,2,4,2,4,1,10,10,0
100,50,20,0,0.15,36,24,0,1,2,4,2,4,1,10,10,0
5,55,20,0,0.15,36,24,0,1,2,4,2,4,1,10,10,0
10,55,20,0,0.15,36,24,0,1,2,4,2,4,1,10,10,0
15,55,20,0,0.15,36,24,0,1,2,4,2,4,1,10,10,0
20,55,20,0,0.15,36,24,0,1,2,4,2,4,1,10,10,0
25,55,20,0,0.15,36,24,0,1,2,4,2,4,1,10,10,0
30,55,20,0,0.15,36,24,0,1,2,4,2,4,1,10,10,0
35,55,20,0,0.15,36,24,0,1,2,4,2,4,1,10,10,0
40,55,20,0,0.15,36,24,0,1,2,4,2,4,1,10,10,0
45,55,20,0,0.15,36,24,0,1,2,4,2,4,1,10,10,0
50,55,20,0,0.15,36,24,0,1,2,4,2,4,1,10,10,0
55,55,20,0,0.15,36,24,0,1,2,4,2,4,1,10,10,0
60,55,20,0,0.15,36,24,0,1,2,4,2,4,1,10,10,0
65,55,20,0,0.15,36,24,0,1,2,4,2,4,1,10,10,0
70,55,20,0,0.15,36,24,0,1,2,4,2,4,1,10,10,0
75,55,20,0,0.15,36,24,0,1,2,4,2,4,1,10,10,0
80,55,20,0,0.15,36,24,0,1,2,4,2,4,1,10,10,0
85,55,20,0,0.15,36,24,0,1,2,4,2,4,1,10,10,0
90,55,20,0,0.15,36,24,0,1,2,4,2,4,1,10,10,0
95,55,20,0,0.15,36,24,0,1,2,4,2,4,1,10,10,0
100,55,20,0,0.15,36,24,0,1,2,4,2,4,1,10,10,0
5,60,20,0,0.15,36,24,0,1,2,4,2,4,1,10,10,0
10,60,20,0,0.15,36,24,0,1,2,4,2,4,1,10,10,0
15,60,20,0,0.15,36,24,0,1,2,4,2,4,1,10,10,0
20,60,20,0,0.15,36,24,0,1,2,4,2,4,1,10,10,0
25,60,20,0,0.15,36,24,0,1,2,4,2,4,1,10,10,0
30,60,20,0,0.15,36,24,0,1,2,4,2,4,1,10,10,0
35,60,20,0,0.15,36,24,0,1,2,4,2,4,1,10,10,0
40,60,20,0,0.15,36,24,0,1,2,4,2,4,1,10,10,0
45,60,20,0,0.15,36,24,0,1,2,4,2,4,1,10,10,0
50,60,20,0,0.15,36,24,0,1,2,4,2,4,1,10,10,0
55,60,20,0,0.15,36,24,0,1,2,4,2,4,1,10,10,0
60,60,20,0,0.15,36,24,0,1,2,4,2,4,1,10,10,0
65,60,20,0,0.15,36,24,0,1,2,4,2,4,1,10,10,0
70,60,20,0,0.15,36,24,0,1,2,4,2,4,1,10,10,0
75,60,20,0,0.15,36,24,0,1,2,4,2,4,1,10,10,0
80,60,20,0,0.15,36,24,0,1,2,4,2,4,1,10,10,0
85,60,20,0,0.15,36,24,0,1,2,4,2,4,1,10,10,0
90,60,20,0,0.15,36,24,0,1,2,4,2,4,1,10,10,0
95,60,20,0,0.15,36,24,0,1,2,4,2,4,1,10,10,0
100,60,20,0,0.15,36,24,0,1,2,4,2,4,1,10,10,0
5,65,20,0,0.15,36,24,0,1,2,4,2,4,1,10,10,0
10,65,20,0,0.15,36,24,0,1,2,4,2,4,1,10,10,0
15,65,20,0,0.15,36,24,0,1,2,4,2,4,1,10,10,0
20,65,20,0,0.15,36,24,0,1,2,4,2,4,1,10,10,0
25,65,20,0,0.15,36,24,0,1,2,4,2,4,1,10,10,0
30,65,20,0,0.15,36,24,0,1,2,4,2,4,1,10,10,0
35,65,20,0,0.15,36,24,0,1,2,4,2,4,1,10,10,0
40,65,20,0,0.15,36,24,0,1,2,4,2,4,1,10,10,0
45,65,20,0,0.15,36,24,0,1,2,4,2,4,1,10,10,0
50,65,20,0,0.15,36,24,0,1,2,4,2,4,1,10,10,0
55,65,20,0,0.15,36,24,0,1,2,4,2,4,1,10,10,0
60,65,20,0,0.15,36,24,0,1,2,4,2,4,1,10,10,0
65,65,20,0,0.15,36,24,0,1,2,4,2,4,1,10,10,0
70,65,20,0,0.15,36,24,0,1,2,4,2,4,1,10,10,0
75,65,20,0,0.15,36,24,0,1,2,4,2,4,1,10,10,0
80,65,20,0,0.15,36,24,0,1,2,4,2,4,1,10,10,0
85,65,20,0,0.15,36,24,0,1,2,4,2,4,1,10,10,0
90,65,20,0,0.15,36,24,0,1,2,4,2,4,1,10,10,0
95,65,20,0,0.15,36,24,0,1,2,4,2,4,1,10,10,0
100,65,20,0,0.15,36,24,0,1,2,4,2,4,1,10,10,0
5,70,20,0,0.15,36,24,0,1,2,4,2,4,1,10,10,0
10,70,20,0,0.15,36,24,0,1,2,4,2,4,1,10,10,0
15,70,20,0,0.15,36,24,0,1,2,4,2,4,1,10,10,0
20,70,20,0,0.15,36,24,0,1,2,4,2,4,1,10,10,0
25,70,20,0,0.15,36,24,0,1,2,4,2,4,1,10,10,0
30,70,20,0,0.15,36,24,0,1,2,4,2,4,1,10,10,0
35,70,20,0,0.15,36,24,0,1,2,4,2,4,1,10,10,0
40,70,20,0,0.15,36,24,0,1,2,4,2,4,1,10,10,0
45,70,20,0,0.15,36,24,0,1,2,4,2,4,1,10,10,0
50,70,20,0,0.15,36,24,0,1,2,4,2,4,1,10,10,0
55,70,20,0,0.15,36,24,0,1,2,4,2,4,1,10,10,0
60,70,20,0,0.15,36,24,0,1,2,4,2,4,1,10,10,0
65,70,20,0,0.15,36,24,0,1,2,4,2,4,1,10,10,0
70,70,20,0,0.15,36,24,0,1,2,4,2,4,1,10,10,0
75,70,20,0,0.15,36,24,0,1,2,4,2,4,1,10,10,0
80,70,20,0,0.15,36,24,0,1,2,4,2,4,1,10,10,0
85,70,20,0,0.15,36,24,0,1,2,4,2,4,1,10,10,0
90,70,20,0,0.15,36,24,0,1,2,4,2,4,1,10,10,0
95,70,20,0,0.15,36,24,0,1,2,4,2,4,1,10,10,0
100,70,20,0,0.15,36,24,0,1,2,4,2,4,1,10,10,0
5,75,20,0,0.15,36,24,0,1,2,4,2,4,1,10,10,0
10,75,20,0,0.15,36,24,0,1,2,4,2,4,1,10,10,0
15,75,20,0,0.15,36,24,0,1,2,4,2,4,1,10,10,0
20,75,20,0,0.15,36,24,0,1,2,4,2,4,1,10,10,0
25,75,20,0,0.15,36,24,0,1,2,4,2,4,1,10,10,0
30,75,20,0,0.15,36,24,0,1,2,4,2,4,1,10,10,0
35,75,20,0,0.15,36,24,0,1,2,4,2,4,1,10,10,0
40,75,20,0,0.15,36,24,0,1,2,4,2,4,1,10,10,0
45,75,20,0,0.15,36,24,0,1,2,4,2,4,1,10,10,0
50,75,20,0,0.15,36,24,0,1,2,4,2,4,1,10,10,0
55,75,20,0,0.15,36,24,0,1,2,4,2,4,1,10,10,0
60,75,20,0,0.15,36,24,0,1,2,4,2,4,1,10,10,0
65,75,20,0,0.15,36,24,0,1,2,4,2,4,1,10,10,0
70,75,20,0,0.15,36,24,0,1,2,4,2,4,1,10,10,0
75,75,20,0,0.15,36,24,0,1,2,4,2,4,1,10,10,0
80,75,20,0,0.15,36,24,0,1,2,4,2,4,1,10,10,0
85,75,20,0,0.15,36,24,0,1,2,4,2,4,1,10,10,0
90,75,20,0,0.15,36,24,0,1,2,4,2,4,1,10,10,0
95,75,20,0,0.15,36,24,0,1,2,4,2,4,1,10,10,0
100,75,20,0,0.15,36,24,0,1,2,4,2,4,1,10,10,0
5,80,20,0,0.15,36,24,0,1,2,4,2,4,1,10,10,0
10,80,20,0,0.15,36,24,0,1,2,4,2,4,1,10,10,0
15,80,20,0,0.15,36,24,0,1,2,4,2,4,1,10,10,0
20,80,20,0,0.15,36,24,0,1,2,4,2,4,1,10,10,0
25,80,20,0,0.15,36,24,0,1,2,4,2,4,1,10,10,0
30,80,20,0,0.15,36,24,0,1,2,4,2,4,1,10,10,0
35,80,20,0,0.15,36,24,0,1,2,4,2,4,1,10,10,0
40,80,20,0,0.15,36,24,0,1,2,4,2,4,1,10,10,0
45,80,20,0,0.15,36,24,0,1,2,4,2,4,1,10,10,0
50,80,20,0,0.15,36,24,0,1,2,4,2,4,1,10,10,0
55,80,20,0,0.15,36,24,0,1,2,4,2,4,1,10,10,0
60,80,20,0,0.15,36,24,0,1,2,4,2,4,1,10,10,0
65,80,20,0,0.15,36,24,0,1,2,4,2,4,1,10,10,0
70,80,20,0,0.15,36,24,0,1,2,4,2,4,1,10,10,0
75,80,20,0,0.15,36,24,0,1,2,4,2,4,1,10,10,0
80,80,20,0,0.15,36,24,0,1,2,4,2,4,1,10,10,0
85,80,20,0,0.15,36,24,0,1,2,4,2,4,1,10,10,0
90,80,20,0,0.15,36,24,0,1,2,4,2,4,1,10,10,0
95,80,20,0,0.15,36,24,0,1,2,4,2,4,1,10,10,0
100,80,20,0,0.15,36,24,0,1,2,4,2,4,1,10,10,0
5,85,20,0,0.15,36,24,0,1,2,4,2,4,1,10,10,0
10,85,20,0,0.15,36,24,0,1,2,4,2,4,1,10,10,0
15,85,20,0,0.15,36,24,0,1,2,4,2,4,1,10,10,0
20,85,20,0,0.15,36,24,0,1,2,4,2,4,1,10,10,0
25,85,20,0,0.15,36,24,0,1,2,4,2,4,1,10,10,0
30,85,20,0,0.15,36,24,0,1,2,4,2,4,1,10,10,0
35,85,20,0,0.15,36,24,0,1,2,4,2,4,1,10,10,0
40,85,20,0,0.15,36,24,0,1,2,4,2,4,1,10,10,0
45,85,20,0,0.15,36,24,0,1,2,4,2,4,1,10,10,0
50,85,20,0,0.15,36,24,0,1,2,4,2,4,1,10,10,0
55,85,20,0,0.15,36,24,0,1,2,4,2,4,1,10,10,0
60,85,20,0,0.15,36,24,0,1,2,4,2,4,1,10,10,0
65,85,20,0,0.15,36,24,0,1,2,4,2,4,1,10,10,0
70,85,20,0,0.15,36,24,0,1,2,4,2,4,1,10,10,0
75,85,20,0,0.15,36,24,0,1,2,4,2,4,1,10,10,0
80,85,20,0,0.15,36,24,0,1,2,4,2,4,1,10,10,0
85,85,20,0,0.15,36,24,0,1,2,4,2,4,1,10,10,0
90,85,20,0,0.15,36,24,0,1,2,4,2,4,1,10,10,0
95,85,20,0,0.15,36,24,0,1,2,4,2,4,1,10,10,0
100,85,20,0,0.15,36,24,0,1,2,4,2,4,1,10,10,0
5,90,20,0,0.15,36,24,0,1,2,4,2,4,1,10,10,0
10,90,20,0,0.15,36,24,0,1,2,4,2,4,1,10,10,0
15,90,20,0,0.15,36,24,0,1,2,4,2,4,1,10,10,0
20,90,20,0,0.15,36,24,0,1,2,4,2,4,1,10,10,0
25,90,20,0,0.15,36,24,0,1,2,4,2,4,1,10,10,0
30,90,20,0,0.15,36,24,0,1,2,4,2,4,1,10,10,0
35,90,20,0,0.15,36,24,0,1,2,4,2,4,1,10,10,0
40,90,20,0,0.15,36,24,0,1,2,4,2,4,1,10,10,0
45,90,20,0,0.15,36,24,0,1,2,4,2,4,1,10,10,0
50,90,20,0,0.15,36,24,0,1,2,4,2,4,1,10,10,0
55,90,20,0,0.15,36,24,0,1,2,4,2,4,1,10,10,0
60,90,20,0,0.15,36,24,0,1,2,4,2,4,1,10,10,0
65,90,20,0,0.15,36,24,0,1,2,4,2,4,1,10,10,0
70,90,20,0,0.15,36,24,0,1,2,4,2,4,1,10,10,0
75,90,20,0,0.15,36,24,0,1,2,4,2,4,1,10,10,0
80,90,20,0,0.15,36,24,0,1,2,4,2,4,1,10,10,0
85,90,20,0,0.15,36,24,0,1,2,4,2,4,1,10,10,0
90,90,20,0,0.15,36,24,0,1,2,4,2,4,1,10,10,0
95,90,20,0,0.15,36,24,0,1,2,4,2,4,1,10,10,0
100,90,20,0,0.15,36,24,0,1,2,4,2,4,1,10,10,0
5,95,20,0,0.15,36,24,0,1,2,4,2,4,1,10,10,0
10,95,20,0,0.15,36,24,0,1,2,4,2,4,1,10,10,0
15,95,20,0,0.15,36,24,0,1,2,4,2,4,1,10,10,0
20,95,20,0,0.15,36,24,0,1,2,4,2,4,1,10,10,0
25,95,20,0,0.15,36,24,0,1,2,4,2,4,1,10,10,0
30,95,20,0,0.15,36,24,0,1,2,4,2,4,1,10,10,0
35,95,20,0,0.15,36,24,0,1,2,4,2,4,1,10,10,0
40,95,20,0,0.15,36,24,0,1,2,4,2,4,1,10,10,0
45,95,20,0,0.15,36,24,0,1,2,4,2,4,1,10,10,0
50,95,20,0,0.15,36,24,0,1,2,4,2,4,1,10,10,0
55,95,20,0,0.15,36,24,0,1,2,4,2,4,1,10,10,0
60,95,20,0,0.15,36,24,0,1,2,4,2,4,1,10,10,0
65,95,20,0,0.15,36,24,0,1,2,4,2,4,1,10,10,0
70,95,20,0,0.15,36,24,0,1,2,4,2,4,1,10,10,0
75,95,20,0,0.15,36,24,0,1,2,4,2,4,1,10,10,0
80,95,20,0,0.15,36,24,0,1,2,4,2,4,1,10,10,0
85,95,20,0,0.15,36,24,0,1,2,4,2,4,1,10,10,0
90,95,20,0,0.15,36,24,0,1,2,4,2,4,1,10,10,0
95,95,20,0,0.15,36,24,0,1,2,4,2,4,1,10,10,0
100,95,20,0,0.15,36,24,0,1,2,4,2,4,1,10,10,0
5,100,20,0,0.15,36,24,0,1,2,4,2,4,1,10,10,0
10,100,20,0,0.15,36,24,0,1,2,4,2,4,1,10,10,0
15,100,20,0,0.15,36,24,0,1,2,4,2,4,1,10,10,0
20,100,20,0,0.15,36,24,0,1,2,4,2,4,1,10,10,0
25,100,20,0,0.15,36,24,0,1,2,4,2,4,1,10,10,0
30,100,20,0,0.15,36,24,0,1,2,4,2,4,1,10,10,0
35,100,20,0,0.15,36,24,0,1,2,4,2,4,1,10,10,0
40,100,20,0,0.15,36,24,0,1,2,4,2,4,1,10,10,0
45,100,20,0,0.15,36,24,0,1,2,4,2,4,1,10,10,0
50,100,20,0,0.15,36,24,0,1,2,4,2,4,1,10,10,0
55,100,20,0,0.15,36,24,0,1,2,4,2,4,1,10,10,0
60,100,20,0,0.15,36,24,0,1,2,4,2,4,1,10,10,0
65,100,20,0,0.15,36,24,0,1,2,4,2,4,1,10,10,0
70,100,20,0,0.15,36,24,0,1,2,4,2,4,1,10,10,0
75,100,20,0,0.15,36,24,0,1,2,4,2,4,1,10,10,0
80,100,20,0,0.15,36,24,0,1,2,4,2,4,1,10,10,0
85,100,20,0,0.15,36,24,0,1,2,4,2,4,1,10,10,0
90,100,20,0,0.15,36,24,0,1,2,4,2,4,1,10,10,0
95,100,20,0,0.15,36,24,0,1,2,4,2,4,1,10,10,0
100,100,20,0,0.15,36,24,0,1,2,4,2,4,1,10,10,0
5,5,2,0,0.2,36,24,0,1,2,4,2,4,1,10,10,0
10,5,2,0,0.2,36,24,0,1,2,4,2,4,1,10,10,0
15,5,2,0,0.2,36,24,0,1,2,4,2,4,1,10,10,0
20,5,2,0,0.2,36,24,0,1,2,4,2,4,1,10,10,0
25,5,2,0,0.2,36,24,0,1,2,4,2,4,1,10,10,0
30,5,2,0,0.2,36,24,0,1,2,4,2,4,1,10,10,0
35,5,2,0,0.2,36,24,0,1,2,4,2,4,1,10,10,0
40,5,2,0,0.2,36,24,0,1,2,4,2,4,1,10,10,0
45,5,2,0,0.2,36,24,0,1,2,4,2,4,1,10,10,0
50,5,2,0,0.2,36,24,0,1,2,4,2,4,1,10,10,0
55,5,2,0,0.2,36,24,0,1,2,4,2,4,1,10,10,0
60,5,2,0,0.2,36,24,0,1,2,4,2,4,1,10,10,0
65,5,2,0,0.2,36,24,0,1,2,4,2,4,1,10,10,0
70,5,2,0,0.2,36,24,0,1,2,4,2,4,1,10,10,0
75,5,2,0,0.2,36,24,0,1,2,4,2,4,1,10,10,0
80,5,2,0,0.2,36,24,0,1,2,4,2,4,1,10,10,0
85,5,2,0,0.2,36,24,0,1,2,4,2,4,1,10,10,0
90,5,2,0,0.2,36,24,0,1,2,4,2,4,1,10,10,0
95,5,2,0,0.2,36,24,0,1,2,4,2,4,1,10,10,0
100,5,2,0,0.2,36,24,0,1,2,4,2,4,1,10,10,0
5,10,2,0,0.2,36,24,0,1,2,4,2,4,1,10,10,0
10,10,2,0,0.2,36,24,0,1,2,4,2,4,1,10,10,0
15,10,2,0,0.2,36,24,0,1,2,4,2,4,1,10,10,0
20,10,2,0,0.2,36,24,0,1,2,4,2,4,1,10,10,0
25,10,2,0,0.2,36,24,0,1,2,4,2,4,1,10,10,0
30,10,2,0,0.2,36,24,0,1,2,4,2,4,1,10,10,0
35,10,2,0,0.2,36,24,0,1,2,4,2,4,1,10,10,0
40,10,2,0,0.2,36,24,0,1,2,4,2,4,1,10,10,0
45,10,2,0,0.2,36,24,0,1,2,4,2,4,1,10,10,0
50,10,2,0,0.2,36,24,0,1,2,4,2,4,1,10,10,0
55,10,2,0,0.2,36,24,0,1,2,4,2,4,1,10,10,0
60,10,2,0,0.2,36,24,0,1,2,4,2,4,1,10,10,0
65,10,2,0,0.2,36,24,0,1,2,4,2,4,1,10,10,0
70,10,2,0,0.2,36,24,0,1,2,4,2,4,1,10,10,0
75,10,2,0,0.2,36,24,0,1,2,4,2,4,1,10,10,0
80,10,2,0,0.2,36,24,0,1,2,4,2,4,1,10,10,0
85,10,2,0,0.2,36,24,0,1,2,4,2,4,1,10,10,0
90,10,2,0,0.2,36,24,0,1,2,4,2,4,1,10,10,0
95,10,2,0,0.2,36,24,0,1,2,4,2,4,1,10,10,0
100,10,2,0,0.2,36,24,0,1,2,4,2,4,1,10,10,0
5,15,2,0,0.2,36,24,0,1,2,4,2,4,1,10,10,0
10,15,2,0,0.2,36,24,0,1,2,4,2,4,1,10,10,0
15,15,2,0,0.2,36,24,0,1,2,4,2,4,1,10,10,0
20,15,2,0,0.2,36,24,0,1,2,4,2,4,1,10,10,0
25,15,2,0,0.2,36,24,0,1,2,4,2,4,1,10,10,0
30,15,2,0,0.2,36,24,0,1,2,4,2,4,1,10,10,0
35,15,2,0,0.2,36,24,0,1,2,4,2,4,1,10,10,0
40,15,2,0,0.2,36,24,0,1,2,4,2,4,1,10,10,0
45,15,2,0,0.2,36,24,0,1,2,4,2,4,1,10,10,0
50,15,2,0,0.2,36,24,0,1,2,4,2,4,1,10,10,0
55,15,2,0,0.2,36,24,0,1,2,4,2,4,1,10,10,0
60,15,2,0,0.2,36,24,0,1,2,4,2,4,1,10,10,0
65,15,2,0,0.2,36,24,0,1,2,4,2,4,1,10,10,0
70,15,2,0,0.2,36,24,0,1,2,4,2,4,1,10,10,0
75,15,2,0,0.2,36,24,0,1,2,4,2,4,1,10,10,0
80,15,2,0,0.2,36,24,0,1,2,4,2,4,1,10,10,0
85,15,2,0,0.2,36,24,0,1,2,4,2,4,1,10,10,0
90,15,2,0,0.2,36,24,0,1,2,4,2,4,1,10,10,0
95,15,2,0,0.2,36,24,0,1,2,4,2,4,1,10,10,0
100,15,2,0,0.2,36,24,0,1,2,4,2,4,1,10,10,0
5,20,2,0,0.2,36,24,0,1,2,4,2,4,1,10,10,0
10,20,2,0,0.2,36,24,0,1,2,4,2,4,1,10,10,0
15,20,2,0,0.2,36,24,0,1,2,4,2,4,1,10,10,0
20,20,2,0,0.2,36,24,0,1,2,4,2,4,1,10,10,0
25,20,2,0,0.2,36,24,0,1,2,4,2,4,1,10,10,0
30,20,2,0,0.2,36,24,0,1,2,4,2,4,1,10,10,0
35,20,2,0,0.2,36,24,0,1,2,4,2,4,1,10,10,0
40,20,2,0,0.2,36,24,0,1,2,4,2,4,1,10,10,0
45,20,2,0,0.2,36,24,0,1,2,4,2,4,1,10,10,0
50,20,2,0,0.2,36,24,0,1,2,4,2,4,1,10,10,0
55,20,2,0,0.2,36,24,0,1,2,4,2,4,1,10,10,0
60,20,2,0,0.2,36,24,0,1,2,4,2,4,1,10,10,0
65,20,2,0,0.2,36,24,0,1,2,4,2,4,1,10,10,0
70,20,2,0,0.2,36,24,0,1,2,4,2,4,1,10,10,0
75,20,2,0,0.2,36,24,0,1,2,4,2,4,1,10,10,0
80,20,2,0,0.2,36,24,0,1,2,4,2,4,1,10,10,0
85,20,2,0,0.2,36,24,0,1,2,4,2,4,1,10,10,0
90,20,2,0,0.2,36,24,0,1,2,4,2,4,1,10,10,0
95,20,2,0,0.2,36,24,0,1,2,4,2,4,1,10,10,0
100,20,2,0,0.2,36,24,0,1,2,4,2,4,1,10,10,0
5,25,2,0,0.2,36,24,0,1,2,4,2,4,1,10,10,0
10,25,2,0,0.2,36,24,0,1,2,4,2,4,1,10,10,0
15,25,2,0,0.2,36,24,0,1,2,4,2,4,1,10,10,0
20,25,2,0,0.2,36,24,0,1,2,4,2,4,1,10,10,0
25,25,2,0,0.2,36,24,0,1,2,4,2,4,1,10,10,0
30,25,2,0,0.2,36,24,0,1,2,4,2,4,1,10,10,0
35,25,2,0,0.2,36,24,0,1,2,4,2,4,1,10,10,0
40,25,2,0,0.2,36,24,0,1,2,4,2,4,1,10,10,0
45,25,2,0,0.2,36,24,0,1,2,4,2,4,1,10,10,0
50,25,2,0,0.2,36,24,0,1,2,4,2,4,1,10,10,0
55,25,2,0,0.2,36,24,0,1,2,4,2,4,1,10,10,0
60,25,2,0,0.2,36,24,0,1,2,4,2,4,1,10,10,0
65,25,2,0,0.2,36,24,0,1,2,4,2,4,1,10,10,0
70,25,2,0,0.2,36,24,0,1,2,4,2,4,1,10,10,0
75,25,2,0,0.2,36,24,0,1,2,4,2,4,1,10,10,0
80,25,2,0,0.2,36,24,0,1,2,4,2,4,1,10,10,0
85,25,2,0,0.2,36,24,0,1,2,4,2,4,1,10,10,0
90,25,2,0,0.2,36,24,0,1,2,4,2,4,1,10,10,0
95,25,2,0,0.2,36,24,0,1,2,4,2,4,1,10,10,0
100,25,2,0,0.2,36,24,0,1,2,4,2,4,1,10,10,0
5,30,2,0,0.2,36,24,0,1,2,4,2,4,1,10,10,0
10,30,2,0,0.2,36,24,0,1,2,4,2,4,1,10,10,0
15,30,2,0,0.2,36,24,0,1,2,4,2,4,1,10,10,0
20,30,2,0,0.2,36,24,0,1,2,4,2,4,1,10,10,0
25,30,2,0,0.2,36,24,0,1,2,4,2,4,1,10,10,0
30,30,2,0,0.2,36,24,0,1,2,4,2,4,1,10,10,0
35,30,2,0,0.2,36,24,0,1,2,4,2,4,1,10,10,0
40,30,2,0,0.2,36,24,0,1,2,4,2,4,1,10,10,0
45,30,2,0,0.2,36,24,0,1,2,4,2,4,1,10,10,0
50,30,2,0,0.2,36,24,0,1,2,4,2,4,1,10,10,0
55,30,2,0,0.2,36,24,0,1,2,4,2,4,1,10,10,0
60,30,2,0,0.2,36,24,0,1,2,4,2,4,1,10,10,0
65,30,2,0,0.2,36,24,0,1,2,4,2,4,1,10,10,0
70,30,2,0,0.2,36,24,0,1,2,4,2,4,1,10,10,0
75,30,2,0,0.2,36,24,0,1,2,4,2,4,1,10,10,0
80,30,2,0,0.2,36,24,0,1,2,4,2,4,1,10,10,0
85,30,2,0,0.2,36,24,0,1,2,4,2,4,1,10,10,0
90,30,2,0,0.2,36,24,0,1,2,4,2,4,1,10,10,0
95,30,2,0,0.2,36,24,0,1,2,4,2,4,1,10,10,0
100,30,2,0,0.2,36,24,0,1,2,4,2,4,1,10,10,0
5,35,2,0,0.2,36,24,0,1,2,4,2,4,1,10,10,0
10,35,2,0,0.2,36,24,0,1,2,4,2,4,1,10,10,0
15,35,2,0,0.2,36,24,0,1,2,4,2,4,1,10,10,0
20,35,2,0,0.2,36,24,0,1,2,4,2,4,1,10,10,0
25,35,2,0,0.2,36,24,0,1,2,4,2,4,1,10,10,0
30,35,2,0,0.2,36,24,0,1,2,4,2,4,1,10,10,0
35,35,2,0,0.2,36,24,0,1,2,4,2,4,1,10,10,0
40,35,2,0,0.2,36,24,0,1,2,4,2,4,1,10,10,0
45,35,2,0,0.2,36,24,0,1,2,4,2,4,1,10,10,0
50,35,2,0,0.2,36,24,0,1,2,4,2,4,1,10,10,0
55,35,2,0,0.2,36,24,0,1,2,4,2,4,1,10,10,0
60,35,2,0,0.2,36,24,0,1,2,4,2,4,1,10,10,0
65,35,2,0,0.2,36,24,0,1,2,4,2,4,1,10,10,0
70,35,2,0,0.2,36,24,0,1,2,4,2,4,1,10,10,0
75,35,2,0,0.2,36,24,0,1,2,4,2,4,1,10,10,0
80,35,2,0,0.2,36,24,0,1,2,4,2,4,1,10,10,0
85,35,2,0,0.2,36,24,0,1,2,4,2,4,1,10,10,0
90,35,2,0,0.2,36,24,0,1,2,4,2,4,1,10,10,0
95,35,2,0,0.2,36,24,0,1,2,4,2,4,1,10,10,0
100,35,2,0,0.2,36,24,0,1,2,4,2,4,1,10,10,0
5,40,2,0,0.2,36,24,0,1,2,4,2,4,1,10,10,0
10,40,2,0,0.2,36,24,0,1,2,4,2,4,1,10,10,0
15,40,2,0,0.2,36,24,0,1,2,4,2,4,1,10,10,0
20,40,2,0,0.2,36,24,0,1,2,4,2,4,1,10,10,0
25,40,2,0,0.2,36,24,0,1,2,4,2,4,1,10,10,0
30,40,2,0,0.2,36,24,0,1,2,4,2,4,1,10,10,0
35,40,2,0,0.2,36,24,0,1,2,4,2,4,1,10,10,0
40,40,2,0,0.2,36,24,0,1,2,4,2,4,1,10,10,0
45,40,2,0,0.2,36,24,0,1,2,4,2,4,1,10,10,0
50,40,2,0,0.2,36,24,0,1,2,4,2,4,1,10,10,0
55,40,2,0,0.2,36,24,0,1,2,4,2,4,1,10,10,0
60,40,2,0,0.2,36,24,0,1,2,4,2,4,1,10,10,0
65,40,2,0,0.2,36,24,0,1,2,4,2,4,1,10,10,0
70,40,2,0,0.2,36,24,0,1,2,4,2,4,1,10,10,0
75,40,2,0,0.2,36,24,0,1,2,4,2,4,1,10,10,0
80,40,2,0,0.2,36,24,0,1,2,4,2,4,1,10,10,0
85,40,2,0,0.2,36,24,0,1,2,4,2,4,1,10,10,0
90,40,2,0,0.2,36,24,0,1,2,4,2,4,1,10,10,0
95,40,2,0,0.2,36,24,0,1,2,4,2,4,1,10,10,0
100,40,2,0,0.2,36,24,0,1,2,4,2,4,1,10,10,0
5,45,2,0,0.2,36,24,0,1,2,4,2,4,1,10,10,0
10,45,2,0,0.2,36,24,0,1,2,4,2,4,1,10,10,0
15,45,2,0,0.2,36,24,0,1,2,4,2,4,1,10,10,0
20,45,2,0,0.2,36,24,0,1,2,4,2,4,1,10,10,0
25,45,2,0,0.2,36,24,0,1,2,4,2,4,1,10,10,0
30,45,2,0,0.2,36,24,0,1,2,4,2,4,1,10,10,0
35,45,2,0,0.2,36,24,0,1,2,4,2,4,1,10,10,0
40,45,2,0,0.2,36,24,0,1,2,4,2,4,1,10,10,0
45,45,2,0,0.2,36,24,0,1,2,4,2,4,1,10,10,0
50,45,2,0,0.2,36,24,0,1,2,4,2,4,1,10,10,0
55,45,2,0,0.2,36,24,0,1,2,4,2,4,1,10,10,0
60,45,2,0,0.2,36,24,0,1,2,4,2,4,1,10,10,0
65,45,2,0,0.2,36,24,0,1,2,4,2,4,1,10,10,0
70,45,2,0,0.2,36,24,0,1,2,4,2,4,1,10,10,0
75,45,2,0,0.2,36,24,0,1,2,4,2,4,1,10,10,0
80,45,2,0,0.2,36,24,0,1,2,4,2,4,1,10,10,0
85,45,2,0,0.2,36,24,0,1,2,4,2,4,1,10,10,0
90,45,2,0,0.2,36,24,0,1,2,4,2,4,1,10,10,0
95,45,2,0,0.2,36,24,0,1,2,4,2,4,1,10,10,0
100,45,2,0,0.2,36,24,0,1,2,4,2,4,1,10,10,0
5,50,2,0,0.2,36,24,0,1,2,4,2,4,1,10,10,0
10,50,2,0,0.2,36,24,0,1,2,4,2,4,1,10,10,0
15,50,2,0,0.2,36,24,0,1,2,4,2,4,1,10,10,0
20,50,2,0,0.2,36,24,0,1,2,4,2,4,1,10,10,0
25,50,2,0,0.2,36,24,0,1,2,4,2,4,1,10,10,0
30,50,2,0,0.2,36,24,0,1,2,4,2,4,1,10,10,0
35,50,2,0,0.2,36,24,0,1,2,4,2,4,1,10,10,0
40,50,2,0,0.2,36,24,0,1,2,4,2,4,1,10,10,0
45,50,2,0,0.2,36,24,0,1,2,4,2,4,1,10,10,0
50,50,2,0,0.2,36,24,0,1,2,4,2,4,1,10,10,0
55,50,2,0,0.2,36,24,0,1,2,4,2,4,1,10,10,0
60,50,2,0,0.2,36,24,0,1,2,4,2,4,1,10,10,0
65,50,2,0,0.2,36,24,0,1,2,4,2,4,1,10,10,0
70,50,2,0,0.2,36,24,0,1,2,4,2,4,1,10,10,0
75,50,2,0,0.2,36,24,0,1,2,4,2,4,1,10,10,0
80,50,2,0,0.2,36,24,0,1,2,4,2,4,1,10,10,0
85,50,2,0,0.2,36,24,0,1,2,4,2,4,1,10,10,0
90,50,2,0,0.2,36,24,0,1,2,4,2,4,1,10,10,0
95,50,2,0,0.2,36,24,0,1,2,4,2,4,1,10,10,0
100,50,2,0,0.2,36,24,0,1,2,4,2,4,1,10,10,0
5,55,2,0,0.2,36,24,0,1,2,4,2,4,1,10,10,0
10,55,2,0,0.2,36,24,0,1,2,4,2,4,1,10,10,0
15,55,2,0,0.2,36,24,0,1,2,4,2,4,1,10,10,0
20,55,2,0,0.2,36,24,0,1,2,4,2,4,1,10,10,0
25,55,2,0,0.2,36,24,0,1,2,4,2,4,1,10,10,0
30,55,2,0,0.2,36,24,0,1,2,4,2,4,1,10,10,0
35,55,2,0,0.2,36,24,0,1,2,4,2,4,1,10,10,0
40,55,2,0,0.2,36,24,0,1,2,4,2,4,1,10,10,0
45,55,2,0,0.2,36,24,0,1,2,4,2,4,1,10,10,0
50,55,2,0,0.2,36,24,0,1,2,4,2,4,1,10,10,0
55,55,2,0,0.2,36,24,0,1,2,4,2,4,1,10,10,0
60,55,2,0,0.2,36,24,0,1,2,4,2,4,1,10,10,0
65,55,2,0,0.2,36,24,0,1,2,4,2,4,1,10,10,0
70,55,2,0,0.2,36,24,0,1,2,4,2,4,1,10,10,0
75,55,2,0,0.2,36,24,0,1,2,4,2,4,1,10,10,0
80,55,2,0,0.2,36,24,0,1,2,4,2,4,1,10,10,0
85,55,2,0,0.2,36,24,0,1,2,4,2,4,1,10,10,0
90,55,2,0,0.2,36,24,0,1,2,4,2,4,1,10,10,0
95,55,2,0,0.2,36,24,0,1,2,4,2,4,1,10,10,0
100,55,2,0,0.2,36,24,0,1,2,4,2,4,1,10,10,0
5,60,2,0,0.2,36,24,0,1,2,4,2,4,1,10,10,0
10,60,2,0,0.2,36,24,0,1,2,4,2,4,1,10,10,0
15,60,2,0,0.2,36,24,0,1,2,4,2,4,1,10,10,0
20,60,2,0,0.2,36,24,0,1,2,4,2,4,1,10,10,0
25,60,2,0,0.2,36,24,0,1,2,4,2,4,1,10,10,0
30,60,2,0,0.2,36,24,0,1,2,4,2,4,1,10,10,0
35,60,2,0,0.2,36,24,0,1,2,4,2,4,1,10,10,0
40,60,2,0,0.2,36,24,0,1,2,4,2,4,1,10,10,0
45,60,2,0,0.2,36,24,0,1,2,4,2,4,1,10,10,0
50,60,2,0,0.2,36,24,0,1,2,4,2,4,1,10,10,0
55,60,2,0,0.2,36,24,0,1,2,4,2,4,1,10,10,0
60,60,2,0,0.2,36,24,0,1,2,4,2,4,1,10,10,0
65,60,2,0,0.2,36,24,0,1,2,4,2,4,1,10,10,0
70,60,2,0,0.2,36,24,0,1,2,4,2,4,1,10,10,0
75,60,2,0,0.2,36,24,0,1,2,4,2,4,1,10,10,0
80,60,2,0,0.2,36,24,0,1,2,4,2,4,1,10,10,0
85,60,2,0,0.2,36,24,0,1,2,4,2,4,1,10,10,0
90,60,2,0,0.2,36,24,0,1,2,4,2,4,1,10,10,0
95,60,2,0,0.2,36,24,0,1,2,4,2,4,1,10,10,0
100,60,2,0,0.2,36,24,0,1,2,4,2,4,1,10,10,0
5,65,2,0,0.2,36,24,0,1,2,4,2,4,1,10,10,0
10,65,2,0,0.2,36,24,0,1,2,4,2,4,1,10,10,0
15,65,2,0,0.2,36,24,0,1,2,4,2,4,1,10,10,0
20,65,2,0,0.2,36,24,0,1,2,4,2,4,1,10,10,0
25,65,2,0,0.2,36,24,0,1,2,4,2,4,1,10,10,0
30,65,2,0,0.2,36,24,0,1,2,4,2,4,1,10,10,0
35,65,2,0,0.2,36,24,0,1,2,4,2,4,1,10,10,0
40,65,2,0,0.2,36,24,0,1,2,4,2,4,1,10,10,0
45,65,2,0,0.2,36,24,0,1,2,4,2,4,1,10,10,0
50,65,2,0,0.2,36,24,0,1,2,4,2,4,1,10,10,0
55,65,2,0,0.2,36,24,0,1,2,4,2,4,1,10,10,0
60,65,2,0,0.2,36,24,0,1,2,4,2,4,1,10,10,0
65,65,2,0,0.2,36,24,0,1,2,4,2,4,1,10,10,0
70,65,2,0,0.2,36,24,0,1,2,4,2,4,1,10,10,0
75,65,2,0,0.2,36,24,0,1,2,4,2,4,1,10,10,0
80,65,2,0,0.2,36,24,0,1,2,4,2,4,1,10,10,0
85,65,2,0,0.2,36,24,0,1,2,4,2,4,1,10,10,0
90,65,2,0,0.2,36,24,0,1,2,4,2,4,1,10,10,0
95,65,2,0,0.2,36,24,0,1,2,4,2,4,1,10,10,0
100,65,2,0,0.2,36,24,0,1,2,4,2,4,1,10,10,0
5,70,2,0,0.2,36,24,0,1,2,4,2,4,1,10,10,0
10,70,2,0,0.2,36,24,0,1,2,4,2,4,1,10,10,0
15,70,2,0,0.2,36,24,0,1,2,4,2,4,1,10,10,0
20,70,2,0,0.2,36,24,0,1,2,4,2,4,1,10,10,0
25,70,2,0,0.2,36,24,0,1,2,4,2,4,1,10,10,0
30,70,2,0,0.2,36,24,0,1,2,4,2,4,1,10,10,0
35,70,2,0,0.2,36,24,0,1,2,4,2,4,1,10,10,0
40,70,2,0,0.2,36,24,0,1,2,4,2,4,1,10,10,0
45,70,2,0,0.2,36,24,0,1,2,4,2,4,1,10,10,0
50,70,2,0,0.2,36,24,0,1,2,4,2,4,1,10,10,0
55,70,2,0,0.2,36,24,0,1,2,4,2,4,1,10,10,0
60,70,2,0,0.2,36,24,0,1,2,4,2,4,1,10,10,0
65,70,2,0,0.2,36,24,0,1,2,4,2,4,1,10,10,0
70,70,2,0,0.2,36,24,0,1,2,4,2,4,1,10,10,0
75,70,2,0,0.2,36,24,0,1,2,4,2,4,1,10,10,0
80,70,2,0,0.2,36,24,0,1,2,4,2,4,1,10,10,0
85,70,2,0,0.2,36,24,0,1,2,4,2,4,1,10,10,0
90,70,2,0,0.2,36,24,0,1,2,4,2,4,1,10,10,0
95,70,2,0,0.2,36,24,0,1,2,4,2,4,1,10,10,0
100,70,2,0,0.2,36,24,0,1,2,4,2,4,1,10,10,0
5,75,2,0,0.2,36,24,0,1,2,4,2,4,1,10,10,0
10,75,2,0,0.2,36,24,0,1,2,4,2,4,1,10,10,0
15,75,2,0,0.2,36,24,0,1,2,4,2,4,1,10,10,0
20,75,2,0,0.2,36,24,0,1,2,4,2,4,1,10,10,0
25,75,2,0,0.2,36,24,0,1,2,4,2,4,1,10,10,0
30,75,2,0,0.2,36,24,0,1,2,4,2,4,1,10,10,0
35,75,2,0,0.2,36,24,0,1,2,4,2,4,1,10,10,0
40,75,2,0,0.2,36,24,0,1,2,4,2,4,1,10,10,0
45,75,2,0,0.2,36,24,0,1,2,4,2,4,1,10,10,0
50,75,2,0,0.2,36,24,0,1,2,4,2,4,1,10,10,0
55,75,2,0,0.2,36,24,0,1,2,4,2,4,1,10,10,0
60,75,2,0,0.2,36,24,0,1,2,4,2,4,1,10,10,0
65,75,2,0,0.2,36,24,0,1,2,4,2,4,1,10,10,0
70,75,2,0,0.2,36,24,0,1,2,4,2,4,1,10,10,0
75,75,2,0,0.2,36,24,0,1,2,4,2,4,1,10,10,0
80,75,2,0,0.2,36,24,0,1,2,4,2,4,1,10,10,0
85,75,2,0,0.2,36,24,0,1,2,4,2,4,1,10,10,0
90,75,2,0,0.2,36,24,0,1,2,4,2,4,1,10,10,0
95,75,2,0,0.2,36,24,0,1,2,4,2,4,1,10,10,0
100,75,2,0,0.2,36,24,0,1,2,4,2,4,1,10,10,0
5,80,2,0,0.2,36,24,0,1,2,4,2,4,1,10,10,0
10,80,2,0,0.2,36,24,0,1,2,4,2,4,1,10,10,0
15,80,2,0,0.2,36,24,0,1,2,4,2,4,1,10,10,0
20,80,2,0,0.2,36,24,0,1,2,4,2,4,1,10,10,0
25,80,2,0,0.2,36,24,0,1,2,4,2,4,1,10,10,0
30,80,2,0,0.2,36,24,0,1,2,4,2,4,1,10,10,0
35,80,2,0,0.2,36,24,0,1,2,4,2,4,1,10,10,0
40,80,2,0,0.2,36,24,0,1,2,4,2,4,1,10,10,0
45,80,2,0,0.2,36,24,0,1,2,4,2,4,1,10,10,0
50,80,2,0,0.2,36,24,0,1,2,4,2,4,1,10,10,0
55,80,2,0,0.2,36,24,0,1,2,4,2,4,1,10,10,0
60,80,2,0,0.2,36,24,0,1,2,4,2,4,1,10,10,0
65,80,2,0,0.2,36,24,0,1,2,4,2,4,1,10,10,0
70,80,2,0,0.2,36,24,0,1,2,4,2,4,1,10,10,0
75,80,2,0,0.2,36,24,0,1,2,4,2,4,1,10,10,0
80,80,2,0,0.2,36,24,0,1,2,4,2,4,1,10,10,0
85,80,2,0,0.2,36,24,0,1,2,4,2,4,1,10,10,0
90,80,2,0,0.2,36,24,0,1,2,4,2,4,1,10,10,0
95,80,2,0,0.2,36,24,0,1,2,4,2,4,1,10,10,0
100,80,2,0,0.2,36,24,0,1,2,4,2,4,1,10,10,0
5,85,2,0,0.2,36,24,0,1,2,4,2,4,1,10,10,0
10,85,2,0,0.2,36,24,0,1,2,4,2,4,1,10,10,0
15,85,2,0,0.2,36,24,0,1,2,4,2,4,1,10,10,0
20,85,2,0,0.2,36,24,0,1,2,4,2,4,1,10,10,0
25,85,2,0,0.2,36,24,0,1,2,4,2,4,1,10,10,0
30,85,2,0,0.2,36,24,0,1,2,4,2,4,1,10,10,0
35,85,2,0,0.2,36,24,0,1,2,4,2,4,1,10,10,0
40,85,2,0,0.2,36,24,0,1,2,4,2,4,1,10,10,0
45,85,2,0,0.2,36,24,0,1,2,4,2,4,1,10,10,0
50,85,2,0,0.2,36,24,0,1,2,4,2,4,1,10,10,0
55,85,2,0,0.2,36,24,0,1,2,4,2,4,1,10,10,0
60,85,2,0,0.2,36,24,0,1,2,4,2,4,1,10,10,0
65,85,2,0,0.2,36,24,0,1,2,4,2,4,1,10,10,0
70,85,2,0,0.2,36,24,0,1,2,4,2,4,1,10,10,0
75,85,2,0,0.2,36,24,0,1,2,4,2,4,1,10,10,0
80,85,2,0,0.2,36,24,0,1,2,4,2,4,1,10,10,0
85,85,2,0,0.2,36,24,0,1,2,4,2,4,1,10,10,0
90,85,2,0,0.2,36,24,0,1,2,4,2,4,1,10,10,0
95,85,2,0,0.2,36,24,0,1,2,4,2,4,1,10,10,0
100,85,2,0,0.2,36,24,0,1,2,4,2,4,1,10,10,0
5,90,2,0,0.2,36,24,0,1,2,4,2,4,1,10,10,0
10,90,2,0,0.2,36,24,0,1,2,4,2,4,1,10,10,0
15,90,2,0,0.2,36,24,0,1,2,4,2,4,1,10,10,0
20,90,2,0,0.2,36,24,0,1,2,4,2,4,1,10,10,0
25,90,2,0,0.2,36,24,0,1,2,4,2,4,1,10,10,0
30,90,2,0,0.2,36,24,0,1,2,4,2,4,1,10,10,0
35,90,2,0,0.2,36,24,0,1,2,4,2,4,1,10,10,0
40,90,2,0,0.2,36,24,0,1,2,4,2,4,1,10,10,0
45,90,2,0,0.2,36,24,0,1,2,4,2,4,1,10,10,0
50,90,2,0,0.2,36,24,0,1,2,4,2,4,1,10,10,0
55,90,2,0,0.2,36,24,0,1,2,4,2,4,1,10,10,0
60,90,2,0,0.2,36,24,0,1,2,4,2,4,1,10,10,0
65,90,2,0,0.2,36,24,0,1,2,4,2,4,1,10,10,0
70,90,2,0,0.2,36,24,0,1,2,4,2,4,1,10,10,0
75,90,2,0,0.2,36,24,0,1,2,4,2,4,1,10,10,0
80,90,2,0,0.2,36,24,0,1,2,4,2,4,1,10,10,0
85,90,2,0,0.2,36,24,0,1,2,4,2,4,1,10,10,0
90,90,2,0,0.2,36,24,0,1,2,4,2,4,1,10,10,0
95,90,2,0,0.2,36,24,0,1,2,4,2,4,1,10,10,0
100,90,2,0,0.2,36,24,0,1,2,4,2,4,1,10,10,0
5,95,2,0,0.2,36,24,0,1,2,4,2,4,1,10,10,0
10,95,2,0,0.2,36,24,0,1,2,4,2,4,1,10,10,0
15,95,2,0,0.2,36,24,0,1,2,4,2,4,1,10,10,0
20,95,2,0,0.2,36,24,0,1,2,4,2,4,1,10,10,0
25,95,2,0,0.2,36,24,0,1,2,4,2,4,1,10,10,0
30,95,2,0,0.2,36,24,0,1,2,4,2,4,1,10,10,0
35,95,2,0,0.2,36,24,0,1,2,4,2,4,1,10,10,0
40,95,2,0,0.2,36,24,0,1,2,4,2,4,1,10,10,0
45,95,2,0,0.2,36,24,0,1,2,4,2,4,1,10,10,0
50,95,2,0,0.2,36,24,0,1,2,4,2,4,1,10,10,0
55,95,2,0,0.2,36,24,0,1,2,4,2,4,1,10,10,0
60,95,2,0,0.2,36,24,0,1,2,4,2,4,1,10,10,0
65,95,2,0,0.2,36,24,0,1,2,4,2,4,1,10,10,0
70,95,2,0,0.2,36,24,0,1,2,4,2,4,1,10,10,0
75,95,2,0,0.2,36,24,0,1,2,4,2,4,1,10,10,0
80,95,2,0,0.2,36,24,0,1,2,4,2,4,1,10,10,0
85,95,2,0,0.2,36,24,0,1,2,4,2,4,1,10,10,0
90,95,2,0,0.2,36,24,0,1,2,4,2,4,1,10,10,0
95,95,2,0,0.2,36,24,0,1,2,4,2,4,1,10,10,0
100,95,2,0,0.2,36,24,0,1,2,4,2,4,1,10,10,0
5,100,2,0,0.2,36,24,0,1,2,4,2,4,1,10,10,0
10,100,2,0,0.2,36,24,0,1,2,4,2,4,1,10,10,0
15,100,2,0,0.2,36,24,0,1,2,4,2,4,1,10,10,0
20,100,2,0,0.2,36,24,0,1,2,4,2,4,1,10,10,0
25,100,2,0,0.2,36,24,0,1,2,4,2,4,1,10,10,0
30,100,2,0,0.2,36,24,0,1,2,4,2,4,1,10,10,0
35,100,2,0,0.2,36,24,0,1,2,4,2,4,1,10,10,0
40,100,2,0,0.2,36,24,0,1,2,4,2,4,1,10,10,0
45,100,2,0,0.2,36,24,0,1,2,4,2,4,1,10,10,0
50,100,2,0,0.2,36,24,0,1,2,4,2,4,1,10,10,0
55,100,2,0,0.2,36,24,0,1,2,4,2,4,1,10,10,0
60,100,2,0,0.2,36,24,0,1,2,4,2,4,1,10,10,0
65,100,2,0,0.2,36,24,0,1,2,4,2,4,1,10,10,0
70,100,2,0,0.2,36,24,0,1,2,4,2,4,1,10,10,0
75,100,2,0,0.2,36,24,0,1,2,4,2,4,1,10,10,0
80,100,2,0,0.2,36,24,0,1,2,4,2,4,1,10,10,0
85,100,2,0,0.2,36,24,0,1,2,4,2,4,1,10,10,0
90,100,2,0,0.2,36,24,0,1,2,4,2,4,1,10,10,0
95,100,2,0,0.2,36,24,0,1,2,4,2,4,1,10,10,0
100,100,2,0,0.2,36,24,0,1,2,4,2,4,1,10,10,0
5,5,4,0,0.2,36,24,0,1,2,4,2,4,1,10,10,0
10,5,4,0,0.2,36,24,0,1,2,4,2,4,1,10,10,0
15,5,4,0,0.2,36,24,0,1,2,4,2,4,1,10,10,0
20,5,4,0,0.2,36,24,0,1,2,4,2,4,1,10,10,0
25,5,4,0,0.2,36,24,0,1,2,4,2,4,1,10,10,0
30,5,4,0,0.2,36,24,0,1,2,4,2,4,1,10,10,0
35,5,4,0,0.2,36,24,0,1,2,4,2,4,1,10,10,0
40,5,4,0,0.2,36,24,0,1,2,4,2,4,1,10,10,0
45,5,4,0,0.2,36,24,0,1,2,4,2,4,1,10,10,0
50,5,4,0,0.2,36,24,0,1,2,4,2,4,1,10,10,0
55,5,4,0,0.2,36,24,0,1,2,4,2,4,1,10,10,0
60,5,4,0,0.2,36,24,0,1,2,4,2,4,1,10,10,0
65,5,4,0,0.2,36,24,0,1,2,4,2,4,1,10,10,0
70,5,4,0,0.2,36,24,0,1,2,4,2,4,1,10,10,0
75,5,4,0,0.2,36,24,0,1,2,4,2,4,1,10,10,0
80,5,4,0,0.2,36,24,0,1,2,4,2,4,1,10,10,0
85,5,4,0,0.2,36,24,0,1,2,4,2,4,1,10,10,0
90,5,4,0,0.2,36,24,0,1,2,4,2,4,1,10,10,0
95,5,4,0,0.2,36,24,0,1,2,4,2,4,1,10,10,0
100,5,4,0,0.2,36,24,0,1,2,4,2,4,1,10,10,0
5,10,4,0,0.2,36,24,0,1,2,4,2,4,1,10,10,0
10,10,4,0,0.2,36,24,0,1,2,4,2,4,1,10,10,0
15,10,4,0,0.2,36,24,0,1,2,4,2,4,1,10,10,0
20,10,4,0,0.2,36,24,0,1,2,4,2,4,1,10,10,0
25,10,4,0,0.2,36,24,0,1,2,4,2,4,1,10,10,0
30,10,4,0,0.2,36,24,0,1,2,4,2,4,1,10,10,0
35,10,4,0,0.2,36,24,0,1,2,4,2,4,1,10,10,0
40,10,4,0,0.2,36,24,0,1,2,4,2,4,1,10,10,0
45,10,4,0,0.2,36,24,0,1,2,4,2,4,1,10,10,0
50,10,4,0,0.2,36,24,0,1,2,4,2,4,1,10,10,0
55,10,4,0,0.2,36,24,0,1,2,4,2,4,1,10,10,0
60,10,4,0,0.2,36,24,0,1,2,4,2,4,1,10,10,0
65,10,4,0,0.2,36,24,0,1,2,4,2,4,1,10,10,0
70,10,4,0,0.2,36,24,0,1,2,4,2,4,1,10,10,0
75,10,4,0,0.2,36,24,0,1,2,4,2,4,1,10,10,0
80,10,4,0,0.2,36,24,0,1,2,4,2,4,1,10,10,0
85,10,4,0,0.2,36,24,0,1,2,4,2,4,1,10,10,0
90,10,4,0,0.2,36,24,0,1,2,4,2,4,1,10,10,0
95,10,4,0,0.2,36,24,0,1,2,4,2,4,1,10,10,0
100,10,4,0,0.2,36,24,0,1,2,4,2,4,1,10,10,0
5,15,4,0,0.2,36,24,0,1,2,4,2,4,1,10,10,0
10,15,4,0,0.2,36,24,0,1,2,4,2,4,1,10,10,0
15,15,4,0,0.2,36,24,0,1,2,4,2,4,1,10,10,0
20,15,4,0,0.2,36,24,0,1,2,4,2,4,1,10,10,0
25,15,4,0,0.2,36,24,0,1,2,4,2,4,1,10,10,0
30,15,4,0,0.2,36,24,0,1,2,4,2,4,1,10,10,0
35,15,4,0,0.2,36,24,0,1,2,4,2,4,1,10,10,0
40,15,4,0,0.2,36,24,0,1,2,4,2,4,1,10,10,0
45,15,4,0,0.2,36,24,0,1,2,4,2,4,1,10,10,0
50,15,4,0,0.2,36,24,0,1,2,4,2,4,1,10,10,0
55,15,4,0,0.2,36,24,0,1,2,4,2,4,1,10,10,0
60,15,4,0,0.2,36,24,0,1,2,4,2,4,1,10,10,0
65,15,4,0,0.2,36,24,0,1,2,4,2,4,1,10,10,0
70,15,4,0,0.2,36,24,0,1,2,4,2,4,1,10,10,0
75,15,4,0,0.2,36,24,0,1,2,4,2,4,1,10,10,0
80,15,4,0,0.2,36,24,0,1,2,4,2,4,1,10,10,0
85,15,4,0,0.2,36,24,0,1,2,4,2,4,1,10,10,0
90,15,4,0,0.2,36,24,0,1,2,4,2,4,1,10,10,0
95,15,4,0,0.2,36,24,0,1,2,4,2,4,1,10,10,0
100,15,4,0,0.2,36,24,0,1,2,4,2,4,1,10,10,0
5,20,4,0,0.2,36,24,0,1,2,4,2,4,1,10,10,0
10,20,4,0,0.2,36,24,0,1,2,4,2,4,1,10,10,0
15,20,4,0,0.2,36,24,0,1,2,4,2,4,1,10,10,0
20,20,4,0,0.2,36,24,0,1,2,4,2,4,1,10,10,0
25,20,4,0,0.2,36,24,0,1,2,4,2,4,1,10,10,0
30,20,4,0,0.2,36,24,0,1,2,4,2,4,1,10,10,0
35,20,4,0,0.2,36,24,0,1,2,4,2,4,1,10,10,0
40,20,4,0,0.2,36,24,0,1,2,4,2,4,1,10,10,0
45,20,4,0,0.2,36,24,0,1,2,4,2,4,1,10,10,0
50,20,4,0,0.2,36,24,0,1,2,4,2,4,1,10,10,0
55,20,4,0,0.2,36,24,0,1,2,4,2,4,1,10,10,0
60,20,4,0,0.2,36,24,0,1,2,4,2,4,1,10,10,0
65,20,4,0,0.2,36,24,0,1,2,4,2,4,1,10,10,0
70,20,4,0,0.2,36,24,0,1,2,4,2,4,1,10,10,0
75,20,4,0,0.2,36,24,0,1,2,4,2,4,1,10,10,0
80,20,4,0,0.2,36,24,0,1,2,4,2,4,1,10,10,0
85,20,4,0,0.2,36,24,0,1,2,4,2,4,1,10,10,0
90,20,4,0,0.2,36,24,0,1,2,4,2,4,1,10,10,0
95,20,4,0,0.2,36,24,0,1,2,4,2,4,1,10,10,0
100,20,4,0,0.2,36,24,0,1,2,4,2,4,1,10,10,0
5,25,4,0,0.2,36,24,0,1,2,4,2,4,1,10,10,0
10,25,4,0,0.2,36,24,0,1,2,4,2,4,1,10,10,0
15,25,4,0,0.2,36,24,0,1,2,4,2,4,1,10,10,0
20,25,4,0,0.2,36,24,0,1,2,4,2,4,1,10,10,0
25,25,4,0,0.2,36,24,0,1,2,4,2,4,1,10,10,0
30,25,4,0,0.2,36,24,0,1,2,4,2,4,1,10,10,0
35,25,4,0,0.2,36,24,0,1,2,4,2,4,1,10,10,0
40,25,4,0,0.2,36,24,0,1,2,4,2,4,1,10,10,0
45,25,4,0,0.2,36,24,0,1,2,4,2,4,1,10,10,0
50,25,4,0,0.2,36,24,0,1,2,4,2,4,1,10,10,0
55,25,4,0,0.2,36,24,0,1,2,4,2,4,1,10,10,0
60,25,4,0,0.2,36,24,0,1,2,4,2,4,1,10,10,0
65,25,4,0,0.2,36,24,0,1,2,4,2,4,1,10,10,0
70,25,4,0,0.2,36,24,0,1,2,4,2,4,1,10,10,0
75,25,4,0,0.2,36,24,0,1,2,4,2,4,1,10,10,0
80,25,4,0,0.2,36,24,0,1,2,4,2,4,1,10,10,0
85,25,4,0,0.2,36,24,0,1,2,4,2,4,1,10,10,0
90,25,4,0,0.2,36,24,0,1,2,4,2,4,1,10,10,0
95,25,4,0,0.2,36,24,0,1,2,4,2,4,1,10,10,0
100,25,4,0,0.2,36,24,0,1,2,4,2,4,1,10,10,0
5,30,4,0,0.2,36,24,0,1,2,4,2,4,1,10,10,0
10,30,4,0,0.2,36,24,0,1,2,4,2,4,1,10,10,0
15,30,4,0,0.2,36,24,0,1,2,4,2,4,1,10,10,0
20,30,4,0,0.2,36,24,0,1,2,4,2,4,1,10,10,0
25,30,4,0,0.2,36,24,0,1,2,4,2,4,1,10,10,0
30,30,4,0,0.2,36,24,0,1,2,4,2,4,1,10,10,0
35,30,4,0,0.2,36,24,0,1,2,4,2,4,1,10,10,0
40,30,4,0,0.2,36,24,0,1,2,4,2,4,1,10,10,0
45,30,4,0,0.2,36,24,0,1,2,4,2,4,1,10,10,0
50,30,4,0,0.2,36,24,0,1,2,4,2,4,1,10,10,0
55,30,4,0,0.2,36,24,0,1,2,4,2,4,1,10,10,0
60,30,4,0,0.2,36,24,0,1,2,4,2,4,1,10,10,0
65,30,4,0,0.2,36,24,0,1,2,4,2,4,1,10,10,0
70,30,4,0,0.2,36,24,0,1,2,4,2,4,1,10,10,0
75,30,4,0,0.2,36,24,0,1,2,4,2,4,1,10,10,0
80,30,4,0,0.2,36,24,0,1,2,4,2,4,1,10,10,0
85,30,4,0,0.2,36,24,0,1,2,4,2,4,1,10,10,0
90,30,4,0,0.2,36,24,0,1,2,4,2,4,1,10,10,0
95,30,4,0,0.2,36,24,0,1,2,4,2,4,1,10,10,0
100,30,4,0,0.2,36,24,0,1,2,4,2,4,1,10,10,0
5,35,4,0,0.2,36,24,0,1,2,4,2,4,1,10,10,0
10,35,4,0,0.2,36,24,0,1,2,4,2,4,1,10,10,0
15,35,4,0,0.2,36,24,0,1,2,4,2,4,1,10,10,0
20,35,4,0,0.2,36,24,0,1,2,4,2,4,1,10,10,0
25,35,4,0,0.2,36,24,0,1,2,4,2,4,1,10,10,0
30,35,4,0,0.2,36,24,0,1,2,4,2,4,1,10,10,0
35,35,4,0,0.2,36,24,0,1,2,4,2,4,1,10,10,0
40,35,4,0,0.2,36,24,0,1,2,4,2,4,1,10,10,0
45,35,4,0,0.2,36,24,0,1,2,4,2,4,1,10,10,0
50,35,4,0,0.2,36,24,0,1,2,4,2,4,1,10,10,0
55,35,4,0,0.2,36,24,0,1,2,4,2,4,1,10,10,0
60,35,4,0,0.2,36,24,0,1,2,4,2,4,1,10,10,0
65,35,4,0,0.2,36,24,0,1,2,4,2,4,1,10,10,0
70,35,4,0,0.2,36,24,0,1,2,4,2,4,1,10,10,0
75,35,4,0,0.2,36,24,0,1,2,4,2,4,1,10,10,0
80,35,4,0,0.2,36,24,0,1,2,4,2,4,1,10,10,0
85,35,4,0,0.2,36,24,0,1,2,4,2,4,1,10,10,0
90,35,4,0,0.2,36,24,0,1,2,4,2,4,1,10,10,0
95,35,4,0,0.2,36,24,0,1,2,4,2,4,1,10,10,0
100,35,4,0,0.2,36,24,0,1,2,4,2,4,1,10,10,0
5,40,4,0,0.2,36,24,0,1,2,4,2,4,1,10,10,0
10,40,4,0,0.2,36,24,0,1,2,4,2,4,1,10,10,0
15,40,4,0,0.2,36,24,0,1,2,4,2,4,1,10,10,0
20,40,4,0,0.2,36,24,0,1,2,4,2,4,1,10,10,0
25,40,4,0,0.2,36,24,0,1,2,4,2,4,1,10,10,0
30,40,4,0,0.2,36,24,0,1,2,4,2,4,1,10,10,0
35,40,4,0,0.2,36,24,0,1,2,4,2,4,1,10,10,0
40,40,4,0,0.2,36,24,0,1,2,4,2,4,1,10,10,0
45,40,4,0,0.2,36,24,0,1,2,4,2,4,1,10,10,0
50,40,4,0,0.2,36,24,0,1,2,4,2,4,1,10,10,0
55,40,4,0,0.2,36,24,0,1,2,4,2,4,1,10,10,0
60,40,4,0,0.2,36,24,0,1,2,4,2,4,1,10,10,0
65,40,4,0,0.2,36,24,0,1,2,4,2,4,1,10,10,0
70,40,4,0,0.2,36,24,0,1,2,4,2,4,1,10,10,0
75,40,4,0,0.2,36,24,0,1,2,4,2,4,1,10,10,0
80,40,4,0,0.2,36,24,0,1,2,4,2,4,1,10,10,0
85,40,4,0,0.2,36,24,0,1,2,4,2,4,1,10,10,0
90,40,4,0,0.2,36,24,0,1,2,4,2,4,1,10,10,0
95,40,4,0,0.2,36,24,0,1,2,4,2,4,1,10,10,0
100,40,4,0,0.2,36,24,0,1,2,4,2,4,1,10,10,0
5,45,4,0,0.2,36,24,0,1,2,4,2,4,1,10,10,0
10,45,4,0,0.2,36,24,0,1,2,4,2,4,1,10,10,0
15,45,4,0,0.2,36,24,0,1,2,4,2,4,1,10,10,0
20,45,4,0,0.2,36,24,0,1,2,4,2,4,1,10,10,0
25,45,4,0,0.2,36,24,0,1,2,4,2,4,1,10,10,0
30,45,4,0,0.2,36,24,0,1,2,4,2,4,1,10,10,0
35,45,4,0,0.2,36,24,0,1,2,4,2,4,1,10,10,0
40,45,4,0,0.2,36,24,0,1,2,4,2,4,1,10,10,0
45,45,4,0,0.2,36,24,0,1,2,4,2,4,1,10,10,0
50,45,4,0,0.2,36,24,0,1,2,4,2,4,1,10,10,0
55,45,4,0,0.2,36,24,0,1,2,4,2,4,1,10,10,0
60,45,4,0,0.2,36,24,0,1,2,4,2,4,1,10,10,0
65,45,4,0,0.2,36,24,0,1,2,4,2,4,1,10,10,0
70,45,4,0,0.2,36,24,0,1,2,4,2,4,1,10,10,0
75,45,4,0,0.2,36,24,0,1,2,4,2,4,1,10,10,0
80,45,4,0,0.2,36,24,0,1,2,4,2,4,1,10,10,0
85,45,4,0,0.2,36,24,0,1,2,4,2,4,1,10,10,0
90,45,4,0,0.2,36,24,0,1,2,4,2,4,1,10,10,0
95,45,4,0,0.2,36,24,0,1,2,4,2,4,1,10,10,0
100,45,4,0,0.2,36,24,0,1,2,4,2,4,1,10,10,0
5,50,4,0,0.2,36,24,0,1,2,4,2,4,1,10,10,0
10,50,4,0,0.2,36,24,0,1,2,4,2,4,1,10,10,0
15,50,4,0,0.2,36,24,0,1,2,4,2,4,1,10,10,0
20,50,4,0,0.2,36,24,0,1,2,4,2,4,1,10,10,0
25,50,4,0,0.2,36,24,0,1,2,4,2,4,1,10,10,0
30,50,4,0,0.2,36,24,0,1,2,4,2,4,1,10,10,0
35,50,4,0,0.2,36,24,0,1,2,4,2,4,1,10,10,0
40,50,4,0,0.2,36,24,0,1,2,4,2,4,1,10,10,0
45,50,4,0,0.2,36,24,0,1,2,4,2,4,1,10,10,0
50,50,4,0,0.2,36,24,0,1,2,4,2,4,1,10,10,0
55,50,4,0,0.2,36,24,0,1,2,4,2,4,1,10,10,0
60,50,4,0,0.2,36,24,0,1,2,4,2,4,1,10,10,0
65,50,4,0,0.2,36,24,0,1,2,4,2,4,1,10,10,0
70,50,4,0,0.2,36,24,0,1,2,4,2,4,1,10,10,0
75,50,4,0,0.2,36,24,0,1,2,4,2,4,1,10,10,0
80,50,4,0,0.2,36,24,0,1,2,4,2,4,1,10,10,0
85,50,4,0,0.2,36,24,0,1,2,4,2,4,1,10,10,0
90,50,4,0,0.2,36,24,0,1,2,4,2,4,1,10,10,0
95,50,4,0,0.2,36,24,0,1,2,4,2,4,1,10,10,0
100,50,4,0,0.2,36,24,0,1,2,4,2,4,1,10,10,0
5,55,4,0,0.2,36,24,0,1,2,4,2,4,1,10,10,0
10,55,4,0,0.2,36,24,0,1,2,4,2,4,1,10,10,0
15,55,4,0,0.2,36,24,0,1,2,4,2,4,1,10,10,0
20,55,4,0,0.2,36,24,0,1,2,4,2,4,1,10,10,0
25,55,4,0,0.2,36,24,0,1,2,4,2,4,1,10,10,0
30,55,4,0,0.2,36,24,0,1,2,4,2,4,1,10,10,0
35,55,4,0,0.2,36,24,0,1,2,4,2,4,1,10,10,0
40,55,4,0,0.2,36,24,0,1,2,4,2,4,1,10,10,0
45,55,4,0,0.2,36,24,0,1,2,4,2,4,1,10,10,0
50,55,4,0,0.2,36,24,0,1,2,4,2,4,1,10,10,0
55,55,4,0,0.2,36,24,0,1,2,4,2,4,1,10,10,0
60,55,4,0,0.2,36,24,0,1,2,4,2,4,1,10,10,0
65,55,4,0,0.2,36,24,0,1,2,4,2,4,1,10,10,0
70,55,4,0,0.2,36,24,0,1,2,4,2,4,1,10,10,0
75,55,4,0,0.2,36,24,0,1,2,4,2,4,1,10,10,0
80,55,4,0,0.2,36,24,0,1,2,4,2,4,1,10,10,0
85,55,4,0,0.2,36,24,0,1,2,4,2,4,1,10,10,0
90,55,4,0,0.2,36,24,0,1,2,4,2,4,1,10,10,0
95,55,4,0,0.2,36,24,0,1,2,4,2,4,1,10,10,0
100,55,4,0,0.2,36,24,0,1,2,4,2,4,1,10,10,0
5,60,4,0,0.2,36,24,0,1,2,4,2,4,1,10,10,0
10,60,4,0,0.2,36,24,0,1,2,4,2,4,1,10,10,0
15,60,4,0,0.2,36,24,0,1,2,4,2,4,1,10,10,0
20,60,4,0,0.2,36,24,0,1,2,4,2,4,1,10,10,0
25,60,4,0,0.2,36,24,0,1,2,4,2,4,1,10,10,0
30,60,4,0,0.2,36,24,0,1,2,4,2,4,1,10,10,0
35,60,4,0,0.2,36,24,0,1,2,4,2,4,1,10,10,0
40,60,4,0,0.2,36,24,0,1,2,4,2,4,1,10,10,0
45,60,4,0,0.2,36,24,0,1,2,4,2,4,1,10,10,0
50,60,4,0,0.2,36,24,0,1,2,4,2,4,1,10,10,0
55,60,4,0,0.2,36,24,0,1,2,4,2,4,1,10,10,0
60,60,4,0,0.2,36,24,0,1,2,4,2,4,1,10,10,0
65,60,4,0,0.2,36,24,0,1,2,4,2,4,1,10,10,0
70,60,4,0,0.2,36,24,0,1,2,4,2,4,1,10,10,0
75,60,4,0,0.2,36,24,0,1,2,4,2,4,1,10,10,0
80,60,4,0,0.2,36,24,0,1,2,4,2,4,1,10,10,0
85,60,4,0,0.2,36,24,0,1,2,4,2,4,1,10,10,0
90,60,4,0,0.2,36,24,0,1,2,4,2,4,1,10,10,0
95,60,4,0,0.2,36,24,0,1,2,4,2,4,1,10,10,0
100,60,4,0,0.2,36,24,0,1,2,4,2,4,1,10,10,0
5,65,4,0,0.2,36,24,0,1,2,4,2,4,1,10,10,0
10,65,4,0,0.2,36,24,0,1,2,4,2,4,1,10,10,0
15,65,4,0,0.2,36,24,0,1,2,4,2,4,1,10,10,0
20,65,4,0,0.2,36,24,0,1,2,4,2,4,1,10,10,0
25,65,4,0,0.2,36,24,0,1,2,4,2,4,1,10,10,0
30,65,4,0,0.2,36,24,0,1,2,4,2,4,1,10,10,0
35,65,4,0,0.2,36,24,0,1,2,4,2,4,1,10,10,0
40,65,4,0,0.2,36,24,0,1,2,4,2,4,1,10,10,0
45,65,4,0,0.2,36,24,0,1,2,4,2,4,1,10,10,0
50,65,4,0,0.2,36,24,0,1,2,4,2,4,1,10,10,0
55,65,4,0,0.2,36,24,0,1,2,4,2,4,1,10,10,0
60,65,4,0,0.2,36,24,0,1,2,4,2,4,1,10,10,0
65,65,4,0,0.2,36,24,0,1,2,4,2,4,1,10,10,0
70,65,4,0,0.2,36,24,0,1,2,4,2,4,1,10,10,0
75,65,4,0,0.2,36,24,0,1,2,4,2,4,1,10,10,0
80,65,4,0,0.2,36,24,0,1,2,4,2,4,1,10,10,0
85,65,4,0,0.2,36,24,0,1,2,4,2,4,1,10,10,0
90,65,4,0,0.2,36,24,0,1,2,4,2,4,1,10,10,0
95,65,4,0,0.2,36,24,0,1,2,4,2,4,1,10,10,0
100,65,4,0,0.2,36,24,0,1,2,4,2,4,1,10,10,0
5,70,4,0,0.2,36,24,0,1,2,4,2,4,1,10,10,0
10,70,4,0,0.2,36,24,0,1,2,4,2,4,1,10,10,0
15,70,4,0,0.2,36,24,0,1,2,4,2,4,1,10,10,0
20,70,4,0,0.2,36,24,0,1,2,4,2,4,1,10,10,0
25,70,4,0,0.2,36,24,0,1,2,4,2,4,1,10,10,0
30,70,4,0,0.2,36,24,0,1,2,4,2,4,1,10,10,0
35,70,4,0,0.2,36,24,0,1,2,4,2,4,1,10,10,0
40,70,4,0,0.2,36,24,0,1,2,4,2,4,1,10,10,0
45,70,4,0,0.2,36,24,0,1,2,4,2,4,1,10,10,0
50,70,4,0,0.2,36,24,0,1,2,4,2,4,1,10,10,0
55,70,4,0,0.2,36,24,0,1,2,4,2,4,1,10,10,0
60,70,4,0,0.2,36,24,0,1,2,4,2,4,1,10,10,0
65,70,4,0,0.2,36,24,0,1,2,4,2,4,1,10,10,0
70,70,4,0,0.2,36,24,0,1,2,4,2,4,1,10,10,0
75,70,4,0,0.2,36,24,0,1,2,4,2,4,1,10,10,0
80,70,4,0,0.2,36,24,0,1,2,4,2,4,1,10,10,0
85,70,4,0,0.2,36,24,0,1,2,4,2,4,1,10,10,0
90,70,4,0,0.2,36,24,0,1,2,4,2,4,1,10,10,0
95,70,4,0,0.2,36,24,0,1,2,4,2,4,1,10,10,0
100,70,4,0,0.2,36,24,0,1,2,4,2,4,1,10,10,0
5,75,4,0,0.2,36,24,0,1,2,4,2,4,1,10,10,0
10,75,4,0,0.2,36,24,0,1,2,4,2,4,1,10,10,0
15,75,4,0,0.2,36,24,0,1,2,4,2,4,1,10,10,0
20,75,4,0,0.2,36,24,0,1,2,4,2,4,1,10,10,0
25,75,4,0,0.2,36,24,0,1,2,4,2,4,1,10,10,0
30,75,4,0,0.2,36,24,0,1,2,4,2,4,1,10,10,0
35,75,4,0,0.2,36,24,0,1,2,4,2,4,1,10,10,0
40,75,4,0,0.2,36,24,0,1,2,4,2,4,1,10,10,0
45,75,4,0,0.2,36,24,0,1,2,4,2,4,1,10,10,0
50,75,4,0,0.2,36,24,0,1,2,4,2,4,1,10,10,0
55,75,4,0,0.2,36,24,0,1,2,4,2,4,1,10,10,0
60,75,4,0,0.2,36,24,0,1,2,4,2,4,1,10,10,0
65,75,4,0,0.2,36,24,0,1,2,4,2,4,1,10,10,0
70,75,4,0,0.2,36,24,0,1,2,4,2,4,1,10,10,0
75,75,4,0,0.2,36,24,0,1,2,4,2,4,1,10,10,0
80,75,4,0,0.2,36,24,0,1,2,4,2,4,1,10,10,0
85,75,4,0,0.2,36,24,0,1,2,4,2,4,1,10,10,0
90,75,4,0,0.2,36,24,0,1,2,4,2,4,1,10,10,0
95,75,4,0,0.2,36,24,0,1,2,4,2,4,1,10,10,0
100,75,4,0,0.2,36,24,0,1,2,4,2,4,1,10,10,0
5,80,4,0,0.2,36,24,0,1,2,4,2,4,1,10,10,0
10,80,4,0,0.2,36,24,0,1,2,4,2,4,1,10,10,0
15,80,4,0,0.2,36,24,0,1,2,4,2,4,1,10,10,0
20,80,4,0,0.2,36,24,0,1,2,4,2,4,1,10,10,0
25,80,4,0,0.2,36,24,0,1,2,4,2,4,1,10,10,0
30,80,4,0,0.2,36,24,0,1,2,4,2,4,1,10,10,0
35,80,4,0,0.2,36,24,0,1,2,4,2,4,1,10,10,0
40,80,4,0,0.2,36,24,0,1,2,4,2,4,1,10,10,0
45,80,4,0,0.2,36,24,0,1,2,4,2,4,1,10,10,0
50,80,4,0,0.2,36,24,0,1,2,4,2,4,1,10,10,0
55,80,4,0,0.2,36,24,0,1,2,4,2,4,1,10,10,0
60,80,4,0,0.2,36,24,0,1,2,4,2,4,1,10,10,0
65,80,4,0,0.2,36,24,0,1,2,4,2,4,1,10,10,0
70,80,4,0,0.2,36,24,0,1,2,4,2,4,1,10,10,0
75,80,4,0,0.2,36,24,0,1,2,4,2,4,1,10,10,0
80,80,4,0,0.2,36,24,0,1,2,4,2,4,1,10,10,0
85,80,4,0,0.2,36,24,0,1,2,4,2,4,1,10,10,0
90,80,4,0,0.2,36,24,0,1,2,4,2,4,1,10,10,0
95,80,4,0,0.2,36,24,0,1,2,4,2,4,1,10,10,0
100,80,4,0,0.2,36,24,0,1,2,4,2,4,1,10,10,0
5,85,4,0,0.2,36,24,0,1,2,4,2,4,1,10,10,0
10,85,4,0,0.2,36,24,0,1,2,4,2,4,1,10,10,0
15,85,4,0,0.2,36,24,0,1,2,4,2,4,1,10,10,0
20,85,4,0,0.2,36,24,0,1,2,4,2,4,1,10,10,0
25,85,4,0,0.2,36,24,0,1,2,4,2,4,1,10,10,0
30,85,4,0,0.2,36,24,0,1,2,4,2,4,1,10,10,0
35,85,4,0,0.2,36,24,0,1,2,4,2,4,1,10,10,0
40,85,4,0,0.2,36,24,0,1,2,4,2,4,1,10,10,0
45,85,4,0,0.2,36,24,0,1,2,4,2,4,1,10,10,0
50,85,4,0,0.2,36,24,0,1,2,4,2,4,1,10,10,0
55,85,4,0,0.2,36,24,0,1,2,4,2,4,1,10,10,0
60,85,4,0,0.2,36,24,0,1,2,4,2,4,1,10,10,0
65,85,4,0,0.2,36,24,0,1,2,4,2,4,1,10,10,0
70,85,4,0,0.2,36,24,0,1,2,4,2,4,1,10,10,0
75,85,4,0,0.2,36,24,0,1,2,4,2,4,1,10,10,0
80,85,4,0,0.2,36,24,0,1,2,4,2,4,1,10,10,0
85,85,4,0,0.2,36,24,0,1,2,4,2,4,1,10,10,0
90,85,4,0,0.2,36,24,0,1,2,4,2,4,1,10,10,0
95,85,4,0,0.2,36,24,0,1,2,4,2,4,1,10,10,0
100,85,4,0,0.2,36,24,0,1,2,4,2,4,1,10,10,0
5,90,4,0,0.2,36,24,0,1,2,4,2,4,1,10,10,0
10,90,4,0,0.2,36,24,0,1,2,4,2,4,1,10,10,0
15,90,4,0,0.2,36,24,0,1,2,4,2,4,1,10,10,0
20,90,4,0,0.2,36,24,0,1,2,4,2,4,1,10,10,0
25,90,4,0,0.2,36,24,0,1,2,4,2,4,1,10,10,0
30,90,4,0,0.2,36,24,0,1,2,4,2,4,1,10,10,0
35,90,4,0,0.2,36,24,0,1,2,4,2,4,1,10,10,0
40,90,4,0,0.2,36,24,0,1,2,4,2,4,1,10,10,0
45,90,4,0,0.2,36,24,0,1,2,4,2,4,1,10,10,0
50,90,4,0,0.2,36,24,0,1,2,4,2,4,1,10,10,0
55,90,4,0,0.2,36,24,0,1,2,4,2,4,1,10,10,0
60,90,4,0,0.2,36,24,0,1,2,4,2,4,1,10,10,0
65,90,4,0,0.2,36,24,0,1,2,4,2,4,1,10,10,0
70,90,4,0,0.2,36,24,0,1,2,4,2,4,1,10,10,0
75,90,4,0,0.2,36,24,0,1,2,4,2,4,1,10,10,0
80,90,4,0,0.2,36,24,0,1,2,4,2,4,1,10,10,0
85,90,4,0,0.2,36,24,0,1,2,4,2,4,1,10,10,0
90,90,4,0,0.2,36,24,0,1,2,4,2,4,1,10,10,0
95,90,4,0,0.2,36,24,0,1,2,4,2,4,1,10,10,0
100,90,4,0,0.2,36,24,0,1,2,4,2,4,1,10,10,0
5,95,4,0,0.2,36,24,0,1,2,4,2,4,1,10,10,0
10,95,4,0,0.2,36,24,0,1,2,4,2,4,1,10,10,0
15,95,4,0,0.2,36,24,0,1,2,4,2,4,1,10,10,0
20,95,4,0,0.2,36,24,0,1,2,4,2,4,1,10,10,0
25,95,4,0,0.2,36,24,0,1,2,4,2,4,1,10,10,0
30,95,4,0,0.2,36,24,0,1,2,4,2,4,1,10,10,0
35,95,4,0,0.2,36,24,0,1,2,4,2,4,1,10,10,0
40,95,4,0,0.2,36,24,0,1,2,4,2,4,1,10,10,0
45,95,4,0,0.2,36,24,0,1,2,4,2,4,1,10,10,0
50,95,4,0,0.2,36,24,0,1,2,4,2,4,1,10,10,0
55,95,4,0,0.2,36,24,0,1,2,4,2,4,1,10,10,0
60,95,4,0,0.2,36,24,0,1,2,4,2,4,1,10,10,0
65,95,4,0,0.2,36,24,0,1,2,4,2,4,1,10,10,0
70,95,4,0,0.2,36,24,0,1,2,4,2,4,1,10,10,0
75,95,4,0,0.2,36,24,0,1,2,4,2,4,1,10,10,0
80,95,4,0,0.2,36,24,0,1,2,4,2,4,1,10,10,0
85,95,4,0,0.2,36,24,0,1,2,4,2,4,1,10,10,0
90,95,4,0,0.2,36,24,0,1,2,4,2,4,1,10,10,0
95,95,4,0,0.2,36,24,0,1,2,4,2,4,1,10,10,0
100,95,4,0,0.2,36,24,0,1,2,4,2,4,1,10,10,0
5,100,4,0,0.2,36,24,0,1,2,4,2,4,1,10,10,0
10,100,4,0,0.2,36,24,0,1,2,4,2,4,1,10,10,0
15,100,4,0,0.2,36,24,0,1,2,4,2,4,1,10,10,0
20,100,4,0,0.2,36,24,0,1,2,4,2,4,1,10,10,0
25,100,4,0,0.2,36,24,0,1,2,4,2,4,1,10,10,0
30,100,4,0,0.2,36,24,0,1,2,4,2,4,1,10,10,0
35,100,4,0,0.2,36,24,0,1,2,4,2,4,1,10,10,0
40,100,4,0,0.2,36,24,0,1,2,4,2,4,1,10,10,0
45,100,4,0,0.2,36,24,0,1,2,4,2,4,1,10,10,0
50,100,4,0,0.2,36,24,0,1,2,4,2,4,1,10,10,0
55,100,4,0,0.2,36,24,0,1,2,4,2,4,1,10,10,0
60,100,4,0,0.2,36,24,0,1,2,4,2,4,1,10,10,0
65,100,4,0,0.2,36,24,0,1,2,4,2,4,1,10,10,0
70,100,4,0,0.2,36,24,0,1,2,4,2,4,1,10,10,0
75,100,4,0,0.2,36,24,0,1,2,4,2,4,1,10,10,0
80,100,4,0,0.2,36,24,0,1,2,4,2,4,1,10,10,0
85,100,4,0,0.2,36,24,0,1,2,4,2,4,1,10,10,0
90,100,4,0,0.2,36,24,0,1,2,4,2,4,1,10,10,0
95,100,4,0,0.2,36,24,0,1,2,4,2,4,1,10,10,0
100,100,4,0,0.2,36,24,0,1,2,4,2,4,1,10,10,0
5,5,6,0,0.2,36,24,0,1,2,4,2,4,1,10,10,0
10,5,6,0,0.2,36,24,0,1,2,4,2,4,1,10,10,0
15,5,6,0,0.2,36,24,0,1,2,4,2,4,1,10,10,0
20,5,6,0,0.2,36,24,0,1,2,4,2,4,1,10,10,0
25,5,6,0,0.2,36,24,0,1,2,4,2,4,1,10,10,0
30,5,6,0,0.2,36,24,0,1,2,4,2,4,1,10,10,0
35,5,6,0,0.2,36,24,0,1,2,4,2,4,1,10,10,0
40,5,6,0,0.2,36,24,0,1,2,4,2,4,1,10,10,0
45,5,6,0,0.2,36,24,0,1,2,4,2,4,1,10,10,0
50,5,6,0,0.2,36,24,0,1,2,4,2,4,1,10,10,0
55,5,6,0,0.2,36,24,0,1,2,4,2,4,1,10,10,0
60,5,6,0,0.2,36,24,0,1,2,4,2,4,1,10,10,0
65,5,6,0,0.2,36,24,0,1,2,4,2,4,1,10,10,0
70,5,6,0,0.2,36,24,0,1,2,4,2,4,1,10,10,0
75,5,6,0,0.2,36,24,0,1,2,4,2,4,1,10,10,0
80,5,6,0,0.2,36,24,0,1,2,4,2,4,1,10,10,0
85,5,6,0,0.2,36,24,0,1,2,4,2,4,1,10,10,0
90,5,6,0,0.2,36,24,0,1,2,4,2,4,1,10,10,0
95,5,6,0,0.2,36,24,0,1,2,4,2,4,1,10,10,0
100,5,6,0,0.2,36,24,0,1,2,4,2,4,1,10,10,0
5,10,6,0,0.2,36,24,0,1,2,4,2,4,1,10,10,0
10,10,6,0,0.2,36,24,0,1,2,4,2,4,1,10,10,0
15,10,6,0,0.2,36,24,0,1,2,4,2,4,1,10,10,0
20,10,6,0,0.2,36,24,0,1,2,4,2,4,1,10,10,0
25,10,6,0,0.2,36,24,0,1,2,4,2,4,1,10,10,0
30,10,6,0,0.2,36,24,0,1,2,4,2,4,1,10,10,0
35,10,6,0,0.2,36,24,0,1,2,4,2,4,1,10,10,0
40,10,6,0,0.2,36,24,0,1,2,4,2,4,1,10,10,0
45,10,6,0,0.2,36,24,0,1,2,4,2,4,1,10,10,0
50,10,6,0,0.2,36,24,0,1,2,4,2,4,1,10,10,0
55,10,6,0,0.2,36,24,0,1,2,4,2,4,1,10,10,0
60,10,6,0,0.2,36,24,0,1,2,4,2,4,1,10,10,0
65,10,6,0,0.2,36,24,0,1,2,4,2,4,1,10,10,0
70,10,6,0,0.2,36,24,0,1,2,4,2,4,1,10,10,0
75,10,6,0,0.2,36,24,0,1,2,4,2,4,1,10,10,0
80,10,6,0,0.2,36,24,0,1,2,4,2,4,1,10,10,0
85,10,6,0,0.2,36,24,0,1,2,4,2,4,1,10,10,0
90,10,6,0,0.2,36,24,0,1,2,4,2,4,1,10,10,0
95,10,6,0,0.2,36,24,0,1,2,4,2,4,1,10,10,0
100,10,6,0,0.2,36,24,0,1,2,4,2,4,1,10,10,0
5,15,6,0,0.2,36,24,0,1,2,4,2,4,1,10,10,0
10,15,6,0,0.2,36,24,0,1,2,4,2,4,1,10,10,0
15,15,6,0,0.2,36,24,0,1,2,4,2,4,1,10,10,0
20,15,6,0,0.2,36,24,0,1,2,4,2,4,1,10,10,0
25,15,6,0,0.2,36,24,0,1,2,4,2,4,1,10,10,0
30,15,6,0,0.2,36,24,0,1,2,4,2,4,1,10,10,0
35,15,6,0,0.2,36,24,0,1,2,4,2,4,1,10,10,0
40,15,6,0,0.2,36,24,0,1,2,4,2,4,1,10,10,0
45,15,6,0,0.2,36,24,0,1,2,4,2,4,1,10,10,0
50,15,6,0,0.2,36,24,0,1,2,4,2,4,1,10,10,0
55,15,6,0,0.2,36,24,0,1,2,4,2,4,1,10,10,0
60,15,6,0,0.2,36,24,0,1,2,4,2,4,1,10,10,0
65,15,6,0,0.2,36,24,0,1,2,4,2,4,1,10,10,0
70,15,6,0,0.2,36,24,0,1,2,4,2,4,1,10,10,0
75,15,6,0,0.2,36,24,0,1,2,4,2,4,1,10,10,0
80,15,6,0,0.2,36,24,0,1,2,4,2,4,1,10,10,0
85,15,6,0,0.2,36,24,0,1,2,4,2,4,1,10,10,0
90,15,6,0,0.2,36,24,0,1,2,4,2,4,1,10,10,0
95,15,6,0,0.2,36,24,0,1,2,4,2,4,1,10,10,0
100,15,6,0,0.2,36,24,0,1,2,4,2,4,1,10,10,0
5,20,6,0,0.2,36,24,0,1,2,4,2,4,1,10,10,0
10,20,6,0,0.2,36,24,0,1,2,4,2,4,1,10,10,0
15,20,6,0,0.2,36,24,0,1,2,4,2,4,1,10,10,0
20,20,6,0,0.2,36,24,0,1,2,4,2,4,1,10,10,0
25,20,6,0,0.2,36,24,0,1,2,4,2,4,1,10,10,0
30,20,6,0,0.2,36,24,0,1,2,4,2,4,1,10,10,0
35,20,6,0,0.2,36,24,0,1,2,4,2,4,1,10,10,0
40,20,6,0,0.2,36,24,0,1,2,4,2,4,1,10,10,0
45,20,6,0,0.2,36,24,0,1,2,4,2,4,1,10,10,0
50,20,6,0,0.2,36,24,0,1,2,4,2,4,1,10,10,0
55,20,6,0,0.2,36,24,0,1,2,4,2,4,1,10,10,0
60,20,6,0,0.2,36,24,0,1,2,4,2,4,1,10,10,0
65,20,6,0,0.2,36,24,0,1,2,4,2,4,1,10,10,0
70,20,6,0,0.2,36,24,0,1,2,4,2,4,1,10,10,0
75,20,6,0,0.2,36,24,0,1,2,4,2,4,1,10,10,0
80,20,6,0,0.2,36,24,0,1,2,4,2,4,1,10,10,0
85,20,6,0,0.2,36,24,0,1,2,4,2,4,1,10,10,0
90,20,6,0,0.2,36,24,0,1,2,4,2,4,1,10,10,0
95,20,6,0,0.2,36,24,0,1,2,4,2,4,1,10,10,0
100,20,6,0,0.2,36,24,0,1,2,4,2,4,1,10,10,0
5,25,6,0,0.2,36,24,0,1,2,4,2,4,1,10,10,0
10,25,6,0,0.2,36,24,0,1,2,4,2,4,1,10,10,0
15,25,6,0,0.2,36,24,0,1,2,4,2,4,1,10,10,0
20,25,6,0,0.2,36,24,0,1,2,4,2,4,1,10,10,0
25,25,6,0,0.2,36,24,0,1,2,4,2,4,1,10,10,0
30,25,6,0,0.2,36,24,0,1,2,4,2,4,1,10,10,0
35,25,6,0,0.2,36,24,0,1,2,4,2,4,1,10,10,0
40,25,6,0,0.2,36,24,0,1,2,4,2,4,1,10,10,0
45,25,6,0,0.2,36,24,0,1,2,4,2,4,1,10,10,0
50,25,6,0,0.2,36,24,0,1,2,4,2,4,1,10,10,0
55,25,6,0,0.2,36,24,0,1,2,4,2,4,1,10,10,0
60,25,6,0,0.2,36,24,0,1,2,4,2,4,1,10,10,0
65,25,6,0,0.2,36,24,0,1,2,4,2,4,1,10,10,0
70,25,6,0,0.2,36,24,0,1,2,4,2,4,1,10,10,0
75,25,6,0,0.2,36,24,0,1,2,4,2,4,1,10,10,0
80,25,6,0,0.2,36,24,0,1,2,4,2,4,1,10,10,0
85,25,6,0,0.2,36,24,0,1,2,4,2,4,1,10,10,0
90,25,6,0,0.2,36,24,0,1,2,4,2,4,1,10,10,0
95,25,6,0,0.2,36,24,0,1,2,4,2,4,1,10,10,0
100,25,6,0,0.2,36,24,0,1,2,4,2,4,1,10,10,0
5,30,6,0,0.2,36,24,0,1,2,4,2,4,1,10,10,0
10,30,6,0,0.2,36,24,0,1,2,4,2,4,1,10,10,0
15,30,6,0,0.2,36,24,0,1,2,4,2,4,1,10,10,0
20,30,6,0,0.2,36,24,0,1,2,4,2,4,1,10,10,0
25,30,6,0,0.2,36,24,0,1,2,4,2,4,1,10,10,0
30,30,6,0,0.2,36,24,0,1,2,4,2,4,1,10,10,0
35,30,6,0,0.2,36,24,0,1,2,4,2,4,1,10,10,0
40,30,6,0,0.2,36,24,0,1,2,4,2,4,1,10,10,0
45,30,6,0,0.2,36,24,0,1,2,4,2,4,1,10,10,0
50,30,6,0,0.2,36,24,0,1,2,4,2,4,1,10,10,0
55,30,6,0,0.2,36,24,0,1,2,4,2,4,1,10,10,0
60,30,6,0,0.2,36,24,0,1,2,4,2,4,1,10,10,0
65,30,6,0,0.2,36,24,0,1,2,4,2,4,1,10,10,0
70,30,6,0,0.2,36,24,0,1,2,4,2,4,1,10,10,0
75,30,6,0,0.2,36,24,0,1,2,4,2,4,1,10,10,0
80,30,6,0,0.2,36,24,0,1,2,4,2,4,1,10,10,0
85,30,6,0,0.2,36,24,0,1,2,4,2,4,1,10,10,0
90,30,6,0,0.2,36,24,0,1,2,4,2,4,1,10,10,0
95,30,6,0,0.2,36,24,0,1,2,4,2,4,1,10,10,0
100,30,6,0,0.2,36,24,0,1,2,4,2,4,1,10,10,0
5,35,6,0,0.2,36,24,0,1,2,4,2,4,1,10,10,0
10,35,6,0,0.2,36,24,0,1,2,4,2,4,1,10,10,0
15,35,6,0,0.2,36,24,0,1,2,4,2,4,1,10,10,0
20,35,6,0,0.2,36,24,0,1,2,4,2,4,1,10,10,0
25,35,6,0,0.2,36,24,0,1,2,4,2,4,1,10,10,0
30,35,6,0,0.2,36,24,0,1,2,4,2,4,1,10,10,0
35,35,6,0,0.2,36,24,0,1,2,4,2,4,1,10,10,0
40,35,6,0,0.2,36,24,0,1,2,4,2,4,1,10,10,0
45,35,6,0,0.2,36,24,0,1,2,4,2,4,1,10,10,0
50,35,6,0,0.2,36,24,0,1,2,4,2,4,1,10,10,0
55,35,6,0,0.2,36,24,0,1,2,4,2,4,1,10,10,0
60,35,6,0,0.2,36,24,0,1,2,4,2,4,1,10,10,0
65,35,6,0,0.2,36,24,0,1,2,4,2,4,1,10,10,0
70,35,6,0,0.2,36,24,0,1,2,4,2,4,1,10,10,0
75,35,6,0,0.2,36,24,0,1,2,4,2,4,1,10,10,0
80,35,6,0,0.2,36,24,0,1,2,4,2,4,1,10,10,0
85,35,6,0,0.2,36,24,0,1,2,4,2,4,1,10,10,0
90,35,6,0,0.2,36,24,0,1,2,4,2,4,1,10,10,0
95,35,6,0,0.2,36,24,0,1,2,4,2,4,1,10,10,0
100,35,6,0,0.2,36,24,0,1,2,4,2,4,1,10,10,0
5,40,6,0,0.2,36,24,0,1,2,4,2,4,1,10,10,0
10,40,6,0,0.2,36,24,0,1,2,4,2,4,1,10,10,0
15,40,6,0,0.2,36,24,0,1,2,4,2,4,1,10,10,0
20,40,6,0,0.2,36,24,0,1,2,4,2,4,1,10,10,0
25,40,6,0,0.2,36,24,0,1,2,4,2,4,1,10,10,0
30,40,6,0,0.2,36,24,0,1,2,4,2,4,1,10,10,0
35,40,6,0,0.2,36,24,0,1,2,4,2,4,1,10,10,0
40,40,6,0,0.2,36,24,0,1,2,4,2,4,1,10,10,0
45,40,6,0,0.2,36,24,0,1,2,4,2,4,1,10,10,0
50,40,6,0,0.2,36,24,0,1,2,4,2,4,1,10,10,0
55,40,6,0,0.2,36,24,0,1,2,4,2,4,1,10,10,0
60,40,6,0,0.2,36,24,0,1,2,4,2,4,1,10,10,0
65,40,6,0,0.2,36,24,0,1,2,4,2,4,1,10,10,0
70,40,6,0,0.2,36,24,0,1,2,4,2,4,1,10,10,0
75,40,6,0,0.2,36,24,0,1,2,4,2,4,1,10,10,0
80,40,6,0,0.2,36,24,0,1,2,4,2,4,1,10,10,0
85,40,6,0,0.2,36,24,0,1,2,4,2,4,1,10,10,0
90,40,6,0,0.2,36,24,0,1,2,4,2,4,1,10,10,0
95,40,6,0,0.2,36,24,0,1,2,4,2,4,1,10,10,0
100,40,6,0,0.2,36,24,0,1,2,4,2,4,1,10,10,0
5,45,6,0,0.2,36,24,0,1,2,4,2,4,1,10,10,0
10,45,6,0,0.2,36,24,0,1,2,4,2,4,1,10,10,0
15,45,6,0,0.2,36,24,0,1,2,4,2,4,1,10,10,0
20,45,6,0,0.2,36,24,0,1,2,4,2,4,1,10,10,0
25,45,6,0,0.2,36,24,0,1,2,4,2,4,1,10,10,0
30,45,6,0,0.2,36,24,0,1,2,4,2,4,1,10,10,0
35,45,6,0,0.2,36,24,0,1,2,4,2,4,1,10,10,0
40,45,6,0,0.2,36,24,0,1,2,4,2,4,1,10,10,0
45,45,6,0,0.2,36,24,0,1,2,4,2,4,1,10,10,0
50,45,6,0,0.2,36,24,0,1,2,4,2,4,1,10,10,0
55,45,6,0,0.2,36,24,0,1,2,4,2,4,1,10,10,0
60,45,6,0,0.2,36,24,0,1,2,4,2,4,1,10,10,0
65,45,6,0,0.2,36,24,0,1,2,4,2,4,1,10,10,0
70,45,6,0,0.2,36,24,0,1,2,4,2,4,1,10,10,0
75,45,6,0,0.2,36,24,0,1,2,4,2,4,1,10,10,0
80,45,6,0,0.2,36,24,0,1,2,4,2,4,1,10,10,0
85,45,6,0,0.2,36,24,0,1,2,4,2,4,1,10,10,0
90,45,6,0,0.2,36,24,0,1,2,4,2,4,1,10,10,0
95,45,6,0,0.2,36,24,0,1,2,4,2,4,1,10,10,0
100,45,6,0,0.2,36,24,0,1,2,4,2,4,1,10,10,0
5,50,6,0,0.2,36,24,0,1,2,4,2,4,1,10,10,0
10,50,6,0,0.2,36,24,0,1,2,4,2,4,1,10,10,0
15,50,6,0,0.2,36,24,0,1,2,4,2,4,1,10,10,0
20,50,6,0,0.2,36,24,0,1,2,4,2,4,1,10,10,0
25,50,6,0,0.2,36,24,0,1,2,4,2,4,1,10,10,0
30,50,6,0,0.2,36,24,0,1,2,4,2,4,1,10,10,0
35,50,6,0,0.2,36,24,0,1,2,4,2,4,1,10,10,0
40,50,6,0,0.2,36,24,0,1,2,4,2,4,1,10,10,0
45,50,6,0,0.2,36,24,0,1,2,4,2,4,1,10,10,0
50,50,6,0,0.2,36,24,0,1,2,4,2,4,1,10,10,0
55,50,6,0,0.2,36,24,0,1,2,4,2,4,1,10,10,0
60,50,6,0,0.2,36,24,0,1,2,4,2,4,1,10,10,0
65,50,6,0,0.2,36,24,0,1,2,4,2,4,1,10,10,0
70,50,6,0,0.2,36,24,0,1,2,4,2,4,1,10,10,0
75,50,6,0,0.2,36,24,0,1,2,4,2,4,1,10,10,0
80,50,6,0,0.2,36,24,0,1,2,4,2,4,1,10,10,0
85,50,6,0,0.2,36,24,0,1,2,4,2,4,1,10,10,0
90,50,6,0,0.2,36,24,0,1,2,4,2,4,1,10,10,0
95,50,6,0,0.2,36,24,0,1,2,4,2,4,1,10,10,0
100,50,6,0,0.2,36,24,0,1,2,4,2,4,1,10,10,0
5,55,6,0,0.2,36,24,0,1,2,4,2,4,1,10,10,0
10,55,6,0,0.2,36,24,0,1,2,4,2,4,1,10,10,0
15,55,6,0,0.2,36,24,0,1,2,4,2,4,1,10,10,0
20,55,6,0,0.2,36,24,0,1,2,4,2,4,1,10,10,0
25,55,6,0,0.2,36,24,0,1,2,4,2,4,1,10,10,0
30,55,6,0,0.2,36,24,0,1,2,4,2,4,1,10,10,0
35,55,6,0,0.2,36,24,0,1,2,4,2,4,1,10,10,0
40,55,6,0,0.2,36,24,0,1,2,4,2,4,1,10,10,0
45,55,6,0,0.2,36,24,0,1,2,4,2,4,1,10,10,0
50,55,6,0,0.2,36,24,0,1,2,4,2,4,1,10,10,0
55,55,6,0,0.2,36,24,0,1,2,4,2,4,1,10,10,0
60,55,6,0,0.2,36,24,0,1,2,4,2,4,1,10,10,0
65,55,6,0,0.2,36,24,0,1,2,4,2,4,1,10,10,0
70,55,6,0,0.2,36,24,0,1,2,4,2,4,1,10,10,0
75,55,6,0,0.2,36,24,0,1,2,4,2,4,1,10,10,0
80,55,6,0,0.2,36,24,0,1,2,4,2,4,1,10,10,0
85,55,6,0,0.2,36,24,0,1,2,4,2,4,1,10,10,0
90,55,6,0,0.2,36,24,0,1,2,4,2,4,1,10,10,0
95,55,6,0,0.2,36,24,0,1,2,4,2,4,1,10,10,0
100,55,6,0,0.2,36,24,0,1,2,4,2,4,1,10,10,0
5,60,6,0,0.2,36,24,0,1,2,4,2,4,1,10,10,0
10,60,6,0,0.2,36,24,0,1,2,4,2,4,1,10,10,0
15,60,6,0,0.2,36,24,0,1,2,4,2,4,1,10,10,0
20,60,6,0,0.2,36,24,0,1,2,4,2,4,1,10,10,0
25,60,6,0,0.2,36,24,0,1,2,4,2,4,1,10,10,0
30,60,6,0,0.2,36,24,0,1,2,4,2,4,1,10,10,0
35,60,6,0,0.2,36,24,0,1,2,4,2,4,1,10,10,0
40,60,6,0,0.2,36,24,0,1,2,4,2,4,1,10,10,0
45,60,6,0,0.2,36,24,0,1,2,4,2,4,1,10,10,0
50,60,6,0,0.2,36,24,0,1,2,4,2,4,1,10,10,0
55,60,6,0,0.2,36,24,0,1,2,4,2,4,1,10,10,0
60,60,6,0,0.2,36,24,0,1,2,4,2,4,1,10,10,0
65,60,6,0,0.2,36,24,0,1,2,4,2,4,1,10,10,0
70,60,6,0,0.2,36,24,0,1,2,4,2,4,1,10,10,0
75,60,6,0,0.2,36,24,0,1,2,4,2,4,1,10,10,0
80,60,6,0,0.2,36,24,0,1,2,4,2,4,1,10,10,0
85,60,6,0,0.2,36,24,0,1,2,4,2,4,1,10,10,0
90,60,6,0,0.2,36,24,0,1,2,4,2,4,1,10,10,0
95,60,6,0,0.2,36,24,0,1,2,4,2,4,1,10,10,0
100,60,6,0,0.2,36,24,0,1,2,4,2,4,1,10,10,0
5,65,6,0,0.2,36,24,0,1,2,4,2,4,1,10,10,0
10,65,6,0,0.2,36,24,0,1,2,4,2,4,1,10,10,0
15,65,6,0,0.2,36,24,0,1,2,4,2,4,1,10,10,0
20,65,6,0,0.2,36,24,0,1,2,4,2,4,1,10,10,0
25,65,6,0,0.2,36,24,0,1,2,4,2,4,1,10,10,0
30,65,6,0,0.2,36,24,0,1,2,4,2,4,1,10,10,0
35,65,6,0,0.2,36,24,0,1,2,4,2,4,1,10,10,0
40,65,6,0,0.2,36,24,0,1,2,4,2,4,1,10,10,0
45,65,6,0,0.2,36,24,0,1,2,4,2,4,1,10,10,0
50,65,6,0,0.2,36,24,0,1,2,4,2,4,1,10,10,0
55,65,6,0,0.2,36,24,0,1,2,4,2,4,1,10,10,0
60,65,6,0,0.2,36,24,0,1,2,4,2,4,1,10,10,0
65,65,6,0,0.2,36,24,0,1,2,4,2,4,1,10,10,0
70,65,6,0,0.2,36,24,0,1,2,4,2,4,1,10,10,0
75,65,6,0,0.2,36,24,0,1,2,4,2,4,1,10,10,0
80,65,6,0,0.2,36,24,0,1,2,4,2,4,1,10,10,0
85,65,6,0,0.2,36,24,0,1,2,4,2,4,1,10,10,0
90,65,6,0,0.2,36,24,0,1,2,4,2,4,1,10,10,0
95,65,6,0,0.2,36,24,0,1,2,4,2,4,1,10,10,0
100,65,6,0,0.2,36,24,0,1,2,4,2,4,1,10,10,0
5,70,6,0,0.2,36,24,0,1,2,4,2,4,1,10,10,0
10,70,6,0,0.2,36,24,0,1,2,4,2,4,1,10,10,0
15,70,6,0,0.2,36,24,0,1,2,4,2,4,1,10,10,0
20,70,6,0,0.2,36,24,0,1,2,4,2,4,1,10,10,0
25,70,6,0,0.2,36,24,0,1,2,4,2,4,1,10,10,0
30,70,6,0,0.2,36,24,0,1,2,4,2,4,1,10,10,0
35,70,6,0,0.2,36,24,0,1,2,4,2,4,1,10,10,0
40,70,6,0,0.2,36,24,0,1,2,4,2,4,1,10,10,0
45,70,6,0,0.2,36,24,0,1,2,4,2,4,1,10,10,0
50,70,6,0,0.2,36,24,0,1,2,4,2,4,1,10,10,0
55,70,6,0,0.2,36,24,0,1,2,4,2,4,1,10,10,0
60,70,6,0,0.2,36,24,0,1,2,4,2,4,1,10,10,0
65,70,6,0,0.2,36,24,0,1,2,4,2,4,1,10,10,0
70,70,6,0,0.2,36,24,0,1,2,4,2,4,1,10,10,0
75,70,6,0,0.2,36,24,0,1,2,4,2,4,1,10,10,0
80,70,6,0,0.2,36,24,0,1,2,4,2,4,1,10,10,0
85,70,6,0,0.2,36,24,0,1,2,4,2,4,1,10,10,0
90,70,6,0,0.2,36,24,0,1,2,4,2,4,1,10,10,0
95,70,6,0,0.2,36,24,0,1,2,4,2,4,1,10,10,0
100,70,6,0,0.2,36,24,0,1,2,4,2,4,1,10,10,0
5,75,6,0,0.2,36,24,0,1,2,4,2,4,1,10,10,0
10,75,6,0,0.2,36,24,0,1,2,4,2,4,1,10,10,0
15,75,6,0,0.2,36,24,0,1,2,4,2,4,1,10,10,0
20,75,6,0,0.2,36,24,0,1,2,4,2,4,1,10,10,0
25,75,6,0,0.2,36,24,0,1,2,4,2,4,1,10,10,0
30,75,6,0,0.2,36,24,0,1,2,4,2,4,1,10,10,0
35,75,6,0,0.2,36,24,0,1,2,4,2,4,1,10,10,0
40,75,6,0,0.2,36,24,0,1,2,4,2,4,1,10,10,0
45,75,6,0,0.2,36,24,0,1,2,4,2,4,1,10,10,0
50,75,6,0,0.2,36,24,0,1,2,4,2,4,1,10,10,0
55,75,6,0,0.2,36,24,0,1,2,4,2,4,1,10,10,0
60,75,6,0,0.2,36,24,0,1,2,4,2,4,1,10,10,0
65,75,6,0,0.2,36,24,0,1,2,4,2,4,1,10,10,0
70,75,6,0,0.2,36,24,0,1,2,4,2,4,1,10,10,0
75,75,6,0,0.2,36,24,0,1,2,4,2,4,1,10,10,0
80,75,6,0,0.2,36,24,0,1,2,4,2,4,1,10,10,0
85,75,6,0,0.2,36,24,0,1,2,4,2,4,1,10,10,0
90,75,6,0,0.2,36,24,0,1,2,4,2,4,1,10,10,0
95,75,6,0,0.2,36,24,0,1,2,4,2,4,1,10,10,0
100,75,6,0,0.2,36,24,0,1,2,4,2,4,1,10,10,0
5,80,6,0,0.2,36,24,0,1,2,4,2,4,1,10,10,0
10,80,6,0,0.2,36,24,0,1,2,4,2,4,1,10,10,0
15,80,6,0,0.2,36,24,0,1,2,4,2,4,1,10,10,0
20,80,6,0,0.2,36,24,0,1,2,4,2,4,1,10,10,0
25,80,6,0,0.2,36,24,0,1,2,4,2,4,1,10,10,0
30,80,6,0,0.2,36,24,0,1,2,4,2,4,1,10,10,0
35,80,6,0,0.2,36,24,0,1,2,4,2,4,1,10,10,0
40,80,6,0,0.2,36,24,0,1,2,4,2,4,1,10,10,0
45,80,6,0,0.2,36,24,0,1,2,4,2,4,1,10,10,0
50,80,6,0,0.2,36,24,0,1,2,4,2,4,1,10,10,0
55,80,6,0,0.2,36,24,0,1,2,4,2,4,1,10,10,0
60,80,6,0,0.2,36,24,0,1,2,4,2,4,1,10,10,0
65,80,6,0,0.2,36,24,0,1,2,4,2,4,1,10,10,0
70,80,6,0,0.2,36,24,0,1,2,4,2,4,1,10,10,0
75,80,6,0,0.2,36,24,0,1,2,4,2,4,1,10,10,0
80,80,6,0,0.2,36,24,0,1,2,4,2,4,1,10,10,0
85,80,6,0,0.2,36,24,0,1,2,4,2,4,1,10,10,0
90,80,6,0,0.2,36,24,0,1,2,4,2,4,1,10,10,0
95,80,6,0,0.2,36,24,0,1,2,4,2,4,1,10,10,0
100,80,6,0,0.2,36,24,0,1,2,4,2,4,1,10,10,0
5,85,6,0,0.2,36,24,0,1,2,4,2,4,1,10,10,0
10,85,6,0,0.2,36,24,0,1,2,4,2,4,1,10,10,0
15,85,6,0,0.2,36,24,0,1,2,4,2,4,1,10,10,0
20,85,6,0,0.2,36,24,0,1,2,4,2,4,1,10,10,0
25,85,6,0,0.2,36,24,0,1,2,4,2,4,1,10,10,0
30,85,6,0,0.2,36,24,0,1,2,4,2,4,1,10,10,0
35,85,6,0,0.2,36,24,0,1,2,4,2,4,1,10,10,0
40,85,6,0,0.2,36,24,0,1,2,4,2,4,1,10,10,0
45,85,6,0,0.2,36,24,0,1,2,4,2,4,1,10,10,0
50,85,6,0,0.2,36,24,0,1,2,4,2,4,1,10,10,0
55,85,6,0,0.2,36,24,0,1,2,4,2,4,1,10,10,0
60,85,6,0,0.2,36,24,0,1,2,4,2,4,1,10,10,0
65,85,6,0,0.2,36,24,0,1,2,4,2,4,1,10,10,0
70,85,6,0,0.2,36,24,0,1,2,4,2,4,1,10,10,0
75,85,6,0,0.2,36,24,0,1,2,4,2,4,1,10,10,0
80,85,6,0,0.2,36,24,0,1,2,4,2,4,1,10,10,0
85,85,6,0,0.2,36,24,0,1,2,4,2,4,1,10,10,0
90,85,6,0,0.2,36,24,0,1,2,4,2,4,1,10,10,0
95,85,6,0,0.2,36,24,0,1,2,4,2,4,1,10,10,0
100,85,6,0,0.2,36,24,0,1,2,4,2,4,1,10,10,0
5,90,6,0,0.2,36,24,0,1,2,4,2,4,1,10,10,0
10,90,6,0,0.2,36,24,0,1,2,4,2,4,1,10,10,0
15,90,6,0,0.2,36,24,0,1,2,4,2,4,1,10,10,0
20,90,6,0,0.2,36,24,0,1,2,4,2,4,1,10,10,0
25,90,6,0,0.2,36,24,0,1,2,4,2,4,1,10,10,0
30,90,6,0,0.2,36,24,0,1,2,4,2,4,1,10,10,0
35,90,6,0,0.2,36,24,0,1,2,4,2,4,1,10,10,0
40,90,6,0,0.2,36,24,0,1,2,4,2,4,1,10,10,0
45,90,6,0,0.2,36,24,0,1,2,4,2,4,1,10,10,0
50,90,6,0,0.2,36,24,0,1,2,4,2,4,1,10,10,0
55,90,6,0,0.2,36,24,0,1,2,4,2,4,1,10,10,0
60,90,6,0,0.2,36,24,0,1,2,4,2,4,1,10,10,0
65,90,6,0,0.2,36,24,0,1,2,4,2,4,1,10,10,0
70,90,6,0,0.2,36,24,0,1,2,4,2,4,1,10,10,0
75,90,6,0,0.2,36,24,0,1,2,4,2,4,1,10,10,0
80,90,6,0,0.2,36,24,0,1,2,4,2,4,1,10,10,0
85,90,6,0,0.2,36,24,0,1,2,4,2,4,1,10,10,0
90,90,6,0,0.2,36,24,0,1,2,4,2,4,1,10,10,0
95,90,6,0,0.2,36,24,0,1,2,4,2,4,1,10,10,0
100,90,6,0,0.2,36,24,0,1,2,4,2,4,1,10,10,0
5,95,6,0,0.2,36,24,0,1,2,4,2,4,1,10,10,0
10,95,6,0,0.2,36,24,0,1,2,4,2,4,1,10,10,0
15,95,6,0,0.2,36,24,0,1,2,4,2,4,1,10,10,0
20,95,6,0,0.2,36,24,0,1,2,4,2,4,1,10,10,0
25,95,6,0,0.2,36,24,0,1,2,4,2,4,1,10,10,0
30,95,6,0,0.2,36,24,0,1,2,4,2,4,1,10,10,0
35,95,6,0,0.2,36,24,0,1,2,4,2,4,1,10,10,0
40,95,6,0,0.2,36,24,0,1,2,4,2,4,1,10,10,0
45,95,6,0,0.2,36,24,0,1,2,4,2,4,1,10,10,0
50,95,6,0,0.2,36,24,0,1,2,4,2,4,1,10,10,0
55,95,6,0,0.2,36,24,0,1,2,4,2,4,1,10,10,0
60,95,6,0,0.2,36,24,0,1,2,4,2,4,1,10,10,0
65,95,6,0,0.2,36,24,0,1,2,4,2,4,1,10,10,0
70,95,6,0,0.2,36,24,0,1,2,4,2,4,1,10,10,0
75,95,6,0,0.2,36,24,0,1,2,4,2,4,1,10,10,0
80,95,6,0,0.2,36,24,0,1,2,4,2,4,1,10,10,0
85,95,6,0,0.2,36,24,0,1,2,4,2,4,1,10,10,0
90,95,6,0,0.2,36,24,0,1,2,4,2,4,1,10,10,0
95,95,6,0,0.2,36,24,0,1,2,4,2,4,1,10,10,0
100,95,6,0,0.2,36,24,0,1,2,4,2,4,1,10,10,0
5,100,6,0,0.2,36,24,0,1,2,4,2,4,1,10,10,0
10,100,6,0,0.2,36,24,0,1,2,4,2,4,1,10,10,0
15,100,6,0,0.2,36,24,0,1,2,4,2,4,1,10,10,0
20,100,6,0,0.2,36,24,0,1,2,4,2,4,1,10,10,0
25,100,6,0,0.2,36,24,0,1,2,4,2,4,1,10,10,0
30,100,6,0,0.2,36,24,0,1,2,4,2,4,1,10,10,0
35,100,6,0,0.2,36,24,0,1,2,4,2,4,1,10,10,0
40,100,6,0,0.2,36,24,0,1,2,4,2,4,1,10,10,0
45,100,6,0,0.2,36,24,0,1,2,4,2,4,1,10,10,0
50,100,6,0,0.2,36,24,0,1,2,4,2,4,1,10,10,0
55,100,6,0,0.2,36,24,0,1,2,4,2,4,1,10,10,0
60,100,6,0,0.2,36,24,0,1,2,4,2,4,1,10,10,0
65,100,6,0,0.2,36,24,0,1,2,4,2,4,1,10,10,0
70,100,6,0,0.2,36,24,0,1,2,4,2,4,1,10,10,0
75,100,6,0,0.2,36,24,0,1,2,4,2,4,1,10,10,0
80,100,6,0,0.2,36,24,0,1,2,4,2,4,1,10,10,0
85,100,6,0,0.2,36,24,0,1,2,4,2,4,1,10,10,0
90,100,6,0,0.2,36,24,0,1,2,4,2,4,1,10,10,0
95,100,6,0,0.2,36,24,0,1,2,4,2,4,1,10,10,0
100,100,6,0,0.2,36,24,0,1,2,4,2,4,1,10,10,0
5,5,8,0,0.2,36,24,0,1,2,4,2,4,1,10,10,0
10,5,8,0,0.2,36,24,0,1,2,4,2,4,1,10,10,0
15,5,8,0,0.2,36,24,0,1,2,4,2,4,1,10,10,0
20,5,8,0,0.2,36,24,0,1,2,4,2,4,1,10,10,0
25,5,8,0,0.2,36,24,0,1,2,4,2,4,1,10,10,0
30,5,8,0,0.2,36,24,0,1,2,4,2,4,1,10,10,0
35,5,8,0,0.2,36,24,0,1,2,4,2,4,1,10,10,0
40,5,8,0,0.2,36,24,0,1,2,4,2,4,1,10,10,0
45,5,8,0,0.2,36,24,0,1,2,4,2,4,1,10,10,0
50,5,8,0,0.2,36,24,0,1,2,4,2,4,1,10,10,0
55,5,8,0,0.2,36,24,0,1,2,4,2,4,1,10,10,0
60,5,8,0,0.2,36,24,0,1,2,4,2,4,1,10,10,0
65,5,8,0,0.2,36,24,0,1,2,4,2,4,1,10,10,0
70,5,8,0,0.2,36,24,0,1,2,4,2,4,1,10,10,0
75,5,8,0,0.2,36,24,0,1,2,4,2,4,1,10,10,0
80,5,8,0,0.2,36,24,0,1,2,4,2,4,1,10,10,0
85,5,8,0,0.2,36,24,0,1,2,4,2,4,1,10,10,0
90,5,8,0,0.2,36,24,0,1,2,4,2,4,1,10,10,0
95,5,8,0,0.2,36,24,0,1,2,4,2,4,1,10,10,0
100,5,8,0,0.2,36,24,0,1,2,4,2,4,1,10,10,0
5,10,8,0,0.2,36,24,0,1,2,4,2,4,1,10,10,0
10,10,8,0,0.2,36,24,0,1,2,4,2,4,1,10,10,0
15,10,8,0,0.2,36,24,0,1,2,4,2,4,1,10,10,0
20,10,8,0,0.2,36,24,0,1,2,4,2,4,1,10,10,0
25,10,8,0,0.2,36,24,0,1,2,4,2,4,1,10,10,0
30,10,8,0,0.2,36,24,0,1,2,4,2,4,1,10,10,0
35,10,8,0,0.2,36,24,0,1,2,4,2,4,1,10,10,0
40,10,8,0,0.2,36,24,0,1,2,4,2,4,1,10,10,0
45,10,8,0,0.2,36,24,0,1,2,4,2,4,1,10,10,0
50,10,8,0,0.2,36,24,0,1,2,4,2,4,1,10,10,0
55,10,8,0,0.2,36,24,0,1,2,4,2,4,1,10,10,0
60,10,8,0,0.2,36,24,0,1,2,4,2,4,1,10,10,0
65,10,8,0,0.2,36,24,0,1,2,4,2,4,1,10,10,0
70,10,8,0,0.2,36,24,0,1,2,4,2,4,1,10,10,0
75,10,8,0,0.2,36,24,0,1,2,4,2,4,1,10,10,0
80,10,8,0,0.2,36,24,0,1,2,4,2,4,1,10,10,0
85,10,8,0,0.2,36,24,0,1,2,4,2,4,1,10,10,0
90,10,8,0,0.2,36,24,0,1,2,4,2,4,1,10,10,0
95,10,8,0,0.2,36,24,0,1,2,4,2,4,1,10,10,0
100,10,8,0,0.2,36,24,0,1,2,4,2,4,1,10,10,0
5,15,8,0,0.2,36,24,0,1,2,4,2,4,1,10,10,0
10,15,8,0,0.2,36,24,0,1,2,4,2,4,1,10,10,0
15,15,8,0,0.2,36,24,0,1,2,4,2,4,1,10,10,0
20,15,8,0,0.2,36,24,0,1,2,4,2,4,1,10,10,0
25,15,8,0,0.2,36,24,0,1,2,4,2,4,1,10,10,0
30,15,8,0,0.2,36,24,0,1,2,4,2,4,1,10,10,0
35,15,8,0,0.2,36,24,0,1,2,4,2,4,1,10,10,0
40,15,8,0,0.2,36,24,0,1,2,4,2,4,1,10,10,0
45,15,8,0,0.2,36,24,0,1,2,4,2,4,1,10,10,0
50,15,8,0,0.2,36,24,0,1,2,4,2,4,1,10,10,0
55,15,8,0,0.2,36,24,0,1,2,4,2,4,1,10,10,0
60,15,8,0,0.2,36,24,0,1,2,4,2,4,1,10,10,0
65,15,8,0,0.2,36,24,0,1,2,4,2,4,1,10,10,0
70,15,8,0,0.2,36,24,0,1,2,4,2,4,1,10,10,0
75,15,8,0,0.2,36,24,0,1,2,4,2,4,1,10,10,0
80,15,8,0,0.2,36,24,0,1,2,4,2,4,1,10,10,0
85,15,8,0,0.2,36,24,0,1,2,4,2,4,1,10,10,0
90,15,8,0,0.2,36,24,0,1,2,4,2,4,1,10,10,0
95,15,8,0,0.2,36,24,0,1,2,4,2,4,1,10,10,0
100,15,8,0,0.2,36,24,0,1,2,4,2,4,1,10,10,0
5,20,8,0,0.2,36,24,0,1,2,4,2,4,1,10,10,0
10,20,8,0,0.2,36,24,0,1,2,4,2,4,1,10,10,0
15,20,8,0,0.2,36,24,0,1,2,4,2,4,1,10,10,0
20,20,8,0,0.2,36,24,0,1,2,4,2,4,1,10,10,0
25,20,8,0,0.2,36,24,0,1,2,4,2,4,1,10,10,0
30,20,8,0,0.2,36,24,0,1,2,4,2,4,1,10,10,0
35,20,8,0,0.2,36,24,0,1,2,4,2,4,1,10,10,0
40,20,8,0,0.2,36,24,0,1,2,4,2,4,1,10,10,0
45,20,8,0,0.2,36,24,0,1,2,4,2,4,1,10,10,0
50,20,8,0,0.2,36,24,0,1,2,4,2,4,1,10,10,0
55,20,8,0,0.2,36,24,0,1,2,4,2,4,1,10,10,0
60,20,8,0,0.2,36,24,0,1,2,4,2,4,1,10,10,0
65,20,8,0,0.2,36,24,0,1,2,4,2,4,1,10,10,0
70,20,8,0,0.2,36,24,0,1,2,4,2,4,1,10,10,0
75,20,8,0,0.2,36,24,0,1,2,4,2,4,1,10,10,0
80,20,8,0,0.2,36,24,0,1,2,4,2,4,1,10,10,0
85,20,8,0,0.2,36,24,0,1,2,4,2,4,1,10,10,0
90,20,8,0,0.2,36,24,0,1,2,4,2,4,1,10,10,0
95,20,8,0,0.2,36,24,0,1,2,4,2,4,1,10,10,0
100,20,8,0,0.2,36,24,0,1,2,4,2,4,1,10,10,0
5,25,8,0,0.2,36,24,0,1,2,4,2,4,1,10,10,0
10,25,8,0,0.2,36,24,0,1,2,4,2,4,1,10,10,0
15,25,8,0,0.2,36,24,0,1,2,4,2,4,1,10,10,0
20,25,8,0,0.2,36,24,0,1,2,4,2,4,1,10,10,0
25,25,8,0,0.2,36,24,0,1,2,4,2,4,1,10,10,0
30,25,8,0,0.2,36,24,0,1,2,4,2,4,1,10,10,0
35,25,8,0,0.2,36,24,0,1,2,4,2,4,1,10,10,0
40,25,8,0,0.2,36,24,0,1,2,4,2,4,1,10,10,0
45,25,8,0,0.2,36,24,0,1,2,4,2,4,1,10,10,0
50,25,8,0,0.2,36,24,0,1,2,4,2,4,1,10,10,0
55,25,8,0,0.2,36,24,0,1,2,4,2,4,1,10,10,0
60,25,8,0,0.2,36,24,0,1,2,4,2,4,1,10,10,0
65,25,8,0,0.2,36,24,0,1,2,4,2,4,1,10,10,0
70,25,8,0,0.2,36,24,0,1,2,4,2,4,1,10,10,0
75,25,8,0,0.2,36,24,0,1,2,4,2,4,1,10,10,0
80,25,8,0,0.2,36,24,0,1,2,4,2,4,1,10,10,0
85,25,8,0,0.2,36,24,0,1,2,4,2,4,1,10,10,0
90,25,8,0,0.2,36,24,0,1,2,4,2,4,1,10,10,0
95,25,8,0,0.2,36,24,0,1,2,4,2,4,1,10,10,0
100,25,8,0,0.2,36,24,0,1,2,4,2,4,1,10,10,0
5,30,8,0,0.2,36,24,0,1,2,4,2,4,1,10,10,0
10,30,8,0,0.2,36,24,0,1,2,4,2,4,1,10,10,0
15,30,8,0,0.2,36,24,0,1,2,4,2,4,1,10,10,0
20,30,8,0,0.2,36,24,0,1,2,4,2,4,1,10,10,0
25,30,8,0,0.2,36,24,0,1,2,4,2,4,1,10,10,0
30,30,8,0,0.2,36,24,0,1,2,4,2,4,1,10,10,0
35,30,8,0,0.2,36,24,0,1,2,4,2,4,1,10,10,0
40,30,8,0,0.2,36,24,0,1,2,4,2,4,1,10,10,0
45,30,8,0,0.2,36,24,0,1,2,4,2,4,1,10,10,0
50,30,8,0,0.2,36,24,0,1,2,4,2,4,1,10,10,0
55,30,8,0,0.2,36,24,0,1,2,4,2,4,1,10,10,0
60,30,8,0,0.2,36,24,0,1,2,4,2,4,1,10,10,0
65,30,8,0,0.2,36,24,0,1,2,4,2,4,1,10,10,0
70,30,8,0,0.2,36,24,0,1,2,4,2,4,1,10,10,0
75,30,8,0,0.2,36,24,0,1,2,4,2,4,1,10,10,0
80,30,8,0,0.2,36,24,0,1,2,4,2,4,1,10,10,0
85,30,8,0,0.2,36,24,0,1,2,4,2,4,1,10,10,0
90,30,8,0,0.2,36,24,0,1,2,4,2,4,1,10,10,0
95,30,8,0,0.2,36,24,0,1,2,4,2,4,1,10,10,0
100,30,8,0,0.2,36,24,0,1,2,4,2,4,1,10,10,0
5,35,8,0,0.2,36,24,0,1,2,4,2,4,1,10,10,0
10,35,8,0,0.2,36,24,0,1,2,4,2,4,1,10,10,0
15,35,8,0,0.2,36,24,0,1,2,4,2,4,1,10,10,0
20,35,8,0,0.2,36,24,0,1,2,4,2,4,1,10,10,0
25,35,8,0,0.2,36,24,0,1,2,4,2,4,1,10,10,0
30,35,8,0,0.2,36,24,0,1,2,4,2,4,1,10,10,0
35,35,8,0,0.2,36,24,0,1,2,4,2,4,1,10,10,0
40,35,8,0,0.2,36,24,0,1,2,4,2,4,1,10,10,0
45,35,8,0,0.2,36,24,0,1,2,4,2,4,1,10,10,0
50,35,8,0,0.2,36,24,0,1,2,4,2,4,1,10,10,0
55,35,8,0,0.2,36,24,0,1,2,4,2,4,1,10,10,0
60,35,8,0,0.2,36,24,0,1,2,4,2,4,1,10,10,0
65,35,8,0,0.2,36,24,0,1,2,4,2,4,1,10,10,0
70,35,8,0,0.2,36,24,0,1,2,4,2,4,1,10,10,0
75,35,8,0,0.2,36,24,0,1,2,4,2,4,1,10,10,0
80,35,8,0,0.2,36,24,0,1,2,4,2,4,1,10,10,0
85,35,8,0,0.2,36,24,0,1,2,4,2,4,1,10,10,0
90,35,8,0,0.2,36,24,0,1,2,4,2,4,1,10,10,0
95,35,8,0,0.2,36,24,0,1,2,4,2,4,1,10,10,0
100,35,8,0,0.2,36,24,0,1,2,4,2,4,1,10,10,0
5,40,8,0,0.2,36,24,0,1,2,4,2,4,1,10,10,0
10,40,8,0,0.2,36,24,0,1,2,4,2,4,1,10,10,0
15,40,8,0,0.2,36,24,0,1,2,4,2,4,1,10,10,0
20,40,8,0,0.2,36,24,0,1,2,4,2,4,1,10,10,0
25,40,8,0,0.2,36,24,0,1,2,4,2,4,1,10,10,0
30,40,8,0,0.2,36,24,0,1,2,4,2,4,1,10,10,0
35,40,8,0,0.2,36,24,0,1,2,4,2,4,1,10,10,0
40,40,8,0,0.2,36,24,0,1,2,4,2,4,1,10,10,0
45,40,8,0,0.2,36,24,0,1,2,4,2,4,1,10,10,0
50,40,8,0,0.2,36,24,0,1,2,4,2,4,1,10,10,0
55,40,8,0,0.2,36,24,0,1,2,4,2,4,1,10,10,0
60,40,8,0,0.2,36,24,0,1,2,4,2,4,1,10,10,0
65,40,8,0,0.2,36,24,0,1,2,4,2,4,1,10,10,0
70,40,8,0,0.2,36,24,0,1,2,4,2,4,1,10,10,0
75,40,8,0,0.2,36,24,0,1,2,4,2,4,1,10,10,0
80,40,8,0,0.2,36,24,0,1,2,4,2,4,1,10,10,0
85,40,8,0,0.2,36,24,0,1,2,4,2,4,1,10,10,0
90,40,8,0,0.2,36,24,0,1,2,4,2,4,1,10,10,0
95,40,8,0,0.2,36,24,0,1,2,4,2,4,1,10,10,0
100,40,8,0,0.2,36,24,0,1,2,4,2,4,1,10,10,0
5,45,8,0,0.2,36,24,0,1,2,4,2,4,1,10,10,0
10,45,8,0,0.2,36,24,0,1,2,4,2,4,1,10,10,0
15,45,8,0,0.2,36,24,0,1,2,4,2,4,1,10,10,0
20,45,8,0,0.2,36,24,0,1,2,4,2,4,1,10,10,0
25,45,8,0,0.2,36,24,0,1,2,4,2,4,1,10,10,0
30,45,8,0,0.2,36,24,0,1,2,4,2,4,1,10,10,0
35,45,8,0,0.2,36,24,0,1,2,4,2,4,1,10,10,0
40,45,8,0,0.2,36,24,0,1,2,4,2,4,1,10,10,0
45,45,8,0,0.2,36,24,0,1,2,4,2,4,1,10,10,0
50,45,8,0,0.2,36,24,0,1,2,4,2,4,1,10,10,0
55,45,8,0,0.2,36,24,0,1,2,4,2,4,1,10,10,0
60,45,8,0,0.2,36,24,0,1,2,4,2,4,1,10,10,0
65,45,8,0,0.2,36,24,0,1,2,4,2,4,1,10,10,0
70,45,8,0,0.2,36,24,0,1,2,4,2,4,1,10,10,0
75,45,8,0,0.2,36,24,0,1,2,4,2,4,1,10,10,0
80,45,8,0,0.2,36,24,0,1,2,4,2,4,1,10,10,0
85,45,8,0,0.2,36,24,0,1,2,4,2,4,1,10,10,0
90,45,8,0,0.2,36,24,0,1,2,4,2,4,1,10,10,0
95,45,8,0,0.2,36,24,0,1,2,4,2,4,1,10,10,0
100,45,8,0,0.2,36,24,0,1,2,4,2,4,1,10,10,0
5,50,8,0,0.2,36,24,0,1,2,4,2,4,1,10,10,0
10,50,8,0,0.2,36,24,0,1,2,4,2,4,1,10,10,0
15,50,8,0,0.2,36,24,0,1,2,4,2,4,1,10,10,0
20,50,8,0,0.2,36,24,0,1,2,4,2,4,1,10,10,0
25,50,8,0,0.2,36,24,0,1,2,4,2,4,1,10,10,0
30,50,8,0,0.2,36,24,0,1,2,4,2,4,1,10,10,0
35,50,8,0,0.2,36,24,0,1,2,4,2,4,1,10,10,0
40,50,8,0,0.2,36,24,0,1,2,4,2,4,1,10,10,0
45,50,8,0,0.2,36,24,0,1,2,4,2,4,1,10,10,0
50,50,8,0,0.2,36,24,0,1,2,4,2,4,1,10,10,0
55,50,8,0,0.2,36,24,0,1,2,4,2,4,1,10,10,0
60,50,8,0,0.2,36,24,0,1,2,4,2,4,1,10,10,0
65,50,8,0,0.2,36,24,0,1,2,4,2,4,1,10,10,0
70,50,8,0,0.2,36,24,0,1,2,4,2,4,1,10,10,0
75,50,8,0,0.2,36,24,0,1,2,4,2,4,1,10,10,0
80,50,8,0,0.2,36,24,0,1,2,4,2,4,1,10,10,0
85,50,8,0,0.2,36,24,0,1,2,4,2,4,1,10,10,0
90,50,8,0,0.2,36,24,0,1,2,4,2,4,1,10,10,0
95,50,8,0,0.2,36,24,0,1,2,4,2,4,1,10,10,0
100,50,8,0,0.2,36,24,0,1,2,4,2,4,1,10,10,0
5,55,8,0,0.2,36,24,0,1,2,4,2,4,1,10,10,0
10,55,8,0,0.2,36,24,0,1,2,4,2,4,1,10,10,0
15,55,8,0,0.2,36,24,0,1,2,4,2,4,1,10,10,0
20,55,8,0,0.2,36,24,0,1,2,4,2,4,1,10,10,0
25,55,8,0,0.2,36,24,0,1,2,4,2,4,1,10,10,0
30,55,8,0,0.2,36,24,0,1,2,4,2,4,1,10,10,0
35,55,8,0,0.2,36,24,0,1,2,4,2,4,1,10,10,0
40,55,8,0,0.2,36,24,0,1,2,4,2,4,1,10,10,0
45,55,8,0,0.2,36,24,0,1,2,4,2,4,1,10,10,0
50,55,8,0,0.2,36,24,0,1,2,4,2,4,1,10,10,0
55,55,8,0,0.2,36,24,0,1,2,4,2,4,1,10,10,0
60,55,8,0,0.2,36,24,0,1,2,4,2,4,1,10,10,0
65,55,8,0,0.2,36,24,0,1,2,4,2,4,1,10,10,0
70,55,8,0,0.2,36,24,0,1,2,4,2,4,1,10,10,0
75,55,8,0,0.2,36,24,0,1,2,4,2,4,1,10,10,0
80,55,8,0,0.2,36,24,0,1,2,4,2,4,1,10,10,0
85,55,8,0,0.2,36,24,0,1,2,4,2,4,1,10,10,0
90,55,8,0,0.2,36,24,0,1,2,4,2,4,1,10,10,0
95,55,8,0,0.2,36,24,0,1,2,4,2,4,1,10,10,0
100,55,8,0,0.2,36,24,0,1,2,4,2,4,1,10,10,0
5,60,8,0,0.2,36,24,0,1,2,4,2,4,1,10,10,0
10,60,8,0,0.2,36,24,0,1,2,4,2,4,1,10,10,0
15,60,8,0,0.2,36,24,0,1,2,4,2,4,1,10,10,0
20,60,8,0,0.2,36,24,0,1,2,4,2,4,1,10,10,0
25,60,8,0,0.2,36,24,0,1,2,4,2,4,1,10,10,0
30,60,8,0,0.2,36,24,0,1,2,4,2,4,1,10,10,0
35,60,8,0,0.2,36,24,0,1,2,4,2,4,1,10,10,0
40,60,8,0,0.2,36,24,0,1,2,4,2,4,1,10,10,0
45,60,8,0,0.2,36,24,0,1,2,4,2,4,1,10,10,0
50,60,8,0,0.2,36,24,0,1,2,4,2,4,1,10,10,0
55,60,8,0,0.2,36,24,0,1,2,4,2,4,1,10,10,0
60,60,8,0,0.2,36,24,0,1,2,4,2,4,1,10,10,0
65,60,8,0,0.2,36,24,0,1,2,4,2,4,1,10,10,0
70,60,8,0,0.2,36,24,0,1,2,4,2,4,1,10,10,0
75,60,8,0,0.2,36,24,0,1,2,4,2,4,1,10,10,0
80,60,8,0,0.2,36,24,0,1,2,4,2,4,1,10,10,0
85,60,8,0,0.2,36,24,0,1,2,4,2,4,1,10,10,0
90,60,8,0,0.2,36,24,0,1,2,4,2,4,1,10,10,0
95,60,8,0,0.2,36,24,0,1,2,4,2,4,1,10,10,0
100,60,8,0,0.2,36,24,0,1,2,4,2,4,1,10,10,0
5,65,8,0,0.2,36,24,0,1,2,4,2,4,1,10,10,0
10,65,8,0,0.2,36,24,0,1,2,4,2,4,1,10,10,0
15,65,8,0,0.2,36,24,0,1,2,4,2,4,1,10,10,0
20,65,8,0,0.2,36,24,0,1,2,4,2,4,1,10,10,0
25,65,8,0,0.2,36,24,0,1,2,4,2,4,1,10,10,0
30,65,8,0,0.2,36,24,0,1,2,4,2,4,1,10,10,0
35,65,8,0,0.2,36,24,0,1,2,4,2,4,1,10,10,0
40,65,8,0,0.2,36,24,0,1,2,4,2,4,1,10,10,0
45,65,8,0,0.2,36,24,0,1,2,4,2,4,1,10,10,0
50,65,8,0,0.2,36,24,0,1,2,4,2,4,1,10,10,0
55,65,8,0,0.2,36,24,0,1,2,4,2,4,1,10,10,0
60,65,8,0,0.2,36,24,0,1,2,4,2,4,1,10,10,0
65,65,8,0,0.2,36,24,0,1,2,4,2,4,1,10,10,0
70,65,8,0,0.2,36,24,0,1,2,4,2,4,1,10,10,0
75,65,8,0,0.2,36,24,0,1,2,4,2,4,1,10,10,0
80,65,8,0,0.2,36,24,0,1,2,4,2,4,1,10,10,0
85,65,8,0,0.2,36,24,0,1,2,4,2,4,1,10,10,0
90,65,8,0,0.2,36,24,0,1,2,4,2,4,1,10,10,0
95,65,8,0,0.2,36,24,0,1,2,4,2,4,1,10,10,0
100,65,8,0,0.2,36,24,0,1,2,4,2,4,1,10,10,0
5,70,8,0,0.2,36,24,0,1,2,4,2,4,1,10,10,0
10,70,8,0,0.2,36,24,0,1,2,4,2,4,1,10,10,0
15,70,8,0,0.2,36,24,0,1,2,4,2,4,1,10,10,0
20,70,8,0,0.2,36,24,0,1,2,4,2,4,1,10,10,0
25,70,8,0,0.2,36,24,0,1,2,4,2,4,1,10,10,0
30,70,8,0,0.2,36,24,0,1,2,4,2,4,1,10,10,0
35,70,8,0,0.2,36,24,0,1,2,4,2,4,1,10,10,0
40,70,8,0,0.2,36,24,0,1,2,4,2,4,1,10,10,0
45,70,8,0,0.2,36,24,0,1,2,4,2,4,1,10,10,0
50,70,8,0,0.2,36,24,0,1,2,4,2,4,1,10,10,0
55,70,8,0,0.2,36,24,0,1,2,4,2,4,1,10,10,0
60,70,8,0,0.2,36,24,0,1,2,4,2,4,1,10,10,0
65,70,8,0,0.2,36,24,0,1,2,4,2,4,1,10,10,0
70,70,8,0,0.2,36,24,0,1,2,4,2,4,1,10,10,0
75,70,8,0,0.2,36,24,0,1,2,4,2,4,1,10,10,0
80,70,8,0,0.2,36,24,0,1,2,4,2,4,1,10,10,0
85,70,8,0,0.2,36,24,0,1,2,4,2,4,1,10,10,0
90,70,8,0,0.2,36,24,0,1,2,4,2,4,1,10,10,0
95,70,8,0,0.2,36,24,0,1,2,4,2,4,1,10,10,0
100,70,8,0,0.2,36,24,0,1,2,4,2,4,1,10,10,0
5,75,8,0,0.2,36,24,0,1,2,4,2,4,1,10,10,0
10,75,8,0,0.2,36,24,0,1,2,4,2,4,1,10,10,0
15,75,8,0,0.2,36,24,0,1,2,4,2,4,1,10,10,0
20,75,8,0,0.2,36,24,0,1,2,4,2,4,1,10,10,0
25,75,8,0,0.2,36,24,0,1,2,4,2,4,1,10,10,0
30,75,8,0,0.2,36,24,0,1,2,4,2,4,1,10,10,0
35,75,8,0,0.2,36,24,0,1,2,4,2,4,1,10,10,0
40,75,8,0,0.2,36,24,0,1,2,4,2,4,1,10,10,0
45,75,8,0,0.2,36,24,0,1,2,4,2,4,1,10,10,0
50,75,8,0,0.2,36,24,0,1,2,4,2,4,1,10,10,0
55,75,8,0,0.2,36,24,0,1,2,4,2,4,1,10,10,0
60,75,8,0,0.2,36,24,0,1,2,4,2,4,1,10,10,0
65,75,8,0,0.2,36,24,0,1,2,4,2,4,1,10,10,0
70,75,8,0,0.2,36,24,0,1,2,4,2,4,1,10,10,0
75,75,8,0,0.2,36,24,0,1,2,4,2,4,1,10,10,0
80,75,8,0,0.2,36,24,0,1,2,4,2,4,1,10,10,0
85,75,8,0,0.2,36,24,0,1,2,4,2,4,1,10,10,0
90,75,8,0,0.2,36,24,0,1,2,4,2,4,1,10,10,0
95,75,8,0,0.2,36,24,0,1,2,4,2,4,1,10,10,0
100,75,8,0,0.2,36,24,0,1,2,4,2,4,1,10,10,0
5,80,8,0,0.2,36,24,0,1,2,4,2,4,1,10,10,0
10,80,8,0,0.2,36,24,0,1,2,4,2,4,1,10,10,0
15,80,8,0,0.2,36,24,0,1,2,4,2,4,1,10,10,0
20,80,8,0,0.2,36,24,0,1,2,4,2,4,1,10,10,0
25,80,8,0,0.2,36,24,0,1,2,4,2,4,1,10,10,0
30,80,8,0,0.2,36,24,0,1,2,4,2,4,1,10,10,0
35,80,8,0,0.2,36,24,0,1,2,4,2,4,1,10,10,0
40,80,8,0,0.2,36,24,0,1,2,4,2,4,1,10,10,0
45,80,8,0,0.2,36,24,0,1,2,4,2,4,1,10,10,0
50,80,8,0,0.2,36,24,0,1,2,4,2,4,1,10,10,0
55,80,8,0,0.2,36,24,0,1,2,4,2,4,1,10,10,0
60,80,8,0,0.2,36,24,0,1,2,4,2,4,1,10,10,0
65,80,8,0,0.2,36,24,0,1,2,4,2,4,1,10,10,0
70,80,8,0,0.2,36,24,0,1,2,4,2,4,1,10,10,0
75,80,8,0,0.2,36,24,0,1,2,4,2,4,1,10,10,0
80,80,8,0,0.2,36,24,0,1,2,4,2,4,1,10,10,0
85,80,8,0,0.2,36,24,0,1,2,4,2,4,1,10,10,0
90,80,8,0,0.2,36,24,0,1,2,4,2,4,1,10,10,0
95,80,8,0,0.2,36,24,0,1,2,4,2,4,1,10,10,0
100,80,8,0,0.2,36,24,0,1,2,4,2,4,1,10,10,0
5,85,8,0,0.2,36,24,0,1,2,4,2,4,1,10,10,0
10,85,8,0,0.2,36,24,0,1,2,4,2,4,1,10,10,0
15,85,8,0,0.2,36,24,0,1,2,4,2,4,1,10,10,0
20,85,8,0,0.2,36,24,0,1,2,4,2,4,1,10,10,0
25,85,8,0,0.2,36,24,0,1,2,4,2,4,1,10,10,0
30,85,8,0,0.2,36,24,0,1,2,4,2,4,1,10,10,0
35,85,8,0,0.2,36,24,0,1,2,4,2,4,1,10,10,0
40,85,8,0,0.2,36,24,0,1,2,4,2,4,1,10,10,0
45,85,8,0,0.2,36,24,0,1,2,4,2,4,1,10,10,0
50,85,8,0,0.2,36,24,0,1,2,4,2,4,1,10,10,0
55,85,8,0,0.2,36,24,0,1,2,4,2,4,1,10,10,0
60,85,8,0,0.2,36,24,0,1,2,4,2,4,1,10,10,0
65,85,8,0,0.2,36,24,0,1,2,4,2,4,1,10,10,0
70,85,8,0,0.2,36,24,0,1,2,4,2,4,1,10,10,0
75,85,8,0,0.2,36,24,0,1,2,4,2,4,1,10,10,0
80,85,8,0,0.2,36,24,0,1,2,4,2,4,1,10,10,0
85,85,8,0,0.2,36,24,0,1,2,4,2,4,1,10,10,0
90,85,8,0,0.2,36,24,0,1,2,4,2,4,1,10,10,0
95,85,8,0,0.2,36,24,0,1,2,4,2,4,1,10,10,0
100,85,8,0,0.2,36,24,0,1,2,4,2,4,1,10,10,0
5,90,8,0,0.2,36,24,0,1,2,4,2,4,1,10,10,0
10,90,8,0,0.2,36,24,0,1,2,4,2,4,1,10,10,0
15,90,8,0,0.2,36,24,0,1,2,4,2,4,1,10,10,0
20,90,8,0,0.2,36,24,0,1,2,4,2,4,1,10,10,0
25,90,8,0,0.2,36,24,0,1,2,4,2,4,1,10,10,0
30,90,8,0,0.2,36,24,0,1,2,4,2,4,1,10,10,0
35,90,8,0,0.2,36,24,0,1,2,4,2,4,1,10,10,0
40,90,8,0,0.2,36,24,0,1,2,4,2,4,1,10,10,0
45,90,8,0,0.2,36,24,0,1,2,4,2,4,1,10,10,0
50,90,8,0,0.2,36,24,0,1,2,4,2,4,1,10,10,0
55,90,8,0,0.2,36,24,0,1,2,4,2,4,1,10,10,0
60,90,8,0,0.2,36,24,0,1,2,4,2,4,1,10,10,0
65,90,8,0,0.2,36,24,0,1,2,4,2,4,1,10,10,0
70,90,8,0,0.2,36,24,0,1,2,4,2,4,1,10,10,0
75,90,8,0,0.2,36,24,0,1,2,4,2,4,1,10,10,0
80,90,8,0,0.2,36,24,0,1,2,4,2,4,1,10,10,0
85,90,8,0,0.2,36,24,0,1,2,4,2,4,1,10,10,0
90,90,8,0,0.2,36,24,0,1,2,4,2,4,1,10,10,0
95,90,8,0,0.2,36,24,0,1,2,4,2,4,1,10,10,0
100,90,8,0,0.2,36,24,0,1,2,4,2,4,1,10,10,0
5,95,8,0,0.2,36,24,0,1,2,4,2,4,1,10,10,0
10,95,8,0,0.2,36,24,0,1,2,4,2,4,1,10,10,0
15,95,8,0,0.2,36,24,0,1,2,4,2,4,1,10,10,0
20,95,8,0,0.2,36,24,0,1,2,4,2,4,1,10,10,0
25,95,8,0,0.2,36,24,0,1,2,4,2,4,1,10,10,0
30,95,8,0,0.2,36,24,0,1,2,4,2,4,1,10,10,0
35,95,8,0,0.2,36,24,0,1,2,4,2,4,1,10,10,0
40,95,8,0,0.2,36,24,0,1,2,4,2,4,1,10,10,0
45,95,8,0,0.2,36,24,0,1,2,4,2,4,1,10,10,0
50,95,8,0,0.2,36,24,0,1,2,4,2,4,1,10,10,0
55,95,8,0,0.2,36,24,0,1,2,4,2,4,1,10,10,0
60,95,8,0,0.2,36,24,0,1,2,4,2,4,1,10,10,0
65,95,8,0,0.2,36,24,0,1,2,4,2,4,1,10,10,0
70,95,8,0,0.2,36,24,0,1,2,4,2,4,1,10,10,0
75,95,8,0,0.2,36,24,0,1,2,4,2,4,1,10,10,0
80,95,8,0,0.2,36,24,0,1,2,4,2,4,1,10,10,0
85,95,8,0,0.2,36,24,0,1,2,4,2,4,1,10,10,0
90,95,8,0,0.2,36,24,0,1,2,4,2,4,1,10,10,0
95,95,8,0,0.2,36,24,0,1,2,4,2,4,1,10,10,0
100,95,8,0,0.2,36,24,0,1,2,4,2,4,1,10,10,0
5,100,8,0,0.2,36,24,0,1,2,4,2,4,1,10,10,0
10,100,8,0,0.2,36,24,0,1,2,4,2,4,1,10,10,0
15,100,8,0,0.2,36,24,0,1,2,4,2,4,1,10,10,0
20,100,8,0,0.2,36,24,0,1,2,4,2,4,1,10,10,0
25,100,8,0,0.2,36,24,0,1,2,4,2,4,1,10,10,0
30,100,8,0,0.2,36,24,0,1,2,4,2,4,1,10,10,0
35,100,8,0,0.2,36,24,0,1,2,4,2,4,1,10,10,0
40,100,8,0,0.2,36,24,0,1,2,4,2,4,1,10,10,0
45,100,8,0,0.2,36,24,0,1,2,4,2,4,1,10,10,0
50,100,8,0,0.2,36,24,0,1,2,4,2,4,1,10,10,0
55,100,8,0,0.2,36,24,0,1,2,4,2,4,1,10,10,0
60,100,8,0,0.2,36,24,0,1,2,4,2,4,1,10,10,0
65,100,8,0,0.2,36,24,0,1,2,4,2,4,1,10,10,0
70,100,8,0,0.2,36,24,0,1,2,4,2,4,1,10,10,0
75,100,8,0,0.2,36,24,0,1,2,4,2,4,1,10,10,0
80,100,8,0,0.2,36,24,0,1,2,4,2,4,1,10,10,0
85,100,8,0,0.2,36,24,0,1,2,4,2,4,1,10,10,0
90,100,8,0,0.2,36,24,0,1,2,4,2,4,1,10,10,0
95,100,8,0,0.2,36,24,0,1,2,4,2,4,1,10,10,0
100,100,8,0,0.2,36,24,0,1,2,4,2,4,1,10,10,0
5,5,10,0,0.2,36,24,0,1,2,4,2,4,1,10,10,0
10,5,10,0,0.2,36,24,0,1,2,4,2,4,1,10,10,0
15,5,10,0,0.2,36,24,0,1,2,4,2,4,1,10,10,0
20,5,10,0,0.2,36,24,0,1,2,4,2,4,1,10,10,0
25,5,10,0,0.2,36,24,0,1,2,4,2,4,1,10,10,0
30,5,10,0,0.2,36,24,0,1,2,4,2,4,1,10,10,0
35,5,10,0,0.2,36,24,0,1,2,4,2,4,1,10,10,0
40,5,10,0,0.2,36,24,0,1,2,4,2,4,1,10,10,0
45,5,10,0,0.2,36,24,0,1,2,4,2,4,1,10,10,0
50,5,10,0,0.2,36,24,0,1,2,4,2,4,1,10,10,0
55,5,10,0,0.2,36,24,0,1,2,4,2,4,1,10,10,0
60,5,10,0,0.2,36,24,0,1,2,4,2,4,1,10,10,0
65,5,10,0,0.2,36,24,0,1,2,4,2,4,1,10,10,0
70,5,10,0,0.2,36,24,0,1,2,4,2,4,1,10,10,0
75,5,10,0,0.2,36,24,0,1,2,4,2,4,1,10,10,0
80,5,10,0,0.2,36,24,0,1,2,4,2,4,1,10,10,0
85,5,10,0,0.2,36,24,0,1,2,4,2,4,1,10,10,0
90,5,10,0,0.2,36,24,0,1,2,4,2,4,1,10,10,0
95,5,10,0,0.2,36,24,0,1,2,4,2,4,1,10,10,0
100,5,10,0,0.2,36,24,0,1,2,4,2,4,1,10,10,0
5,10,10,0,0.2,36,24,0,1,2,4,2,4,1,10,10,0
10,10,10,0,0.2,36,24,0,1,2,4,2,4,1,10,10,0
15,10,10,0,0.2,36,24,0,1,2,4,2,4,1,10,10,0
20,10,10,0,0.2,36,24,0,1,2,4,2,4,1,10,10,0
25,10,10,0,0.2,36,24,0,1,2,4,2,4,1,10,10,0
30,10,10,0,0.2,36,24,0,1,2,4,2,4,1,10,10,0
35,10,10,0,0.2,36,24,0,1,2,4,2,4,1,10,10,0
40,10,10,0,0.2,36,24,0,1,2,4,2,4,1,10,10,0
45,10,10,0,0.2,36,24,0,1,2,4,2,4,1,10,10,0
50,10,10,0,0.2,36,24,0,1,2,4,2,4,1,10,10,0
55,10,10,0,0.2,36,24,0,1,2,4,2,4,1,10,10,0
60,10,10,0,0.2,36,24,0,1,2,4,2,4,1,10,10,0
65,10,10,0,0.2,36,24,0,1,2,4,2,4,1,10,10,0
70,10,10,0,0.2,36,24,0,1,2,4,2,4,1,10,10,0
75,10,10,0,0.2,36,24,0,1,2,4,2,4,1,10,10,0
80,10,10,0,0.2,36,24,0,1,2,4,2,4,1,10,10,0
85,10,10,0,0.2,36,24,0,1,2,4,2,4,1,10,10,0
90,10,10,0,0.2,36,24,0,1,2,4,2,4,1,10,10,0
95,10,10,0,0.2,36,24,0,1,2,4,2,4,1,10,10,0
100,10,10,0,0.2,36,24,0,1,2,4,2,4,1,10,10,0
5,15,10,0,0.2,36,24,0,1,2,4,2,4,1,10,10,0
10,15,10,0,0.2,36,24,0,1,2,4,2,4,1,10,10,0
15,15,10,0,0.2,36,24,0,1,2,4,2,4,1,10,10,0
20,15,10,0,0.2,36,24,0,1,2,4,2,4,1,10,10,0
25,15,10,0,0.2,36,24,0,1,2,4,2,4,1,10,10,0
30,15,10,0,0.2,36,24,0,1,2,4,2,4,1,10,10,0
35,15,10,0,0.2,36,24,0,1,2,4,2,4,1,10,10,0
40,15,10,0,0.2,36,24,0,1,2,4,2,4,1,10,10,0
45,15,10,0,0.2,36,24,0,1,2,4,2,4,1,10,10,0
50,15,10,0,0.2,36,24,0,1,2,4,2,4,1,10,10,0
55,15,10,0,0.2,36,24,0,1,2,4,2,4,1,10,10,0
60,15,10,0,0.2,36,24,0,1,2,4,2,4,1,10,10,0
65,15,10,0,0.2,36,24,0,1,2,4,2,4,1,10,10,0
70,15,10,0,0.2,36,24,0,1,2,4,2,4,1,10,10,0
75,15,10,0,0.2,36,24,0,1,2,4,2,4,1,10,10,0
80,15,10,0,0.2,36,24,0,1,2,4,2,4,1,10,10,0
85,15,10,0,0.2,36,24,0,1,2,4,2,4,1,10,10,0
90,15,10,0,0.2,36,24,0,1,2,4,2,4,1,10,10,0
95,15,10,0,0.2,36,24,0,1,2,4,2,4,1,10,10,0
100,15,10,0,0.2,36,24,0,1,2,4,2,4,1,10,10,0
5,20,10,0,0.2,36,24,0,1,2,4,2,4,1,10,10,0
10,20,10,0,0.2,36,24,0,1,2,4,2,4,1,10,10,0
15,20,10,0,0.2,36,24,0,1,2,4,2,4,1,10,10,0
20,20,10,0,0.2,36,24,0,1,2,4,2,4,1,10,10,0
25,20,10,0,0.2,36,24,0,1,2,4,2,4,1,10,10,0
30,20,10,0,0.2,36,24,0,1,2,4,2,4,1,10,10,0
35,20,10,0,0.2,36,24,0,1,2,4,2,4,1,10,10,0
40,20,10,0,0.2,36,24,0,1,2,4,2,4,1,10,10,0
45,20,10,0,0.2,36,24,0,1,2,4,2,4,1,10,10,0
50,20,10,0,0.2,36,24,0,1,2,4,2,4,1,10,10,0
55,20,10,0,0.2,36,24,0,1,2,4,2,4,1,10,10,0
60,20,10,0,0.2,36,24,0,1,2,4,2,4,1,10,10,0
65,20,10,0,0.2,36,24,0,1,2,4,2,4,1,10,10,0
70,20,10,0,0.2,36,24,0,1,2,4,2,4,1,10,10,0
75,20,10,0,0.2,36,24,0,1,2,4,2,4,1,10,10,0
80,20,10,0,0.2,36,24,0,1,2,4,2,4,1,10,10,0
85,20,10,0,0.2,36,24,0,1,2,4,2,4,1,10,10,0
90,20,10,0,0.2,36,24,0,1,2,4,2,4,1,10,10,0
95,20,10,0,0.2,36,24,0,1,2,4,2,4,1,10,10,0
100,20,10,0,0.2,36,24,0,1,2,4,2,4,1,10,10,0
5,25,10,0,0.2,36,24,0,1,2,4,2,4,1,10,10,0
10,25,10,0,0.2,36,24,0,1,2,4,2,4,1,10,10,0
15,25,10,0,0.2,36,24,0,1,2,4,2,4,1,10,10,0
20,25,10,0,0.2,36,24,0,1,2,4,2,4,1,10,10,0
25,25,10,0,0.2,36,24,0,1,2,4,2,4,1,10,10,0
30,25,10,0,0.2,36,24,0,1,2,4,2,4,1,10,10,0
35,25,10,0,0.2,36,24,0,1,2,4,2,4,1,10,10,0
40,25,10,0,0.2,36,24,0,1,2,4,2,4,1,10,10,0
45,25,10,0,0.2,36,24,0,1,2,4,2,4,1,10,10,0
50,25,10,0,0.2,36,24,0,1,2,4,2,4,1,10,10,0
55,25,10,0,0.2,36,24,0,1,2,4,2,4,1,10,10,0
60,25,10,0,0.2,36,24,0,1,2,4,2,4,1,10,10,0
65,25,10,0,0.2,36,24,0,1,2,4,2,4,1,10,10,0
70,25,10,0,0.2,36,24,0,1,2,4,2,4,1,10,10,0
75,25,10,0,0.2,36,24,0,1,2,4,2,4,1,10,10,0
80,25,10,0,0.2,36,24,0,1,2,4,2,4,1,10,10,0
85,25,10,0,0.2,36,24,0,1,2,4,2,4,1,10,10,0
90,25,10,0,0.2,36,24,0,1,2,4,2,4,1,10,10,0
95,25,10,0,0.2,36,24,0,1,2,4,2,4,1,10,10,0
100,25,10,0,0.2,36,24,0,1,2,4,2,4,1,10,10,0
5,30,10,0,0.2,36,24,0,1,2,4,2,4,1,10,10,0
10,30,10,0,0.2,36,24,0,1,2,4,2,4,1,10,10,0
15,30,10,0,0.2,36,24,0,1,2,4,2,4,1,10,10,0
20,30,10,0,0.2,36,24,0,1,2,4,2,4,1,10,10,0
25,30,10,0,0.2,36,24,0,1,2,4,2,4,1,10,10,0
30,30,10,0,0.2,36,24,0,1,2,4,2,4,1,10,10,0
35,30,10,0,0.2,36,24,0,1,2,4,2,4,1,10,10,0
40,30,10,0,0.2,36,24,0,1,2,4,2,4,1,10,10,0
45,30,10,0,0.2,36,24,0,1,2,4,2,4,1,10,10,0
50,30,10,0,0.2,36,24,0,1,2,4,2,4,1,10,10,0
55,30,10,0,0.2,36,24,0,1,2,4,2,4,1,10,10,0
60,30,10,0,0.2,36,24,0,1,2,4,2,4,1,10,10,0
65,30,10,0,0.2,36,24,0,1,2,4,2,4,1,10,10,0
70,30,10,0,0.2,36,24,0,1,2,4,2,4,1,10,10,0
75,30,10,0,0.2,36,24,0,1,2,4,2,4,1,10,10,0
80,30,10,0,0.2,36,24,0,1,2,4,2,4,1,10,10,0
85,30,10,0,0.2,36,24,0,1,2,4,2,4,1,10,10,0
90,30,10,0,0.2,36,24,0,1,2,4,2,4,1,10,10,0
95,30,10,0,0.2,36,24,0,1,2,4,2,4,1,10,10,0
100,30,10,0,0.2,36,24,0,1,2,4,2,4,1,10,10,0
5,35,10,0,0.2,36,24,0,1,2,4,2,4,1,10,10,0
10,35,10,0,0.2,36,24,0,1,2,4,2,4,1,10,10,0
15,35,10,0,0.2,36,24,0,1,2,4,2,4,1,10,10,0
20,35,10,0,0.2,36,24,0,1,2,4,2,4,1,10,10,0
25,35,10,0,0.2,36,24,0,1,2,4,2,4,1,10,10,0
30,35,10,0,0.2,36,24,0,1,2,4,2,4,1,10,10,0
35,35,10,0,0.2,36,24,0,1,2,4,2,4,1,10,10,0
40,35,10,0,0.2,36,24,0,1,2,4,2,4,1,10,10,0
45,35,10,0,0.2,36,24,0,1,2,4,2,4,1,10,10,0
50,35,10,0,0.2,36,24,0,1,2,4,2,4,1,10,10,0
55,35,10,0,0.2,36,24,0,1,2,4,2,4,1,10,10,0
60,35,10,0,0.2,36,24,0,1,2,4,2,4,1,10,10,0
65,35,10,0,0.2,36,24,0,1,2,4,2,4,1,10,10,0
70,35,10,0,0.2,36,24,0,1,2,4,2,4,1,10,10,0
75,35,10,0,0.2,36,24,0,1,2,4,2,4,1,10,10,0
80,35,10,0,0.2,36,24,0,1,2,4,2,4,1,10,10,0
85,35,10,0,0.2,36,24,0,1,2,4,2,4,1,10,10,0
90,35,10,0,0.2,36,24,0,1,2,4,2,4,1,10,10,0
95,35,10,0,0.2,36,24,0,1,2,4,2,4,1,10,10,0
100,35,10,0,0.2,36,24,0,1,2,4,2,4,1,10,10,0
5,40,10,0,0.2,36,24,0,1,2,4,2,4,1,10,10,0
10,40,10,0,0.2,36,24,0,1,2,4,2,4,1,10,10,0
15,40,10,0,0.2,36,24,0,1,2,4,2,4,1,10,10,0
20,40,10,0,0.2,36,24,0,1,2,4,2,4,1,10,10,0
25,40,10,0,0.2,36,24,0,1,2,4,2,4,1,10,10,0
30,40,10,0,0.2,36,24,0,1,2,4,2,4,1,10,10,0
35,40,10,0,0.2,36,24,0,1,2,4,2,4,1,10,10,0
40,40,10,0,0.2,36,24,0,1,2,4,2,4,1,10,10,0
45,40,10,0,0.2,36,24,0,1,2,4,2,4,1,10,10,0
50,40,10,0,0.2,36,24,0,1,2,4,2,4,1,10,10,0
55,40,10,0,0.2,36,24,0,1,2,4,2,4,1,10,10,0
60,40,10,0,0.2,36,24,0,1,2,4,2,4,1,10,10,0
65,40,10,0,0.2,36,24,0,1,2,4,2,4,1,10,10,0
70,40,10,0,0.2,36,24,0,1,2,4,2,4,1,10,10,0
75,40,10,0,0.2,36,24,0,1,2,4,2,4,1,10,10,0
80,40,10,0,0.2,36,24,0,1,2,4,2,4,1,10,10,0
85,40,10,0,0.2,36,24,0,1,2,4,2,4,1,10,10,0
90,40,10,0,0.2,36,24,0,1,2,4,2,4,1,10,10,0
95,40,10,0,0.2,36,24,0,1,2,4,2,4,1,10,10,0
100,40,10,0,0.2,36,24,0,1,2,4,2,4,1,10,10,0
5,45,10,0,0.2,36,24,0,1,2,4,2,4,1,10,10,0
10,45,10,0,0.2,36,24,0,1,2,4,2,4,1,10,10,0
15,45,10,0,0.2,36,24,0,1,2,4,2,4,1,10,10,0
20,45,10,0,0.2,36,24,0,1,2,4,2,4,1,10,10,0
25,45,10,0,0.2,36,24,0,1,2,4,2,4,1,10,10,0
30,45,10,0,0.2,36,24,0,1,2,4,2,4,1,10,10,0
35,45,10,0,0.2,36,24,0,1,2,4,2,4,1,10,10,0
40,45,10,0,0.2,36,24,0,1,2,4,2,4,1,10,10,0
45,45,10,0,0.2,36,24,0,1,2,4,2,4,1,10,10,0
50,45,10,0,0.2,36,24,0,1,2,4,2,4,1,10,10,0
55,45,10,0,0.2,36,24,0,1,2,4,2,4,1,10,10,0
60,45,10,0,0.2,36,24,0,1,2,4,2,4,1,10,10,0
65,45,10,0,0.2,36,24,0,1,2,4,2,4,1,10,10,0
70,45,10,0,0.2,36,24,0,1,2,4,2,4,1,10,10,0
75,45,10,0,0.2,36,24,0,1,2,4,2,4,1,10,10,0
80,45,10,0,0.2,36,24,0,1,2,4,2,4,1,10,10,0
85,45,10,0,0.2,36,24,0,1,2,4,2,4,1,10,10,0
90,45,10,0,0.2,36,24,0,1,2,4,2,4,1,10,10,0
95,45,10,0,0.2,36,24,0,1,2,4,2,4,1,10,10,0
100,45,10,0,0.2,36,24,0,1,2,4,2,4,1,10,10,0
5,50,10,0,0.2,36,24,0,1,2,4,2,4,1,10,10,0
10,50,10,0,0.2,36,24,0,1,2,4,2,4,1,10,10,0
15,50,10,0,0.2,36,24,0,1,2,4,2,4,1,10,10,0
20,50,10,0,0.2,36,24,0,1,2,4,2,4,1,10,10,0
25,50,10,0,0.2,36,24,0,1,2,4,2,4,1,10,10,0
30,50,10,0,0.2,36,24,0,1,2,4,2,4,1,10,10,0
35,50,10,0,0.2,36,24,0,1,2,4,2,4,1,10,10,0
40,50,10,0,0.2,36,24,0,1,2,4,2,4,1,10,10,0
45,50,10,0,0.2,36,24,0,1,2,4,2,4,1,10,10,0
50,50,10,0,0.2,36,24,0,1,2,4,2,4,1,10,10,0
55,50,10,0,0.2,36,24,0,1,2,4,2,4,1,10,10,0
60,50,10,0,0.2,36,24,0,1,2,4,2,4,1,10,10,0
65,50,10,0,0.2,36,24,0,1,2,4,2,4,1,10,10,0
70,50,10,0,0.2,36,24,0,1,2,4,2,4,1,10,10,0
75,50,10,0,0.2,36,24,0,1,2,4,2,4,1,10,10,0
80,50,10,0,0.2,36,24,0,1,2,4,2,4,1,10,10,0
85,50,10,0,0.2,36,24,0,1,2,4,2,4,1,10,10,0
90,50,10,0,0.2,36,24,0,1,2,4,2,4,1,10,10,0
95,50,10,0,0.2,36,24,0,1,2,4,2,4,1,10,10,0
100,50,10,0,0.2,36,24,0,1,2,4,2,4,1,10,10,0
5,55,10,0,0.2,36,24,0,1,2,4,2,4,1,10,10,0
10,55,10,0,0.2,36,24,0,1,2,4,2,4,1,10,10,0
15,55,10,0,0.2,36,24,0,1,2,4,2,4,1,10,10,0
20,55,10,0,0.2,36,24,0,1,2,4,2,4,1,10,10,0
25,55,10,0,0.2,36,24,0,1,2,4,2,4,1,10,10,0
30,55,10,0,0.2,36,24,0,1,2,4,2,4,1,10,10,0
35,55,10,0,0.2,36,24,0,1,2,4,2,4,1,10,10,0
40,55,10,0,0.2,36,24,0,1,2,4,2,4,1,10,10,0
45,55,10,0,0.2,36,24,0,1,2,4,2,4,1,10,10,0
50,55,10,0,0.2,36,24,0,1,2,4,2,4,1,10,10,0
55,55,10,0,0.2,36,24,0,1,2,4,2,4,1,10,10,0
60,55,10,0,0.2,36,24,0,1,2,4,2,4,1,10,10,0
65,55,10,0,0.2,36,24,0,1,2,4,2,4,1,10,10,0
70,55,10,0,0.2,36,24,0,1,2,4,2,4,1,10,10,0
75,55,10,0,0.2,36,24,0,1,2,4,2,4,1,10,10,0
80,55,10,0,0.2,36,24,0,1,2,4,2,4,1,10,10,0
85,55,10,0,0.2,36,24,0,1,2,4,2,4,1,10,10,0
90,55,10,0,0.2,36,24,0,1,2,4,2,4,1,10,10,0
95,55,10,0,0.2,36,24,0,1,2,4,2,4,1,10,10,0
100,55,10,0,0.2,36,24,0,1,2,4,2,4,1,10,10,0
5,60,10,0,0.2,36,24,0,1,2,4,2,4,1,10,10,0
10,60,10,0,0.2,36,24,0,1,2,4,2,4,1,10,10,0
15,60,10,0,0.2,36,24,0,1,2,4,2,4,1,10,10,0
20,60,10,0,0.2,36,24,0,1,2,4,2,4,1,10,10,0
25,60,10,0,0.2,36,24,0,1,2,4,2,4,1,10,10,0
30,60,10,0,0.2,36,24,0,1,2,4,2,4,1,10,10,0
35,60,10,0,0.2,36,24,0,1,2,4,2,4,1,10,10,0
40,60,10,0,0.2,36,24,0,1,2,4,2,4,1,10,10,0
45,60,10,0,0.2,36,24,0,1,2,4,2,4,1,10,10,0
50,60,10,0,0.2,36,24,0,1,2,4,2,4,1,10,10,0
55,60,10,0,0.2,36,24,0,1,2,4,2,4,1,10,10,0
60,60,10,0,0.2,36,24,0,1,2,4,2,4,1,10,10,0
65,60,10,0,0.2,36,24,0,1,2,4,2,4,1,10,10,0
70,60,10,0,0.2,36,24,0,1,2,4,2,4,1,10,10,0
75,60,10,0,0.2,36,24,0,1,2,4,2,4,1,10,10,0
80,60,10,0,0.2,36,24,0,1,2,4,2,4,1,10,10,0
85,60,10,0,0.2,36,24,0,1,2,4,2,4,1,10,10,0
90,60,10,0,0.2,36,24,0,1,2,4,2,4,1,10,10,0
95,60,10,0,0.2,36,24,0,1,2,4,2,4,1,10,10,0
100,60,10,0,0.2,36,24,0,1,2,4,2,4,1,10,10,0
5,65,10,0,0.2,36,24,0,1,2,4,2,4,1,10,10,0
10,65,10,0,0.2,36,24,0,1,2,4,2,4,1,10,10,0
15,65,10,0,0.2,36,24,0,1,2,4,2,4,1,10,10,0
20,65,10,0,0.2,36,24,0,1,2,4,2,4,1,10,10,0
25,65,10,0,0.2,36,24,0,1,2,4,2,4,1,10,10,0
30,65,10,0,0.2,36,24,0,1,2,4,2,4,1,10,10,0
35,65,10,0,0.2,36,24,0,1,2,4,2,4,1,10,10,0
40,65,10,0,0.2,36,24,0,1,2,4,2,4,1,10,10,0
45,65,10,0,0.2,36,24,0,1,2,4,2,4,1,10,10,0
50,65,10,0,0.2,36,24,0,1,2,4,2,4,1,10,10,0
55,65,10,0,0.2,36,24,0,1,2,4,2,4,1,10,10,0
60,65,10,0,0.2,36,24,0,1,2,4,2,4,1,10,10,0
65,65,10,0,0.2,36,24,0,1,2,4,2,4,1,10,10,0
70,65,10,0,0.2,36,24,0,1,2,4,2,4,1,10,10,0
75,65,10,0,0.2,36,24,0,1,2,4,2,4,1,10,10,0
80,65,10,0,0.2,36,24,0,1,2,4,2,4,1,10,10,0
85,65,10,0,0.2,36,24,0,1,2,4,2,4,1,10,10,0
90,65,10,0,0.2,36,24,0,1,2,4,2,4,1,10,10,0
95,65,10,0,0.2,36,24,0,1,2,4,2,4,1,10,10,0
100,65,10,0,0.2,36,24,0,1,2,4,2,4,1,10,10,0
5,70,10,0,0.2,36,24,0,1,2,4,2,4,1,10,10,0
10,70,10,0,0.2,36,24,0,1,2,4,2,4,1,10,10,0
15,70,10,0,0.2,36,24,0,1,2,4,2,4,1,10,10,0
20,70,10,0,0.2,36,24,0,1,2,4,2,4,1,10,10,0
25,70,10,0,0.2,36,24,0,1,2,4,2,4,1,10,10,0
30,70,10,0,0.2,36,24,0,1,2,4,2,4,1,10,10,0
35,70,10,0,0.2,36,24,0,1,2,4,2,4,1,10,10,0
40,70,10,0,0.2,36,24,0,1,2,4,2,4,1,10,10,0
45,70,10,0,0.2,36,24,0,1,2,4,2,4,1,10,10,0
50,70,10,0,0.2,36,24,0,1,2,4,2,4,1,10,10,0
55,70,10,0,0.2,36,24,0,1,2,4,2,4,1,10,10,0
60,70,10,0,0.2,36,24,0,1,2,4,2,4,1,10,10,0
65,70,10,0,0.2,36,24,0,1,2,4,2,4,1,10,10,0
70,70,10,0,0.2,36,24,0,1,2,4,2,4,1,10,10,0
75,70,10,0,0.2,36,24,0,1,2,4,2,4,1,10,10,0
80,70,10,0,0.2,36,24,0,1,2,4,2,4,1,10,10,0
85,70,10,0,0.2,36,24,0,1,2,4,2,4,1,10,10,0
90,70,10,0,0.2,36,24,0,1,2,4,2,4,1,10,10,0
95,70,10,0,0.2,36,24,0,1,2,4,2,4,1,10,10,0
100,70,10,0,0.2,36,24,0,1,2,4,2,4,1,10,10,0
5,75,10,0,0.2,36,24,0,1,2,4,2,4,1,10,10,0
10,75,10,0,0.2,36,24,0,1,2,4,2,4,1,10,10,0
15,75,10,0,0.2,36,24,0,1,2,4,2,4,1,10,10,0
20,75,10,0,0.2,36,24,0,1,2,4,2,4,1,10,10,0
25,75,10,0,0.2,36,24,0,1,2,4,2,4,1,10,10,0
30,75,10,0,0.2,36,24,0,1,2,4,2,4,1,10,10,0
35,75,10,0,0.2,36,24,0,1,2,4,2,4,1,10,10,0
40,75,10,0,0.2,36,24,0,1,2,4,2,4,1,10,10,0
45,75,10,0,0.2,36,24,0,1,2,4,2,4,1,10,10,0
50,75,10,0,0.2,36,24,0,1,2,4,2,4,1,10,10,0
55,75,10,0,0.2,36,24,0,1,2,4,2,4,1,10,10,0
60,75,10,0,0.2,36,24,0,1,2,4,2,4,1,10,10,0
65,75,10,0,0.2,36,24,0,1,2,4,2,4,1,10,10,0
70,75,10,0,0.2,36,24,0,1,2,4,2,4,1,10,10,0
75,75,10,0,0.2,36,24,0,1,2,4,2,4,1,10,10,0
80,75,10,0,0.2,36,24,0,1,2,4,2,4,1,10,10,0
85,75,10,0,0.2,36,24,0,1,2,4,2,4,1,10,10,0
90,75,10,0,0.2,36,24,0,1,2,4,2,4,1,10,10,0
95,75,10,0,0.2,36,24,0,1,2,4,2,4,1,10,10,0
100,75,10,0,0.2,36,24,0,1,2,4,2,4,1,10,10,0
5,80,10,0,0.2,36,24,0,1,2,4,2,4,1,10,10,0
10,80,10,0,0.2,36,24,0,1,2,4,2,4,1,10,10,0
15,80,10,0,0.2,36,24,0,1,2,4,2,4,1,10,10,0
20,80,10,0,0.2,36,24,0,1,2,4,2,4,1,10,10,0
25,80,10,0,0.2,36,24,0,1,2,4,2,4,1,10,10,0
30,80,10,0,0.2,36,24,0,1,2,4,2,4,1,10,10,0
35,80,10,0,0.2,36,24,0,1,2,4,2,4,1,10,10,0
40,80,10,0,0.2,36,24,0,1,2,4,2,4,1,10,10,0
45,80,10,0,0.2,36,24,0,1,2,4,2,4,1,10,10,0
50,80,10,0,0.2,36,24,0,1,2,4,2,4,1,10,10,0
55,80,10,0,0.2,36,24,0,1,2,4,2,4,1,10,10,0
60,80,10,0,0.2,36,24,0,1,2,4,2,4,1,10,10,0
65,80,10,0,0.2,36,24,0,1,2,4,2,4,1,10,10,0
70,80,10,0,0.2,36,24,0,1,2,4,2,4,1,10,10,0
75,80,10,0,0.2,36,24,0,1,2,4,2,4,1,10,10,0
80,80,10,0,0.2,36,24,0,1,2,4,2,4,1,10,10,0
85,80,10,0,0.2,36,24,0,1,2,4,2,4,1,10,10,0
90,80,10,0,0.2,36,24,0,1,2,4,2,4,1,10,10,0
95,80,10,0,0.2,36,24,0,1,2,4,2,4,1,10,10,0
100,80,10,0,0.2,36,24,0,1,2,4,2,4,1,10,10,0
5,85,10,0,0.2,36,24,0,1,2,4,2,4,1,10,10,0
10,85,10,0,0.2,36,24,0,1,2,4,2,4,1,10,10,0
15,85,10,0,0.2,36,24,0,1,2,4,2,4,1,10,10,0
20,85,10,0,0.2,36,24,0,1,2,4,2,4,1,10,10,0
25,85,10,0,0.2,36,24,0,1,2,4,2,4,1,10,10,0
30,85,10,0,0.2,36,24,0,1,2,4,2,4,1,10,10,0
35,85,10,0,0.2,36,24,0,1,2,4,2,4,1,10,10,0
40,85,10,0,0.2,36,24,0,1,2,4,2,4,1,10,10,0
45,85,10,0,0.2,36,24,0,1,2,4,2,4,1,10,10,0
50,85,10,0,0.2,36,24,0,1,2,4,2,4,1,10,10,0
55,85,10,0,0.2,36,24,0,1,2,4,2,4,1,10,10,0
60,85,10,0,0.2,36,24,0,1,2,4,2,4,1,10,10,0
65,85,10,0,0.2,36,24,0,1,2,4,2,4,1,10,10,0
70,85,10,0,0.2,36,24,0,1,2,4,2,4,1,10,10,0
75,85,10,0,0.2,36,24,0,1,2,4,2,4,1,10,10,0
80,85,10,0,0.2,36,24,0,1,2,4,2,4,1,10,10,0
85,85,10,0,0.2,36,24,0,1,2,4,2,4,1,10,10,0
90,85,10,0,0.2,36,24,0,1,2,4,2,4,1,10,10,0
95,85,10,0,0.2,36,24,0,1,2,4,2,4,1,10,10,0
100,85,10,0,0.2,36,24,0,1,2,4,2,4,1,10,10,0
5,90,10,0,0.2,36,24,0,1,2,4,2,4,1,10,10,0
10,90,10,0,0.2,36,24,0,1,2,4,2,4,1,10,10,0
15,90,10,0,0.2,36,24,0,1,2,4,2,4,1,10,10,0
20,90,10,0,0.2,36,24,0,1,2,4,2,4,1,10,10,0
25,90,10,0,0.2,36,24,0,1,2,4,2,4,1,10,10,0
30,90,10,0,0.2,36,24,0,1,2,4,2,4,1,10,10,0
35,90,10,0,0.2,36,24,0,1,2,4,2,4,1,10,10,0
40,90,10,0,0.2,36,24,0,1,2,4,2,4,1,10,10,0
45,90,10,0,0.2,36,24,0,1,2,4,2,4,1,10,10,0
50,90,10,0,0.2,36,24,0,1,2,4,2,4,1,10,10,0
55,90,10,0,0.2,36,24,0,1,2,4,2,4,1,10,10,0
60,90,10,0,0.2,36,24,0,1,2,4,2,4,1,10,10,0
65,90,10,0,0.2,36,24,0,1,2,4,2,4,1,10,10,0
70,90,10,0,0.2,36,24,0,1,2,4,2,4,1,10,10,0
75,90,10,0,0.2,36,24,0,1,2,4,2,4,1,10,10,0
80,90,10,0,0.2,36,24,0,1,2,4,2,4,1,10,10,0
85,90,10,0,0.2,36,24,0,1,2,4,2,4,1,10,10,0
90,90,10,0,0.2,36,24,0,1,2,4,2,4,1,10,10,0
95,90,10,0,0.2,36,24,0,1,2,4,2,4,1,10,10,0
100,90,10,0,0.2,36,24,0,1,2,4,2,4,1,10,10,0
5,95,10,0,0.2,36,24,0,1,2,4,2,4,1,10,10,0
10,95,10,0,0.2,36,24,0,1,2,4,2,4,1,10,10,0
15,95,10,0,0.2,36,24,0,1,2,4,2,4,1,10,10,0
20,95,10,0,0.2,36,24,0,1,2,4,2,4,1,10,10,0
25,95,10,0,0.2,36,24,0,1,2,4,2,4,1,10,10,0
30,95,10,0,0.2,36,24,0,1,2,4,2,4,1,10,10,0
35,95,10,0,0.2,36,24,0,1,2,4,2,4,1,10,10,0
40,95,10,0,0.2,36,24,0,1,2,4,2,4,1,10,10,0
45,95,10,0,0.2,36,24,0,1,2,4,2,4,1,10,10,0
50,95,10,0,0.2,36,24,0,1,2,4,2,4,1,10,10,0
55,95,10,0,0.2,36,24,0,1,2,4,2,4,1,10,10,0
60,95,10,0,0.2,36,24,0,1,2,4,2,4,1,10,10,0
65,95,10,0,0.2,36,24,0,1,2,4,2,4,1,10,10,0
70,95,10,0,0.2,36,24,0,1,2,4,2,4,1,10,10,0
75,95,10,0,0.2,36,24,0,1,2,4,2,4,1,10,10,0
80,95,10,0,0.2,36,24,0,1,2,4,2,4,1,10,10,0
85,95,10,0,0.2,36,24,0,1,2,4,2,4,1,10,10,0
90,95,10,0,0.2,36,24,0,1,2,4,2,4,1,10,10,0
95,95,10,0,0.2,36,24,0,1,2,4,2,4,1,10,10,0
100,95,10,0,0.2,36,24,0,1,2,4,2,4,1,10,10,0
5,100,10,0,0.2,36,24,0,1,2,4,2,4,1,10,10,0
10,100,10,0,0.2,36,24,0,1,2,4,2,4,1,10,10,0
15,100,10,0,0.2,36,24,0,1,2,4,2,4,1,10,10,0
20,100,10,0,0.2,36,24,0,1,2,4,2,4,1,10,10,0
25,100,10,0,0.2,36,24,0,1,2,4,2,4,1,10,10,0
30,100,10,0,0.2,36,24,0,1,2,4,2,4,1,10,10,0
35,100,10,0,0.2,36,24,0,1,2,4,2,4,1,10,10,0
40,100,10,0,0.2,36,24,0,1,2,4,2,4,1,10,10,0
45,100,10,0,0.2,36,24,0,1,2,4,2,4,1,10,10,0
50,100,10,0,0.2,36,24,0,1,2,4,2,4,1,10,10,0
55,100,10,0,0.2,36,24,0,1,2,4,2,4,1,10,10,0
60,100,10,0,0.2,36,24,0,1,2,4,2,4,1,10,10,0
65,100,10,0,0.2,36,24,0,1,2,4,2,4,1,10,10,0
70,100,10,0,0.2,36,24,0,1,2,4,2,4,1,10,10,0
75,100,10,0,0.2,36,24,0,1,2,4,2,4,1,10,10,0
80,100,10,0,0.2,36,24,0,1,2,4,2,4,1,10,10,0
85,100,10,0,0.2,36,24,0,1,2,4,2,4,1,10,10,0
90,100,10,0,0.2,36,24,0,1,2,4,2,4,1,10,10,0
95,100,10,0,0.2,36,24,0,1,2,4,2,4,1,10,10,0
100,100,10,0,0.2,36,24,0,1,2,4,2,4,1,10,10,0
5,5,12,0,0.2,36,24,0,1,2,4,2,4,1,10,10,0
10,5,12,0,0.2,36,24,0,1,2,4,2,4,1,10,10,0
15,5,12,0,0.2,36,24,0,1,2,4,2,4,1,10,10,0
20,5,12,0,0.2,36,24,0,1,2,4,2,4,1,10,10,0
25,5,12,0,0.2,36,24,0,1,2,4,2,4,1,10,10,0
30,5,12,0,0.2,36,24,0,1,2,4,2,4,1,10,10,0
35,5,12,0,0.2,36,24,0,1,2,4,2,4,1,10,10,0
40,5,12,0,0.2,36,24,0,1,2,4,2,4,1,10,10,0
45,5,12,0,0.2,36,24,0,1,2,4,2,4,1,10,10,0
50,5,12,0,0.2,36,24,0,1,2,4,2,4,1,10,10,0
55,5,12,0,0.2,36,24,0,1,2,4,2,4,1,10,10,0
60,5,12,0,0.2,36,24,0,1,2,4,2,4,1,10,10,0
65,5,12,0,0.2,36,24,0,1,2,4,2,4,1,10,10,0
70,5,12,0,0.2,36,24,0,1,2,4,2,4,1,10,10,0
75,5,12,0,0.2,36,24,0,1,2,4,2,4,1,10,10,0
80,5,12,0,0.2,36,24,0,1,2,4,2,4,1,10,10,0
85,5,12,0,0.2,36,24,0,1,2,4,2,4,1,10,10,0
90,5,12,0,0.2,36,24,0,1,2,4,2,4,1,10,10,0
95,5,12,0,0.2,36,24,0,1,2,4,2,4,1,10,10,0
100,5,12,0,0.2,36,24,0,1,2,4,2,4,1,10,10,0
5,10,12,0,0.2,36,24,0,1,2,4,2,4,1,10,10,0
10,10,12,0,0.2,36,24,0,1,2,4,2,4,1,10,10,0
15,10,12,0,0.2,36,24,0,1,2,4,2,4,1,10,10,0
20,10,12,0,0.2,36,24,0,1,2,4,2,4,1,10,10,0
25,10,12,0,0.2,36,24,0,1,2,4,2,4,1,10,10,0
30,10,12,0,0.2,36,24,0,1,2,4,2,4,1,10,10,0
35,10,12,0,0.2,36,24,0,1,2,4,2,4,1,10,10,0
40,10,12,0,0.2,36,24,0,1,2,4,2,4,1,10,10,0
45,10,12,0,0.2,36,24,0,1,2,4,2,4,1,10,10,0
50,10,12,0,0.2,36,24,0,1,2,4,2,4,1,10,10,0
55,10,12,0,0.2,36,24,0,1,2,4,2,4,1,10,10,0
60,10,12,0,0.2,36,24,0,1,2,4,2,4,1,10,10,0
65,10,12,0,0.2,36,24,0,1,2,4,2,4,1,10,10,0
70,10,12,0,0.2,36,24,0,1,2,4,2,4,1,10,10,0
75,10,12,0,0.2,36,24,0,1,2,4,2,4,1,10,10,0
80,10,12,0,0.2,36,24,0,1,2,4,2,4,1,10,10,0
85,10,12,0,0.2,36,24,0,1,2,4,2,4,1,10,10,0
90,10,12,0,0.2,36,24,0,1,2,4,2,4,1,10,10,0
95,10,12,0,0.2,36,24,0,1,2,4,2,4,1,10,10,0
100,10,12,0,0.2,36,24,0,1,2,4,2,4,1,10,10,0
5,15,12,0,0.2,36,24,0,1,2,4,2,4,1,10,10,0
10,15,12,0,0.2,36,24,0,1,2,4,2,4,1,10,10,0
15,15,12,0,0.2,36,24,0,1,2,4,2,4,1,10,10,0
20,15,12,0,0.2,36,24,0,1,2,4,2,4,1,10,10,0
25,15,12,0,0.2,36,24,0,1,2,4,2,4,1,10,10,0
30,15,12,0,0.2,36,24,0,1,2,4,2,4,1,10,10,0
35,15,12,0,0.2,36,24,0,1,2,4,2,4,1,10,10,0
40,15,12,0,0.2,36,24,0,1,2,4,2,4,1,10,10,0
45,15,12,0,0.2,36,24,0,1,2,4,2,4,1,10,10,0
50,15,12,0,0.2,36,24,0,1,2,4,2,4,1,10,10,0
55,15,12,0,0.2,36,24,0,1,2,4,2,4,1,10,10,0
60,15,12,0,0.2,36,24,0,1,2,4,2,4,1,10,10,0
65,15,12,0,0.2,36,24,0,1,2,4,2,4,1,10,10,0
70,15,12,0,0.2,36,24,0,1,2,4,2,4,1,10,10,0
75,15,12,0,0.2,36,24,0,1,2,4,2,4,1,10,10,0
80,15,12,0,0.2,36,24,0,1,2,4,2,4,1,10,10,0
85,15,12,0,0.2,36,24,0,1,2,4,2,4,1,10,10,0
90,15,12,0,0.2,36,24,0,1,2,4,2,4,1,10,10,0
95,15,12,0,0.2,36,24,0,1,2,4,2,4,1,10,10,0
100,15,12,0,0.2,36,24,0,1,2,4,2,4,1,10,10,0
5,20,12,0,0.2,36,24,0,1,2,4,2,4,1,10,10,0
10,20,12,0,0.2,36,24,0,1,2,4,2,4,1,10,10,0
15,20,12,0,0.2,36,24,0,1,2,4,2,4,1,10,10,0
20,20,12,0,0.2,36,24,0,1,2,4,2,4,1,10,10,0
25,20,12,0,0.2,36,24,0,1,2,4,2,4,1,10,10,0
30,20,12,0,0.2,36,24,0,1,2,4,2,4,1,10,10,0
35,20,12,0,0.2,36,24,0,1,2,4,2,4,1,10,10,0
40,20,12,0,0.2,36,24,0,1,2,4,2,4,1,10,10,0
45,20,12,0,0.2,36,24,0,1,2,4,2,4,1,10,10,0
50,20,12,0,0.2,36,24,0,1,2,4,2,4,1,10,10,0
55,20,12,0,0.2,36,24,0,1,2,4,2,4,1,10,10,0
60,20,12,0,0.2,36,24,0,1,2,4,2,4,1,10,10,0
65,20,12,0,0.2,36,24,0,1,2,4,2,4,1,10,10,0
70,20,12,0,0.2,36,24,0,1,2,4,2,4,1,10,10,0
75,20,12,0,0.2,36,24,0,1,2,4,2,4,1,10,10,0
80,20,12,0,0.2,36,24,0,1,2,4,2,4,1,10,10,0
85,20,12,0,0.2,36,24,0,1,2,4,2,4,1,10,10,0
90,20,12,0,0.2,36,24,0,1,2,4,2,4,1,10,10,0
95,20,12,0,0.2,36,24,0,1,2,4,2,4,1,10,10,0
100,20,12,0,0.2,36,24,0,1,2,4,2,4,1,10,10,0
5,25,12,0,0.2,36,24,0,1,2,4,2,4,1,10,10,0
10,25,12,0,0.2,36,24,0,1,2,4,2,4,1,10,10,0
15,25,12,0,0.2,36,24,0,1,2,4,2,4,1,10,10,0
20,25,12,0,0.2,36,24,0,1,2,4,2,4,1,10,10,0
25,25,12,0,0.2,36,24,0,1,2,4,2,4,1,10,10,0
30,25,12,0,0.2,36,24,0,1,2,4,2,4,1,10,10,0
35,25,12,0,0.2,36,24,0,1,2,4,2,4,1,10,10,0
40,25,12,0,0.2,36,24,0,1,2,4,2,4,1,10,10,0
45,25,12,0,0.2,36,24,0,1,2,4,2,4,1,10,10,0
50,25,12,0,0.2,36,24,0,1,2,4,2,4,1,10,10,0
55,25,12,0,0.2,36,24,0,1,2,4,2,4,1,10,10,0
60,25,12,0,0.2,36,24,0,1,2,4,2,4,1,10,10,0
65,25,12,0,0.2,36,24,0,1,2,4,2,4,1,10,10,0
70,25,12,0,0.2,36,24,0,1,2,4,2,4,1,10,10,0
75,25,12,0,0.2,36,24,0,1,2,4,2,4,1,10,10,0
80,25,12,0,0.2,36,24,0,1,2,4,2,4,1,10,10,0
85,25,12,0,0.2,36,24,0,1,2,4,2,4,1,10,10,0
90,25,12,0,0.2,36,24,0,1,2,4,2,4,1,10,10,0
95,25,12,0,0.2,36,24,0,1,2,4,2,4,1,10,10,0
100,25,12,0,0.2,36,24,0,1,2,4,2,4,1,10,10,0
5,30,12,0,0.2,36,24,0,1,2,4,2,4,1,10,10,0
10,30,12,0,0.2,36,24,0,1,2,4,2,4,1,10,10,0
15,30,12,0,0.2,36,24,0,1,2,4,2,4,1,10,10,0
20,30,12,0,0.2,36,24,0,1,2,4,2,4,1,10,10,0
25,30,12,0,0.2,36,24,0,1,2,4,2,4,1,10,10,0
30,30,12,0,0.2,36,24,0,1,2,4,2,4,1,10,10,0
35,30,12,0,0.2,36,24,0,1,2,4,2,4,1,10,10,0
40,30,12,0,0.2,36,24,0,1,2,4,2,4,1,10,10,0
45,30,12,0,0.2,36,24,0,1,2,4,2,4,1,10,10,0
50,30,12,0,0.2,36,24,0,1,2,4,2,4,1,10,10,0
55,30,12,0,0.2,36,24,0,1,2,4,2,4,1,10,10,0
60,30,12,0,0.2,36,24,0,1,2,4,2,4,1,10,10,0
65,30,12,0,0.2,36,24,0,1,2,4,2,4,1,10,10,0
70,30,12,0,0.2,36,24,0,1,2,4,2,4,1,10,10,0
75,30,12,0,0.2,36,24,0,1,2,4,2,4,1,10,10,0
80,30,12,0,0.2,36,24,0,1,2,4,2,4,1,10,10,0
85,30,12,0,0.2,36,24,0,1,2,4,2,4,1,10,10,0
90,30,12,0,0.2,36,24,0,1,2,4,2,4,1,10,10,0
95,30,12,0,0.2,36,24,0,1,2,4,2,4,1,10,10,0
100,30,12,0,0.2,36,24,0,1,2,4,2,4,1,10,10,0
5,35,12,0,0.2,36,24,0,1,2,4,2,4,1,10,10,0
10,35,12,0,0.2,36,24,0,1,2,4,2,4,1,10,10,0
15,35,12,0,0.2,36,24,0,1,2,4,2,4,1,10,10,0
20,35,12,0,0.2,36,24,0,1,2,4,2,4,1,10,10,0
25,35,12,0,0.2,36,24,0,1,2,4,2,4,1,10,10,0
30,35,12,0,0.2,36,24,0,1,2,4,2,4,1,10,10,0
35,35,12,0,0.2,36,24,0,1,2,4,2,4,1,10,10,0
40,35,12,0,0.2,36,24,0,1,2,4,2,4,1,10,10,0
45,35,12,0,0.2,36,24,0,1,2,4,2,4,1,10,10,0
50,35,12,0,0.2,36,24,0,1,2,4,2,4,1,10,10,0
55,35,12,0,0.2,36,24,0,1,2,4,2,4,1,10,10,0
60,35,12,0,0.2,36,24,0,1,2,4,2,4,1,10,10,0
65,35,12,0,0.2,36,24,0,1,2,4,2,4,1,10,10,0
70,35,12,0,0.2,36,24,0,1,2,4,2,4,1,10,10,0
75,35,12,0,0.2,36,24,0,1,2,4,2,4,1,10,10,0
80,35,12,0,0.2,36,24,0,1,2,4,2,4,1,10,10,0
85,35,12,0,0.2,36,24,0,1,2,4,2,4,1,10,10,0
90,35,12,0,0.2,36,24,0,1,2,4,2,4,1,10,10,0
95,35,12,0,0.2,36,24,0,1,2,4,2,4,1,10,10,0
100,35,12,0,0.2,36,24,0,1,2,4,2,4,1,10,10,0
5,40,12,0,0.2,36,24,0,1,2,4,2,4,1,10,10,0
10,40,12,0,0.2,36,24,0,1,2,4,2,4,1,10,10,0
15,40,12,0,0.2,36,24,0,1,2,4,2,4,1,10,10,0
20,40,12,0,0.2,36,24,0,1,2,4,2,4,1,10,10,0
25,40,12,0,0.2,36,24,0,1,2,4,2,4,1,10,10,0
30,40,12,0,0.2,36,24,0,1,2,4,2,4,1,10,10,0
35,40,12,0,0.2,36,24,0,1,2,4,2,4,1,10,10,0
40,40,12,0,0.2,36,24,0,1,2,4,2,4,1,10,10,0
45,40,12,0,0.2,36,24,0,1,2,4,2,4,1,10,10,0
50,40,12,0,0.2,36,24,0,1,2,4,2,4,1,10,10,0
55,40,12,0,0.2,36,24,0,1,2,4,2,4,1,10,10,0
60,40,12,0,0.2,36,24,0,1,2,4,2,4,1,10,10,0
65,40,12,0,0.2,36,24,0,1,2,4,2,4,1,10,10,0
70,40,12,0,0.2,36,24,0,1,2,4,2,4,1,10,10,0
75,40,12,0,0.2,36,24,0,1,2,4,2,4,1,10,10,0
80,40,12,0,0.2,36,24,0,1,2,4,2,4,1,10,10,0
85,40,12,0,0.2,36,24,0,1,2,4,2,4,1,10,10,0
90,40,12,0,0.2,36,24,0,1,2,4,2,4,1,10,10,0
95,40,12,0,0.2,36,24,0,1,2,4,2,4,1,10,10,0
100,40,12,0,0.2,36,24,0,1,2,4,2,4,1,10,10,0
5,45,12,0,0.2,36,24,0,1,2,4,2,4,1,10,10,0
10,45,12,0,0.2,36,24,0,1,2,4,2,4,1,10,10,0
15,45,12,0,0.2,36,24,0,1,2,4,2,4,1,10,10,0
20,45,12,0,0.2,36,24,0,1,2,4,2,4,1,10,10,0
25,45,12,0,0.2,36,24,0,1,2,4,2,4,1,10,10,0
30,45,12,0,0.2,36,24,0,1,2,4,2,4,1,10,10,0
35,45,12,0,0.2,36,24,0,1,2,4,2,4,1,10,10,0
40,45,12,0,0.2,36,24,0,1,2,4,2,4,1,10,10,0
45,45,12,0,0.2,36,24,0,1,2,4,2,4,1,10,10,0
50,45,12,0,0.2,36,24,0,1,2,4,2,4,1,10,10,0
55,45,12,0,0.2,36,24,0,1,2,4,2,4,1,10,10,0
60,45,12,0,0.2,36,24,0,1,2,4,2,4,1,10,10,0
65,45,12,0,0.2,36,24,0,1,2,4,2,4,1,10,10,0
70,45,12,0,0.2,36,24,0,1,2,4,2,4,1,10,10,0
75,45,12,0,0.2,36,24,0,1,2,4,2,4,1,10,10,0
80,45,12,0,0.2,36,24,0,1,2,4,2,4,1,10,10,0
85,45,12,0,0.2,36,24,0,1,2,4,2,4,1,10,10,0
90,45,12,0,0.2,36,24,0,1,2,4,2,4,1,10,10,0
95,45,12,0,0.2,36,24,0,1,2,4,2,4,1,10,10,0
100,45,12,0,0.2,36,24,0,1,2,4,2,4,1,10,10,0
5,50,12,0,0.2,36,24,0,1,2,4,2,4,1,10,10,0
10,50,12,0,0.2,36,24,0,1,2,4,2,4,1,10,10,0
15,50,12,0,0.2,36,24,0,1,2,4,2,4,1,10,10,0
20,50,12,0,0.2,36,24,0,1,2,4,2,4,1,10,10,0
25,50,12,0,0.2,36,24,0,1,2,4,2,4,1,10,10,0
30,50,12,0,0.2,36,24,0,1,2,4,2,4,1,10,10,0
35,50,12,0,0.2,36,24,0,1,2,4,2,4,1,10,10,0
40,50,12,0,0.2,36,24,0,1,2,4,2,4,1,10,10,0
45,50,12,0,0.2,36,24,0,1,2,4,2,4,1,10,10,0
50,50,12,0,0.2,36,24,0,1,2,4,2,4,1,10,10,0
55,50,12,0,0.2,36,24,0,1,2,4,2,4,1,10,10,0
60,50,12,0,0.2,36,24,0,1,2,4,2,4,1,10,10,0
65,50,12,0,0.2,36,24,0,1,2,4,2,4,1,10,10,0
70,50,12,0,0.2,36,24,0,1,2,4,2,4,1,10,10,0
75,50,12,0,0.2,36,24,0,1,2,4,2,4,1,10,10,0
80,50,12,0,0.2,36,24,0,1,2,4,2,4,1,10,10,0
85,50,12,0,0.2,36,24,0,1,2,4,2,4,1,10,10,0
90,50,12,0,0.2,36,24,0,1,2,4,2,4,1,10,10,0
95,50,12,0,0.2,36,24,0,1,2,4,2,4,1,10,10,0
100,50,12,0,0.2,36,24,0,1,2,4,2,4,1,10,10,0
5,55,12,0,0.2,36,24,0,1,2,4,2,4,1,10,10,0
10,55,12,0,0.2,36,24,0,1,2,4,2,4,1,10,10,0
15,55,12,0,0.2,36,24,0,1,2,4,2,4,1,10,10,0
20,55,12,0,0.2,36,24,0,1,2,4,2,4,1,10,10,0
25,55,12,0,0.2,36,24,0,1,2,4,2,4,1,10,10,0
30,55,12,0,0.2,36,24,0,1,2,4,2,4,1,10,10,0
35,55,12,0,0.2,36,24,0,1,2,4,2,4,1,10,10,0
40,55,12,0,0.2,36,24,0,1,2,4,2,4,1,10,10,0
45,55,12,0,0.2,36,24,0,1,2,4,2,4,1,10,10,0
50,55,12,0,0.2,36,24,0,1,2,4,2,4,1,10,10,0
55,55,12,0,0.2,36,24,0,1,2,4,2,4,1,10,10,0
60,55,12,0,0.2,36,24,0,1,2,4,2,4,1,10,10,0
65,55,12,0,0.2,36,24,0,1,2,4,2,4,1,10,10,0
70,55,12,0,0.2,36,24,0,1,2,4,2,4,1,10,10,0
75,55,12,0,0.2,36,24,0,1,2,4,2,4,1,10,10,0
80,55,12,0,0.2,36,24,0,1,2,4,2,4,1,10,10,0
85,55,12,0,0.2,36,24,0,1,2,4,2,4,1,10,10,0
90,55,12,0,0.2,36,24,0,1,2,4,2,4,1,10,10,0
95,55,12,0,0.2,36,24,0,1,2,4,2,4,1,10,10,0
100,55,12,0,0.2,36,24,0,1,2,4,2,4,1,10,10,0
5,60,12,0,0.2,36,24,0,1,2,4,2,4,1,10,10,0
10,60,12,0,0.2,36,24,0,1,2,4,2,4,1,10,10,0
15,60,12,0,0.2,36,24,0,1,2,4,2,4,1,10,10,0
20,60,12,0,0.2,36,24,0,1,2,4,2,4,1,10,10,0
25,60,12,0,0.2,36,24,0,1,2,4,2,4,1,10,10,0
30,60,12,0,0.2,36,24,0,1,2,4,2,4,1,10,10,0
35,60,12,0,0.2,36,24,0,1,2,4,2,4,1,10,10,0
40,60,12,0,0.2,36,24,0,1,2,4,2,4,1,10,10,0
45,60,12,0,0.2,36,24,0,1,2,4,2,4,1,10,10,0
50,60,12,0,0.2,36,24,0,1,2,4,2,4,1,10,10,0
55,60,12,0,0.2,36,24,0,1,2,4,2,4,1,10,10,0
60,60,12,0,0.2,36,24,0,1,2,4,2,4,1,10,10,0
65,60,12,0,0.2,36,24,0,1,2,4,2,4,1,10,10,0
70,60,12,0,0.2,36,24,0,1,2,4,2,4,1,10,10,0
75,60,12,0,0.2,36,24,0,1,2,4,2,4,1,10,10,0
80,60,12,0,0.2,36,24,0,1,2,4,2,4,1,10,10,0
85,60,12,0,0.2,36,24,0,1,2,4,2,4,1,10,10,0
90,60,12,0,0.2,36,24,0,1,2,4,2,4,1,10,10,0
95,60,12,0,0.2,36,24,0,1,2,4,2,4,1,10,10,0
100,60,12,0,0.2,36,24,0,1,2,4,2,4,1,10,10,0
5,65,12,0,0.2,36,24,0,1,2,4,2,4,1,10,10,0
10,65,12,0,0.2,36,24,0,1,2,4,2,4,1,10,10,0
15,65,12,0,0.2,36,24,0,1,2,4,2,4,1,10,10,0
20,65,12,0,0.2,36,24,0,1,2,4,2,4,1,10,10,0
25,65,12,0,0.2,36,24,0,1,2,4,2,4,1,10,10,0
30,65,12,0,0.2,36,24,0,1,2,4,2,4,1,10,10,0
35,65,12,0,0.2,36,24,0,1,2,4,2,4,1,10,10,0
40,65,12,0,0.2,36,24,0,1,2,4,2,4,1,10,10,0
45,65,12,0,0.2,36,24,0,1,2,4,2,4,1,10,10,0
50,65,12,0,0.2,36,24,0,1,2,4,2,4,1,10,10,0
55,65,12,0,0.2,36,24,0,1,2,4,2,4,1,10,10,0
60,65,12,0,0.2,36,24,0,1,2,4,2,4,1,10,10,0
65,65,12,0,0.2,36,24,0,1,2,4,2,4,1,10,10,0
70,65,12,0,0.2,36,24,0,1,2,4,2,4,1,10,10,0
75,65,12,0,0.2,36,24,0,1,2,4,2,4,1,10,10,0
80,65,12,0,0.2,36,24,0,1,2,4,2,4,1,10,10,0
85,65,12,0,0.2,36,24,0,1,2,4,2,4,1,10,10,0
90,65,12,0,0.2,36,24,0,1,2,4,2,4,1,10,10,0
95,65,12,0,0.2,36,24,0,1,2,4,2,4,1,10,10,0
100,65,12,0,0.2,36,24,0,1,2,4,2,4,1,10,10,0
5,70,12,0,0.2,36,24,0,1,2,4,2,4,1,10,10,0
10,70,12,0,0.2,36,24,0,1,2,4,2,4,1,10,10,0
15,70,12,0,0.2,36,24,0,1,2,4,2,4,1,10,10,0
20,70,12,0,0.2,36,24,0,1,2,4,2,4,1,10,10,0
25,70,12,0,0.2,36,24,0,1,2,4,2,4,1,10,10,0
30,70,12,0,0.2,36,24,0,1,2,4,2,4,1,10,10,0
35,70,12,0,0.2,36,24,0,1,2,4,2,4,1,10,10,0
40,70,12,0,0.2,36,24,0,1,2,4,2,4,1,10,10,0
45,70,12,0,0.2,36,24,0,1,2,4,2,4,1,10,10,0
50,70,12,0,0.2,36,24,0,1,2,4,2,4,1,10,10,0
55,70,12,0,0.2,36,24,0,1,2,4,2,4,1,10,10,0
60,70,12,0,0.2,36,24,0,1,2,4,2,4,1,10,10,0
65,70,12,0,0.2,36,24,0,1,2,4,2,4,1,10,10,0
70,70,12,0,0.2,36,24,0,1,2,4,2,4,1,10,10,0
75,70,12,0,0.2,36,24,0,1,2,4,2,4,1,10,10,0
80,70,12,0,0.2,36,24,0,1,2,4,2,4,1,10,10,0
85,70,12,0,0.2,36,24,0,1,2,4,2,4,1,10,10,0
90,70,12,0,0.2,36,24,0,1,2,4,2,4,1,10,10,0
95,70,12,0,0.2,36,24,0,1,2,4,2,4,1,10,10,0
100,70,12,0,0.2,36,24,0,1,2,4,2,4,1,10,10,0
5,75,12,0,0.2,36,24,0,1,2,4,2,4,1,10,10,0
10,75,12,0,0.2,36,24,0,1,2,4,2,4,1,10,10,0
15,75,12,0,0.2,36,24,0,1,2,4,2,4,1,10,10,0
20,75,12,0,0.2,36,24,0,1,2,4,2,4,1,10,10,0
25,75,12,0,0.2,36,24,0,1,2,4,2,4,1,10,10,0
30,75,12,0,0.2,36,24,0,1,2,4,2,4,1,10,10,0
35,75,12,0,0.2,36,24,0,1,2,4,2,4,1,10,10,0
40,75,12,0,0.2,36,24,0,1,2,4,2,4,1,10,10,0
45,75,12,0,0.2,36,24,0,1,2,4,2,4,1,10,10,0
50,75,12,0,0.2,36,24,0,1,2,4,2,4,1,10,10,0
55,75,12,0,0.2,36,24,0,1,2,4,2,4,1,10,10,0
60,75,12,0,0.2,36,24,0,1,2,4,2,4,1,10,10,0
65,75,12,0,0.2,36,24,0,1,2,4,2,4,1,10,10,0
70,75,12,0,0.2,36,24,0,1,2,4,2,4,1,10,10,0
75,75,12,0,0.2,36,24,0,1,2,4,2,4,1,10,10,0
80,75,12,0,0.2,36,24,0,1,2,4,2,4,1,10,10,0
85,75,12,0,0.2,36,24,0,1,2,4,2,4,1,10,10,0
90,75,12,0,0.2,36,24,0,1,2,4,2,4,1,10,10,0
95,75,12,0,0.2,36,24,0,1,2,4,2,4,1,10,10,0
100,75,12,0,0.2,36,24,0,1,2,4,2,4,1,10,10,0
5,80,12,0,0.2,36,24,0,1,2,4,2,4,1,10,10,0
10,80,12,0,0.2,36,24,0,1,2,4,2,4,1,10,10,0
15,80,12,0,0.2,36,24,0,1,2,4,2,4,1,10,10,0
20,80,12,0,0.2,36,24,0,1,2,4,2,4,1,10,10,0
25,80,12,0,0.2,36,24,0,1,2,4,2,4,1,10,10,0
30,80,12,0,0.2,36,24,0,1,2,4,2,4,1,10,10,0
35,80,12,0,0.2,36,24,0,1,2,4,2,4,1,10,10,0
40,80,12,0,0.2,36,24,0,1,2,4,2,4,1,10,10,0
45,80,12,0,0.2,36,24,0,1,2,4,2,4,1,10,10,0
50,80,12,0,0.2,36,24,0,1,2,4,2,4,1,10,10,0
55,80,12,0,0.2,36,24,0,1,2,4,2,4,1,10,10,0
60,80,12,0,0.2,36,24,0,1,2,4,2,4,1,10,10,0
65,80,12,0,0.2,36,24,0,1,2,4,2,4,1,10,10,0
70,80,12,0,0.2,36,24,0,1,2,4,2,4,1,10,10,0
75,80,12,0,0.2,36,24,0,1,2,4,2,4,1,10,10,0
80,80,12,0,0.2,36,24,0,1,2,4,2,4,1,10,10,0
85,80,12,0,0.2,36,24,0,1,2,4,2,4,1,10,10,0
90,80,12,0,0.2,36,24,0,1,2,4,2,4,1,10,10,0
95,80,12,0,0.2,36,24,0,1,2,4,2,4,1,10,10,0
100,80,12,0,0.2,36,24,0,1,2,4,2,4,1,10,10,0
5,85,12,0,0.2,36,24,0,1,2,4,2,4,1,10,10,0
10,85,12,0,0.2,36,24,0,1,2,4,2,4,1,10,10,0
15,85,12,0,0.2,36,24,0,1,2,4,2,4,1,10,10,0
20,85,12,0,0.2,36,24,0,1,2,4,2,4,1,10,10,0
25,85,12,0,0.2,36,24,0,1,2,4,2,4,1,10,10,0
30,85,12,0,0.2,36,24,0,1,2,4,2,4,1,10,10,0
35,85,12,0,0.2,36,24,0,1,2,4,2,4,1,10,10,0
40,85,12,0,0.2,36,24,0,1,2,4,2,4,1,10,10,0
45,85,12,0,0.2,36,24,0,1,2,4,2,4,1,10,10,0
50,85,12,0,0.2,36,24,0,1,2,4,2,4,1,10,10,0
55,85,12,0,0.2,36,24,0,1,2,4,2,4,1,10,10,0
60,85,12,0,0.2,36,24,0,1,2,4,2,4,1,10,10,0
65,85,12,0,0.2,36,24,0,1,2,4,2,4,1,10,10,0
70,85,12,0,0.2,36,24,0,1,2,4,2,4,1,10,10,0
75,85,12,0,0.2,36,24,0,1,2,4,2,4,1,10,10,0
80,85,12,0,0.2,36,24,0,1,2,4,2,4,1,10,10,0
85,85,12,0,0.2,36,24,0,1,2,4,2,4,1,10,10,0
90,85,12,0,0.2,36,24,0,1,2,4,2,4,1,10,10,0
95,85,12,0,0.2,36,24,0,1,2,4,2,4,1,10,10,0
100,85,12,0,0.2,36,24,0,1,2,4,2,4,1,10,10,0
5,90,12,0,0.2,36,24,0,1,2,4,2,4,1,10,10,0
10,90,12,0,0.2,36,24,0,1,2,4,2,4,1,10,10,0
15,90,12,0,0.2,36,24,0,1,2,4,2,4,1,10,10,0
20,90,12,0,0.2,36,24,0,1,2,4,2,4,1,10,10,0
25,90,12,0,0.2,36,24,0,1,2,4,2,4,1,10,10,0
30,90,12,0,0.2,36,24,0,1,2,4,2,4,1,10,10,0
35,90,12,0,0.2,36,24,0,1,2,4,2,4,1,10,10,0
40,90,12,0,0.2,36,24,0,1,2,4,2,4,1,10,10,0
45,90,12,0,0.2,36,24,0,1,2,4,2,4,1,10,10,0
50,90,12,0,0.2,36,24,0,1,2,4,2,4,1,10,10,0
55,90,12,0,0.2,36,24,0,1,2,4,2,4,1,10,10,0
60,90,12,0,0.2,36,24,0,1,2,4,2,4,1,10,10,0
65,90,12,0,0.2,36,24,0,1,2,4,2,4,1,10,10,0
70,90,12,0,0.2,36,24,0,1,2,4,2,4,1,10,10,0
75,90,12,0,0.2,36,24,0,1,2,4,2,4,1,10,10,0
80,90,12,0,0.2,36,24,0,1,2,4,2,4,1,10,10,0
85,90,12,0,0.2,36,24,0,1,2,4,2,4,1,10,10,0
90,90,12,0,0.2,36,24,0,1,2,4,2,4,1,10,10,0
95,90,12,0,0.2,36,24,0,1,2,4,2,4,1,10,10,0
100,90,12,0,0.2,36,24,0,1,2,4,2,4,1,10,10,0
5,95,12,0,0.2,36,24,0,1,2,4,2,4,1,10,10,0
10,95,12,0,0.2,36,24,0,1,2,4,2,4,1,10,10,0
15,95,12,0,0.2,36,24,0,1,2,4,2,4,1,10,10,0
20,95,12,0,0.2,36,24,0,1,2,4,2,4,1,10,10,0
25,95,12,0,0.2,36,24,0,1,2,4,2,4,1,10,10,0
30,95,12,0,0.2,36,24,0,1,2,4,2,4,1,10,10,0
35,95,12,0,0.2,36,24,0,1,2,4,2,4,1,10,10,0
40,95,12,0,0.2,36,24,0,1,2,4,2,4,1,10,10,0
45,95,12,0,0.2,36,24,0,1,2,4,2,4,1,10,10,0
50,95,12,0,0.2,36,24,0,1,2,4,2,4,1,10,10,0
55,95,12,0,0.2,36,24,0,1,2,4,2,4,1,10,10,0
60,95,12,0,0.2,36,24,0,1,2,4,2,4,1,10,10,0
65,95,12,0,0.2,36,24,0,1,2,4,2,4,1,10,10,0
70,95,12,0,0.2,36,24,0,1,2,4,2,4,1,10,10,0
75,95,12,0,0.2,36,24,0,1,2,4,2,4,1,10,10,0
80,95,12,0,0.2,36,24,0,1,2,4,2,4,1,10,10,0
85,95,12,0,0.2,36,24,0,1,2,4,2,4,1,10,10,0
90,95,12,0,0.2,36,24,0,1,2,4,2,4,1,10,10,0
95,95,12,0,0.2,36,24,0,1,2,4,2,4,1,10,10,0
100,95,12,0,0.2,36,24,0,1,2,4,2,4,1,10,10,0
5,100,12,0,0.2,36,24,0,1,2,4,2,4,1,10,10,0
10,100,12,0,0.2,36,24,0,1,2,4,2,4,1,10,10,0
15,100,12,0,0.2,36,24,0,1,2,4,2,4,1,10,10,0
20,100,12,0,0.2,36,24,0,1,2,4,2,4,1,10,10,0
25,100,12,0,0.2,36,24,0,1,2,4,2,4,1,10,10,0
30,100,12,0,0.2,36,24,0,1,2,4,2,4,1,10,10,0
35,100,12,0,0.2,36,24,0,1,2,4,2,4,1,10,10,0
40,100,12,0,0.2,36,24,0,1,2,4,2,4,1,10,10,0
45,100,12,0,0.2,36,24,0,1,2,4,2,4,1,10,10,0
50,100,12,0,0.2,36,24,0,1,2,4,2,4,1,10,10,0
55,100,12,0,0.2,36,24,0,1,2,4,2,4,1,10,10,0
60,100,12,0,0.2,36,24,0,1,2,4,2,4,1,10,10,0
65,100,12,0,0.2,36,24,0,1,2,4,2,4,1,10,10,0
70,100,12,0,0.2,36,24,0,1,2,4,2,4,1,10,10,0
75,100,12,0,0.2,36,24,0,1,2,4,2,4,1,10,10,0
80,100,12,0,0.2,36,24,0,1,2,4,2,4,1,10,10,0
85,100,12,0,0.2,36,24,0,1,2,4,2,4,1,10,10,0
90,100,12,0,0.2,36,24,0,1,2,4,2,4,1,10,10,0
95,100,12,0,0.2,36,24,0,1,2,4,2,4,1,10,10,0
100,100,12,0,0.2,36,24,0,1,2,4,2,4,1,10,10,0
5,5,14,0,0.2,36,24,0,1,2,4,2,4,1,10,10,0
10,5,14,0,0.2,36,24,0,1,2,4,2,4,1,10,10,0
15,5,14,0,0.2,36,24,0,1,2,4,2,4,1,10,10,0
20,5,14,0,0.2,36,24,0,1,2,4,2,4,1,10,10,0
25,5,14,0,0.2,36,24,0,1,2,4,2,4,1,10,10,0
30,5,14,0,0.2,36,24,0,1,2,4,2,4,1,10,10,0
35,5,14,0,0.2,36,24,0,1,2,4,2,4,1,10,10,0
40,5,14,0,0.2,36,24,0,1,2,4,2,4,1,10,10,0
45,5,14,0,0.2,36,24,0,1,2,4,2,4,1,10,10,0
50,5,14,0,0.2,36,24,0,1,2,4,2,4,1,10,10,0
55,5,14,0,0.2,36,24,0,1,2,4,2,4,1,10,10,0
60,5,14,0,0.2,36,24,0,1,2,4,2,4,1,10,10,0
65,5,14,0,0.2,36,24,0,1,2,4,2,4,1,10,10,0
70,5,14,0,0.2,36,24,0,1,2,4,2,4,1,10,10,0
75,5,14,0,0.2,36,24,0,1,2,4,2,4,1,10,10,0
80,5,14,0,0.2,36,24,0,1,2,4,2,4,1,10,10,0
85,5,14,0,0.2,36,24,0,1,2,4,2,4,1,10,10,0
90,5,14,0,0.2,36,24,0,1,2,4,2,4,1,10,10,0
95,5,14,0,0.2,36,24,0,1,2,4,2,4,1,10,10,0
100,5,14,0,0.2,36,24,0,1,2,4,2,4,1,10,10,0
5,10,14,0,0.2,36,24,0,1,2,4,2,4,1,10,10,0
10,10,14,0,0.2,36,24,0,1,2,4,2,4,1,10,10,0
15,10,14,0,0.2,36,24,0,1,2,4,2,4,1,10,10,0
20,10,14,0,0.2,36,24,0,1,2,4,2,4,1,10,10,0
25,10,14,0,0.2,36,24,0,1,2,4,2,4,1,10,10,0
30,10,14,0,0.2,36,24,0,1,2,4,2,4,1,10,10,0
35,10,14,0,0.2,36,24,0,1,2,4,2,4,1,10,10,0
40,10,14,0,0.2,36,24,0,1,2,4,2,4,1,10,10,0
45,10,14,0,0.2,36,24,0,1,2,4,2,4,1,10,10,0
50,10,14,0,0.2,36,24,0,1,2,4,2,4,1,10,10,0
55,10,14,0,0.2,36,24,0,1,2,4,2,4,1,10,10,0
60,10,14,0,0.2,36,24,0,1,2,4,2,4,1,10,10,0
65,10,14,0,0.2,36,24,0,1,2,4,2,4,1,10,10,0
70,10,14,0,0.2,36,24,0,1,2,4,2,4,1,10,10,0
75,10,14,0,0.2,36,24,0,1,2,4,2,4,1,10,10,0
80,10,14,0,0.2,36,24,0,1,2,4,2,4,1,10,10,0
85,10,14,0,0.2,36,24,0,1,2,4,2,4,1,10,10,0
90,10,14,0,0.2,36,24,0,1,2,4,2,4,1,10,10,0
95,10,14,0,0.2,36,24,0,1,2,4,2,4,1,10,10,0
100,10,14,0,0.2,36,24,0,1,2,4,2,4,1,10,10,0
5,15,14,0,0.2,36,24,0,1,2,4,2,4,1,10,10,0
10,15,14,0,0.2,36,24,0,1,2,4,2,4,1,10,10,0
15,15,14,0,0.2,36,24,0,1,2,4,2,4,1,10,10,0
20,15,14,0,0.2,36,24,0,1,2,4,2,4,1,10,10,0
25,15,14,0,0.2,36,24,0,1,2,4,2,4,1,10,10,0
30,15,14,0,0.2,36,24,0,1,2,4,2,4,1,10,10,0
35,15,14,0,0.2,36,24,0,1,2,4,2,4,1,10,10,0
40,15,14,0,0.2,36,24,0,1,2,4,2,4,1,10,10,0
45,15,14,0,0.2,36,24,0,1,2,4,2,4,1,10,10,0
50,15,14,0,0.2,36,24,0,1,2,4,2,4,1,10,10,0
55,15,14,0,0.2,36,24,0,1,2,4,2,4,1,10,10,0
60,15,14,0,0.2,36,24,0,1,2,4,2,4,1,10,10,0
65,15,14,0,0.2,36,24,0,1,2,4,2,4,1,10,10,0
70,15,14,0,0.2,36,24,0,1,2,4,2,4,1,10,10,0
75,15,14,0,0.2,36,24,0,1,2,4,2,4,1,10,10,0
80,15,14,0,0.2,36,24,0,1,2,4,2,4,1,10,10,0
85,15,14,0,0.2,36,24,0,1,2,4,2,4,1,10,10,0
90,15,14,0,0.2,36,24,0,1,2,4,2,4,1,10,10,0
95,15,14,0,0.2,36,24,0,1,2,4,2,4,1,10,10,0
100,15,14,0,0.2,36,24,0,1,2,4,2,4,1,10,10,0
5,20,14,0,0.2,36,24,0,1,2,4,2,4,1,10,10,0
10,20,14,0,0.2,36,24,0,1,2,4,2,4,1,10,10,0
15,20,14,0,0.2,36,24,0,1,2,4,2,4,1,10,10,0
20,20,14,0,0.2,36,24,0,1,2,4,2,4,1,10,10,0
25,20,14,0,0.2,36,24,0,1,2,4,2,4,1,10,10,0
30,20,14,0,0.2,36,24,0,1,2,4,2,4,1,10,10,0
35,20,14,0,0.2,36,24,0,1,2,4,2,4,1,10,10,0
40,20,14,0,0.2,36,24,0,1,2,4,2,4,1,10,10,0
45,20,14,0,0.2,36,24,0,1,2,4,2,4,1,10,10,0
50,20,14,0,0.2,36,24,0,1,2,4,2,4,1,10,10,0
55,20,14,0,0.2,36,24,0,1,2,4,2,4,1,10,10,0
60,20,14,0,0.2,36,24,0,1,2,4,2,4,1,10,10,0
65,20,14,0,0.2,36,24,0,1,2,4,2,4,1,10,10,0
70,20,14,0,0.2,36,24,0,1,2,4,2,4,1,10,10,0
75,20,14,0,0.2,36,24,0,1,2,4,2,4,1,10,10,0
80,20,14,0,0.2,36,24,0,1,2,4,2,4,1,10,10,0
85,20,14,0,0.2,36,24,0,1,2,4,2,4,1,10,10,0
90,20,14,0,0.2,36,24,0,1,2,4,2,4,1,10,10,0
95,20,14,0,0.2,36,24,0,1,2,4,2,4,1,10,10,0
100,20,14,0,0.2,36,24,0,1,2,4,2,4,1,10,10,0
5,25,14,0,0.2,36,24,0,1,2,4,2,4,1,10,10,0
10,25,14,0,0.2,36,24,0,1,2,4,2,4,1,10,10,0
15,25,14,0,0.2,36,24,0,1,2,4,2,4,1,10,10,0
20,25,14,0,0.2,36,24,0,1,2,4,2,4,1,10,10,0
25,25,14,0,0.2,36,24,0,1,2,4,2,4,1,10,10,0
30,25,14,0,0.2,36,24,0,1,2,4,2,4,1,10,10,0
35,25,14,0,0.2,36,24,0,1,2,4,2,4,1,10,10,0
40,25,14,0,0.2,36,24,0,1,2,4,2,4,1,10,10,0
45,25,14,0,0.2,36,24,0,1,2,4,2,4,1,10,10,0
50,25,14,0,0.2,36,24,0,1,2,4,2,4,1,10,10,0
55,25,14,0,0.2,36,24,0,1,2,4,2,4,1,10,10,0
60,25,14,0,0.2,36,24,0,1,2,4,2,4,1,10,10,0
65,25,14,0,0.2,36,24,0,1,2,4,2,4,1,10,10,0
70,25,14,0,0.2,36,24,0,1,2,4,2,4,1,10,10,0
75,25,14,0,0.2,36,24,0,1,2,4,2,4,1,10,10,0
80,25,14,0,0.2,36,24,0,1,2,4,2,4,1,10,10,0
85,25,14,0,0.2,36,24,0,1,2,4,2,4,1,10,10,0
90,25,14,0,0.2,36,24,0,1,2,4,2,4,1,10,10,0
95,25,14,0,0.2,36,24,0,1,2,4,2,4,1,10,10,0
100,25,14,0,0.2,36,24,0,1,2,4,2,4,1,10,10,0
5,30,14,0,0.2,36,24,0,1,2,4,2,4,1,10,10,0
10,30,14,0,0.2,36,24,0,1,2,4,2,4,1,10,10,0
15,30,14,0,0.2,36,24,0,1,2,4,2,4,1,10,10,0
20,30,14,0,0.2,36,24,0,1,2,4,2,4,1,10,10,0
25,30,14,0,0.2,36,24,0,1,2,4,2,4,1,10,10,0
30,30,14,0,0.2,36,24,0,1,2,4,2,4,1,10,10,0
35,30,14,0,0.2,36,24,0,1,2,4,2,4,1,10,10,0
40,30,14,0,0.2,36,24,0,1,2,4,2,4,1,10,10,0
45,30,14,0,0.2,36,24,0,1,2,4,2,4,1,10,10,0
50,30,14,0,0.2,36,24,0,1,2,4,2,4,1,10,10,0
55,30,14,0,0.2,36,24,0,1,2,4,2,4,1,10,10,0
60,30,14,0,0.2,36,24,0,1,2,4,2,4,1,10,10,0
65,30,14,0,0.2,36,24,0,1,2,4,2,4,1,10,10,0
70,30,14,0,0.2,36,24,0,1,2,4,2,4,1,10,10,0
75,30,14,0,0.2,36,24,0,1,2,4,2,4,1,10,10,0
80,30,14,0,0.2,36,24,0,1,2,4,2,4,1,10,10,0
85,30,14,0,0.2,36,24,0,1,2,4,2,4,1,10,10,0
90,30,14,0,0.2,36,24,0,1,2,4,2,4,1,10,10,0
95,30,14,0,0.2,36,24,0,1,2,4,2,4,1,10,10,0
100,30,14,0,0.2,36,24,0,1,2,4,2,4,1,10,10,0
5,35,14,0,0.2,36,24,0,1,2,4,2,4,1,10,10,0
10,35,14,0,0.2,36,24,0,1,2,4,2,4,1,10,10,0
15,35,14,0,0.2,36,24,0,1,2,4,2,4,1,10,10,0
20,35,14,0,0.2,36,24,0,1,2,4,2,4,1,10,10,0
25,35,14,0,0.2,36,24,0,1,2,4,2,4,1,10,10,0
30,35,14,0,0.2,36,24,0,1,2,4,2,4,1,10,10,0
35,35,14,0,0.2,36,24,0,1,2,4,2,4,1,10,10,0
40,35,14,0,0.2,36,24,0,1,2,4,2,4,1,10,10,0
45,35,14,0,0.2,36,24,0,1,2,4,2,4,1,10,10,0
50,35,14,0,0.2,36,24,0,1,2,4,2,4,1,10,10,0
55,35,14,0,0.2,36,24,0,1,2,4,2,4,1,10,10,0
60,35,14,0,0.2,36,24,0,1,2,4,2,4,1,10,10,0
65,35,14,0,0.2,36,24,0,1,2,4,2,4,1,10,10,0
70,35,14,0,0.2,36,24,0,1,2,4,2,4,1,10,10,0
75,35,14,0,0.2,36,24,0,1,2,4,2,4,1,10,10,0
80,35,14,0,0.2,36,24,0,1,2,4,2,4,1,10,10,0
85,35,14,0,0.2,36,24,0,1,2,4,2,4,1,10,10,0
90,35,14,0,0.2,36,24,0,1,2,4,2,4,1,10,10,0
95,35,14,0,0.2,36,24,0,1,2,4,2,4,1,10,10,0
100,35,14,0,0.2,36,24,0,1,2,4,2,4,1,10,10,0
5,40,14,0,0.2,36,24,0,1,2,4,2,4,1,10,10,0
10,40,14,0,0.2,36,24,0,1,2,4,2,4,1,10,10,0
15,40,14,0,0.2,36,24,0,1,2,4,2,4,1,10,10,0
20,40,14,0,0.2,36,24,0,1,2,4,2,4,1,10,10,0
25,40,14,0,0.2,36,24,0,1,2,4,2,4,1,10,10,0
30,40,14,0,0.2,36,24,0,1,2,4,2,4,1,10,10,0
35,40,14,0,0.2,36,24,0,1,2,4,2,4,1,10,10,0
40,40,14,0,0.2,36,24,0,1,2,4,2,4,1,10,10,0
45,40,14,0,0.2,36,24,0,1,2,4,2,4,1,10,10,0
50,40,14,0,0.2,36,24,0,1,2,4,2,4,1,10,10,0
55,40,14,0,0.2,36,24,0,1,2,4,2,4,1,10,10,0
60,40,14,0,0.2,36,24,0,1,2,4,2,4,1,10,10,0
65,40,14,0,0.2,36,24,0,1,2,4,2,4,1,10,10,0
70,40,14,0,0.2,36,24,0,1,2,4,2,4,1,10,10,0
75,40,14,0,0.2,36,24,0,1,2,4,2,4,1,10,10,0
80,40,14,0,0.2,36,24,0,1,2,4,2,4,1,10,10,0
85,40,14,0,0.2,36,24,0,1,2,4,2,4,1,10,10,0
90,40,14,0,0.2,36,24,0,1,2,4,2,4,1,10,10,0
95,40,14,0,0.2,36,24,0,1,2,4,2,4,1,10,10,0
100,40,14,0,0.2,36,24,0,1,2,4,2,4,1,10,10,0
5,45,14,0,0.2,36,24,0,1,2,4,2,4,1,10,10,0
10,45,14,0,0.2,36,24,0,1,2,4,2,4,1,10,10,0
15,45,14,0,0.2,36,24,0,1,2,4,2,4,1,10,10,0
20,45,14,0,0.2,36,24,0,1,2,4,2,4,1,10,10,0
25,45,14,0,0.2,36,24,0,1,2,4,2,4,1,10,10,0
30,45,14,0,0.2,36,24,0,1,2,4,2,4,1,10,10,0
35,45,14,0,0.2,36,24,0,1,2,4,2,4,1,10,10,0
40,45,14,0,0.2,36,24,0,1,2,4,2,4,1,10,10,0
45,45,14,0,0.2,36,24,0,1,2,4,2,4,1,10,10,0
50,45,14,0,0.2,36,24,0,1,2,4,2,4,1,10,10,0
55,45,14,0,0.2,36,24,0,1,2,4,2,4,1,10,10,0
60,45,14,0,0.2,36,24,0,1,2,4,2,4,1,10,10,0
65,45,14,0,0.2,36,24,0,1,2,4,2,4,1,10,10,0
70,45,14,0,0.2,36,24,0,1,2,4,2,4,1,10,10,0
75,45,14,0,0.2,36,24,0,1,2,4,2,4,1,10,10,0
80,45,14,0,0.2,36,24,0,1,2,4,2,4,1,10,10,0
85,45,14,0,0.2,36,24,0,1,2,4,2,4,1,10,10,0
90,45,14,0,0.2,36,24,0,1,2,4,2,4,1,10,10,0
95,45,14,0,0.2,36,24,0,1,2,4,2,4,1,10,10,0
100,45,14,0,0.2,36,24,0,1,2,4,2,4,1,10,10,0
5,50,14,0,0.2,36,24,0,1,2,4,2,4,1,10,10,0
10,50,14,0,0.2,36,24,0,1,2,4,2,4,1,10,10,0
15,50,14,0,0.2,36,24,0,1,2,4,2,4,1,10,10,0
20,50,14,0,0.2,36,24,0,1,2,4,2,4,1,10,10,0
25,50,14,0,0.2,36,24,0,1,2,4,2,4,1,10,10,0
30,50,14,0,0.2,36,24,0,1,2,4,2,4,1,10,10,0
35,50,14,0,0.2,36,24,0,1,2,4,2,4,1,10,10,0
40,50,14,0,0.2,36,24,0,1,2,4,2,4,1,10,10,0
45,50,14,0,0.2,36,24,0,1,2,4,2,4,1,10,10,0
50,50,14,0,0.2,36,24,0,1,2,4,2,4,1,10,10,0
55,50,14,0,0.2,36,24,0,1,2,4,2,4,1,10,10,0
60,50,14,0,0.2,36,24,0,1,2,4,2,4,1,10,10,0
65,50,14,0,0.2,36,24,0,1,2,4,2,4,1,10,10,0
70,50,14,0,0.2,36,24,0,1,2,4,2,4,1,10,10,0
75,50,14,0,0.2,36,24,0,1,2,4,2,4,1,10,10,0
80,50,14,0,0.2,36,24,0,1,2,4,2,4,1,10,10,0
85,50,14,0,0.2,36,24,0,1,2,4,2,4,1,10,10,0
90,50,14,0,0.2,36,24,0,1,2,4,2,4,1,10,10,0
95,50,14,0,0.2,36,24,0,1,2,4,2,4,1,10,10,0
100,50,14,0,0.2,36,24,0,1,2,4,2,4,1,10,10,0
5,55,14,0,0.2,36,24,0,1,2,4,2,4,1,10,10,0
10,55,14,0,0.2,36,24,0,1,2,4,2,4,1,10,10,0
15,55,14,0,0.2,36,24,0,1,2,4,2,4,1,10,10,0
20,55,14,0,0.2,36,24,0,1,2,4,2,4,1,10,10,0
25,55,14,0,0.2,36,24,0,1,2,4,2,4,1,10,10,0
30,55,14,0,0.2,36,24,0,1,2,4,2,4,1,10,10,0
35,55,14,0,0.2,36,24,0,1,2,4,2,4,1,10,10,0
40,55,14,0,0.2,36,24,0,1,2,4,2,4,1,10,10,0
45,55,14,0,0.2,36,24,0,1,2,4,2,4,1,10,10,0
50,55,14,0,0.2,36,24,0,1,2,4,2,4,1,10,10,0
55,55,14,0,0.2,36,24,0,1,2,4,2,4,1,10,10,0
60,55,14,0,0.2,36,24,0,1,2,4,2,4,1,10,10,0
65,55,14,0,0.2,36,24,0,1,2,4,2,4,1,10,10,0
70,55,14,0,0.2,36,24,0,1,2,4,2,4,1,10,10,0
75,55,14,0,0.2,36,24,0,1,2,4,2,4,1,10,10,0
80,55,14,0,0.2,36,24,0,1,2,4,2,4,1,10,10,0
85,55,14,0,0.2,36,24,0,1,2,4,2,4,1,10,10,0
90,55,14,0,0.2,36,24,0,1,2,4,2,4,1,10,10,0
95,55,14,0,0.2,36,24,0,1,2,4,2,4,1,10,10,0
100,55,14,0,0.2,36,24,0,1,2,4,2,4,1,10,10,0
5,60,14,0,0.2,36,24,0,1,2,4,2,4,1,10,10,0
10,60,14,0,0.2,36,24,0,1,2,4,2,4,1,10,10,0
15,60,14,0,0.2,36,24,0,1,2,4,2,4,1,10,10,0
20,60,14,0,0.2,36,24,0,1,2,4,2,4,1,10,10,0
25,60,14,0,0.2,36,24,0,1,2,4,2,4,1,10,10,0
30,60,14,0,0.2,36,24,0,1,2,4,2,4,1,10,10,0
35,60,14,0,0.2,36,24,0,1,2,4,2,4,1,10,10,0
40,60,14,0,0.2,36,24,0,1,2,4,2,4,1,10,10,0
45,60,14,0,0.2,36,24,0,1,2,4,2,4,1,10,10,0
50,60,14,0,0.2,36,24,0,1,2,4,2,4,1,10,10,0
55,60,14,0,0.2,36,24,0,1,2,4,2,4,1,10,10,0
60,60,14,0,0.2,36,24,0,1,2,4,2,4,1,10,10,0
65,60,14,0,0.2,36,24,0,1,2,4,2,4,1,10,10,0
70,60,14,0,0.2,36,24,0,1,2,4,2,4,1,10,10,0
75,60,14,0,0.2,36,24,0,1,2,4,2,4,1,10,10,0
80,60,14,0,0.2,36,24,0,1,2,4,2,4,1,10,10,0
85,60,14,0,0.2,36,24,0,1,2,4,2,4,1,10,10,0
90,60,14,0,0.2,36,24,0,1,2,4,2,4,1,10,10,0
95,60,14,0,0.2,36,24,0,1,2,4,2,4,1,10,10,0
100,60,14,0,0.2,36,24,0,1,2,4,2,4,1,10,10,0
5,65,14,0,0.2,36,24,0,1,2,4,2,4,1,10,10,0
10,65,14,0,0.2,36,24,0,1,2,4,2,4,1,10,10,0
15,65,14,0,0.2,36,24,0,1,2,4,2,4,1,10,10,0
20,65,14,0,0.2,36,24,0,1,2,4,2,4,1,10,10,0
25,65,14,0,0.2,36,24,0,1,2,4,2,4,1,10,10,0
30,65,14,0,0.2,36,24,0,1,2,4,2,4,1,10,10,0
35,65,14,0,0.2,36,24,0,1,2,4,2,4,1,10,10,0
40,65,14,0,0.2,36,24,0,1,2,4,2,4,1,10,10,0
45,65,14,0,0.2,36,24,0,1,2,4,2,4,1,10,10,0
50,65,14,0,0.2,36,24,0,1,2,4,2,4,1,10,10,0
55,65,14,0,0.2,36,24,0,1,2,4,2,4,1,10,10,0
60,65,14,0,0.2,36,24,0,1,2,4,2,4,1,10,10,0
65,65,14,0,0.2,36,24,0,1,2,4,2,4,1,10,10,0
70,65,14,0,0.2,36,24,0,1,2,4,2,4,1,10,10,0
75,65,14,0,0.2,36,24,0,1,2,4,2,4,1,10,10,0
80,65,14,0,0.2,36,24,0,1,2,4,2,4,1,10,10,0
85,65,14,0,0.2,36,24,0,1,2,4,2,4,1,10,10,0
90,65,14,0,0.2,36,24,0,1,2,4,2,4,1,10,10,0
95,65,14,0,0.2,36,24,0,1,2,4,2,4,1,10,10,0
100,65,14,0,0.2,36,24,0,1,2,4,2,4,1,10,10,0
5,70,14,0,0.2,36,24,0,1,2,4,2,4,1,10,10,0
10,70,14,0,0.2,36,24,0,1,2,4,2,4,1,10,10,0
15,70,14,0,0.2,36,24,0,1,2,4,2,4,1,10,10,0
20,70,14,0,0.2,36,24,0,1,2,4,2,4,1,10,10,0
25,70,14,0,0.2,36,24,0,1,2,4,2,4,1,10,10,0
30,70,14,0,0.2,36,24,0,1,2,4,2,4,1,10,10,0
35,70,14,0,0.2,36,24,0,1,2,4,2,4,1,10,10,0
40,70,14,0,0.2,36,24,0,1,2,4,2,4,1,10,10,0
45,70,14,0,0.2,36,24,0,1,2,4,2,4,1,10,10,0
50,70,14,0,0.2,36,24,0,1,2,4,2,4,1,10,10,0
55,70,14,0,0.2,36,24,0,1,2,4,2,4,1,10,10,0
60,70,14,0,0.2,36,24,0,1,2,4,2,4,1,10,10,0
65,70,14,0,0.2,36,24,0,1,2,4,2,4,1,10,10,0
70,70,14,0,0.2,36,24,0,1,2,4,2,4,1,10,10,0
75,70,14,0,0.2,36,24,0,1,2,4,2,4,1,10,10,0
80,70,14,0,0.2,36,24,0,1,2,4,2,4,1,10,10,0
85,70,14,0,0.2,36,24,0,1,2,4,2,4,1,10,10,0
90,70,14,0,0.2,36,24,0,1,2,4,2,4,1,10,10,0
95,70,14,0,0.2,36,24,0,1,2,4,2,4,1,10,10,0
100,70,14,0,0.2,36,24,0,1,2,4,2,4,1,10,10,0
5,75,14,0,0.2,36,24,0,1,2,4,2,4,1,10,10,0
10,75,14,0,0.2,36,24,0,1,2,4,2,4,1,10,10,0
15,75,14,0,0.2,36,24,0,1,2,4,2,4,1,10,10,0
20,75,14,0,0.2,36,24,0,1,2,4,2,4,1,10,10,0
25,75,14,0,0.2,36,24,0,1,2,4,2,4,1,10,10,0
30,75,14,0,0.2,36,24,0,1,2,4,2,4,1,10,10,0
35,75,14,0,0.2,36,24,0,1,2,4,2,4,1,10,10,0
40,75,14,0,0.2,36,24,0,1,2,4,2,4,1,10,10,0
45,75,14,0,0.2,36,24,0,1,2,4,2,4,1,10,10,0
50,75,14,0,0.2,36,24,0,1,2,4,2,4,1,10,10,0
55,75,14,0,0.2,36,24,0,1,2,4,2,4,1,10,10,0
60,75,14,0,0.2,36,24,0,1,2,4,2,4,1,10,10,0
65,75,14,0,0.2,36,24,0,1,2,4,2,4,1,10,10,0
70,75,14,0,0.2,36,24,0,1,2,4,2,4,1,10,10,0
75,75,14,0,0.2,36,24,0,1,2,4,2,4,1,10,10,0
80,75,14,0,0.2,36,24,0,1,2,4,2,4,1,10,10,0
85,75,14,0,0.2,36,24,0,1,2,4,2,4,1,10,10,0
90,75,14,0,0.2,36,24,0,1,2,4,2,4,1,10,10,0
95,75,14,0,0.2,36,24,0,1,2,4,2,4,1,10,10,0
100,75,14,0,0.2,36,24,0,1,2,4,2,4,1,10,10,0
5,80,14,0,0.2,36,24,0,1,2,4,2,4,1,10,10,0
10,80,14,0,0.2,36,24,0,1,2,4,2,4,1,10,10,0
15,80,14,0,0.2,36,24,0,1,2,4,2,4,1,10,10,0
20,80,14,0,0.2,36,24,0,1,2,4,2,4,1,10,10,0
25,80,14,0,0.2,36,24,0,1,2,4,2,4,1,10,10,0
30,80,14,0,0.2,36,24,0,1,2,4,2,4,1,10,10,0
35,80,14,0,0.2,36,24,0,1,2,4,2,4,1,10,10,0
40,80,14,0,0.2,36,24,0,1,2,4,2,4,1,10,10,0
45,80,14,0,0.2,36,24,0,1,2,4,2,4,1,10,10,0
50,80,14,0,0.2,36,24,0,1,2,4,2,4,1,10,10,0
55,80,14,0,0.2,36,24,0,1,2,4,2,4,1,10,10,0
60,80,14,0,0.2,36,24,0,1,2,4,2,4,1,10,10,0
65,80,14,0,0.2,36,24,0,1,2,4,2,4,1,10,10,0
70,80,14,0,0.2,36,24,0,1,2,4,2,4,1,10,10,0
75,80,14,0,0.2,36,24,0,1,2,4,2,4,1,10,10,0
80,80,14,0,0.2,36,24,0,1,2,4,2,4,1,10,10,0
85,80,14,0,0.2,36,24,0,1,2,4,2,4,1,10,10,0
90,80,14,0,0.2,36,24,0,1,2,4,2,4,1,10,10,0
95,80,14,0,0.2,36,24,0,1,2,4,2,4,1,10,10,0
100,80,14,0,0.2,36,24,0,1,2,4,2,4,1,10,10,0
5,85,14,0,0.2,36,24,0,1,2,4,2,4,1,10,10,0
10,85,14,0,0.2,36,24,0,1,2,4,2,4,1,10,10,0
15,85,14,0,0.2,36,24,0,1,2,4,2,4,1,10,10,0
20,85,14,0,0.2,36,24,0,1,2,4,2,4,1,10,10,0
25,85,14,0,0.2,36,24,0,1,2,4,2,4,1,10,10,0
30,85,14,0,0.2,36,24,0,1,2,4,2,4,1,10,10,0
35,85,14,0,0.2,36,24,0,1,2,4,2,4,1,10,10,0
40,85,14,0,0.2,36,24,0,1,2,4,2,4,1,10,10,0
45,85,14,0,0.2,36,24,0,1,2,4,2,4,1,10,10,0
50,85,14,0,0.2,36,24,0,1,2,4,2,4,1,10,10,0
55,85,14,0,0.2,36,24,0,1,2,4,2,4,1,10,10,0
60,85,14,0,0.2,36,24,0,1,2,4,2,4,1,10,10,0
65,85,14,0,0.2,36,24,0,1,2,4,2,4,1,10,10,0
70,85,14,0,0.2,36,24,0,1,2,4,2,4,1,10,10,0
75,85,14,0,0.2,36,24,0,1,2,4,2,4,1,10,10,0
80,85,14,0,0.2,36,24,0,1,2,4,2,4,1,10,10,0
85,85,14,0,0.2,36,24,0,1,2,4,2,4,1,10,10,0
90,85,14,0,0.2,36,24,0,1,2,4,2,4,1,10,10,0
95,85,14,0,0.2,36,24,0,1,2,4,2,4,1,10,10,0
100,85,14,0,0.2,36,24,0,1,2,4,2,4,1,10,10,0
5,90,14,0,0.2,36,24,0,1,2,4,2,4,1,10,10,0
10,90,14,0,0.2,36,24,0,1,2,4,2,4,1,10,10,0
15,90,14,0,0.2,36,24,0,1,2,4,2,4,1,10,10,0
20,90,14,0,0.2,36,24,0,1,2,4,2,4,1,10,10,0
25,90,14,0,0.2,36,24,0,1,2,4,2,4,1,10,10,0
30,90,14,0,0.2,36,24,0,1,2,4,2,4,1,10,10,0
35,90,14,0,0.2,36,24,0,1,2,4,2,4,1,10,10,0
40,90,14,0,0.2,36,24,0,1,2,4,2,4,1,10,10,0
45,90,14,0,0.2,36,24,0,1,2,4,2,4,1,10,10,0
50,90,14,0,0.2,36,24,0,1,2,4,2,4,1,10,10,0
55,90,14,0,0.2,36,24,0,1,2,4,2,4,1,10,10,0
60,90,14,0,0.2,36,24,0,1,2,4,2,4,1,10,10,0
65,90,14,0,0.2,36,24,0,1,2,4,2,4,1,10,10,0
70,90,14,0,0.2,36,24,0,1,2,4,2,4,1,10,10,0
75,90,14,0,0.2,36,24,0,1,2,4,2,4,1,10,10,0
80,90,14,0,0.2,36,24,0,1,2,4,2,4,1,10,10,0
85,90,14,0,0.2,36,24,0,1,2,4,2,4,1,10,10,0
90,90,14,0,0.2,36,24,0,1,2,4,2,4,1,10,10,0
95,90,14,0,0.2,36,24,0,1,2,4,2,4,1,10,10,0
100,90,14,0,0.2,36,24,0,1,2,4,2,4,1,10,10,0
5,95,14,0,0.2,36,24,0,1,2,4,2,4,1,10,10,0
10,95,14,0,0.2,36,24,0,1,2,4,2,4,1,10,10,0
15,95,14,0,0.2,36,24,0,1,2,4,2,4,1,10,10,0
20,95,14,0,0.2,36,24,0,1,2,4,2,4,1,10,10,0
25,95,14,0,0.2,36,24,0,1,2,4,2,4,1,10,10,0
30,95,14,0,0.2,36,24,0,1,2,4,2,4,1,10,10,0
35,95,14,0,0.2,36,24,0,1,2,4,2,4,1,10,10,0
40,95,14,0,0.2,36,24,0,1,2,4,2,4,1,10,10,0
45,95,14,0,0.2,36,24,0,1,2,4,2,4,1,10,10,0
50,95,14,0,0.2,36,24,0,1,2,4,2,4,1,10,10,0
55,95,14,0,0.2,36,24,0,1,2,4,2,4,1,10,10,0
60,95,14,0,0.2,36,24,0,1,2,4,2,4,1,10,10,0
65,95,14,0,0.2,36,24,0,1,2,4,2,4,1,10,10,0
70,95,14,0,0.2,36,24,0,1,2,4,2,4,1,10,10,0
75,95,14,0,0.2,36,24,0,1,2,4,2,4,1,10,10,0
80,95,14,0,0.2,36,24,0,1,2,4,2,4,1,10,10,0
85,95,14,0,0.2,36,24,0,1,2,4,2,4,1,10,10,0
90,95,14,0,0.2,36,24,0,1,2,4,2,4,1,10,10,0
95,95,14,0,0.2,36,24,0,1,2,4,2,4,1,10,10,0
100,95,14,0,0.2,36,24,0,1,2,4,2,4,1,10,10,0
5,100,14,0,0.2,36,24,0,1,2,4,2,4,1,10,10,0
10,100,14,0,0.2,36,24,0,1,2,4,2,4,1,10,10,0
15,100,14,0,0.2,36,24,0,1,2,4,2,4,1,10,10,0
20,100,14,0,0.2,36,24,0,1,2,4,2,4,1,10,10,0
25,100,14,0,0.2,36,24,0,1,2,4,2,4,1,10,10,0
30,100,14,0,0.2,36,24,0,1,2,4,2,4,1,10,10,0
35,100,14,0,0.2,36,24,0,1,2,4,2,4,1,10,10,0
40,100,14,0,0.2,36,24,0,1,2,4,2,4,1,10,10,0
45,100,14,0,0.2,36,24,0,1,2,4,2,4,1,10,10,0
50,100,14,0,0.2,36,24,0,1,2,4,2,4,1,10,10,0
55,100,14,0,0.2,36,24,0,1,2,4,2,4,1,10,10,0
60,100,14,0,0.2,36,24,0,1,2,4,2,4,1,10,10,0
65,100,14,0,0.2,36,24,0,1,2,4,2,4,1,10,10,0
70,100,14,0,0.2,36,24,0,1,2,4,2,4,1,10,10,0
75,100,14,0,0.2,36,24,0,1,2,4,2,4,1,10,10,0
80,100,14,0,0.2,36,24,0,1,2,4,2,4,1,10,10,0
85,100,14,0,0.2,36,24,0,1,2,4,2,4,1,10,10,0
90,100,14,0,0.2,36,24,0,1,2,4,2,4,1,10,10,0
95,100,14,0,0.2,36,24,0,1,2,4,2,4,1,10,10,0
100,100,14,0,0.2,36,24,0,1,2,4,2,4,1,10,10,0
5,5,16,0,0.2,36,24,0,1,2,4,2,4,1,10,10,0
10,5,16,0,0.2,36,24,0,1,2,4,2,4,1,10,10,0
15,5,16,0,0.2,36,24,0,1,2,4,2,4,1,10,10,0
20,5,16,0,0.2,36,24,0,1,2,4,2,4,1,10,10,0
25,5,16,0,0.2,36,24,0,1,2,4,2,4,1,10,10,0
30,5,16,0,0.2,36,24,0,1,2,4,2,4,1,10,10,0
35,5,16,0,0.2,36,24,0,1,2,4,2,4,1,10,10,0
40,5,16,0,0.2,36,24,0,1,2,4,2,4,1,10,10,0
45,5,16,0,0.2,36,24,0,1,2,4,2,4,1,10,10,0
50,5,16,0,0.2,36,24,0,1,2,4,2,4,1,10,10,0
55,5,16,0,0.2,36,24,0,1,2,4,2,4,1,10,10,0
60,5,16,0,0.2,36,24,0,1,2,4,2,4,1,10,10,0
65,5,16,0,0.2,36,24,0,1,2,4,2,4,1,10,10,0
70,5,16,0,0.2,36,24,0,1,2,4,2,4,1,10,10,0
75,5,16,0,0.2,36,24,0,1,2,4,2,4,1,10,10,0
80,5,16,0,0.2,36,24,0,1,2,4,2,4,1,10,10,0
85,5,16,0,0.2,36,24,0,1,2,4,2,4,1,10,10,0
90,5,16,0,0.2,36,24,0,1,2,4,2,4,1,10,10,0
95,5,16,0,0.2,36,24,0,1,2,4,2,4,1,10,10,0
100,5,16,0,0.2,36,24,0,1,2,4,2,4,1,10,10,0
5,10,16,0,0.2,36,24,0,1,2,4,2,4,1,10,10,0
10,10,16,0,0.2,36,24,0,1,2,4,2,4,1,10,10,0
15,10,16,0,0.2,36,24,0,1,2,4,2,4,1,10,10,0
20,10,16,0,0.2,36,24,0,1,2,4,2,4,1,10,10,0
25,10,16,0,0.2,36,24,0,1,2,4,2,4,1,10,10,0
30,10,16,0,0.2,36,24,0,1,2,4,2,4,1,10,10,0
35,10,16,0,0.2,36,24,0,1,2,4,2,4,1,10,10,0
40,10,16,0,0.2,36,24,0,1,2,4,2,4,1,10,10,0
45,10,16,0,0.2,36,24,0,1,2,4,2,4,1,10,10,0
50,10,16,0,0.2,36,24,0,1,2,4,2,4,1,10,10,0
55,10,16,0,0.2,36,24,0,1,2,4,2,4,1,10,10,0
60,10,16,0,0.2,36,24,0,1,2,4,2,4,1,10,10,0
65,10,16,0,0.2,36,24,0,1,2,4,2,4,1,10,10,0
70,10,16,0,0.2,36,24,0,1,2,4,2,4,1,10,10,0
75,10,16,0,0.2,36,24,0,1,2,4,2,4,1,10,10,0
80,10,16,0,0.2,36,24,0,1,2,4,2,4,1,10,10,0
85,10,16,0,0.2,36,24,0,1,2,4,2,4,1,10,10,0
90,10,16,0,0.2,36,24,0,1,2,4,2,4,1,10,10,0
95,10,16,0,0.2,36,24,0,1,2,4,2,4,1,10,10,0
100,10,16,0,0.2,36,24,0,1,2,4,2,4,1,10,10,0
5,15,16,0,0.2,36,24,0,1,2,4,2,4,1,10,10,0
10,15,16,0,0.2,36,24,0,1,2,4,2,4,1,10,10,0
15,15,16,0,0.2,36,24,0,1,2,4,2,4,1,10,10,0
20,15,16,0,0.2,36,24,0,1,2,4,2,4,1,10,10,0
25,15,16,0,0.2,36,24,0,1,2,4,2,4,1,10,10,0
30,15,16,0,0.2,36,24,0,1,2,4,2,4,1,10,10,0
35,15,16,0,0.2,36,24,0,1,2,4,2,4,1,10,10,0
40,15,16,0,0.2,36,24,0,1,2,4,2,4,1,10,10,0
45,15,16,0,0.2,36,24,0,1,2,4,2,4,1,10,10,0
50,15,16,0,0.2,36,24,0,1,2,4,2,4,1,10,10,0
55,15,16,0,0.2,36,24,0,1,2,4,2,4,1,10,10,0
60,15,16,0,0.2,36,24,0,1,2,4,2,4,1,10,10,0
65,15,16,0,0.2,36,24,0,1,2,4,2,4,1,10,10,0
70,15,16,0,0.2,36,24,0,1,2,4,2,4,1,10,10,0
75,15,16,0,0.2,36,24,0,1,2,4,2,4,1,10,10,0
80,15,16,0,0.2,36,24,0,1,2,4,2,4,1,10,10,0
85,15,16,0,0.2,36,24,0,1,2,4,2,4,1,10,10,0
90,15,16,0,0.2,36,24,0,1,2,4,2,4,1,10,10,0
95,15,16,0,0.2,36,24,0,1,2,4,2,4,1,10,10,0
100,15,16,0,0.2,36,24,0,1,2,4,2,4,1,10,10,0
5,20,16,0,0.2,36,24,0,1,2,4,2,4,1,10,10,0
10,20,16,0,0.2,36,24,0,1,2,4,2,4,1,10,10,0
15,20,16,0,0.2,36,24,0,1,2,4,2,4,1,10,10,0
20,20,16,0,0.2,36,24,0,1,2,4,2,4,1,10,10,0
25,20,16,0,0.2,36,24,0,1,2,4,2,4,1,10,10,0
30,20,16,0,0.2,36,24,0,1,2,4,2,4,1,10,10,0
35,20,16,0,0.2,36,24,0,1,2,4,2,4,1,10,10,0
40,20,16,0,0.2,36,24,0,1,2,4,2,4,1,10,10,0
45,20,16,0,0.2,36,24,0,1,2,4,2,4,1,10,10,0
50,20,16,0,0.2,36,24,0,1,2,4,2,4,1,10,10,0
55,20,16,0,0.2,36,24,0,1,2,4,2,4,1,10,10,0
60,20,16,0,0.2,36,24,0,1,2,4,2,4,1,10,10,0
65,20,16,0,0.2,36,24,0,1,2,4,2,4,1,10,10,0
70,20,16,0,0.2,36,24,0,1,2,4,2,4,1,10,10,0
75,20,16,0,0.2,36,24,0,1,2,4,2,4,1,10,10,0
80,20,16,0,0.2,36,24,0,1,2,4,2,4,1,10,10,0
85,20,16,0,0.2,36,24,0,1,2,4,2,4,1,10,10,0
90,20,16,0,0.2,36,24,0,1,2,4,2,4,1,10,10,0
95,20,16,0,0.2,36,24,0,1,2,4,2,4,1,10,10,0
100,20,16,0,0.2,36,24,0,1,2,4,2,4,1,10,10,0
5,25,16,0,0.2,36,24,0,1,2,4,2,4,1,10,10,0
10,25,16,0,0.2,36,24,0,1,2,4,2,4,1,10,10,0
15,25,16,0,0.2,36,24,0,1,2,4,2,4,1,10,10,0
20,25,16,0,0.2,36,24,0,1,2,4,2,4,1,10,10,0
25,25,16,0,0.2,36,24,0,1,2,4,2,4,1,10,10,0
30,25,16,0,0.2,36,24,0,1,2,4,2,4,1,10,10,0
35,25,16,0,0.2,36,24,0,1,2,4,2,4,1,10,10,0
40,25,16,0,0.2,36,24,0,1,2,4,2,4,1,10,10,0
45,25,16,0,0.2,36,24,0,1,2,4,2,4,1,10,10,0
50,25,16,0,0.2,36,24,0,1,2,4,2,4,1,10,10,0
55,25,16,0,0.2,36,24,0,1,2,4,2,4,1,10,10,0
60,25,16,0,0.2,36,24,0,1,2,4,2,4,1,10,10,0
65,25,16,0,0.2,36,24,0,1,2,4,2,4,1,10,10,0
70,25,16,0,0.2,36,24,0,1,2,4,2,4,1,10,10,0
75,25,16,0,0.2,36,24,0,1,2,4,2,4,1,10,10,0
80,25,16,0,0.2,36,24,0,1,2,4,2,4,1,10,10,0
85,25,16,0,0.2,36,24,0,1,2,4,2,4,1,10,10,0
90,25,16,0,0.2,36,24,0,1,2,4,2,4,1,10,10,0
95,25,16,0,0.2,36,24,0,1,2,4,2,4,1,10,10,0
100,25,16,0,0.2,36,24,0,1,2,4,2,4,1,10,10,0
5,30,16,0,0.2,36,24,0,1,2,4,2,4,1,10,10,0
10,30,16,0,0.2,36,24,0,1,2,4,2,4,1,10,10,0
15,30,16,0,0.2,36,24,0,1,2,4,2,4,1,10,10,0
20,30,16,0,0.2,36,24,0,1,2,4,2,4,1,10,10,0
25,30,16,0,0.2,36,24,0,1,2,4,2,4,1,10,10,0
30,30,16,0,0.2,36,24,0,1,2,4,2,4,1,10,10,0
35,30,16,0,0.2,36,24,0,1,2,4,2,4,1,10,10,0
40,30,16,0,0.2,36,24,0,1,2,4,2,4,1,10,10,0
45,30,16,0,0.2,36,24,0,1,2,4,2,4,1,10,10,0
50,30,16,0,0.2,36,24,0,1,2,4,2,4,1,10,10,0
55,30,16,0,0.2,36,24,0,1,2,4,2,4,1,10,10,0
60,30,16,0,0.2,36,24,0,1,2,4,2,4,1,10,10,0
65,30,16,0,0.2,36,24,0,1,2,4,2,4,1,10,10,0
70,30,16,0,0.2,36,24,0,1,2,4,2,4,1,10,10,0
75,30,16,0,0.2,36,24,0,1,2,4,2,4,1,10,10,0
80,30,16,0,0.2,36,24,0,1,2,4,2,4,1,10,10,0
85,30,16,0,0.2,36,24,0,1,2,4,2,4,1,10,10,0
90,30,16,0,0.2,36,24,0,1,2,4,2,4,1,10,10,0
95,30,16,0,0.2,36,24,0,1,2,4,2,4,1,10,10,0
100,30,16,0,0.2,36,24,0,1,2,4,2,4,1,10,10,0
5,35,16,0,0.2,36,24,0,1,2,4,2,4,1,10,10,0
10,35,16,0,0.2,36,24,0,1,2,4,2,4,1,10,10,0
15,35,16,0,0.2,36,24,0,1,2,4,2,4,1,10,10,0
20,35,16,0,0.2,36,24,0,1,2,4,2,4,1,10,10,0
25,35,16,0,0.2,36,24,0,1,2,4,2,4,1,10,10,0
30,35,16,0,0.2,36,24,0,1,2,4,2,4,1,10,10,0
35,35,16,0,0.2,36,24,0,1,2,4,2,4,1,10,10,0
40,35,16,0,0.2,36,24,0,1,2,4,2,4,1,10,10,0
45,35,16,0,0.2,36,24,0,1,2,4,2,4,1,10,10,0
50,35,16,0,0.2,36,24,0,1,2,4,2,4,1,10,10,0
55,35,16,0,0.2,36,24,0,1,2,4,2,4,1,10,10,0
60,35,16,0,0.2,36,24,0,1,2,4,2,4,1,10,10,0
65,35,16,0,0.2,36,24,0,1,2,4,2,4,1,10,10,0
70,35,16,0,0.2,36,24,0,1,2,4,2,4,1,10,10,0
75,35,16,0,0.2,36,24,0,1,2,4,2,4,1,10,10,0
80,35,16,0,0.2,36,24,0,1,2,4,2,4,1,10,10,0
85,35,16,0,0.2,36,24,0,1,2,4,2,4,1,10,10,0
90,35,16,0,0.2,36,24,0,1,2,4,2,4,1,10,10,0
95,35,16,0,0.2,36,24,0,1,2,4,2,4,1,10,10,0
100,35,16,0,0.2,36,24,0,1,2,4,2,4,1,10,10,0
5,40,16,0,0.2,36,24,0,1,2,4,2,4,1,10,10,0
10,40,16,0,0.2,36,24,0,1,2,4,2,4,1,10,10,0
15,40,16,0,0.2,36,24,0,1,2,4,2,4,1,10,10,0
20,40,16,0,0.2,36,24,0,1,2,4,2,4,1,10,10,0
25,40,16,0,0.2,36,24,0,1,2,4,2,4,1,10,10,0
30,40,16,0,0.2,36,24,0,1,2,4,2,4,1,10,10,0
35,40,16,0,0.2,36,24,0,1,2,4,2,4,1,10,10,0
40,40,16,0,0.2,36,24,0,1,2,4,2,4,1,10,10,0
45,40,16,0,0.2,36,24,0,1,2,4,2,4,1,10,10,0
50,40,16,0,0.2,36,24,0,1,2,4,2,4,1,10,10,0
55,40,16,0,0.2,36,24,0,1,2,4,2,4,1,10,10,0
60,40,16,0,0.2,36,24,0,1,2,4,2,4,1,10,10,0
65,40,16,0,0.2,36,24,0,1,2,4,2,4,1,10,10,0
70,40,16,0,0.2,36,24,0,1,2,4,2,4,1,10,10,0
75,40,16,0,0.2,36,24,0,1,2,4,2,4,1,10,10,0
80,40,16,0,0.2,36,24,0,1,2,4,2,4,1,10,10,0
85,40,16,0,0.2,36,24,0,1,2,4,2,4,1,10,10,0
90,40,16,0,0.2,36,24,0,1,2,4,2,4,1,10,10,0
95,40,16,0,0.2,36,24,0,1,2,4,2,4,1,10,10,0
100,40,16,0,0.2,36,24,0,1,2,4,2,4,1,10,10,0
5,45,16,0,0.2,36,24,0,1,2,4,2,4,1,10,10,0
10,45,16,0,0.2,36,24,0,1,2,4,2,4,1,10,10,0
15,45,16,0,0.2,36,24,0,1,2,4,2,4,1,10,10,0
20,45,16,0,0.2,36,24,0,1,2,4,2,4,1,10,10,0
25,45,16,0,0.2,36,24,0,1,2,4,2,4,1,10,10,0
30,45,16,0,0.2,36,24,0,1,2,4,2,4,1,10,10,0
35,45,16,0,0.2,36,24,0,1,2,4,2,4,1,10,10,0
40,45,16,0,0.2,36,24,0,1,2,4,2,4,1,10,10,0
45,45,16,0,0.2,36,24,0,1,2,4,2,4,1,10,10,0
50,45,16,0,0.2,36,24,0,1,2,4,2,4,1,10,10,0
55,45,16,0,0.2,36,24,0,1,2,4,2,4,1,10,10,0
60,45,16,0,0.2,36,24,0,1,2,4,2,4,1,10,10,0
65,45,16,0,0.2,36,24,0,1,2,4,2,4,1,10,10,0
70,45,16,0,0.2,36,24,0,1,2,4,2,4,1,10,10,0
75,45,16,0,0.2,36,24,0,1,2,4,2,4,1,10,10,0
80,45,16,0,0.2,36,24,0,1,2,4,2,4,1,10,10,0
85,45,16,0,0.2,36,24,0,1,2,4,2,4,1,10,10,0
90,45,16,0,0.2,36,24,0,1,2,4,2,4,1,10,10,0
95,45,16,0,0.2,36,24,0,1,2,4,2,4,1,10,10,0
100,45,16,0,0.2,36,24,0,1,2,4,2,4,1,10,10,0
5,50,16,0,0.2,36,24,0,1,2,4,2,4,1,10,10,0
10,50,16,0,0.2,36,24,0,1,2,4,2,4,1,10,10,0
15,50,16,0,0.2,36,24,0,1,2,4,2,4,1,10,10,0
20,50,16,0,0.2,36,24,0,1,2,4,2,4,1,10,10,0
25,50,16,0,0.2,36,24,0,1,2,4,2,4,1,10,10,0
30,50,16,0,0.2,36,24,0,1,2,4,2,4,1,10,10,0
35,50,16,0,0.2,36,24,0,1,2,4,2,4,1,10,10,0
40,50,16,0,0.2,36,24,0,1,2,4,2,4,1,10,10,0
45,50,16,0,0.2,36,24,0,1,2,4,2,4,1,10,10,0
50,50,16,0,0.2,36,24,0,1,2,4,2,4,1,10,10,0
55,50,16,0,0.2,36,24,0,1,2,4,2,4,1,10,10,0
60,50,16,0,0.2,36,24,0,1,2,4,2,4,1,10,10,0
65,50,16,0,0.2,36,24,0,1,2,4,2,4,1,10,10,0
70,50,16,0,0.2,36,24,0,1,2,4,2,4,1,10,10,0
75,50,16,0,0.2,36,24,0,1,2,4,2,4,1,10,10,0
80,50,16,0,0.2,36,24,0,1,2,4,2,4,1,10,10,0
85,50,16,0,0.2,36,24,0,1,2,4,2,4,1,10,10,0
90,50,16,0,0.2,36,24,0,1,2,4,2,4,1,10,10,0
95,50,16,0,0.2,36,24,0,1,2,4,2,4,1,10,10,0
100,50,16,0,0.2,36,24,0,1,2,4,2,4,1,10,10,0
5,55,16,0,0.2,36,24,0,1,2,4,2,4,1,10,10,0
10,55,16,0,0.2,36,24,0,1,2,4,2,4,1,10,10,0
15,55,16,0,0.2,36,24,0,1,2,4,2,4,1,10,10,0
20,55,16,0,0.2,36,24,0,1,2,4,2,4,1,10,10,0
25,55,16,0,0.2,36,24,0,1,2,4,2,4,1,10,10,0
30,55,16,0,0.2,36,24,0,1,2,4,2,4,1,10,10,0
35,55,16,0,0.2,36,24,0,1,2,4,2,4,1,10,10,0
40,55,16,0,0.2,36,24,0,1,2,4,2,4,1,10,10,0
45,55,16,0,0.2,36,24,0,1,2,4,2,4,1,10,10,0
50,55,16,0,0.2,36,24,0,1,2,4,2,4,1,10,10,0
55,55,16,0,0.2,36,24,0,1,2,4,2,4,1,10,10,0
60,55,16,0,0.2,36,24,0,1,2,4,2,4,1,10,10,0
65,55,16,0,0.2,36,24,0,1,2,4,2,4,1,10,10,0
70,55,16,0,0.2,36,24,0,1,2,4,2,4,1,10,10,0
75,55,16,0,0.2,36,24,0,1,2,4,2,4,1,10,10,0
80,55,16,0,0.2,36,24,0,1,2,4,2,4,1,10,10,0
85,55,16,0,0.2,36,24,0,1,2,4,2,4,1,10,10,0
90,55,16,0,0.2,36,24,0,1,2,4,2,4,1,10,10,0
95,55,16,0,0.2,36,24,0,1,2,4,2,4,1,10,10,0
100,55,16,0,0.2,36,24,0,1,2,4,2,4,1,10,10,0
5,60,16,0,0.2,36,24,0,1,2,4,2,4,1,10,10,0
10,60,16,0,0.2,36,24,0,1,2,4,2,4,1,10,10,0
15,60,16,0,0.2,36,24,0,1,2,4,2,4,1,10,10,0
20,60,16,0,0.2,36,24,0,1,2,4,2,4,1,10,10,0
25,60,16,0,0.2,36,24,0,1,2,4,2,4,1,10,10,0
30,60,16,0,0.2,36,24,0,1,2,4,2,4,1,10,10,0
35,60,16,0,0.2,36,24,0,1,2,4,2,4,1,10,10,0
40,60,16,0,0.2,36,24,0,1,2,4,2,4,1,10,10,0
45,60,16,0,0.2,36,24,0,1,2,4,2,4,1,10,10,0
50,60,16,0,0.2,36,24,0,1,2,4,2,4,1,10,10,0
55,60,16,0,0.2,36,24,0,1,2,4,2,4,1,10,10,0
60,60,16,0,0.2,36,24,0,1,2,4,2,4,1,10,10,0
65,60,16,0,0.2,36,24,0,1,2,4,2,4,1,10,10,0
70,60,16,0,0.2,36,24,0,1,2,4,2,4,1,10,10,0
75,60,16,0,0.2,36,24,0,1,2,4,2,4,1,10,10,0
80,60,16,0,0.2,36,24,0,1,2,4,2,4,1,10,10,0
85,60,16,0,0.2,36,24,0,1,2,4,2,4,1,10,10,0
90,60,16,0,0.2,36,24,0,1,2,4,2,4,1,10,10,0
95,60,16,0,0.2,36,24,0,1,2,4,2,4,1,10,10,0
100,60,16,0,0.2,36,24,0,1,2,4,2,4,1,10,10,0
5,65,16,0,0.2,36,24,0,1,2,4,2,4,1,10,10,0
10,65,16,0,0.2,36,24,0,1,2,4,2,4,1,10,10,0
15,65,16,0,0.2,36,24,0,1,2,4,2,4,1,10,10,0
20,65,16,0,0.2,36,24,0,1,2,4,2,4,1,10,10,0
25,65,16,0,0.2,36,24,0,1,2,4,2,4,1,10,10,0
30,65,16,0,0.2,36,24,0,1,2,4,2,4,1,10,10,0
35,65,16,0,0.2,36,24,0,1,2,4,2,4,1,10,10,0
40,65,16,0,0.2,36,24,0,1,2,4,2,4,1,10,10,0
45,65,16,0,0.2,36,24,0,1,2,4,2,4,1,10,10,0
50,65,16,0,0.2,36,24,0,1,2,4,2,4,1,10,10,0
55,65,16,0,0.2,36,24,0,1,2,4,2,4,1,10,10,0
60,65,16,0,0.2,36,24,0,1,2,4,2,4,1,10,10,0
65,65,16,0,0.2,36,24,0,1,2,4,2,4,1,10,10,0
70,65,16,0,0.2,36,24,0,1,2,4,2,4,1,10,10,0
75,65,16,0,0.2,36,24,0,1,2,4,2,4,1,10,10,0
80,65,16,0,0.2,36,24,0,1,2,4,2,4,1,10,10,0
85,65,16,0,0.2,36,24,0,1,2,4,2,4,1,10,10,0
90,65,16,0,0.2,36,24,0,1,2,4,2,4,1,10,10,0
95,65,16,0,0.2,36,24,0,1,2,4,2,4,1,10,10,0
100,65,16,0,0.2,36,24,0,1,2,4,2,4,1,10,10,0
5,70,16,0,0.2,36,24,0,1,2,4,2,4,1,10,10,0
10,70,16,0,0.2,36,24,0,1,2,4,2,4,1,10,10,0
15,70,16,0,0.2,36,24,0,1,2,4,2,4,1,10,10,0
20,70,16,0,0.2,36,24,0,1,2,4,2,4,1,10,10,0
25,70,16,0,0.2,36,24,0,1,2,4,2,4,1,10,10,0
30,70,16,0,0.2,36,24,0,1,2,4,2,4,1,10,10,0
35,70,16,0,0.2,36,24,0,1,2,4,2,4,1,10,10,0
40,70,16,0,0.2,36,24,0,1,2,4,2,4,1,10,10,0
45,70,16,0,0.2,36,24,0,1,2,4,2,4,1,10,10,0
50,70,16,0,0.2,36,24,0,1,2,4,2,4,1,10,10,0
55,70,16,0,0.2,36,24,0,1,2,4,2,4,1,10,10,0
60,70,16,0,0.2,36,24,0,1,2,4,2,4,1,10,10,0
65,70,16,0,0.2,36,24,0,1,2,4,2,4,1,10,10,0
70,70,16,0,0.2,36,24,0,1,2,4,2,4,1,10,10,0
75,70,16,0,0.2,36,24,0,1,2,4,2,4,1,10,10,0
80,70,16,0,0.2,36,24,0,1,2,4,2,4,1,10,10,0
85,70,16,0,0.2,36,24,0,1,2,4,2,4,1,10,10,0
90,70,16,0,0.2,36,24,0,1,2,4,2,4,1,10,10,0
95,70,16,0,0.2,36,24,0,1,2,4,2,4,1,10,10,0
100,70,16,0,0.2,36,24,0,1,2,4,2,4,1,10,10,0
5,75,16,0,0.2,36,24,0,1,2,4,2,4,1,10,10,0
10,75,16,0,0.2,36,24,0,1,2,4,2,4,1,10,10,0
15,75,16,0,0.2,36,24,0,1,2,4,2,4,1,10,10,0
20,75,16,0,0.2,36,24,0,1,2,4,2,4,1,10,10,0
25,75,16,0,0.2,36,24,0,1,2,4,2,4,1,10,10,0
30,75,16,0,0.2,36,24,0,1,2,4,2,4,1,10,10,0
35,75,16,0,0.2,36,24,0,1,2,4,2,4,1,10,10,0
40,75,16,0,0.2,36,24,0,1,2,4,2,4,1,10,10,0
45,75,16,0,0.2,36,24,0,1,2,4,2,4,1,10,10,0
50,75,16,0,0.2,36,24,0,1,2,4,2,4,1,10,10,0
55,75,16,0,0.2,36,24,0,1,2,4,2,4,1,10,10,0
60,75,16,0,0.2,36,24,0,1,2,4,2,4,1,10,10,0
65,75,16,0,0.2,36,24,0,1,2,4,2,4,1,10,10,0
70,75,16,0,0.2,36,24,0,1,2,4,2,4,1,10,10,0
75,75,16,0,0.2,36,24,0,1,2,4,2,4,1,10,10,0
80,75,16,0,0.2,36,24,0,1,2,4,2,4,1,10,10,0
85,75,16,0,0.2,36,24,0,1,2,4,2,4,1,10,10,0
90,75,16,0,0.2,36,24,0,1,2,4,2,4,1,10,10,0
95,75,16,0,0.2,36,24,0,1,2,4,2,4,1,10,10,0
100,75,16,0,0.2,36,24,0,1,2,4,2,4,1,10,10,0
5,80,16,0,0.2,36,24,0,1,2,4,2,4,1,10,10,0
10,80,16,0,0.2,36,24,0,1,2,4,2,4,1,10,10,0
15,80,16,0,0.2,36,24,0,1,2,4,2,4,1,10,10,0
20,80,16,0,0.2,36,24,0,1,2,4,2,4,1,10,10,0
25,80,16,0,0.2,36,24,0,1,2,4,2,4,1,10,10,0
30,80,16,0,0.2,36,24,0,1,2,4,2,4,1,10,10,0
35,80,16,0,0.2,36,24,0,1,2,4,2,4,1,10,10,0
40,80,16,0,0.2,36,24,0,1,2,4,2,4,1,10,10,0
45,80,16,0,0.2,36,24,0,1,2,4,2,4,1,10,10,0
50,80,16,0,0.2,36,24,0,1,2,4,2,4,1,10,10,0
55,80,16,0,0.2,36,24,0,1,2,4,2,4,1,10,10,0
60,80,16,0,0.2,36,24,0,1,2,4,2,4,1,10,10,0
65,80,16,0,0.2,36,24,0,1,2,4,2,4,1,10,10,0
70,80,16,0,0.2,36,24,0,1,2,4,2,4,1,10,10,0
75,80,16,0,0.2,36,24,0,1,2,4,2,4,1,10,10,0
80,80,16,0,0.2,36,24,0,1,2,4,2,4,1,10,10,0
85,80,16,0,0.2,36,24,0,1,2,4,2,4,1,10,10,0
90,80,16,0,0.2,36,24,0,1,2,4,2,4,1,10,10,0
95,80,16,0,0.2,36,24,0,1,2,4,2,4,1,10,10,0
100,80,16,0,0.2,36,24,0,1,2,4,2,4,1,10,10,0
5,85,16,0,0.2,36,24,0,1,2,4,2,4,1,10,10,0
10,85,16,0,0.2,36,24,0,1,2,4,2,4,1,10,10,0
15,85,16,0,0.2,36,24,0,1,2,4,2,4,1,10,10,0
20,85,16,0,0.2,36,24,0,1,2,4,2,4,1,10,10,0
25,85,16,0,0.2,36,24,0,1,2,4,2,4,1,10,10,0
30,85,16,0,0.2,36,24,0,1,2,4,2,4,1,10,10,0
35,85,16,0,0.2,36,24,0,1,2,4,2,4,1,10,10,0
40,85,16,0,0.2,36,24,0,1,2,4,2,4,1,10,10,0
45,85,16,0,0.2,36,24,0,1,2,4,2,4,1,10,10,0
50,85,16,0,0.2,36,24,0,1,2,4,2,4,1,10,10,0
55,85,16,0,0.2,36,24,0,1,2,4,2,4,1,10,10,0
60,85,16,0,0.2,36,24,0,1,2,4,2,4,1,10,10,0
65,85,16,0,0.2,36,24,0,1,2,4,2,4,1,10,10,0
70,85,16,0,0.2,36,24,0,1,2,4,2,4,1,10,10,0
75,85,16,0,0.2,36,24,0,1,2,4,2,4,1,10,10,0
80,85,16,0,0.2,36,24,0,1,2,4,2,4,1,10,10,0
85,85,16,0,0.2,36,24,0,1,2,4,2,4,1,10,10,0
90,85,16,0,0.2,36,24,0,1,2,4,2,4,1,10,10,0
95,85,16,0,0.2,36,24,0,1,2,4,2,4,1,10,10,0
100,85,16,0,0.2,36,24,0,1,2,4,2,4,1,10,10,0
5,90,16,0,0.2,36,24,0,1,2,4,2,4,1,10,10,0
10,90,16,0,0.2,36,24,0,1,2,4,2,4,1,10,10,0
15,90,16,0,0.2,36,24,0,1,2,4,2,4,1,10,10,0
20,90,16,0,0.2,36,24,0,1,2,4,2,4,1,10,10,0
25,90,16,0,0.2,36,24,0,1,2,4,2,4,1,10,10,0
30,90,16,0,0.2,36,24,0,1,2,4,2,4,1,10,10,0
35,90,16,0,0.2,36,24,0,1,2,4,2,4,1,10,10,0
40,90,16,0,0.2,36,24,0,1,2,4,2,4,1,10,10,0
45,90,16,0,0.2,36,24,0,1,2,4,2,4,1,10,10,0
50,90,16,0,0.2,36,24,0,1,2,4,2,4,1,10,10,0
55,90,16,0,0.2,36,24,0,1,2,4,2,4,1,10,10,0
60,90,16,0,0.2,36,24,0,1,2,4,2,4,1,10,10,0
65,90,16,0,0.2,36,24,0,1,2,4,2,4,1,10,10,0
70,90,16,0,0.2,36,24,0,1,2,4,2,4,1,10,10,0
75,90,16,0,0.2,36,24,0,1,2,4,2,4,1,10,10,0
80,90,16,0,0.2,36,24,0,1,2,4,2,4,1,10,10,0
85,90,16,0,0.2,36,24,0,1,2,4,2,4,1,10,10,0
90,90,16,0,0.2,36,24,0,1,2,4,2,4,1,10,10,0
95,90,16,0,0.2,36,24,0,1,2,4,2,4,1,10,10,0
100,90,16,0,0.2,36,24,0,1,2,4,2,4,1,10,10,0
5,95,16,0,0.2,36,24,0,1,2,4,2,4,1,10,10,0
10,95,16,0,0.2,36,24,0,1,2,4,2,4,1,10,10,0
15,95,16,0,0.2,36,24,0,1,2,4,2,4,1,10,10,0
20,95,16,0,0.2,36,24,0,1,2,4,2,4,1,10,10,0
25,95,16,0,0.2,36,24,0,1,2,4,2,4,1,10,10,0
30,95,16,0,0.2,36,24,0,1,2,4,2,4,1,10,10,0
35,95,16,0,0.2,36,24,0,1,2,4,2,4,1,10,10,0
40,95,16,0,0.2,36,24,0,1,2,4,2,4,1,10,10,0
45,95,16,0,0.2,36,24,0,1,2,4,2,4,1,10,10,0
50,95,16,0,0.2,36,24,0,1,2,4,2,4,1,10,10,0
55,95,16,0,0.2,36,24,0,1,2,4,2,4,1,10,10,0
60,95,16,0,0.2,36,24,0,1,2,4,2,4,1,10,10,0
65,95,16,0,0.2,36,24,0,1,2,4,2,4,1,10,10,0
70,95,16,0,0.2,36,24,0,1,2,4,2,4,1,10,10,0
75,95,16,0,0.2,36,24,0,1,2,4,2,4,1,10,10,0
80,95,16,0,0.2,36,24,0,1,2,4,2,4,1,10,10,0
85,95,16,0,0.2,36,24,0,1,2,4,2,4,1,10,10,0
90,95,16,0,0.2,36,24,0,1,2,4,2,4,1,10,10,0
95,95,16,0,0.2,36,24,0,1,2,4,2,4,1,10,10,0
100,95,16,0,0.2,36,24,0,1,2,4,2,4,1,10,10,0
5,100,16,0,0.2,36,24,0,1,2,4,2,4,1,10,10,0
10,100,16,0,0.2,36,24,0,1,2,4,2,4,1,10,10,0
15,100,16,0,0.2,36,24,0,1,2,4,2,4,1,10,10,0
20,100,16,0,0.2,36,24,0,1,2,4,2,4,1,10,10,0
25,100,16,0,0.2,36,24,0,1,2,4,2,4,1,10,10,0
30,100,16,0,0.2,36,24,0,1,2,4,2,4,1,10,10,0
35,100,16,0,0.2,36,24,0,1,2,4,2,4,1,10,10,0
40,100,16,0,0.2,36,24,0,1,2,4,2,4,1,10,10,0
45,100,16,0,0.2,36,24,0,1,2,4,2,4,1,10,10,0
50,100,16,0,0.2,36,24,0,1,2,4,2,4,1,10,10,0
55,100,16,0,0.2,36,24,0,1,2,4,2,4,1,10,10,0
60,100,16,0,0.2,36,24,0,1,2,4,2,4,1,10,10,0
65,100,16,0,0.2,36,24,0,1,2,4,2,4,1,10,10,0
70,100,16,0,0.2,36,24,0,1,2,4,2,4,1,10,10,0
75,100,16,0,0.2,36,24,0,1,2,4,2,4,1,10,10,0
80,100,16,0,0.2,36,24,0,1,2,4,2,4,1,10,10,0
85,100,16,0,0.2,36,24,0,1,2,4,2,4,1,10,10,0
90,100,16,0,0.2,36,24,0,1,2,4,2,4,1,10,10,0
95,100,16,0,0.2,36,24,0,1,2,4,2,4,1,10,10,0
100,100,16,0,0.2,36,24,0,1,2,4,2,4,1,10,10,0
5,5,18,0,0.2,36,24,0,1,2,4,2,4,1,10,10,0
10,5,18,0,0.2,36,24,0,1,2,4,2,4,1,10,10,0
15,5,18,0,0.2,36,24,0,1,2,4,2,4,1,10,10,0
20,5,18,0,0.2,36,24,0,1,2,4,2,4,1,10,10,0
25,5,18,0,0.2,36,24,0,1,2,4,2,4,1,10,10,0
30,5,18,0,0.2,36,24,0,1,2,4,2,4,1,10,10,0
35,5,18,0,0.2,36,24,0,1,2,4,2,4,1,10,10,0
40,5,18,0,0.2,36,24,0,1,2,4,2,4,1,10,10,0
45,5,18,0,0.2,36,24,0,1,2,4,2,4,1,10,10,0
50,5,18,0,0.2,36,24,0,1,2,4,2,4,1,10,10,0
55,5,18,0,0.2,36,24,0,1,2,4,2,4,1,10,10,0
60,5,18,0,0.2,36,24,0,1,2,4,2,4,1,10,10,0
65,5,18,0,0.2,36,24,0,1,2,4,2,4,1,10,10,0
70,5,18,0,0.2,36,24,0,1,2,4,2,4,1,10,10,0
75,5,18,0,0.2,36,24,0,1,2,4,2,4,1,10,10,0
80,5,18,0,0.2,36,24,0,1,2,4,2,4,1,10,10,0
85,5,18,0,0.2,36,24,0,1,2,4,2,4,1,10,10,0
90,5,18,0,0.2,36,24,0,1,2,4,2,4,1,10,10,0
95,5,18,0,0.2,36,24,0,1,2,4,2,4,1,10,10,0
100,5,18,0,0.2,36,24,0,1,2,4,2,4,1,10,10,0
5,10,18,0,0.2,36,24,0,1,2,4,2,4,1,10,10,0
10,10,18,0,0.2,36,24,0,1,2,4,2,4,1,10,10,0
15,10,18,0,0.2,36,24,0,1,2,4,2,4,1,10,10,0
20,10,18,0,0.2,36,24,0,1,2,4,2,4,1,10,10,0
25,10,18,0,0.2,36,24,0,1,2,4,2,4,1,10,10,0
30,10,18,0,0.2,36,24,0,1,2,4,2,4,1,10,10,0
35,10,18,0,0.2,36,24,0,1,2,4,2,4,1,10,10,0
40,10,18,0,0.2,36,24,0,1,2,4,2,4,1,10,10,0
45,10,18,0,0.2,36,24,0,1,2,4,2,4,1,10,10,0
50,10,18,0,0.2,36,24,0,1,2,4,2,4,1,10,10,0
55,10,18,0,0.2,36,24,0,1,2,4,2,4,1,10,10,0
60,10,18,0,0.2,36,24,0,1,2,4,2,4,1,10,10,0
65,10,18,0,0.2,36,24,0,1,2,4,2,4,1,10,10,0
70,10,18,0,0.2,36,24,0,1,2,4,2,4,1,10,10,0
75,10,18,0,0.2,36,24,0,1,2,4,2,4,1,10,10,0
80,10,18,0,0.2,36,24,0,1,2,4,2,4,1,10,10,0
85,10,18,0,0.2,36,24,0,1,2,4,2,4,1,10,10,0
90,10,18,0,0.2,36,24,0,1,2,4,2,4,1,10,10,0
95,10,18,0,0.2,36,24,0,1,2,4,2,4,1,10,10,0
100,10,18,0,0.2,36,24,0,1,2,4,2,4,1,10,10,0
5,15,18,0,0.2,36,24,0,1,2,4,2,4,1,10,10,0
10,15,18,0,0.2,36,24,0,1,2,4,2,4,1,10,10,0
15,15,18,0,0.2,36,24,0,1,2,4,2,4,1,10,10,0
20,15,18,0,0.2,36,24,0,1,2,4,2,4,1,10,10,0
25,15,18,0,0.2,36,24,0,1,2,4,2,4,1,10,10,0
30,15,18,0,0.2,36,24,0,1,2,4,2,4,1,10,10,0
35,15,18,0,0.2,36,24,0,1,2,4,2,4,1,10,10,0
40,15,18,0,0.2,36,24,0,1,2,4,2,4,1,10,10,0
45,15,18,0,0.2,36,24,0,1,2,4,2,4,1,10,10,0
50,15,18,0,0.2,36,24,0,1,2,4,2,4,1,10,10,0
55,15,18,0,0.2,36,24,0,1,2,4,2,4,1,10,10,0
60,15,18,0,0.2,36,24,0,1,2,4,2,4,1,10,10,0
65,15,18,0,0.2,36,24,0,1,2,4,2,4,1,10,10,0
70,15,18,0,0.2,36,24,0,1,2,4,2,4,1,10,10,0
75,15,18,0,0.2,36,24,0,1,2,4,2,4,1,10,10,0
80,15,18,0,0.2,36,24,0,1,2,4,2,4,1,10,10,0
85,15,18,0,0.2,36,24,0,1,2,4,2,4,1,10,10,0
90,15,18,0,0.2,36,24,0,1,2,4,2,4,1,10,10,0
95,15,18,0,0.2,36,24,0,1,2,4,2,4,1,10,10,0
100,15,18,0,0.2,36,24,0,1,2,4,2,4,1,10,10,0
5,20,18,0,0.2,36,24,0,1,2,4,2,4,1,10,10,0
10,20,18,0,0.2,36,24,0,1,2,4,2,4,1,10,10,0
15,20,18,0,0.2,36,24,0,1,2,4,2,4,1,10,10,0
20,20,18,0,0.2,36,24,0,1,2,4,2,4,1,10,10,0
25,20,18,0,0.2,36,24,0,1,2,4,2,4,1,10,10,0
30,20,18,0,0.2,36,24,0,1,2,4,2,4,1,10,10,0
35,20,18,0,0.2,36,24,0,1,2,4,2,4,1,10,10,0
40,20,18,0,0.2,36,24,0,1,2,4,2,4,1,10,10,0
45,20,18,0,0.2,36,24,0,1,2,4,2,4,1,10,10,0
50,20,18,0,0.2,36,24,0,1,2,4,2,4,1,10,10,0
55,20,18,0,0.2,36,24,0,1,2,4,2,4,1,10,10,0
60,20,18,0,0.2,36,24,0,1,2,4,2,4,1,10,10,0
65,20,18,0,0.2,36,24,0,1,2,4,2,4,1,10,10,0
70,20,18,0,0.2,36,24,0,1,2,4,2,4,1,10,10,0
75,20,18,0,0.2,36,24,0,1,2,4,2,4,1,10,10,0
80,20,18,0,0.2,36,24,0,1,2,4,2,4,1,10,10,0
85,20,18,0,0.2,36,24,0,1,2,4,2,4,1,10,10,0
90,20,18,0,0.2,36,24,0,1,2,4,2,4,1,10,10,0
95,20,18,0,0.2,36,24,0,1,2,4,2,4,1,10,10,0
100,20,18,0,0.2,36,24,0,1,2,4,2,4,1,10,10,0
5,25,18,0,0.2,36,24,0,1,2,4,2,4,1,10,10,0
10,25,18,0,0.2,36,24,0,1,2,4,2,4,1,10,10,0
15,25,18,0,0.2,36,24,0,1,2,4,2,4,1,10,10,0
20,25,18,0,0.2,36,24,0,1,2,4,2,4,1,10,10,0
25,25,18,0,0.2,36,24,0,1,2,4,2,4,1,10,10,0
30,25,18,0,0.2,36,24,0,1,2,4,2,4,1,10,10,0
35,25,18,0,0.2,36,24,0,1,2,4,2,4,1,10,10,0
40,25,18,0,0.2,36,24,0,1,2,4,2,4,1,10,10,0
45,25,18,0,0.2,36,24,0,1,2,4,2,4,1,10,10,0
50,25,18,0,0.2,36,24,0,1,2,4,2,4,1,10,10,0
55,25,18,0,0.2,36,24,0,1,2,4,2,4,1,10,10,0
60,25,18,0,0.2,36,24,0,1,2,4,2,4,1,10,10,0
65,25,18,0,0.2,36,24,0,1,2,4,2,4,1,10,10,0
70,25,18,0,0.2,36,24,0,1,2,4,2,4,1,10,10,0
75,25,18,0,0.2,36,24,0,1,2,4,2,4,1,10,10,0
80,25,18,0,0.2,36,24,0,1,2,4,2,4,1,10,10,0
85,25,18,0,0.2,36,24,0,1,2,4,2,4,1,10,10,0
90,25,18,0,0.2,36,24,0,1,2,4,2,4,1,10,10,0
95,25,18,0,0.2,36,24,0,1,2,4,2,4,1,10,10,0
100,25,18,0,0.2,36,24,0,1,2,4,2,4,1,10,10,0
5,30,18,0,0.2,36,24,0,1,2,4,2,4,1,10,10,0
10,30,18,0,0.2,36,24,0,1,2,4,2,4,1,10,10,0
15,30,18,0,0.2,36,24,0,1,2,4,2,4,1,10,10,0
20,30,18,0,0.2,36,24,0,1,2,4,2,4,1,10,10,0
25,30,18,0,0.2,36,24,0,1,2,4,2,4,1,10,10,0
30,30,18,0,0.2,36,24,0,1,2,4,2,4,1,10,10,0
35,30,18,0,0.2,36,24,0,1,2,4,2,4,1,10,10,0
40,30,18,0,0.2,36,24,0,1,2,4,2,4,1,10,10,0
45,30,18,0,0.2,36,24,0,1,2,4,2,4,1,10,10,0
50,30,18,0,0.2,36,24,0,1,2,4,2,4,1,10,10,0
55,30,18,0,0.2,36,24,0,1,2,4,2,4,1,10,10,0
60,30,18,0,0.2,36,24,0,1,2,4,2,4,1,10,10,0
65,30,18,0,0.2,36,24,0,1,2,4,2,4,1,10,10,0
70,30,18,0,0.2,36,24,0,1,2,4,2,4,1,10,10,0
75,30,18,0,0.2,36,24,0,1,2,4,2,4,1,10,10,0
80,30,18,0,0.2,36,24,0,1,2,4,2,4,1,10,10,0
85,30,18,0,0.2,36,24,0,1,2,4,2,4,1,10,10,0
90,30,18,0,0.2,36,24,0,1,2,4,2,4,1,10,10,0
95,30,18,0,0.2,36,24,0,1,2,4,2,4,1,10,10,0
100,30,18,0,0.2,36,24,0,1,2,4,2,4,1,10,10,0
5,35,18,0,0.2,36,24,0,1,2,4,2,4,1,10,10,0
10,35,18,0,0.2,36,24,0,1,2,4,2,4,1,10,10,0
15,35,18,0,0.2,36,24,0,1,2,4,2,4,1,10,10,0
20,35,18,0,0.2,36,24,0,1,2,4,2,4,1,10,10,0
25,35,18,0,0.2,36,24,0,1,2,4,2,4,1,10,10,0
30,35,18,0,0.2,36,24,0,1,2,4,2,4,1,10,10,0
35,35,18,0,0.2,36,24,0,1,2,4,2,4,1,10,10,0
40,35,18,0,0.2,36,24,0,1,2,4,2,4,1,10,10,0
45,35,18,0,0.2,36,24,0,1,2,4,2,4,1,10,10,0
50,35,18,0,0.2,36,24,0,1,2,4,2,4,1,10,10,0
55,35,18,0,0.2,36,24,0,1,2,4,2,4,1,10,10,0
60,35,18,0,0.2,36,24,0,1,2,4,2,4,1,10,10,0
65,35,18,0,0.2,36,24,0,1,2,4,2,4,1,10,10,0
70,35,18,0,0.2,36,24,0,1,2,4,2,4,1,10,10,0
75,35,18,0,0.2,36,24,0,1,2,4,2,4,1,10,10,0
80,35,18,0,0.2,36,24,0,1,2,4,2,4,1,10,10,0
85,35,18,0,0.2,36,24,0,1,2,4,2,4,1,10,10,0
90,35,18,0,0.2,36,24,0,1,2,4,2,4,1,10,10,0
95,35,18,0,0.2,36,24,0,1,2,4,2,4,1,10,10,0
100,35,18,0,0.2,36,24,0,1,2,4,2,4,1,10,10,0
5,40,18,0,0.2,36,24,0,1,2,4,2,4,1,10,10,0
10,40,18,0,0.2,36,24,0,1,2,4,2,4,1,10,10,0
15,40,18,0,0.2,36,24,0,1,2,4,2,4,1,10,10,0
20,40,18,0,0.2,36,24,0,1,2,4,2,4,1,10,10,0
25,40,18,0,0.2,36,24,0,1,2,4,2,4,1,10,10,0
30,40,18,0,0.2,36,24,0,1,2,4,2,4,1,10,10,0
35,40,18,0,0.2,36,24,0,1,2,4,2,4,1,10,10,0
40,40,18,0,0.2,36,24,0,1,2,4,2,4,1,10,10,0
45,40,18,0,0.2,36,24,0,1,2,4,2,4,1,10,10,0
50,40,18,0,0.2,36,24,0,1,2,4,2,4,1,10,10,0
55,40,18,0,0.2,36,24,0,1,2,4,2,4,1,10,10,0
60,40,18,0,0.2,36,24,0,1,2,4,2,4,1,10,10,0
65,40,18,0,0.2,36,24,0,1,2,4,2,4,1,10,10,0
70,40,18,0,0.2,36,24,0,1,2,4,2,4,1,10,10,0
75,40,18,0,0.2,36,24,0,1,2,4,2,4,1,10,10,0
80,40,18,0,0.2,36,24,0,1,2,4,2,4,1,10,10,0
85,40,18,0,0.2,36,24,0,1,2,4,2,4,1,10,10,0
90,40,18,0,0.2,36,24,0,1,2,4,2,4,1,10,10,0
95,40,18,0,0.2,36,24,0,1,2,4,2,4,1,10,10,0
100,40,18,0,0.2,36,24,0,1,2,4,2,4,1,10,10,0
5,45,18,0,0.2,36,24,0,1,2,4,2,4,1,10,10,0
10,45,18,0,0.2,36,24,0,1,2,4,2,4,1,10,10,0
15,45,18,0,0.2,36,24,0,1,2,4,2,4,1,10,10,0
20,45,18,0,0.2,36,24,0,1,2,4,2,4,1,10,10,0
25,45,18,0,0.2,36,24,0,1,2,4,2,4,1,10,10,0
30,45,18,0,0.2,36,24,0,1,2,4,2,4,1,10,10,0
35,45,18,0,0.2,36,24,0,1,2,4,2,4,1,10,10,0
40,45,18,0,0.2,36,24,0,1,2,4,2,4,1,10,10,0
45,45,18,0,0.2,36,24,0,1,2,4,2,4,1,10,10,0
50,45,18,0,0.2,36,24,0,1,2,4,2,4,1,10,10,0
55,45,18,0,0.2,36,24,0,1,2,4,2,4,1,10,10,0
60,45,18,0,0.2,36,24,0,1,2,4,2,4,1,10,10,0
65,45,18,0,0.2,36,24,0,1,2,4,2,4,1,10,10,0
70,45,18,0,0.2,36,24,0,1,2,4,2,4,1,10,10,0
75,45,18,0,0.2,36,24,0,1,2,4,2,4,1,10,10,0
80,45,18,0,0.2,36,24,0,1,2,4,2,4,1,10,10,0
85,45,18,0,0.2,36,24,0,1,2,4,2,4,1,10,10,0
90,45,18,0,0.2,36,24,0,1,2,4,2,4,1,10,10,0
95,45,18,0,0.2,36,24,0,1,2,4,2,4,1,10,10,0
100,45,18,0,0.2,36,24,0,1,2,4,2,4,1,10,10,0
5,50,18,0,0.2,36,24,0,1,2,4,2,4,1,10,10,0
10,50,18,0,0.2,36,24,0,1,2,4,2,4,1,10,10,0
15,50,18,0,0.2,36,24,0,1,2,4,2,4,1,10,10,0
20,50,18,0,0.2,36,24,0,1,2,4,2,4,1,10,10,0
25,50,18,0,0.2,36,24,0,1,2,4,2,4,1,10,10,0
30,50,18,0,0.2,36,24,0,1,2,4,2,4,1,10,10,0
35,50,18,0,0.2,36,24,0,1,2,4,2,4,1,10,10,0
40,50,18,0,0.2,36,24,0,1,2,4,2,4,1,10,10,0
45,50,18,0,0.2,36,24,0,1,2,4,2,4,1,10,10,0
50,50,18,0,0.2,36,24,0,1,2,4,2,4,1,10,10,0
55,50,18,0,0.2,36,24,0,1,2,4,2,4,1,10,10,0
60,50,18,0,0.2,36,24,0,1,2,4,2,4,1,10,10,0
65,50,18,0,0.2,36,24,0,1,2,4,2,4,1,10,10,0
70,50,18,0,0.2,36,24,0,1,2,4,2,4,1,10,10,0
75,50,18,0,0.2,36,24,0,1,2,4,2,4,1,10,10,0
80,50,18,0,0.2,36,24,0,1,2,4,2,4,1,10,10,0
85,50,18,0,0.2,36,24,0,1,2,4,2,4,1,10,10,0
90,50,18,0,0.2,36,24,0,1,2,4,2,4,1,10,10,0
95,50,18,0,0.2,36,24,0,1,2,4,2,4,1,10,10,0
100,50,18,0,0.2,36,24,0,1,2,4,2,4,1,10,10,0
5,55,18,0,0.2,36,24,0,1,2,4,2,4,1,10,10,0
10,55,18,0,0.2,36,24,0,1,2,4,2,4,1,10,10,0
15,55,18,0,0.2,36,24,0,1,2,4,2,4,1,10,10,0
20,55,18,0,0.2,36,24,0,1,2,4,2,4,1,10,10,0
25,55,18,0,0.2,36,24,0,1,2,4,2,4,1,10,10,0
30,55,18,0,0.2,36,24,0,1,2,4,2,4,1,10,10,0
35,55,18,0,0.2,36,24,0,1,2,4,2,4,1,10,10,0
40,55,18,0,0.2,36,24,0,1,2,4,2,4,1,10,10,0
45,55,18,0,0.2,36,24,0,1,2,4,2,4,1,10,10,0
50,55,18,0,0.2,36,24,0,1,2,4,2,4,1,10,10,0
55,55,18,0,0.2,36,24,0,1,2,4,2,4,1,10,10,0
60,55,18,0,0.2,36,24,0,1,2,4,2,4,1,10,10,0
65,55,18,0,0.2,36,24,0,1,2,4,2,4,1,10,10,0
70,55,18,0,0.2,36,24,0,1,2,4,2,4,1,10,10,0
75,55,18,0,0.2,36,24,0,1,2,4,2,4,1,10,10,0
80,55,18,0,0.2,36,24,0,1,2,4,2,4,1,10,10,0
85,55,18,0,0.2,36,24,0,1,2,4,2,4,1,10,10,0
90,55,18,0,0.2,36,24,0,1,2,4,2,4,1,10,10,0
95,55,18,0,0.2,36,24,0,1,2,4,2,4,1,10,10,0
100,55,18,0,0.2,36,24,0,1,2,4,2,4,1,10,10,0
5,60,18,0,0.2,36,24,0,1,2,4,2,4,1,10,10,0
10,60,18,0,0.2,36,24,0,1,2,4,2,4,1,10,10,0
15,60,18,0,0.2,36,24,0,1,2,4,2,4,1,10,10,0
20,60,18,0,0.2,36,24,0,1,2,4,2,4,1,10,10,0
25,60,18,0,0.2,36,24,0,1,2,4,2,4,1,10,10,0
30,60,18,0,0.2,36,24,0,1,2,4,2,4,1,10,10,0
35,60,18,0,0.2,36,24,0,1,2,4,2,4,1,10,10,0
40,60,18,0,0.2,36,24,0,1,2,4,2,4,1,10,10,0
45,60,18,0,0.2,36,24,0,1,2,4,2,4,1,10,10,0
50,60,18,0,0.2,36,24,0,1,2,4,2,4,1,10,10,0
55,60,18,0,0.2,36,24,0,1,2,4,2,4,1,10,10,0
60,60,18,0,0.2,36,24,0,1,2,4,2,4,1,10,10,0
65,60,18,0,0.2,36,24,0,1,2,4,2,4,1,10,10,0
70,60,18,0,0.2,36,24,0,1,2,4,2,4,1,10,10,0
75,60,18,0,0.2,36,24,0,1,2,4,2,4,1,10,10,0
80,60,18,0,0.2,36,24,0,1,2,4,2,4,1,10,10,0
85,60,18,0,0.2,36,24,0,1,2,4,2,4,1,10,10,0
90,60,18,0,0.2,36,24,0,1,2,4,2,4,1,10,10,0
95,60,18,0,0.2,36,24,0,1,2,4,2,4,1,10,10,0
100,60,18,0,0.2,36,24,0,1,2,4,2,4,1,10,10,0
5,65,18,0,0.2,36,24,0,1,2,4,2,4,1,10,10,0
10,65,18,0,0.2,36,24,0,1,2,4,2,4,1,10,10,0
15,65,18,0,0.2,36,24,0,1,2,4,2,4,1,10,10,0
20,65,18,0,0.2,36,24,0,1,2,4,2,4,1,10,10,0
25,65,18,0,0.2,36,24,0,1,2,4,2,4,1,10,10,0
30,65,18,0,0.2,36,24,0,1,2,4,2,4,1,10,10,0
35,65,18,0,0.2,36,24,0,1,2,4,2,4,1,10,10,0
40,65,18,0,0.2,36,24,0,1,2,4,2,4,1,10,10,0
45,65,18,0,0.2,36,24,0,1,2,4,2,4,1,10,10,0
50,65,18,0,0.2,36,24,0,1,2,4,2,4,1,10,10,0
55,65,18,0,0.2,36,24,0,1,2,4,2,4,1,10,10,0
60,65,18,0,0.2,36,24,0,1,2,4,2,4,1,10,10,0
65,65,18,0,0.2,36,24,0,1,2,4,2,4,1,10,10,0
70,65,18,0,0.2,36,24,0,1,2,4,2,4,1,10,10,0
75,65,18,0,0.2,36,24,0,1,2,4,2,4,1,10,10,0
80,65,18,0,0.2,36,24,0,1,2,4,2,4,1,10,10,0
85,65,18,0,0.2,36,24,0,1,2,4,2,4,1,10,10,0
90,65,18,0,0.2,36,24,0,1,2,4,2,4,1,10,10,0
95,65,18,0,0.2,36,24,0,1,2,4,2,4,1,10,10,0
100,65,18,0,0.2,36,24,0,1,2,4,2,4,1,10,10,0
5,70,18,0,0.2,36,24,0,1,2,4,2,4,1,10,10,0
10,70,18,0,0.2,36,24,0,1,2,4,2,4,1,10,10,0
15,70,18,0,0.2,36,24,0,1,2,4,2,4,1,10,10,0
20,70,18,0,0.2,36,24,0,1,2,4,2,4,1,10,10,0
25,70,18,0,0.2,36,24,0,1,2,4,2,4,1,10,10,0
30,70,18,0,0.2,36,24,0,1,2,4,2,4,1,10,10,0
35,70,18,0,0.2,36,24,0,1,2,4,2,4,1,10,10,0
40,70,18,0,0.2,36,24,0,1,2,4,2,4,1,10,10,0
45,70,18,0,0.2,36,24,0,1,2,4,2,4,1,10,10,0
50,70,18,0,0.2,36,24,0,1,2,4,2,4,1,10,10,0
55,70,18,0,0.2,36,24,0,1,2,4,2,4,1,10,10,0
60,70,18,0,0.2,36,24,0,1,2,4,2,4,1,10,10,0
65,70,18,0,0.2,36,24,0,1,2,4,2,4,1,10,10,0
70,70,18,0,0.2,36,24,0,1,2,4,2,4,1,10,10,0
75,70,18,0,0.2,36,24,0,1,2,4,2,4,1,10,10,0
80,70,18,0,0.2,36,24,0,1,2,4,2,4,1,10,10,0
85,70,18,0,0.2,36,24,0,1,2,4,2,4,1,10,10,0
90,70,18,0,0.2,36,24,0,1,2,4,2,4,1,10,10,0
95,70,18,0,0.2,36,24,0,1,2,4,2,4,1,10,10,0
100,70,18,0,0.2,36,24,0,1,2,4,2,4,1,10,10,0
5,75,18,0,0.2,36,24,0,1,2,4,2,4,1,10,10,0
10,75,18,0,0.2,36,24,0,1,2,4,2,4,1,10,10,0
15,75,18,0,0.2,36,24,0,1,2,4,2,4,1,10,10,0
20,75,18,0,0.2,36,24,0,1,2,4,2,4,1,10,10,0
25,75,18,0,0.2,36,24,0,1,2,4,2,4,1,10,10,0
30,75,18,0,0.2,36,24,0,1,2,4,2,4,1,10,10,0
35,75,18,0,0.2,36,24,0,1,2,4,2,4,1,10,10,0
40,75,18,0,0.2,36,24,0,1,2,4,2,4,1,10,10,0
45,75,18,0,0.2,36,24,0,1,2,4,2,4,1,10,10,0
50,75,18,0,0.2,36,24,0,1,2,4,2,4,1,10,10,0
55,75,18,0,0.2,36,24,0,1,2,4,2,4,1,10,10,0
60,75,18,0,0.2,36,24,0,1,2,4,2,4,1,10,10,0
65,75,18,0,0.2,36,24,0,1,2,4,2,4,1,10,10,0
70,75,18,0,0.2,36,24,0,1,2,4,2,4,1,10,10,0
75,75,18,0,0.2,36,24,0,1,2,4,2,4,1,10,10,0
80,75,18,0,0.2,36,24,0,1,2,4,2,4,1,10,10,0
85,75,18,0,0.2,36,24,0,1,2,4,2,4,1,10,10,0
90,75,18,0,0.2,36,24,0,1,2,4,2,4,1,10,10,0
95,75,18,0,0.2,36,24,0,1,2,4,2,4,1,10,10,0
100,75,18,0,0.2,36,24,0,1,2,4,2,4,1,10,10,0
5,80,18,0,0.2,36,24,0,1,2,4,2,4,1,10,10,0
10,80,18,0,0.2,36,24,0,1,2,4,2,4,1,10,10,0
15,80,18,0,0.2,36,24,0,1,2,4,2,4,1,10,10,0
20,80,18,0,0.2,36,24,0,1,2,4,2,4,1,10,10,0
25,80,18,0,0.2,36,24,0,1,2,4,2,4,1,10,10,0
30,80,18,0,0.2,36,24,0,1,2,4,2,4,1,10,10,0
35,80,18,0,0.2,36,24,0,1,2,4,2,4,1,10,10,0
40,80,18,0,0.2,36,24,0,1,2,4,2,4,1,10,10,0
45,80,18,0,0.2,36,24,0,1,2,4,2,4,1,10,10,0
50,80,18,0,0.2,36,24,0,1,2,4,2,4,1,10,10,0
55,80,18,0,0.2,36,24,0,1,2,4,2,4,1,10,10,0
60,80,18,0,0.2,36,24,0,1,2,4,2,4,1,10,10,0
65,80,18,0,0.2,36,24,0,1,2,4,2,4,1,10,10,0
70,80,18,0,0.2,36,24,0,1,2,4,2,4,1,10,10,0
75,80,18,0,0.2,36,24,0,1,2,4,2,4,1,10,10,0
80,80,18,0,0.2,36,24,0,1,2,4,2,4,1,10,10,0
85,80,18,0,0.2,36,24,0,1,2,4,2,4,1,10,10,0
90,80,18,0,0.2,36,24,0,1,2,4,2,4,1,10,10,0
95,80,18,0,0.2,36,24,0,1,2,4,2,4,1,10,10,0
100,80,18,0,0.2,36,24,0,1,2,4,2,4,1,10,10,0
5,85,18,0,0.2,36,24,0,1,2,4,2,4,1,10,10,0
10,85,18,0,0.2,36,24,0,1,2,4,2,4,1,10,10,0
15,85,18,0,0.2,36,24,0,1,2,4,2,4,1,10,10,0
20,85,18,0,0.2,36,24,0,1,2,4,2,4,1,10,10,0
25,85,18,0,0.2,36,24,0,1,2,4,2,4,1,10,10,0
30,85,18,0,0.2,36,24,0,1,2,4,2,4,1,10,10,0
35,85,18,0,0.2,36,24,0,1,2,4,2,4,1,10,10,0
40,85,18,0,0.2,36,24,0,1,2,4,2,4,1,10,10,0
45,85,18,0,0.2,36,24,0,1,2,4,2,4,1,10,10,0
50,85,18,0,0.2,36,24,0,1,2,4,2,4,1,10,10,0
55,85,18,0,0.2,36,24,0,1,2,4,2,4,1,10,10,0
60,85,18,0,0.2,36,24,0,1,2,4,2,4,1,10,10,0
65,85,18,0,0.2,36,24,0,1,2,4,2,4,1,10,10,0
70,85,18,0,0.2,36,24,0,1,2,4,2,4,1,10,10,0
75,85,18,0,0.2,36,24,0,1,2,4,2,4,1,10,10,0
80,85,18,0,0.2,36,24,0,1,2,4,2,4,1,10,10,0
85,85,18,0,0.2,36,24,0,1,2,4,2,4,1,10,10,0
90,85,18,0,0.2,36,24,0,1,2,4,2,4,1,10,10,0
95,85,18,0,0.2,36,24,0,1,2,4,2,4,1,10,10,0
100,85,18,0,0.2,36,24,0,1,2,4,2,4,1,10,10,0
5,90,18,0,0.2,36,24,0,1,2,4,2,4,1,10,10,0
10,90,18,0,0.2,36,24,0,1,2,4,2,4,1,10,10,0
15,90,18,0,0.2,36,24,0,1,2,4,2,4,1,10,10,0
20,90,18,0,0.2,36,24,0,1,2,4,2,4,1,10,10,0
25,90,18,0,0.2,36,24,0,1,2,4,2,4,1,10,10,0
30,90,18,0,0.2,36,24,0,1,2,4,2,4,1,10,10,0
35,90,18,0,0.2,36,24,0,1,2,4,2,4,1,10,10,0
40,90,18,0,0.2,36,24,0,1,2,4,2,4,1,10,10,0
45,90,18,0,0.2,36,24,0,1,2,4,2,4,1,10,10,0
50,90,18,0,0.2,36,24,0,1,2,4,2,4,1,10,10,0
55,90,18,0,0.2,36,24,0,1,2,4,2,4,1,10,10,0
60,90,18,0,0.2,36,24,0,1,2,4,2,4,1,10,10,0
65,90,18,0,0.2,36,24,0,1,2,4,2,4,1,10,10,0
70,90,18,0,0.2,36,24,0,1,2,4,2,4,1,10,10,0
75,90,18,0,0.2,36,24,0,1,2,4,2,4,1,10,10,0
80,90,18,0,0.2,36,24,0,1,2,4,2,4,1,10,10,0
85,90,18,0,0.2,36,24,0,1,2,4,2,4,1,10,10,0
90,90,18,0,0.2,36,24,0,1,2,4,2,4,1,10,10,0
95,90,18,0,0.2,36,24,0,1,2,4,2,4,1,10,10,0
100,90,18,0,0.2,36,24,0,1,2,4,2,4,1,10,10,0
5,95,18,0,0.2,36,24,0,1,2,4,2,4,1,10,10,0
10,95,18,0,0.2,36,24,0,1,2,4,2,4,1,10,10,0
15,95,18,0,0.2,36,24,0,1,2,4,2,4,1,10,10,0
20,95,18,0,0.2,36,24,0,1,2,4,2,4,1,10,10,0
25,95,18,0,0.2,36,24,0,1,2,4,2,4,1,10,10,0
30,95,18,0,0.2,36,24,0,1,2,4,2,4,1,10,10,0
35,95,18,0,0.2,36,24,0,1,2,4,2,4,1,10,10,0
40,95,18,0,0.2,36,24,0,1,2,4,2,4,1,10,10,0
45,95,18,0,0.2,36,24,0,1,2,4,2,4,1,10,10,0
50,95,18,0,0.2,36,24,0,1,2,4,2,4,1,10,10,0
55,95,18,0,0.2,36,24,0,1,2,4,2,4,1,10,10,0
60,95,18,0,0.2,36,24,0,1,2,4,2,4,1,10,10,0
65,95,18,0,0.2,36,24,0,1,2,4,2,4,1,10,10,0
70,95,18,0,0.2,36,24,0,1,2,4,2,4,1,10,10,0
75,95,18,0,0.2,36,24,0,1,2,4,2,4,1,10,10,0
80,95,18,0,0.2,36,24,0,1,2,4,2,4,1,10,10,0
85,95,18,0,0.2,36,24,0,1,2,4,2,4,1,10,10,0
90,95,18,0,0.2,36,24,0,1,2,4,2,4,1,10,10,0
95,95,18,0,0.2,36,24,0,1,2,4,2,4,1,10,10,0
100,95,18,0,0.2,36,24,0,1,2,4,2,4,1,10,10,0
5,100,18,0,0.2,36,24,0,1,2,4,2,4,1,10,10,0
10,100,18,0,0.2,36,24,0,1,2,4,2,4,1,10,10,0
15,100,18,0,0.2,36,24,0,1,2,4,2,4,1,10,10,0
20,100,18,0,0.2,36,24,0,1,2,4,2,4,1,10,10,0
25,100,18,0,0.2,36,24,0,1,2,4,2,4,1,10,10,0
30,100,18,0,0.2,36,24,0,1,2,4,2,4,1,10,10,0
35,100,18,0,0.2,36,24,0,1,2,4,2,4,1,10,10,0
40,100,18,0,0.2,36,24,0,1,2,4,2,4,1,10,10,0
45,100,18,0,0.2,36,24,0,1,2,4,2,4,1,10,10,0
50,100,18,0,0.2,36,24,0,1,2,4,2,4,1,10,10,0
55,100,18,0,0.2,36,24,0,1,2,4,2,4,1,10,10,0
60,100,18,0,0.2,36,24,0,1,2,4,2,4,1,10,10,0
65,100,18,0,0.2,36,24,0,1,2,4,2,4,1,10,10,0
70,100,18,0,0.2,36,24,0,1,2,4,2,4,1,10,10,0
75,100,18,0,0.2,36,24,0,1,2,4,2,4,1,10,10,0
80,100,18,0,0.2,36,24,0,1,2,4,2,4,1,10,10,0
85,100,18,0,0.2,36,24,0,1,2,4,2,4,1,10,10,0
90,100,18,0,0.2,36,24,0,1,2,4,2,4,1,10,10,0
95,100,18,0,0.2,36,24,0,1,2,4,2,4,1,10,10,0
100,100,18,0,0.2,36,24,0,1,2,4,2,4,1,10,10,0
5,5,20,0,0.2,36,24,0,1,2,4,2,4,1,10,10,0
10,5,20,0,0.2,36,24,0,1,2,4,2,4,1,10,10,0
15,5,20,0,0.2,36,24,0,1,2,4,2,4,1,10,10,0
20,5,20,0,0.2,36,24,0,1,2,4,2,4,1,10,10,0
25,5,20,0,0.2,36,24,0,1,2,4,2,4,1,10,10,0
30,5,20,0,0.2,36,24,0,1,2,4,2,4,1,10,10,0
35,5,20,0,0.2,36,24,0,1,2,4,2,4,1,10,10,0
40,5,20,0,0.2,36,24,0,1,2,4,2,4,1,10,10,0
45,5,20,0,0.2,36,24,0,1,2,4,2,4,1,10,10,0
50,5,20,0,0.2,36,24,0,1,2,4,2,4,1,10,10,0
55,5,20,0,0.2,36,24,0,1,2,4,2,4,1,10,10,0
60,5,20,0,0.2,36,24,0,1,2,4,2,4,1,10,10,0
65,5,20,0,0.2,36,24,0,1,2,4,2,4,1,10,10,0
70,5,20,0,0.2,36,24,0,1,2,4,2,4,1,10,10,0
75,5,20,0,0.2,36,24,0,1,2,4,2,4,1,10,10,0
80,5,20,0,0.2,36,24,0,1,2,4,2,4,1,10,10,0
85,5,20,0,0.2,36,24,0,1,2,4,2,4,1,10,10,0
90,5,20,0,0.2,36,24,0,1,2,4,2,4,1,10,10,0
95,5,20,0,0.2,36,24,0,1,2,4,2,4,1,10,10,0
100,5,20,0,0.2,36,24,0,1,2,4,2,4,1,10,10,0
5,10,20,0,0.2,36,24,0,1,2,4,2,4,1,10,10,0
10,10,20,0,0.2,36,24,0,1,2,4,2,4,1,10,10,0
15,10,20,0,0.2,36,24,0,1,2,4,2,4,1,10,10,0
20,10,20,0,0.2,36,24,0,1,2,4,2,4,1,10,10,0
25,10,20,0,0.2,36,24,0,1,2,4,2,4,1,10,10,0
30,10,20,0,0.2,36,24,0,1,2,4,2,4,1,10,10,0
35,10,20,0,0.2,36,24,0,1,2,4,2,4,1,10,10,0
40,10,20,0,0.2,36,24,0,1,2,4,2,4,1,10,10,0
45,10,20,0,0.2,36,24,0,1,2,4,2,4,1,10,10,0
50,10,20,0,0.2,36,24,0,1,2,4,2,4,1,10,10,0
55,10,20,0,0.2,36,24,0,1,2,4,2,4,1,10,10,0
60,10,20,0,0.2,36,24,0,1,2,4,2,4,1,10,10,0
65,10,20,0,0.2,36,24,0,1,2,4,2,4,1,10,10,0
70,10,20,0,0.2,36,24,0,1,2,4,2,4,1,10,10,0
75,10,20,0,0.2,36,24,0,1,2,4,2,4,1,10,10,0
80,10,20,0,0.2,36,24,0,1,2,4,2,4,1,10,10,0
85,10,20,0,0.2,36,24,0,1,2,4,2,4,1,10,10,0
90,10,20,0,0.2,36,24,0,1,2,4,2,4,1,10,10,0
95,10,20,0,0.2,36,24,0,1,2,4,2,4,1,10,10,0
100,10,20,0,0.2,36,24,0,1,2,4,2,4,1,10,10,0
5,15,20,0,0.2,36,24,0,1,2,4,2,4,1,10,10,0
10,15,20,0,0.2,36,24,0,1,2,4,2,4,1,10,10,0
15,15,20,0,0.2,36,24,0,1,2,4,2,4,1,10,10,0
20,15,20,0,0.2,36,24,0,1,2,4,2,4,1,10,10,0
25,15,20,0,0.2,36,24,0,1,2,4,2,4,1,10,10,0
30,15,20,0,0.2,36,24,0,1,2,4,2,4,1,10,10,0
35,15,20,0,0.2,36,24,0,1,2,4,2,4,1,10,10,0
40,15,20,0,0.2,36,24,0,1,2,4,2,4,1,10,10,0
45,15,20,0,0.2,36,24,0,1,2,4,2,4,1,10,10,0
50,15,20,0,0.2,36,24,0,1,2,4,2,4,1,10,10,0
55,15,20,0,0.2,36,24,0,1,2,4,2,4,1,10,10,0
60,15,20,0,0.2,36,24,0,1,2,4,2,4,1,10,10,0
65,15,20,0,0.2,36,24,0,1,2,4,2,4,1,10,10,0
70,15,20,0,0.2,36,24,0,1,2,4,2,4,1,10,10,0
75,15,20,0,0.2,36,24,0,1,2,4,2,4,1,10,10,0
80,15,20,0,0.2,36,24,0,1,2,4,2,4,1,10,10,0
85,15,20,0,0.2,36,24,0,1,2,4,2,4,1,10,10,0
90,15,20,0,0.2,36,24,0,1,2,4,2,4,1,10,10,0
95,15,20,0,0.2,36,24,0,1,2,4,2,4,1,10,10,0
100,15,20,0,0.2,36,24,0,1,2,4,2,4,1,10,10,0
5,20,20,0,0.2,36,24,0,1,2,4,2,4,1,10,10,0
10,20,20,0,0.2,36,24,0,1,2,4,2,4,1,10,10,0
15,20,20,0,0.2,36,24,0,1,2,4,2,4,1,10,10,0
20,20,20,0,0.2,36,24,0,1,2,4,2,4,1,10,10,0
25,20,20,0,0.2,36,24,0,1,2,4,2,4,1,10,10,0
30,20,20,0,0.2,36,24,0,1,2,4,2,4,1,10,10,0
35,20,20,0,0.2,36,24,0,1,2,4,2,4,1,10,10,0
40,20,20,0,0.2,36,24,0,1,2,4,2,4,1,10,10,0
45,20,20,0,0.2,36,24,0,1,2,4,2,4,1,10,10,0
50,20,20,0,0.2,36,24,0,1,2,4,2,4,1,10,10,0
55,20,20,0,0.2,36,24,0,1,2,4,2,4,1,10,10,0
60,20,20,0,0.2,36,24,0,1,2,4,2,4,1,10,10,0
65,20,20,0,0.2,36,24,0,1,2,4,2,4,1,10,10,0
70,20,20,0,0.2,36,24,0,1,2,4,2,4,1,10,10,0
75,20,20,0,0.2,36,24,0,1,2,4,2,4,1,10,10,0
80,20,20,0,0.2,36,24,0,1,2,4,2,4,1,10,10,0
85,20,20,0,0.2,36,24,0,1,2,4,2,4,1,10,10,0
90,20,20,0,0.2,36,24,0,1,2,4,2,4,1,10,10,0
95,20,20,0,0.2,36,24,0,1,2,4,2,4,1,10,10,0
100,20,20,0,0.2,36,24,0,1,2,4,2,4,1,10,10,0
5,25,20,0,0.2,36,24,0,1,2,4,2,4,1,10,10,0
10,25,20,0,0.2,36,24,0,1,2,4,2,4,1,10,10,0
15,25,20,0,0.2,36,24,0,1,2,4,2,4,1,10,10,0
20,25,20,0,0.2,36,24,0,1,2,4,2,4,1,10,10,0
25,25,20,0,0.2,36,24,0,1,2,4,2,4,1,10,10,0
30,25,20,0,0.2,36,24,0,1,2,4,2,4,1,10,10,0
35,25,20,0,0.2,36,24,0,1,2,4,2,4,1,10,10,0
40,25,20,0,0.2,36,24,0,1,2,4,2,4,1,10,10,0
45,25,20,0,0.2,36,24,0,1,2,4,2,4,1,10,10,0
50,25,20,0,0.2,36,24,0,1,2,4,2,4,1,10,10,0
55,25,20,0,0.2,36,24,0,1,2,4,2,4,1,10,10,0
60,25,20,0,0.2,36,24,0,1,2,4,2,4,1,10,10,0
65,25,20,0,0.2,36,24,0,1,2,4,2,4,1,10,10,0
70,25,20,0,0.2,36,24,0,1,2,4,2,4,1,10,10,0
75,25,20,0,0.2,36,24,0,1,2,4,2,4,1,10,10,0
80,25,20,0,0.2,36,24,0,1,2,4,2,4,1,10,10,0
85,25,20,0,0.2,36,24,0,1,2,4,2,4,1,10,10,0
90,25,20,0,0.2,36,24,0,1,2,4,2,4,1,10,10,0
95,25,20,0,0.2,36,24,0,1,2,4,2,4,1,10,10,0
100,25,20,0,0.2,36,24,0,1,2,4,2,4,1,10,10,0
5,30,20,0,0.2,36,24,0,1,2,4,2,4,1,10,10,0
10,30,20,0,0.2,36,24,0,1,2,4,2,4,1,10,10,0
15,30,20,0,0.2,36,24,0,1,2,4,2,4,1,10,10,0
20,30,20,0,0.2,36,24,0,1,2,4,2,4,1,10,10,0
25,30,20,0,0.2,36,24,0,1,2,4,2,4,1,10,10,0
30,30,20,0,0.2,36,24,0,1,2,4,2,4,1,10,10,0
35,30,20,0,0.2,36,24,0,1,2,4,2,4,1,10,10,0
40,30,20,0,0.2,36,24,0,1,2,4,2,4,1,10,10,0
45,30,20,0,0.2,36,24,0,1,2,4,2,4,1,10,10,0
50,30,20,0,0.2,36,24,0,1,2,4,2,4,1,10,10,0
55,30,20,0,0.2,36,24,0,1,2,4,2,4,1,10,10,0
60,30,20,0,0.2,36,24,0,1,2,4,2,4,1,10,10,0
65,30,20,0,0.2,36,24,0,1,2,4,2,4,1,10,10,0
70,30,20,0,0.2,36,24,0,1,2,4,2,4,1,10,10,0
75,30,20,0,0.2,36,24,0,1,2,4,2,4,1,10,10,0
80,30,20,0,0.2,36,24,0,1,2,4,2,4,1,10,10,0
85,30,20,0,0.2,36,24,0,1,2,4,2,4,1,10,10,0
90,30,20,0,0.2,36,24,0,1,2,4,2,4,1,10,10,0
95,30,20,0,0.2,36,24,0,1,2,4,2,4,1,10,10,0
100,30,20,0,0.2,36,24,0,1,2,4,2,4,1,10,10,0
5,35,20,0,0.2,36,24,0,1,2,4,2,4,1,10,10,0
10,35,20,0,0.2,36,24,0,1,2,4,2,4,1,10,10,0
15,35,20,0,0.2,36,24,0,1,2,4,2,4,1,10,10,0
20,35,20,0,0.2,36,24,0,1,2,4,2,4,1,10,10,0
25,35,20,0,0.2,36,24,0,1,2,4,2,4,1,10,10,0
30,35,20,0,0.2,36,24,0,1,2,4,2,4,1,10,10,0
35,35,20,0,0.2,36,24,0,1,2,4,2,4,1,10,10,0
40,35,20,0,0.2,36,24,0,1,2,4,2,4,1,10,10,0
45,35,20,0,0.2,36,24,0,1,2,4,2,4,1,10,10,0
50,35,20,0,0.2,36,24,0,1,2,4,2,4,1,10,10,0
55,35,20,0,0.2,36,24,0,1,2,4,2,4,1,10,10,0
60,35,20,0,0.2,36,24,0,1,2,4,2,4,1,10,10,0
65,35,20,0,0.2,36,24,0,1,2,4,2,4,1,10,10,0
70,35,20,0,0.2,36,24,0,1,2,4,2,4,1,10,10,0
75,35,20,0,0.2,36,24,0,1,2,4,2,4,1,10,10,0
80,35,20,0,0.2,36,24,0,1,2,4,2,4,1,10,10,0
85,35,20,0,0.2,36,24,0,1,2,4,2,4,1,10,10,0
90,35,20,0,0.2,36,24,0,1,2,4,2,4,1,10,10,0
95,35,20,0,0.2,36,24,0,1,2,4,2,4,1,10,10,0
100,35,20,0,0.2,36,24,0,1,2,4,2,4,1,10,10,0
5,40,20,0,0.2,36,24,0,1,2,4,2,4,1,10,10,0
10,40,20,0,0.2,36,24,0,1,2,4,2,4,1,10,10,0
15,40,20,0,0.2,36,24,0,1,2,4,2,4,1,10,10,0
20,40,20,0,0.2,36,24,0,1,2,4,2,4,1,10,10,0
25,40,20,0,0.2,36,24,0,1,2,4,2,4,1,10,10,0
30,40,20,0,0.2,36,24,0,1,2,4,2,4,1,10,10,0
35,40,20,0,0.2,36,24,0,1,2,4,2,4,1,10,10,0
40,40,20,0,0.2,36,24,0,1,2,4,2,4,1,10,10,0
45,40,20,0,0.2,36,24,0,1,2,4,2,4,1,10,10,0
50,40,20,0,0.2,36,24,0,1,2,4,2,4,1,10,10,0
55,40,20,0,0.2,36,24,0,1,2,4,2,4,1,10,10,0
60,40,20,0,0.2,36,24,0,1,2,4,2,4,1,10,10,0
65,40,20,0,0.2,36,24,0,1,2,4,2,4,1,10,10,0
70,40,20,0,0.2,36,24,0,1,2,4,2,4,1,10,10,0
75,40,20,0,0.2,36,24,0,1,2,4,2,4,1,10,10,0
80,40,20,0,0.2,36,24,0,1,2,4,2,4,1,10,10,0
85,40,20,0,0.2,36,24,0,1,2,4,2,4,1,10,10,0
90,40,20,0,0.2,36,24,0,1,2,4,2,4,1,10,10,0
95,40,20,0,0.2,36,24,0,1,2,4,2,4,1,10,10,0
100,40,20,0,0.2,36,24,0,1,2,4,2,4,1,10,10,0
5,45,20,0,0.2,36,24,0,1,2,4,2,4,1,10,10,0
10,45,20,0,0.2,36,24,0,1,2,4,2,4,1,10,10,0
15,45,20,0,0.2,36,24,0,1,2,4,2,4,1,10,10,0
20,45,20,0,0.2,36,24,0,1,2,4,2,4,1,10,10,0
25,45,20,0,0.2,36,24,0,1,2,4,2,4,1,10,10,0
30,45,20,0,0.2,36,24,0,1,2,4,2,4,1,10,10,0
35,45,20,0,0.2,36,24,0,1,2,4,2,4,1,10,10,0
40,45,20,0,0.2,36,24,0,1,2,4,2,4,1,10,10,0
45,45,20,0,0.2,36,24,0,1,2,4,2,4,1,10,10,0
50,45,20,0,0.2,36,24,0,1,2,4,2,4,1,10,10,0
55,45,20,0,0.2,36,24,0,1,2,4,2,4,1,10,10,0
60,45,20,0,0.2,36,24,0,1,2,4,2,4,1,10,10,0
65,45,20,0,0.2,36,24,0,1,2,4,2,4,1,10,10,0
70,45,20,0,0.2,36,24,0,1,2,4,2,4,1,10,10,0
75,45,20,0,0.2,36,24,0,1,2,4,2,4,1,10,10,0
80,45,20,0,0.2,36,24,0,1,2,4,2,4,1,10,10,0
85,45,20,0,0.2,36,24,0,1,2,4,2,4,1,10,10,0
90,45,20,0,0.2,36,24,0,1,2,4,2,4,1,10,10,0
95,45,20,0,0.2,36,24,0,1,2,4,2,4,1,10,10,0
100,45,20,0,0.2,36,24,0,1,2,4,2,4,1,10,10,0
5,50,20,0,0.2,36,24,0,1,2,4,2,4,1,10,10,0
10,50,20,0,0.2,36,24,0,1,2,4,2,4,1,10,10,0
15,50,20,0,0.2,36,24,0,1,2,4,2,4,1,10,10,0
20,50,20,0,0.2,36,24,0,1,2,4,2,4,1,10,10,0
25,50,20,0,0.2,36,24,0,1,2,4,2,4,1,10,10,0
30,50,20,0,0.2,36,24,0,1,2,4,2,4,1,10,10,0
35,50,20,0,0.2,36,24,0,1,2,4,2,4,1,10,10,0
40,50,20,0,0.2,36,24,0,1,2,4,2,4,1,10,10,0
45,50,20,0,0.2,36,24,0,1,2,4,2,4,1,10,10,0
50,50,20,0,0.2,36,24,0,1,2,4,2,4,1,10,10,0
55,50,20,0,0.2,36,24,0,1,2,4,2,4,1,10,10,0
60,50,20,0,0.2,36,24,0,1,2,4,2,4,1,10,10,0
65,50,20,0,0.2,36,24,0,1,2,4,2,4,1,10,10,0
70,50,20,0,0.2,36,24,0,1,2,4,2,4,1,10,10,0
75,50,20,0,0.2,36,24,0,1,2,4,2,4,1,10,10,0
80,50,20,0,0.2,36,24,0,1,2,4,2,4,1,10,10,0
85,50,20,0,0.2,36,24,0,1,2,4,2,4,1,10,10,0
90,50,20,0,0.2,36,24,0,1,2,4,2,4,1,10,10,0
95,50,20,0,0.2,36,24,0,1,2,4,2,4,1,10,10,0
100,50,20,0,0.2,36,24,0,1,2,4,2,4,1,10,10,0
5,55,20,0,0.2,36,24,0,1,2,4,2,4,1,10,10,0
10,55,20,0,0.2,36,24,0,1,2,4,2,4,1,10,10,0
15,55,20,0,0.2,36,24,0,1,2,4,2,4,1,10,10,0
20,55,20,0,0.2,36,24,0,1,2,4,2,4,1,10,10,0
25,55,20,0,0.2,36,24,0,1,2,4,2,4,1,10,10,0
30,55,20,0,0.2,36,24,0,1,2,4,2,4,1,10,10,0
35,55,20,0,0.2,36,24,0,1,2,4,2,4,1,10,10,0
40,55,20,0,0.2,36,24,0,1,2,4,2,4,1,10,10,0
45,55,20,0,0.2,36,24,0,1,2,4,2,4,1,10,10,0
50,55,20,0,0.2,36,24,0,1,2,4,2,4,1,10,10,0
55,55,20,0,0.2,36,24,0,1,2,4,2,4,1,10,10,0
60,55,20,0,0.2,36,24,0,1,2,4,2,4,1,10,10,0
65,55,20,0,0.2,36,24,0,1,2,4,2,4,1,10,10,0
70,55,20,0,0.2,36,24,0,1,2,4,2,4,1,10,10,0
75,55,20,0,0.2,36,24,0,1,2,4,2,4,1,10,10,0
80,55,20,0,0.2,36,24,0,1,2,4,2,4,1,10,10,0
85,55,20,0,0.2,36,24,0,1,2,4,2,4,1,10,10,0
90,55,20,0,0.2,36,24,0,1,2,4,2,4,1,10,10,0
95,55,20,0,0.2,36,24,0,1,2,4,2,4,1,10,10,0
100,55,20,0,0.2,36,24,0,1,2,4,2,4,1,10,10,0
5,60,20,0,0.2,36,24,0,1,2,4,2,4,1,10,10,0
10,60,20,0,0.2,36,24,0,1,2,4,2,4,1,10,10,0
15,60,20,0,0.2,36,24,0,1,2,4,2,4,1,10,10,0
20,60,20,0,0.2,36,24,0,1,2,4,2,4,1,10,10,0
25,60,20,0,0.2,36,24,0,1,2,4,2,4,1,10,10,0
30,60,20,0,0.2,36,24,0,1,2,4,2,4,1,10,10,0
35,60,20,0,0.2,36,24,0,1,2,4,2,4,1,10,10,0
40,60,20,0,0.2,36,24,0,1,2,4,2,4,1,10,10,0
45,60,20,0,0.2,36,24,0,1,2,4,2,4,1,10,10,0
50,60,20,0,0.2,36,24,0,1,2,4,2,4,1,10,10,0
55,60,20,0,0.2,36,24,0,1,2,4,2,4,1,10,10,0
60,60,20,0,0.2,36,24,0,1,2,4,2,4,1,10,10,0
65,60,20,0,0.2,36,24,0,1,2,4,2,4,1,10,10,0
70,60,20,0,0.2,36,24,0,1,2,4,2,4,1,10,10,0
75,60,20,0,0.2,36,24,0,1,2,4,2,4,1,10,10,0
80,60,20,0,0.2,36,24,0,1,2,4,2,4,1,10,10,0
85,60,20,0,0.2,36,24,0,1,2,4,2,4,1,10,10,0
90,60,20,0,0.2,36,24,0,1,2,4,2,4,1,10,10,0
95,60,20,0,0.2,36,24,0,1,2,4,2,4,1,10,10,0
100,60,20,0,0.2,36,24,0,1,2,4,2,4,1,10,10,0
5,65,20,0,0.2,36,24,0,1,2,4,2,4,1,10,10,0
10,65,20,0,0.2,36,24,0,1,2,4,2,4,1,10,10,0
15,65,20,0,0.2,36,24,0,1,2,4,2,4,1,10,10,0
20,65,20,0,0.2,36,24,0,1,2,4,2,4,1,10,10,0
25,65,20,0,0.2,36,24,0,1,2,4,2,4,1,10,10,0
30,65,20,0,0.2,36,24,0,1,2,4,2,4,1,10,10,0
35,65,20,0,0.2,36,24,0,1,2,4,2,4,1,10,10,0
40,65,20,0,0.2,36,24,0,1,2,4,2,4,1,10,10,0
45,65,20,0,0.2,36,24,0,1,2,4,2,4,1,10,10,0
50,65,20,0,0.2,36,24,0,1,2,4,2,4,1,10,10,0
55,65,20,0,0.2,36,24,0,1,2,4,2,4,1,10,10,0
60,65,20,0,0.2,36,24,0,1,2,4,2,4,1,10,10,0
65,65,20,0,0.2,36,24,0,1,2,4,2,4,1,10,10,0
70,65,20,0,0.2,36,24,0,1,2,4,2,4,1,10,10,0
75,65,20,0,0.2,36,24,0,1,2,4,2,4,1,10,10,0
80,65,20,0,0.2,36,24,0,1,2,4,2,4,1,10,10,0
85,65,20,0,0.2,36,24,0,1,2,4,2,4,1,10,10,0
90,65,20,0,0.2,36,24,0,1,2,4,2,4,1,10,10,0
95,65,20,0,0.2,36,24,0,1,2,4,2,4,1,10,10,0
100,65,20,0,0.2,36,24,0,1,2,4,2,4,1,10,10,0
5,70,20,0,0.2,36,24,0,1,2,4,2,4,1,10,10,0
10,70,20,0,0.2,36,24,0,1,2,4,2,4,1,10,10,0
15,70,20,0,0.2,36,24,0,1,2,4,2,4,1,10,10,0
20,70,20,0,0.2,36,24,0,1,2,4,2,4,1,10,10,0
25,70,20,0,0.2,36,24,0,1,2,4,2,4,1,10,10,0
30,70,20,0,0.2,36,24,0,1,2,4,2,4,1,10,10,0
35,70,20,0,0.2,36,24,0,1,2,4,2,4,1,10,10,0
40,70,20,0,0.2,36,24,0,1,2,4,2,4,1,10,10,0
45,70,20,0,0.2,36,24,0,1,2,4,2,4,1,10,10,0
50,70,20,0,0.2,36,24,0,1,2,4,2,4,1,10,10,0
55,70,20,0,0.2,36,24,0,1,2,4,2,4,1,10,10,0
60,70,20,0,0.2,36,24,0,1,2,4,2,4,1,10,10,0
65,70,20,0,0.2,36,24,0,1,2,4,2,4,1,10,10,0
70,70,20,0,0.2,36,24,0,1,2,4,2,4,1,10,10,0
75,70,20,0,0.2,36,24,0,1,2,4,2,4,1,10,10,0
80,70,20,0,0.2,36,24,0,1,2,4,2,4,1,10,10,0
85,70,20,0,0.2,36,24,0,1,2,4,2,4,1,10,10,0
90,70,20,0,0.2,36,24,0,1,2,4,2,4,1,10,10,0
95,70,20,0,0.2,36,24,0,1,2,4,2,4,1,10,10,0
100,70,20,0,0.2,36,24,0,1,2,4,2,4,1,10,10,0
5,75,20,0,0.2,36,24,0,1,2,4,2,4,1,10,10,0
10,75,20,0,0.2,36,24,0,1,2,4,2,4,1,10,10,0
15,75,20,0,0.2,36,24,0,1,2,4,2,4,1,10,10,0
20,75,20,0,0.2,36,24,0,1,2,4,2,4,1,10,10,0
25,75,20,0,0.2,36,24,0,1,2,4,2,4,1,10,10,0
30,75,20,0,0.2,36,24,0,1,2,4,2,4,1,10,10,0
35,75,20,0,0.2,36,24,0,1,2,4,2,4,1,10,10,0
40,75,20,0,0.2,36,24,0,1,2,4,2,4,1,10,10,0
45,75,20,0,0.2,36,24,0,1,2,4,2,4,1,10,10,0
50,75,20,0,0.2,36,24,0,1,2,4,2,4,1,10,10,0
55,75,20,0,0.2,36,24,0,1,2,4,2,4,1,10,10,0
60,75,20,0,0.2,36,24,0,1,2,4,2,4,1,10,10,0
65,75,20,0,0.2,36,24,0,1,2,4,2,4,1,10,10,0
70,75,20,0,0.2,36,24,0,1,2,4,2,4,1,10,10,0
75,75,20,0,0.2,36,24,0,1,2,4,2,4,1,10,10,0
80,75,20,0,0.2,36,24,0,1,2,4,2,4,1,10,10,0
85,75,20,0,0.2,36,24,0,1,2,4,2,4,1,10,10,0
90,75,20,0,0.2,36,24,0,1,2,4,2,4,1,10,10,0
95,75,20,0,0.2,36,24,0,1,2,4,2,4,1,10,10,0
100,75,20,0,0.2,36,24,0,1,2,4,2,4,1,10,10,0
5,80,20,0,0.2,36,24,0,1,2,4,2,4,1,10,10,0
10,80,20,0,0.2,36,24,0,1,2,4,2,4,1,10,10,0
15,80,20,0,0.2,36,24,0,1,2,4,2,4,1,10,10,0
20,80,20,0,0.2,36,24,0,1,2,4,2,4,1,10,10,0
25,80,20,0,0.2,36,24,0,1,2,4,2,4,1,10,10,0
30,80,20,0,0.2,36,24,0,1,2,4,2,4,1,10,10,0
35,80,20,0,0.2,36,24,0,1,2,4,2,4,1,10,10,0
40,80,20,0,0.2,36,24,0,1,2,4,2,4,1,10,10,0
45,80,20,0,0.2,36,24,0,1,2,4,2,4,1,10,10,0
50,80,20,0,0.2,36,24,0,1,2,4,2,4,1,10,10,0
55,80,20,0,0.2,36,24,0,1,2,4,2,4,1,10,10,0
60,80,20,0,0.2,36,24,0,1,2,4,2,4,1,10,10,0
65,80,20,0,0.2,36,24,0,1,2,4,2,4,1,10,10,0
70,80,20,0,0.2,36,24,0,1,2,4,2,4,1,10,10,0
75,80,20,0,0.2,36,24,0,1,2,4,2,4,1,10,10,0
80,80,20,0,0.2,36,24,0,1,2,4,2,4,1,10,10,0
85,80,20,0,0.2,36,24,0,1,2,4,2,4,1,10,10,0
90,80,20,0,0.2,36,24,0,1,2,4,2,4,1,10,10,0
95,80,20,0,0.2,36,24,0,1,2,4,2,4,1,10,10,0
100,80,20,0,0.2,36,24,0,1,2,4,2,4,1,10,10,0
5,85,20,0,0.2,36,24,0,1,2,4,2,4,1,10,10,0
10,85,20,0,0.2,36,24,0,1,2,4,2,4,1,10,10,0
15,85,20,0,0.2,36,24,0,1,2,4,2,4,1,10,10,0
20,85,20,0,0.2,36,24,0,1,2,4,2,4,1,10,10,0
25,85,20,0,0.2,36,24,0,1,2,4,2,4,1,10,10,0
30,85,20,0,0.2,36,24,0,1,2,4,2,4,1,10,10,0
35,85,20,0,0.2,36,24,0,1,2,4,2,4,1,10,10,0
40,85,20,0,0.2,36,24,0,1,2,4,2,4,1,10,10,0
45,85,20,0,0.2,36,24,0,1,2,4,2,4,1,10,10,0
50,85,20,0,0.2,36,24,0,1,2,4,2,4,1,10,10,0
55,85,20,0,0.2,36,24,0,1,2,4,2,4,1,10,10,0
60,85,20,0,0.2,36,24,0,1,2,4,2,4,1,10,10,0
65,85,20,0,0.2,36,24,0,1,2,4,2,4,1,10,10,0
70,85,20,0,0.2,36,24,0,1,2,4,2,4,1,10,10,0
75,85,20,0,0.2,36,24,0,1,2,4,2,4,1,10,10,0
80,85,20,0,0.2,36,24,0,1,2,4,2,4,1,10,10,0
85,85,20,0,0.2,36,24,0,1,2,4,2,4,1,10,10,0
90,85,20,0,0.2,36,24,0,1,2,4,2,4,1,10,10,0
95,85,20,0,0.2,36,24,0,1,2,4,2,4,1,10,10,0
100,85,20,0,0.2,36,24,0,1,2,4,2,4,1,10,10,0
5,90,20,0,0.2,36,24,0,1,2,4,2,4,1,10,10,0
10,90,20,0,0.2,36,24,0,1,2,4,2,4,1,10,10,0
15,90,20,0,0.2,36,24,0,1,2,4,2,4,1,10,10,0
20,90,20,0,0.2,36,24,0,1,2,4,2,4,1,10,10,0
25,90,20,0,0.2,36,24,0,1,2,4,2,4,1,10,10,0
30,90,20,0,0.2,36,24,0,1,2,4,2,4,1,10,10,0
35,90,20,0,0.2,36,24,0,1,2,4,2,4,1,10,10,0
40,90,20,0,0.2,36,24,0,1,2,4,2,4,1,10,10,0
45,90,20,0,0.2,36,24,0,1,2,4,2,4,1,10,10,0
50,90,20,0,0.2,36,24,0,1,2,4,2,4,1,10,10,0
55,90,20,0,0.2,36,24,0,1,2,4,2,4,1,10,10,0
60,90,20,0,0.2,36,24,0,1,2,4,2,4,1,10,10,0
65,90,20,0,0.2,36,24,0,1,2,4,2,4,1,10,10,0
70,90,20,0,0.2,36,24,0,1,2,4,2,4,1,10,10,0
75,90,20,0,0.2,36,24,0,1,2,4,2,4,1,10,10,0
80,90,20,0,0.2,36,24,0,1,2,4,2,4,1,10,10,0
85,90,20,0,0.2,36,24,0,1,2,4,2,4,1,10,10,0
90,90,20,0,0.2,36,24,0,1,2,4,2,4,1,10,10,0
95,90,20,0,0.2,36,24,0,1,2,4,2,4,1,10,10,0
100,90,20,0,0.2,36,24,0,1,2,4,2,4,1,10,10,0
5,95,20,0,0.2,36,24,0,1,2,4,2,4,1,10,10,0
10,95,20,0,0.2,36,24,0,1,2,4,2,4,1,10,10,0
15,95,20,0,0.2,36,24,0,1,2,4,2,4,1,10,10,0
20,95,20,0,0.2,36,24,0,1,2,4,2,4,1,10,10,0
25,95,20,0,0.2,36,24,0,1,2,4,2,4,1,10,10,0
30,95,20,0,0.2,36,24,0,1,2,4,2,4,1,10,10,0
35,95,20,0,0.2,36,24,0,1,2,4,2,4,1,10,10,0
40,95,20,0,0.2,36,24,0,1,2,4,2,4,1,10,10,0
45,95,20,0,0.2,36,24,0,1,2,4,2,4,1,10,10,0
50,95,20,0,0.2,36,24,0,1,2,4,2,4,1,10,10,0
55,95,20,0,0.2,36,24,0,1,2,4,2,4,1,10,10,0
60,95,20,0,0.2,36,24,0,1,2,4,2,4,1,10,10,0
65,95,20,0,0.2,36,24,0,1,2,4,2,4,1,10,10,0
70,95,20,0,0.2,36,24,0,1,2,4,2,4,1,10,10,0
75,95,20,0,0.2,36,24,0,1,2,4,2,4,1,10,10,0
80,95,20,0,0.2,36,24,0,1,2,4,2,4,1,10,10,0
85,95,20,0,0.2,36,24,0,1,2,4,2,4,1,10,10,0
90,95,20,0,0.2,36,24,0,1,2,4,2,4,1,10,10,0
95,95,20,0,0.2,36,24,0,1,2,4,2,4,1,10,10,0
100,95,20,0,0.2,36,24,0,1,2,4,2,4,1,10,10,0
5,100,20,0,0.2,36,24,0,1,2,4,2,4,1,10,10,0
10,100,20,0,0.2,36,24,0,1,2,4,2,4,1,10,10,0
15,100,20,0,0.2,36,24,0,1,2,4,2,4,1,10,10,0
20,100,20,0,0.2,36,24,0,1,2,4,2,4,1,10,10,0
25,100,20,0,0.2,36,24,0,1,2,4,2,4,1,10,10,0
30,100,20,0,0.2,36,24,0,1,2,4,2,4,1,10,10,0
35,100,20,0,0.2,36,24,0,1,2,4,2,4,1,10,10,0
40,100,20,0,0.2,36,24,0,1,2,4,2,4,1,10,10,0
45,100,20,0,0.2,36,24,0,1,2,4,2,4,1,10,10,0
50,100,20,0,0.2,36,24,0,1,2,4,2,4,1,10,10,0
55,100,20,0,0.2,36,24,0,1,2,4,2,4,1,10,10,0
60,100,20,0,0.2,36,24,0,1,2,4,2,4,1,10,10,0
65,100,20,0,0.2,36,24,0,1,2,4,2,4,1,10,10,0
70,100,20,0,0.2,36,24,0,1,2,4,2,4,1,10,10,0
75,100,20,0,0.2,36,24,0,1,2,4,2,4,1,10,10,0
80,100,20,0,0.2,36,24,0,1,2,4,2,4,1,10,10,0
85,100,20,0,0.2,36,24,0,1,2,4,2,4,1,10,10,0
90,100,20,0,0.2,36,24,0,1,2,4,2,4,1,10,10,0
95,100,20,0,0.2,36,24,0,1,2,4,2,4,1,10,10,0
100,100,20,0,0.2,36,24,0,1,2,4,2,4,1,10,10,0
