time,Text,SolarR
2024-01-01 00:00:00,6.6,0.0
2024-01-01 01:00:00,6.9,0.0
2024-01-01 02:00:00,6.8,0.0
2024-01-01 03:00:00,6.6,0.0
2024-01-01 04:00:00,6.5,0.0
2024-01-01 05:00:00,6.2,0.0
2024-01-01 06:00:00,6.8,0.0
2024-01-01 07:00:00,6.9,0.0
2024-01-01 08:00:00,5.6,1.0
2024-01-01 09:00:00,7.2,66.0
2024-01-01 10:00:00,9.9,196.0
2024-01-01 11:00:00,11.6,304.0
2024-01-01 12:00:00,12.8,370.0
2024-01-01 13:00:00,13.5,380.0
2024-01-01 14:00:00,14.0,341.0
2024-01-01 15:00:00,13.8,253.0
2024-01-01 16:00:00,12.5,132.0
2024-01-01 17:00:00,10.9,21.0
2024-01-01 18:00:00,10.8,0.0
2024-01-01 19:00:00,11.0,0.0
2024-01-01 20:00:00,11.1,0.0
2024-01-01 21:00:00,11.3,0.0
2024-01-01 22:00:00,12.0,0.0
2024-01-01 23:00:00,12.0,0.0
2024-01-02 00:00:00,12.1,0.0
2024-01-02 01:00:00,11.7,0.0
2024-01-02 02:00:00,11.7,0.0
2024-01-02 03:00:00,11.8,0.0
2024-01-02 04:00:00,11.9,0.0
2024-01-02 05:00:00,12.3,0.0
2024-01-02 06:00:00,12.5,0.0
2024-01-02 07:00:00,12.0,0.0
2024-01-02 08:00:00,12.2,0.0
2024-01-02 09:00:00,12.7,22.0
2024-01-02 10:00:00,13.4,26.0
2024-01-02 11:00:00,15.0,160.0
2024-01-02 12:00:00,15.7,208.0
2024-01-02 13:00:00,14.7,96.0
2024-01-02 14:00:00,14.6,74.0
2024-01-02 15:00:00,15.4,46.0
2024-01-02 16:00:00,16.3,21.0
2024-01-02 17:00:00,16.9,3.0
2024-01-02 18:00:00,16.9,0.0
2024-01-02 19:00:00,16.2,0.0
2024-01-02 20:00:00,15.5,0.0
2024-01-02 21:00:00,15.1,0.0
2024-01-02 22:00:00,12.7,0.0
2024-01-02 23:00:00,11.5,0.0
2024-01-03 00:00:00,10.9,0.0
2024-01-03 01:00:00,14.7,0.0
2024-01-03 02:00:00,13.3,0.0
2024-01-03 03:00:00,12.9,0.0
2024-01-03 04:00:00,13.0,0.0
2024-01-03 05:00:00,12.9,0.0
2024-01-03 06:00:00,12.4,0.0
2024-01-03 07:00:00,13.2,0.0
2024-01-03 08:00:00,12.2,1.0
2024-01-03 09:00:00,13.2,16.0
2024-01-03 10:00:00,13.3,26.0
2024-01-03 11:00:00,13.8,56.0
2024-01-03 12:00:00,14.2,98.0
2024-01-03 13:00:00,14.8,172.0
2024-01-03 14:00:00,14.9,198.0
2024-01-03 15:00:00,14.6,102.0
2024-01-03 16:00:00,13.6,59.0
2024-01-03 17:00:00,11.7,13.0
2024-01-03 18:00:00,11.1,0.0
2024-01-03 19:00:00,10.6,0.0
2024-01-03 20:00:00,10.9,0.0
2024-01-03 21:00:00,9.8,0.0
2024-01-03 22:00:00,8.3,0.0
2024-01-03 23:00:00,7.5,0.0
2024-01-04 00:00:00,7.1,0.0
2024-01-04 01:00:00,7.3,0.0
2024-01-04 02:00:00,6.9,0.0
2024-01-04 03:00:00,7.0,0.0
2024-01-04 04:00:00,7.7,0.0
2024-01-04 05:00:00,8.5,0.0
2024-01-04 06:00:00,9.1,0.0
2024-01-04 07:00:00,9.6,0.0
2024-01-04 08:00:00,10.2,1.0
2024-01-04 09:00:00,11.5,65.0
2024-01-04 10:00:00,12.5,148.0
2024-01-04 11:00:00,13.5,265.0
2024-01-04 12:00:00,14.1,349.0
2024-01-04 13:00:00,15.1,281.0
2024-01-04 14:00:00,15.0,204.0
2024-01-04 15:00:00,14.8,205.0
2024-01-04 16:00:00,13.5,85.0
2024-01-04 17:00:00,12.3,18.0
2024-01-04 18:00:00,11.0,0.0
2024-01-04 19:00:00,10.5,0.0
2024-01-04 20:00:00,9.4,0.0
2024-01-04 21:00:00,10.0,0.0
2024-01-04 22:00:00,9.1,0.0
2024-01-04 23:00:00,9.5,0.0
2024-01-05 00:00:00,9.3,0.0
2024-01-05 01:00:00,9.6,0.0
2024-01-05 02:00:00,9.1,0.0
2024-01-05 03:00:00,8.8,0.0
2024-01-05 04:00:00,8.5,0.0
2024-01-05 05:00:00,8.0,0.0
2024-01-05 06:00:00,8.0,0.0
2024-01-05 07:00:00,7.8,0.0
2024-01-05 08:00:00,7.7,1.0
2024-01-05 09:00:00,8.5,67.0
2024-01-05 10:00:00,9.4,158.0
2024-01-05 11:00:00,9.2,147.0
2024-01-05 12:00:00,9.9,278.0
2024-01-05 13:00:00,8.7,244.0
2024-01-05 14:00:00,8.7,129.0
2024-01-05 15:00:00,8.9,147.0
2024-01-05 16:00:00,8.3,122.0
2024-01-05 17:00:00,7.7,22.0
2024-01-05 18:00:00,7.2,0.0
2024-01-05 19:00:00,6.9,0.0
2024-01-05 20:00:00,6.5,0.0
2024-01-05 21:00:00,6.5,0.0
2024-01-05 22:00:00,6.8,0.0
2024-01-05 23:00:00,7.0,0.0
2024-01-06 00:00:00,7.2,0.0
2024-01-06 01:00:00,6.9,0.0
2024-01-06 02:00:00,5.5,0.0
2024-01-06 03:00:00,6.0,0.0
2024-01-06 04:00:00,5.2,0.0
2024-01-06 05:00:00,5.4,0.0
2024-01-06 06:00:00,5.2,0.0
2024-01-06 07:00:00,5.8,0.0
2024-01-06 08:00:00,4.3,1.0
2024-01-06 09:00:00,5.2,33.0
2024-01-06 10:00:00,5.5,80.0
2024-01-06 11:00:00,6.8,100.0
2024-01-06 12:00:00,8.1,107.0
2024-01-06 13:00:00,9.0,331.0
2024-01-06 14:00:00,9.4,251.0
2024-01-06 15:00:00,8.4,216.0
2024-01-06 16:00:00,7.7,103.0
2024-01-06 17:00:00,6.2,15.0
2024-01-06 18:00:00,6.3,0.0
2024-01-06 19:00:00,6.6,0.0
2024-01-06 20:00:00,7.1,0.0
2024-01-06 21:00:00,6.8,0.0
2024-01-06 22:00:00,7.3,0.0
2024-01-06 23:00:00,6.9,0.0
2024-01-07 00:00:00,6.6,0.0
2024-01-07 01:00:00,6.9,0.0
2024-01-07 02:00:00,6.2,0.0
2024-01-07 03:00:00,6.5,0.0
2024-01-07 04:00:00,6.9,0.0
2024-01-07 05:00:00,6.6,0.0
2024-01-07 06:00:00,6.3,0.0
2024-01-07 07:00:00,6.3,0.0
2024-01-07 08:00:00,6.0,1.0
2024-01-07 09:00:00,7.1,29.0
2024-01-07 10:00:00,7.4,69.0
2024-01-07 11:00:00,7.7,161.0
2024-01-07 12:00:00,8.3,107.0
2024-01-07 13:00:00,8.4,144.0
2024-01-07 14:00:00,8.7,209.0
2024-01-07 15:00:00,8.8,179.0
2024-01-07 16:00:00,7.6,72.0
2024-01-07 17:00:00,6.1,20.0
2024-01-07 18:00:00,6.9,0.0
2024-01-07 19:00:00,7.1,0.0
2024-01-07 20:00:00,6.8,0.0
2024-01-07 21:00:00,6.3,0.0
2024-01-07 22:00:00,6.2,0.0
2024-01-07 23:00:00,6.7,0.0
2024-01-08 00:00:00,6.2,0.0
2024-01-08 01:00:00,6.3,0.0
2024-01-08 02:00:00,6.4,0.0
2024-01-08 03:00:00,6.5,0.0
2024-01-08 04:00:00,6.1,0.0
2024-01-08 05:00:00,6.2,0.0
2024-01-08 06:00:00,5.9,0.0
2024-01-08 07:00:00,6.0,0.0
2024-01-08 08:00:00,4.9,1.0
2024-01-08 09:00:00,6.2,36.0
2024-01-08 10:00:00,7.4,190.0
2024-01-08 11:00:00,8.5,273.0
2024-01-08 12:00:00,9.0,317.0
2024-01-08 13:00:00,9.1,308.0
2024-01-08 14:00:00,9.0,332.0
2024-01-08 15:00:00,8.7,243.0
2024-01-08 16:00:00,8.2,138.0
2024-01-08 17:00:00,5.2,27.0
2024-01-08 18:00:00,4.6,0.0
2024-01-08 19:00:00,3.6,0.0
2024-01-08 20:00:00,3.7,0.0
2024-01-08 21:00:00,4.0,0.0
2024-01-08 22:00:00,4.3,0.0
2024-01-08 23:00:00,3.9,0.0
2024-01-09 00:00:00,3.9,0.0
2024-01-09 01:00:00,3.6,0.0
2024-01-09 02:00:00,3.7,0.0
2024-01-09 03:00:00,4.0,0.0
2024-01-09 04:00:00,3.2,0.0
2024-01-09 05:00:00,0.8,0.0
2024-01-09 06:00:00,0.1,0.0
2024-01-09 07:00:00,0.3,0.0
2024-01-09 08:00:00,-0.3,1.0
2024-01-09 09:00:00,0.5,49.0
2024-01-09 10:00:00,3.1,153.0
2024-01-09 11:00:00,5.7,302.0
2024-01-09 12:00:00,7.1,375.0
2024-01-09 13:00:00,7.4,363.0
2024-01-09 14:00:00,7.6,206.0
2024-01-09 15:00:00,7.3,149.0
2024-01-09 16:00:00,6.6,87.0
2024-01-09 17:00:00,3.8,25.0
2024-01-09 18:00:00,4.2,0.0
2024-01-09 19:00:00,3.5,0.0
2024-01-09 20:00:00,1.8,0.0
2024-01-09 21:00:00,0.8,0.0
2024-01-09 22:00:00,1.0,0.0
2024-01-09 23:00:00,1.5,0.0
2024-01-10 00:00:00,1.3,0.0
2024-01-10 01:00:00,3.1,0.0
2024-01-10 02:00:00,2.4,0.0
2024-01-10 03:00:00,2.4,0.0
2024-01-10 04:00:00,1.7,0.0
2024-01-10 05:00:00,1.7,0.0
2024-01-10 06:00:00,3.3,0.0
2024-01-10 07:00:00,3.5,0.0
2024-01-10 08:00:00,3.9,1.0
2024-01-10 09:00:00,4.7,16.0
2024-01-10 10:00:00,5.5,39.0
2024-01-10 11:00:00,6.4,71.0
2024-01-10 12:00:00,6.8,62.0
2024-01-10 13:00:00,6.8,69.0
2024-01-10 14:00:00,6.8,61.0
2024-01-10 15:00:00,6.6,48.0
2024-01-10 16:00:00,6.5,34.0
2024-01-10 17:00:00,5.6,7.0
2024-01-10 18:00:00,5.3,0.0
2024-01-10 19:00:00,6.0,0.0
2024-01-10 20:00:00,6.1,0.0
2024-01-10 21:00:00,5.8,0.0
2024-01-10 22:00:00,5.7,0.0
2024-01-10 23:00:00,5.5,0.0
2024-01-11 00:00:00,5.1,0.0
2024-01-11 01:00:00,5.5,0.0
2024-01-11 02:00:00,4.9,0.0
2024-01-11 03:00:00,5.3,0.0
2024-01-11 04:00:00,5.3,0.0
2024-01-11 05:00:00,5.2,0.0
2024-01-11 06:00:00,5.4,0.0
2024-01-11 07:00:00,5.2,0.0
2024-01-11 08:00:00,5.2,0.0
2024-01-11 09:00:00,5.3,18.0
2024-01-11 10:00:00,5.9,60.0
2024-01-11 11:00:00,6.6,150.0
2024-01-11 12:00:00,7.0,188.0
2024-01-11 13:00:00,5.8,63.0
2024-01-11 14:00:00,6.0,59.0
2024-01-11 15:00:00,6.2,81.0
2024-01-11 16:00:00,6.2,57.0
2024-01-11 17:00:00,4.5,21.0
2024-01-11 18:00:00,4.1,0.0
2024-01-11 19:00:00,3.9,0.0
2024-01-11 20:00:00,4.0,0.0
2024-01-11 21:00:00,4.3,0.0
2024-01-11 22:00:00,5.0,0.0
2024-01-11 23:00:00,5.1,0.0
2024-01-12 00:00:00,5.4,0.0
2024-01-12 01:00:00,5.8,0.0
2024-01-12 02:00:00,6.1,0.0
2024-01-12 03:00:00,5.9,0.0
2024-01-12 04:00:00,5.9,0.0
2024-01-12 05:00:00,5.8,0.0
2024-01-12 06:00:00,5.9,0.0
2024-01-12 07:00:00,5.8,0.0
2024-01-12 08:00:00,6.0,1.0
2024-01-12 09:00:00,6.7,42.0
2024-01-12 10:00:00,7.3,121.0
2024-01-12 11:00:00,7.6,203.0
2024-01-12 12:00:00,8.2,305.0
2024-01-12 13:00:00,9.6,402.0
2024-01-12 14:00:00,9.8,380.0
2024-01-12 15:00:00,9.7,276.0
2024-01-12 16:00:00,9.0,168.0
2024-01-12 17:00:00,5.0,39.0
2024-01-12 18:00:00,4.1,0.0
2024-01-12 19:00:00,3.1,0.0
2024-01-12 20:00:00,2.6,0.0
2024-01-12 21:00:00,2.1,0.0
2024-01-12 22:00:00,1.9,0.0
2024-01-12 23:00:00,2.3,0.0
2024-01-13 00:00:00,2.7,0.0
2024-01-13 01:00:00,3.4,0.0
2024-01-13 02:00:00,3.5,0.0
2024-01-13 03:00:00,3.7,0.0
2024-01-13 04:00:00,4.1,0.0
2024-01-13 05:00:00,4.3,0.0
2024-01-13 06:00:00,4.6,0.0
2024-01-13 07:00:00,4.9,0.0
2024-01-13 08:00:00,5.3,2.0
2024-01-13 09:00:00,7.3,71.0
2024-01-13 10:00:00,10.6,205.0
2024-01-13 11:00:00,13.0,310.0
2024-01-13 12:00:00,14.6,373.0
2024-01-13 13:00:00,15.3,211.0
2024-01-13 14:00:00,16.2,204.0
2024-01-13 15:00:00,16.0,122.0
2024-01-13 16:00:00,15.7,97.0
2024-01-13 17:00:00,15.0,27.0
2024-01-13 18:00:00,13.1,0.0
2024-01-13 19:00:00,11.8,0.0
2024-01-13 20:00:00,11.7,0.0
2024-01-13 21:00:00,11.1,0.0
2024-01-13 22:00:00,9.4,0.0
2024-01-13 23:00:00,8.7,0.0
2024-01-14 00:00:00,8.1,0.0
2024-01-14 01:00:00,12.5,0.0
2024-01-14 02:00:00,12.6,0.0
2024-01-14 03:00:00,12.4,0.0
2024-01-14 04:00:00,10.8,0.0
2024-01-14 05:00:00,9.4,0.0
2024-01-14 06:00:00,9.5,0.0
2024-01-14 07:00:00,9.0,0.0
2024-01-14 08:00:00,9.9,1.0
2024-01-14 09:00:00,11.5,57.0
2024-01-14 10:00:00,13.7,145.0
2024-01-14 11:00:00,14.1,148.0
2024-01-14 12:00:00,12.7,74.0
2024-01-14 13:00:00,14.0,35.0
2024-01-14 14:00:00,14.7,58.0
2024-01-14 15:00:00,16.2,207.0
2024-01-14 16:00:00,14.6,36.0
2024-01-14 17:00:00,13.4,13.0
2024-01-14 18:00:00,13.9,0.0
2024-01-14 19:00:00,11.2,0.0
2024-01-14 20:00:00,9.7,0.0
2024-01-14 21:00:00,8.8,0.0
2024-01-14 22:00:00,9.1,0.0
2024-01-14 23:00:00,8.6,0.0
2024-01-15 00:00:00,9.3,0.0
2024-01-15 01:00:00,10.3,0.0
2024-01-15 02:00:00,9.6,0.0
2024-01-15 03:00:00,9.7,0.0
2024-01-15 04:00:00,9.7,0.0
2024-01-15 05:00:00,9.8,0.0
2024-01-15 06:00:00,9.9,0.0
2024-01-15 07:00:00,11.2,0.0
2024-01-15 08:00:00,11.5,0.0
2024-01-15 09:00:00,12.5,57.0
2024-01-15 10:00:00,13.4,92.0
2024-01-15 11:00:00,13.6,72.0
2024-01-15 12:00:00,13.7,64.0
2024-01-15 13:00:00,13.8,44.0
2024-01-15 14:00:00,16.6,300.0
2024-01-15 15:00:00,16.6,144.0
2024-01-15 16:00:00,15.9,150.0
2024-01-15 17:00:00,12.7,37.0
2024-01-15 18:00:00,14.3,0.0
2024-01-15 19:00:00,11.0,0.0
2024-01-15 20:00:00,12.2,0.0
2024-01-15 21:00:00,12.0,0.0
2024-01-15 22:00:00,12.2,0.0
2024-01-15 23:00:00,12.3,0.0
2024-01-16 00:00:00,12.3,0.0
2024-01-16 01:00:00,12.8,0.0
2024-01-16 02:00:00,12.7,0.0
2024-01-16 03:00:00,12.3,0.0
2024-01-16 04:00:00,11.0,0.0
2024-01-16 05:00:00,10.7,0.0
2024-01-16 06:00:00,9.2,0.0
2024-01-16 07:00:00,8.7,0.0
2024-01-16 08:00:00,8.4,2.0
2024-01-16 09:00:00,9.2,27.0
2024-01-16 10:00:00,10.1,36.0
2024-01-16 11:00:00,12.6,174.0
2024-01-16 12:00:00,12.9,96.0
2024-01-16 13:00:00,15.4,85.0
2024-01-16 14:00:00,15.7,75.0
2024-01-16 15:00:00,16.3,78.0
2024-01-16 16:00:00,17.0,47.0
2024-01-16 17:00:00,17.2,18.0
2024-01-16 18:00:00,17.4,0.0
2024-01-16 19:00:00,17.7,0.0
2024-01-16 20:00:00,18.4,0.0
2024-01-16 21:00:00,17.9,0.0
2024-01-16 22:00:00,15.6,0.0
2024-01-16 23:00:00,14.3,0.0
2024-01-17 00:00:00,14.3,0.0
2024-01-17 01:00:00,17.1,0.0
2024-01-17 02:00:00,17.7,0.0
2024-01-17 03:00:00,17.8,0.0
2024-01-17 04:00:00,17.8,0.0
2024-01-17 05:00:00,18.0,0.0
2024-01-17 06:00:00,16.1,0.0
2024-01-17 07:00:00,14.6,0.0
2024-01-17 08:00:00,14.6,1.0
2024-01-17 09:00:00,14.7,28.0
2024-01-17 10:00:00,16.2,105.0
2024-01-17 11:00:00,17.0,90.0
2024-01-17 12:00:00,18.1,284.0
2024-01-17 13:00:00,18.4,285.0
2024-01-17 14:00:00,18.7,318.0
2024-01-17 15:00:00,17.8,205.0
2024-01-17 16:00:00,17.0,48.0
2024-01-17 17:00:00,17.1,20.0
2024-01-17 18:00:00,16.8,0.0
2024-01-17 19:00:00,16.3,0.0
2024-01-17 20:00:00,15.8,0.0
2024-01-17 21:00:00,15.6,0.0
2024-01-17 22:00:00,15.4,0.0
2024-01-17 23:00:00,15.7,0.0
2024-01-18 00:00:00,15.7,0.0
2024-01-18 01:00:00,14.5,0.0
2024-01-18 02:00:00,14.8,0.0
2024-01-18 03:00:00,14.6,0.0
2024-01-18 04:00:00,13.9,0.0
2024-01-18 05:00:00,13.6,0.0
2024-01-18 06:00:00,13.5,0.0
2024-01-18 07:00:00,13.2,0.0
2024-01-18 08:00:00,13.6,2.0
2024-01-18 09:00:00,14.5,71.0
2024-01-18 10:00:00,15.9,165.0
2024-01-18 11:00:00,16.8,235.0
2024-01-18 12:00:00,18.3,379.0
2024-01-18 13:00:00,15.1,219.0
2024-01-18 14:00:00,11.8,222.0
2024-01-18 15:00:00,9.7,39.0
2024-01-18 16:00:00,9.3,37.0
2024-01-18 17:00:00,9.1,14.0
2024-01-18 18:00:00,9.1,0.0
2024-01-18 19:00:00,9.0,0.0
2024-01-18 20:00:00,8.9,0.0
2024-01-18 21:00:00,8.7,0.0
2024-01-18 22:00:00,8.7,0.0
2024-01-18 23:00:00,8.2,0.0
2024-01-19 00:00:00,7.5,0.0
2024-01-19 01:00:00,7.2,0.0
2024-01-19 02:00:00,6.4,0.0
2024-01-19 03:00:00,6.0,0.0
2024-01-19 04:00:00,5.3,0.0
2024-01-19 05:00:00,4.9,0.0
2024-01-19 06:00:00,4.6,0.0
2024-01-19 07:00:00,3.7,0.0
2024-01-19 08:00:00,3.6,2.0
2024-01-19 09:00:00,5.1,41.0
2024-01-19 10:00:00,5.7,136.0
2024-01-19 11:00:00,5.8,187.0
2024-01-19 12:00:00,5.7,235.0
2024-01-19 13:00:00,5.9,309.0
2024-01-19 14:00:00,6.0,353.0
2024-01-19 15:00:00,5.8,290.0
2024-01-19 16:00:00,5.3,192.0
2024-01-19 17:00:00,3.3,56.0
2024-01-19 18:00:00,1.9,0.0
2024-01-19 19:00:00,2.6,0.0
2024-01-19 20:00:00,3.5,0.0
2024-01-19 21:00:00,4.4,0.0
2024-01-19 22:00:00,3.7,0.0
2024-01-19 23:00:00,4.5,0.0
2024-01-20 00:00:00,3.0,0.0
2024-01-20 01:00:00,2.5,0.0
2024-01-20 02:00:00,0.9,0.0
2024-01-20 03:00:00,0.7,0.0
2024-01-20 04:00:00,-0.0,0.0
2024-01-20 05:00:00,-1.1,0.0
2024-01-20 06:00:00,-1.6,0.0
2024-01-20 07:00:00,-2.4,0.0
2024-01-20 08:00:00,-2.6,3.0
2024-01-20 09:00:00,0.0,96.0
2024-01-20 10:00:00,3.6,245.0
2024-01-20 11:00:00,6.3,370.0
2024-01-20 12:00:00,8.0,449.0
2024-01-20 13:00:00,9.7,468.0
2024-01-20 14:00:00,10.5,433.0
2024-01-20 15:00:00,11.5,344.0
2024-01-20 16:00:00,11.0,210.0
2024-01-20 17:00:00,8.3,63.0
2024-01-20 18:00:00,6.2,0.0
2024-01-20 19:00:00,5.1,0.0
2024-01-20 20:00:00,4.6,0.0
2024-01-20 21:00:00,4.1,0.0
2024-01-20 22:00:00,4.1,0.0
2024-01-20 23:00:00,4.0,0.0
2024-01-21 00:00:00,3.6,0.0
2024-01-21 01:00:00,5.2,0.0
2024-01-21 02:00:00,5.3,0.0
2024-01-21 03:00:00,5.3,0.0
2024-01-21 04:00:00,4.7,0.0
2024-01-21 05:00:00,4.5,0.0
2024-01-21 06:00:00,5.6,0.0
2024-01-21 07:00:00,4.3,0.0
2024-01-21 08:00:00,5.6,1.0
2024-01-21 09:00:00,6.0,22.0
2024-01-21 10:00:00,8.6,179.0
2024-01-21 11:00:00,11.2,331.0
2024-01-21 12:00:00,13.1,416.0
2024-01-21 13:00:00,14.2,449.0
2024-01-21 14:00:00,14.8,407.0
2024-01-21 15:00:00,14.9,324.0
2024-01-21 16:00:00,14.0,200.0
2024-01-21 17:00:00,12.3,61.0
2024-01-21 18:00:00,11.1,0.0
2024-01-21 19:00:00,10.5,0.0
2024-01-21 20:00:00,10.2,0.0
2024-01-21 21:00:00,10.1,0.0
2024-01-21 22:00:00,10.3,0.0
2024-01-21 23:00:00,10.6,0.0
2024-01-22 00:00:00,10.7,0.0
2024-01-22 01:00:00,11.7,0.0
2024-01-22 02:00:00,11.6,0.0
2024-01-22 03:00:00,12.1,0.0
2024-01-22 04:00:00,12.0,0.0
2024-01-22 05:00:00,11.7,0.0
2024-01-22 06:00:00,11.6,0.0
2024-01-22 07:00:00,11.4,0.0
2024-01-22 08:00:00,12.0,1.0
2024-01-22 09:00:00,12.7,49.0
2024-01-22 10:00:00,13.5,34.0
2024-01-22 11:00:00,14.7,202.0
2024-01-22 12:00:00,15.6,213.0
2024-01-22 13:00:00,16.3,108.0
2024-01-22 14:00:00,17.1,148.0
2024-01-22 15:00:00,16.5,74.0
2024-01-22 16:00:00,15.2,29.0
2024-01-22 17:00:00,13.7,12.0
2024-01-22 18:00:00,13.2,0.0
2024-01-22 19:00:00,13.3,0.0
2024-01-22 20:00:00,13.1,0.0
2024-01-22 21:00:00,12.9,0.0
2024-01-22 22:00:00,12.5,0.0
2024-01-22 23:00:00,12.2,0.0
2024-01-23 00:00:00,12.0,0.0
2024-01-23 01:00:00,11.8,0.0
2024-01-23 02:00:00,11.6,0.0
2024-01-23 03:00:00,11.7,0.0
2024-01-23 04:00:00,10.9,0.0
2024-01-23 05:00:00,11.3,0.0
2024-01-23 06:00:00,11.3,0.0
2024-01-23 07:00:00,9.8,0.0
2024-01-23 08:00:00,9.5,4.0
2024-01-23 09:00:00,11.6,87.0
2024-01-23 10:00:00,14.3,200.0
2024-01-23 11:00:00,16.7,315.0
2024-01-23 12:00:00,18.5,405.0
2024-01-23 13:00:00,19.4,426.0
2024-01-23 14:00:00,19.9,392.0
2024-01-23 15:00:00,19.6,316.0
2024-01-23 16:00:00,18.7,193.0
2024-01-23 17:00:00,15.9,61.0
2024-01-23 18:00:00,14.0,0.0
2024-01-23 19:00:00,12.6,0.0
2024-01-23 20:00:00,11.2,0.0
2024-01-23 21:00:00,10.6,0.0
2024-01-23 22:00:00,10.4,0.0
2024-01-23 23:00:00,10.3,0.0
2024-01-24 00:00:00,9.7,0.0
2024-01-24 01:00:00,8.9,0.0
2024-01-24 02:00:00,8.6,0.0
2024-01-24 03:00:00,8.1,0.0
2024-01-24 04:00:00,7.8,0.0
2024-01-24 05:00:00,7.7,0.0
2024-01-24 06:00:00,7.4,0.0
2024-01-24 07:00:00,7.1,0.0
2024-01-24 08:00:00,7.3,3.0
2024-01-24 09:00:00,8.8,67.0
2024-01-24 10:00:00,10.9,192.0
2024-01-24 11:00:00,13.7,350.0
2024-01-24 12:00:00,15.7,424.0
2024-01-24 13:00:00,17.4,431.0
2024-01-24 14:00:00,18.5,411.0
2024-01-24 15:00:00,18.8,330.0
2024-01-24 16:00:00,17.8,205.0
2024-01-24 17:00:00,14.5,67.0
2024-01-24 18:00:00,13.0,1.0
2024-01-24 19:00:00,11.3,0.0
2024-01-24 20:00:00,10.4,0.0
2024-01-24 21:00:00,9.3,0.0
2024-01-24 22:00:00,8.7,0.0
2024-01-24 23:00:00,8.8,0.0
2024-01-25 00:00:00,8.9,0.0
2024-01-25 01:00:00,9.1,0.0
2024-01-25 02:00:00,9.3,0.0
2024-01-25 03:00:00,9.8,0.0
2024-01-25 04:00:00,10.2,0.0
2024-01-25 05:00:00,10.0,0.0
2024-01-25 06:00:00,8.8,0.0
2024-01-25 07:00:00,8.0,0.0
2024-01-25 08:00:00,7.6,5.0
2024-01-25 09:00:00,10.5,99.0
2024-01-25 10:00:00,13.8,242.0
2024-01-25 11:00:00,16.5,361.0
2024-01-25 12:00:00,17.4,435.0
2024-01-25 13:00:00,17.1,455.0
2024-01-25 14:00:00,17.1,423.0
2024-01-25 15:00:00,16.8,339.0
2024-01-25 16:00:00,16.3,214.0
2024-01-25 17:00:00,15.2,73.0
2024-01-25 18:00:00,13.8,1.0
2024-01-25 19:00:00,13.3,0.0
2024-01-25 20:00:00,10.1,0.0
2024-01-25 21:00:00,8.5,0.0
2024-01-25 22:00:00,7.4,0.0
2024-01-25 23:00:00,6.8,0.0
2024-01-26 00:00:00,6.5,0.0
2024-01-26 01:00:00,6.3,0.0
2024-01-26 02:00:00,6.3,0.0
2024-01-26 03:00:00,6.0,0.0
2024-01-26 04:00:00,5.9,0.0
2024-01-26 05:00:00,5.8,0.0
2024-01-26 06:00:00,6.1,0.0
2024-01-26 07:00:00,5.8,0.0
2024-01-26 08:00:00,5.9,5.0
2024-01-26 09:00:00,8.1,91.0
2024-01-26 10:00:00,11.7,212.0
2024-01-26 11:00:00,14.5,288.0
2024-01-26 12:00:00,16.2,389.0
2024-01-26 13:00:00,17.3,425.0
2024-01-26 14:00:00,17.5,390.0
2024-01-26 15:00:00,16.6,296.0
2024-01-26 16:00:00,14.8,208.0
2024-01-26 17:00:00,11.6,73.0
2024-01-26 18:00:00,11.4,1.0
2024-01-26 19:00:00,10.8,0.0
2024-01-26 20:00:00,10.4,0.0
2024-01-26 21:00:00,7.9,0.0
2024-01-26 22:00:00,8.4,0.0
2024-01-26 23:00:00,8.4,0.0
2024-01-27 00:00:00,8.3,0.0
2024-01-27 01:00:00,8.7,0.0
2024-01-27 02:00:00,8.4,0.0
2024-01-27 03:00:00,7.7,0.0
2024-01-27 04:00:00,6.5,0.0
2024-01-27 05:00:00,6.2,0.0
2024-01-27 06:00:00,6.2,0.0
2024-01-27 07:00:00,6.6,0.0
2024-01-27 08:00:00,7.2,5.0
2024-01-27 09:00:00,9.6,81.0
2024-01-27 10:00:00,12.7,245.0
2024-01-27 11:00:00,15.8,368.0
2024-01-27 12:00:00,18.5,439.0
2024-01-27 13:00:00,19.4,389.0
2024-01-27 14:00:00,19.7,357.0
2024-01-27 15:00:00,19.3,277.0
2024-01-27 16:00:00,17.7,169.0
2024-01-27 17:00:00,15.3,57.0
2024-01-27 18:00:00,13.6,1.0
2024-01-27 19:00:00,12.3,0.0
2024-01-27 20:00:00,11.2,0.0
2024-01-27 21:00:00,10.7,0.0
2024-01-27 22:00:00,10.2,0.0
2024-01-27 23:00:00,10.2,0.0
2024-01-28 00:00:00,9.8,0.0
2024-01-28 01:00:00,10.4,0.0
2024-01-28 02:00:00,10.5,0.0
2024-01-28 03:00:00,10.7,0.0
2024-01-28 04:00:00,10.6,0.0
2024-01-28 05:00:00,10.9,0.0
2024-01-28 06:00:00,11.1,0.0
2024-01-28 07:00:00,10.9,0.0
2024-01-28 08:00:00,11.0,6.0
2024-01-28 09:00:00,12.4,83.0
2024-01-28 10:00:00,14.6,204.0
2024-01-28 11:00:00,16.2,320.0
2024-01-28 12:00:00,17.5,334.0
2024-01-28 13:00:00,19.3,391.0
2024-01-28 14:00:00,20.0,369.0
2024-01-28 15:00:00,19.7,288.0
2024-01-28 16:00:00,18.3,201.0
2024-01-28 17:00:00,15.8,76.0
2024-01-28 18:00:00,14.4,2.0
2024-01-28 19:00:00,14.0,0.0
2024-01-28 20:00:00,13.2,0.0
2024-01-28 21:00:00,13.1,0.0
2024-01-28 22:00:00,12.5,0.0
2024-01-28 23:00:00,12.0,0.0
2024-01-29 00:00:00,11.5,0.0
2024-01-29 01:00:00,12.6,0.0
2024-01-29 02:00:00,12.4,0.0
2024-01-29 03:00:00,12.2,0.0
2024-01-29 04:00:00,12.8,0.0
2024-01-29 05:00:00,12.8,0.0
2024-01-29 06:00:00,12.7,0.0
2024-01-29 07:00:00,12.1,0.0
2024-01-29 08:00:00,12.2,4.0
2024-01-29 09:00:00,12.9,74.0
2024-01-29 10:00:00,14.2,181.0
2024-01-29 11:00:00,15.3,275.0
2024-01-29 12:00:00,16.5,339.0
2024-01-29 13:00:00,17.3,338.0
2024-01-29 14:00:00,17.9,381.0
2024-01-29 15:00:00,17.6,297.0
2024-01-29 16:00:00,16.5,168.0
2024-01-29 17:00:00,15.1,59.0
2024-01-29 18:00:00,14.4,1.0
2024-01-29 19:00:00,12.7,0.0
2024-01-29 20:00:00,12.1,0.0
2024-01-29 21:00:00,12.2,0.0
2024-01-29 22:00:00,11.8,0.0
2024-01-29 23:00:00,11.5,0.0
2024-01-30 00:00:00,11.1,0.0
2024-01-30 01:00:00,10.1,0.0
2024-01-30 02:00:00,10.0,0.0
2024-01-30 03:00:00,9.7,0.0
2024-01-30 04:00:00,10.0,0.0
2024-01-30 05:00:00,9.5,0.0
2024-01-30 06:00:00,8.8,0.0
2024-01-30 07:00:00,8.5,0.0
2024-01-30 08:00:00,9.1,7.0
2024-01-30 09:00:00,11.2,94.0
2024-01-30 10:00:00,12.9,236.0
2024-01-30 11:00:00,14.7,374.0
2024-01-30 12:00:00,16.3,453.0
2024-01-30 13:00:00,17.7,476.0
2024-01-30 14:00:00,18.7,442.0
2024-01-30 15:00:00,18.9,357.0
2024-01-30 16:00:00,18.0,230.0
2024-01-30 17:00:00,14.0,87.0
2024-01-30 18:00:00,13.9,2.0
2024-01-30 19:00:00,10.0,0.0
2024-01-30 20:00:00,9.2,0.0
2024-01-30 21:00:00,8.5,0.0
2024-01-30 22:00:00,7.7,0.0
2024-01-30 23:00:00,7.2,0.0
2024-01-31 00:00:00,7.1,0.0
2024-01-31 01:00:00,7.2,0.0
2024-01-31 02:00:00,7.3,0.0
2024-01-31 03:00:00,7.3,0.0
2024-01-31 04:00:00,7.3,0.0
2024-01-31 05:00:00,7.0,0.0
2024-01-31 06:00:00,6.9,0.0
2024-01-31 07:00:00,6.7,0.0
2024-01-31 08:00:00,6.9,8.0
2024-01-31 09:00:00,9.3,113.0
2024-01-31 10:00:00,12.1,261.0
2024-01-31 11:00:00,14.8,386.0
2024-01-31 12:00:00,17.0,462.0
2024-01-31 13:00:00,18.0,486.0
2024-01-31 14:00:00,19.0,453.0
2024-01-31 15:00:00,18.7,367.0
2024-01-31 16:00:00,17.2,238.0
2024-01-31 17:00:00,13.2,91.0
2024-01-31 18:00:00,14.1,3.0
2024-01-31 19:00:00,13.5,0.0
2024-01-31 20:00:00,11.3,0.0
2024-01-31 21:00:00,10.5,0.0
2024-01-31 22:00:00,9.9,0.0
2024-01-31 23:00:00,8.2,0.0
2024-02-01 00:00:00,6.5,0.0
2024-02-01 01:00:00,5.7,0.0
2024-02-01 02:00:00,5.8,0.0
2024-02-01 03:00:00,5.7,0.0
2024-02-01 04:00:00,5.0,0.0
2024-02-01 05:00:00,5.5,0.0
2024-02-01 06:00:00,5.8,0.0
2024-02-01 07:00:00,7.9,0.0
2024-02-01 08:00:00,8.7,3.0
2024-02-01 09:00:00,10.2,26.0
2024-02-01 10:00:00,11.6,65.0
2024-02-01 11:00:00,12.8,144.0
2024-02-01 12:00:00,13.9,226.0
2024-02-01 13:00:00,13.2,177.0
2024-02-01 14:00:00,13.1,192.0
2024-02-01 15:00:00,12.5,96.0
2024-02-01 16:00:00,12.3,77.0
2024-02-01 17:00:00,11.9,34.0
2024-02-01 18:00:00,11.2,2.0
2024-02-01 19:00:00,10.5,0.0
2024-02-01 20:00:00,11.0,0.0
2024-02-01 21:00:00,11.0,0.0
2024-02-01 22:00:00,10.9,0.0
2024-02-01 23:00:00,10.4,0.0
2024-02-02 00:00:00,9.9,0.0
2024-02-02 01:00:00,9.7,0.0
2024-02-02 02:00:00,9.6,0.0
2024-02-02 03:00:00,10.4,0.0
2024-02-02 04:00:00,10.8,0.0
2024-02-02 05:00:00,10.4,0.0
2024-02-02 06:00:00,10.6,0.0
2024-02-02 07:00:00,10.5,0.0
2024-02-02 08:00:00,10.9,2.0
2024-02-02 09:00:00,11.5,39.0
2024-02-02 10:00:00,12.0,51.0
2024-02-02 11:00:00,12.1,57.0
2024-02-02 12:00:00,12.4,74.0
2024-02-02 13:00:00,12.6,111.0
2024-02-02 14:00:00,13.0,138.0
2024-02-02 15:00:00,13.1,100.0
2024-02-02 16:00:00,13.1,90.0
2024-02-02 17:00:00,12.8,48.0
2024-02-02 18:00:00,11.4,2.0
2024-02-02 19:00:00,11.0,0.0
2024-02-02 20:00:00,11.4,0.0
2024-02-02 21:00:00,11.2,0.0
2024-02-02 22:00:00,10.9,0.0
2024-02-02 23:00:00,10.9,0.0
2024-02-03 00:00:00,10.8,0.0
2024-02-03 01:00:00,11.1,0.0
2024-02-03 02:00:00,10.9,0.0
2024-02-03 03:00:00,8.9,0.0
2024-02-03 04:00:00,8.8,0.0
2024-02-03 05:00:00,9.7,0.0
2024-02-03 06:00:00,8.9,0.0
2024-02-03 07:00:00,8.7,0.0
2024-02-03 08:00:00,8.6,6.0
2024-02-03 09:00:00,9.0,60.0
2024-02-03 10:00:00,9.9,136.0
2024-02-03 11:00:00,12.0,324.0
2024-02-03 12:00:00,13.9,465.0
2024-02-03 13:00:00,15.9,497.0
2024-02-03 14:00:00,17.1,464.0
2024-02-03 15:00:00,17.0,379.0
2024-02-03 16:00:00,14.6,251.0
2024-02-03 17:00:00,11.5,101.0
2024-02-03 18:00:00,8.7,5.0
2024-02-03 19:00:00,8.9,0.0
2024-02-03 20:00:00,9.5,0.0
2024-02-03 21:00:00,9.5,0.0
2024-02-03 22:00:00,9.6,0.0
2024-02-03 23:00:00,9.8,0.0
2024-02-04 00:00:00,9.7,0.0
2024-02-04 01:00:00,10.3,0.0
2024-02-04 02:00:00,10.0,0.0
2024-02-04 03:00:00,10.0,0.0
2024-02-04 04:00:00,9.6,0.0
2024-02-04 05:00:00,9.2,0.0
2024-02-04 06:00:00,9.1,0.0
2024-02-04 07:00:00,8.9,0.0
2024-02-04 08:00:00,8.7,5.0
2024-02-04 09:00:00,8.8,49.0
2024-02-04 10:00:00,9.9,153.0
2024-02-04 11:00:00,11.3,198.0
2024-02-04 12:00:00,12.8,324.0
2024-02-04 13:00:00,13.9,382.0
2024-02-04 14:00:00,15.2,447.0
2024-02-04 15:00:00,15.6,374.0
2024-02-04 16:00:00,14.5,254.0
2024-02-04 17:00:00,12.3,103.0
2024-02-04 18:00:00,9.7,6.0
2024-02-04 19:00:00,9.8,0.0
2024-02-04 20:00:00,9.7,0.0
2024-02-04 21:00:00,10.0,0.0
2024-02-04 22:00:00,10.3,0.0
2024-02-04 23:00:00,9.9,0.0
2024-02-05 00:00:00,9.8,0.0
2024-02-05 01:00:00,8.6,0.0
2024-02-05 02:00:00,8.4,0.0
2024-02-05 03:00:00,7.6,0.0
2024-02-05 04:00:00,7.1,0.0
2024-02-05 05:00:00,6.5,0.0
2024-02-05 06:00:00,6.1,0.0
2024-02-05 07:00:00,5.0,0.0
2024-02-05 08:00:00,5.2,11.0
2024-02-05 09:00:00,7.9,118.0
2024-02-05 10:00:00,11.5,275.0
2024-02-05 11:00:00,14.3,387.0
2024-02-05 12:00:00,15.9,472.0
2024-02-05 13:00:00,15.1,484.0
2024-02-05 14:00:00,14.8,393.0
2024-02-05 15:00:00,13.9,318.0
2024-02-05 16:00:00,12.7,197.0
2024-02-05 17:00:00,11.3,80.0
2024-02-05 18:00:00,9.1,5.0
2024-02-05 19:00:00,9.7,0.0
2024-02-05 20:00:00,8.8,0.0
2024-02-05 21:00:00,8.9,0.0
2024-02-05 22:00:00,8.1,0.0
2024-02-05 23:00:00,6.5,0.0
2024-02-06 00:00:00,7.1,0.0
2024-02-06 01:00:00,8.4,0.0
2024-02-06 02:00:00,8.0,0.0
2024-02-06 03:00:00,7.8,0.0
2024-02-06 04:00:00,8.1,0.0
2024-02-06 05:00:00,8.1,0.0
2024-02-06 06:00:00,7.5,0.0
2024-02-06 07:00:00,7.1,0.0
2024-02-06 08:00:00,7.1,8.0
2024-02-06 09:00:00,8.9,71.0
2024-02-06 10:00:00,11.2,211.0
2024-02-06 11:00:00,13.5,374.0
2024-02-06 12:00:00,15.2,464.0
2024-02-06 13:00:00,15.1,360.0
2024-02-06 14:00:00,15.1,380.0
2024-02-06 15:00:00,15.0,371.0
2024-02-06 16:00:00,14.7,250.0
2024-02-06 17:00:00,12.7,111.0
2024-02-06 18:00:00,12.4,7.0
2024-02-06 19:00:00,11.5,0.0
2024-02-06 20:00:00,9.0,0.0
2024-02-06 21:00:00,8.3,0.0
2024-02-06 22:00:00,7.2,0.0
2024-02-06 23:00:00,6.3,0.0
2024-02-07 00:00:00,6.1,0.0
2024-02-07 01:00:00,6.3,0.0
2024-02-07 02:00:00,5.8,0.0
2024-02-07 03:00:00,5.5,0.0
2024-02-07 04:00:00,5.7,0.0
2024-02-07 05:00:00,6.1,0.0
2024-02-07 06:00:00,6.2,0.0
2024-02-07 07:00:00,6.9,0.0
2024-02-07 08:00:00,8.4,16.0
2024-02-07 09:00:00,11.0,124.0
2024-02-07 10:00:00,12.8,268.0
2024-02-07 11:00:00,14.5,390.0
2024-02-07 12:00:00,15.9,485.0
2024-02-07 13:00:00,14.4,191.0
2024-02-07 14:00:00,15.5,387.0
2024-02-07 15:00:00,15.4,116.0
2024-02-07 16:00:00,15.5,78.0
2024-02-07 17:00:00,15.1,35.0
2024-02-07 18:00:00,15.0,7.0
2024-02-07 19:00:00,14.8,0.0
2024-02-07 20:00:00,14.7,0.0
2024-02-07 21:00:00,14.7,0.0
2024-02-07 22:00:00,14.7,0.0
2024-02-07 23:00:00,14.9,0.0
2024-02-08 00:00:00,14.8,0.0
2024-02-08 01:00:00,16.2,0.0
2024-02-08 02:00:00,15.9,0.0
2024-02-08 03:00:00,15.5,0.0
2024-02-08 04:00:00,15.0,0.0
2024-02-08 05:00:00,15.4,0.0
2024-02-08 06:00:00,15.1,0.0
2024-02-08 07:00:00,15.0,0.0
2024-02-08 08:00:00,14.7,14.0
2024-02-08 09:00:00,15.3,52.0
2024-02-08 10:00:00,15.6,51.0
2024-02-08 11:00:00,13.1,38.0
2024-02-08 12:00:00,13.4,92.0
2024-02-08 13:00:00,14.7,41.0
2024-02-08 14:00:00,15.6,60.0
2024-02-08 15:00:00,16.1,94.0
2024-02-08 16:00:00,15.5,20.0
2024-02-08 17:00:00,15.8,8.0
2024-02-08 18:00:00,15.6,2.0
2024-02-08 19:00:00,16.4,0.0
2024-02-08 20:00:00,16.6,0.0
2024-02-08 21:00:00,16.5,0.0
2024-02-08 22:00:00,16.4,0.0
2024-02-08 23:00:00,15.9,0.0
2024-02-09 00:00:00,15.8,0.0
2024-02-09 01:00:00,15.3,0.0
2024-02-09 02:00:00,14.9,0.0
2024-02-09 03:00:00,14.4,0.0
2024-02-09 04:00:00,13.8,0.0
2024-02-09 05:00:00,13.5,0.0
2024-02-09 06:00:00,13.5,0.0
2024-02-09 07:00:00,14.0,0.0
2024-02-09 08:00:00,14.1,6.0
2024-02-09 09:00:00,14.7,77.0
2024-02-09 10:00:00,16.3,278.0
2024-02-09 11:00:00,17.1,392.0
2024-02-09 12:00:00,18.0,448.0
2024-02-09 13:00:00,17.8,376.0
2024-02-09 14:00:00,17.6,372.0
2024-02-09 15:00:00,16.4,108.0
2024-02-09 16:00:00,15.5,53.0
2024-02-09 17:00:00,14.1,18.0
2024-02-09 18:00:00,13.2,2.0
2024-02-09 19:00:00,13.0,0.0
2024-02-09 20:00:00,13.3,0.0
2024-02-09 21:00:00,12.3,0.0
2024-02-09 22:00:00,11.7,0.0
2024-02-09 23:00:00,10.8,0.0
2024-02-10 00:00:00,10.3,0.0
2024-02-10 01:00:00,10.8,0.0
2024-02-10 02:00:00,10.8,0.0
2024-02-10 03:00:00,10.0,0.0
2024-02-10 04:00:00,10.3,0.0
2024-02-10 05:00:00,8.9,0.0
2024-02-10 06:00:00,8.8,0.0
2024-02-10 07:00:00,8.7,0.0
2024-02-10 08:00:00,8.7,15.0
2024-02-10 09:00:00,9.8,127.0
2024-02-10 10:00:00,10.2,220.0
2024-02-10 11:00:00,11.9,407.0
2024-02-10 12:00:00,12.5,453.0
2024-02-10 13:00:00,11.6,372.0
2024-02-10 14:00:00,11.3,399.0
2024-02-10 15:00:00,12.1,337.0
2024-02-10 16:00:00,11.6,266.0
2024-02-10 17:00:00,10.8,113.0
2024-02-10 18:00:00,9.9,10.0
2024-02-10 19:00:00,9.2,0.0
2024-02-10 20:00:00,8.8,0.0
2024-02-10 21:00:00,9.3,0.0
2024-02-10 22:00:00,8.7,0.0
2024-02-10 23:00:00,9.0,0.0
2024-02-11 00:00:00,8.4,0.0
2024-02-11 01:00:00,7.9,0.0
2024-02-11 02:00:00,7.3,0.0
2024-02-11 03:00:00,7.1,0.0
2024-02-11 04:00:00,6.4,0.0
2024-02-11 05:00:00,6.6,0.0
2024-02-11 06:00:00,7.4,0.0
2024-02-11 07:00:00,7.9,0.0
2024-02-11 08:00:00,8.2,6.0
2024-02-11 09:00:00,9.6,63.0
2024-02-11 10:00:00,10.4,95.0
2024-02-11 11:00:00,11.8,195.0
2024-02-11 12:00:00,13.0,378.0
2024-02-11 13:00:00,14.0,301.0
2024-02-11 14:00:00,14.3,376.0
2024-02-11 15:00:00,14.8,396.0
2024-02-11 16:00:00,14.1,272.0
2024-02-11 17:00:00,12.7,88.0
2024-02-11 18:00:00,11.0,12.0
2024-02-11 19:00:00,10.1,0.0
2024-02-11 20:00:00,9.5,0.0
2024-02-11 21:00:00,10.3,0.0
2024-02-11 22:00:00,10.5,0.0
2024-02-11 23:00:00,11.8,0.0
2024-02-12 00:00:00,11.7,0.0
2024-02-12 01:00:00,12.1,0.0
2024-02-12 02:00:00,12.0,0.0
2024-02-12 03:00:00,12.5,0.0
2024-02-12 04:00:00,12.8,0.0
2024-02-12 05:00:00,13.0,0.0
2024-02-12 06:00:00,13.4,0.0
2024-02-12 07:00:00,13.6,0.0
2024-02-12 08:00:00,14.1,5.0
2024-02-12 09:00:00,13.6,71.0
2024-02-12 10:00:00,13.4,210.0
2024-02-12 11:00:00,13.4,331.0
2024-02-12 12:00:00,12.8,339.0
2024-02-12 13:00:00,13.1,468.0
2024-02-12 14:00:00,12.8,422.0
2024-02-12 15:00:00,12.4,330.0
2024-02-12 16:00:00,12.0,232.0
2024-02-12 17:00:00,11.2,103.0
2024-02-12 18:00:00,9.7,11.0
2024-02-12 19:00:00,7.9,0.0
2024-02-12 20:00:00,8.2,0.0
2024-02-12 21:00:00,8.2,0.0
2024-02-12 22:00:00,7.9,0.0
2024-02-12 23:00:00,7.8,0.0
2024-02-13 00:00:00,6.8,0.0
2024-02-13 01:00:00,6.6,0.0
2024-02-13 02:00:00,7.0,0.0
2024-02-13 03:00:00,6.4,0.0
2024-02-13 04:00:00,6.0,0.0
2024-02-13 05:00:00,6.4,0.0
2024-02-13 06:00:00,6.6,0.0
2024-02-13 07:00:00,6.7,0.0
2024-02-13 08:00:00,7.8,25.0
2024-02-13 09:00:00,11.2,160.0
2024-02-13 10:00:00,14.7,316.0
2024-02-13 11:00:00,16.9,439.0
2024-02-13 12:00:00,18.7,521.0
2024-02-13 13:00:00,19.9,540.0
2024-02-13 14:00:00,20.4,503.0
2024-02-13 15:00:00,20.1,423.0
2024-02-13 16:00:00,19.6,292.0
2024-02-13 17:00:00,17.4,138.0
2024-02-13 18:00:00,14.8,16.0
2024-02-13 19:00:00,14.1,0.0
2024-02-13 20:00:00,12.6,0.0
2024-02-13 21:00:00,11.2,0.0
2024-02-13 22:00:00,10.3,0.0
2024-02-13 23:00:00,9.9,0.0
2024-02-14 00:00:00,9.8,0.0
2024-02-14 01:00:00,10.0,0.0
2024-02-14 02:00:00,10.7,0.0
2024-02-14 03:00:00,11.5,0.0
2024-02-14 04:00:00,12.3,0.0
2024-02-14 05:00:00,12.5,0.0
2024-02-14 06:00:00,12.0,0.0
2024-02-14 07:00:00,11.8,0.0
2024-02-14 08:00:00,12.4,27.0
2024-02-14 09:00:00,15.7,157.0
2024-02-14 10:00:00,18.4,297.0
2024-02-14 11:00:00,19.7,352.0
2024-02-14 12:00:00,20.6,386.0
2024-02-14 13:00:00,20.6,477.0
2024-02-14 14:00:00,20.5,362.0
2024-02-14 15:00:00,20.1,238.0
2024-02-14 16:00:00,19.5,180.0
2024-02-14 17:00:00,18.3,99.0
2024-02-14 18:00:00,17.7,7.0
2024-02-14 19:00:00,17.0,0.0
2024-02-14 20:00:00,16.1,0.0
2024-02-14 21:00:00,15.1,0.0
2024-02-14 22:00:00,15.7,0.0
2024-02-14 23:00:00,16.1,0.0
2024-02-15 00:00:00,16.4,0.0
2024-02-15 01:00:00,17.1,0.0
2024-02-15 02:00:00,16.6,0.0
2024-02-15 03:00:00,16.3,0.0
2024-02-15 04:00:00,15.5,0.0
2024-02-15 05:00:00,15.5,0.0
2024-02-15 06:00:00,15.5,0.0
2024-02-15 07:00:00,14.9,0.0
2024-02-15 08:00:00,15.0,8.0
2024-02-15 09:00:00,15.7,55.0
2024-02-15 10:00:00,17.3,171.0
2024-02-15 11:00:00,19.6,284.0
2024-02-15 12:00:00,21.8,401.0
2024-02-15 13:00:00,23.3,459.0
2024-02-15 14:00:00,22.9,422.0
2024-02-15 15:00:00,23.2,367.0
2024-02-15 16:00:00,21.7,150.0
2024-02-15 17:00:00,20.6,76.0
2024-02-15 18:00:00,15.4,5.0
2024-02-15 19:00:00,13.6,0.0
2024-02-15 20:00:00,13.6,0.0
2024-02-15 21:00:00,13.5,0.0
2024-02-15 22:00:00,13.2,0.0
2024-02-15 23:00:00,13.1,0.0
2024-02-16 00:00:00,12.8,0.0
2024-02-16 01:00:00,12.3,0.0
2024-02-16 02:00:00,12.3,0.0
2024-02-16 03:00:00,12.2,0.0
2024-02-16 04:00:00,11.8,0.0
2024-02-16 05:00:00,11.9,0.0
2024-02-16 06:00:00,12.0,0.0
2024-02-16 07:00:00,11.4,0.0
2024-02-16 08:00:00,11.8,14.0
2024-02-16 09:00:00,12.4,101.0
2024-02-16 10:00:00,12.6,154.0
2024-02-16 11:00:00,12.7,210.0
2024-02-16 12:00:00,13.8,379.0
2024-02-16 13:00:00,13.8,258.0
2024-02-16 14:00:00,14.5,410.0
2024-02-16 15:00:00,14.5,412.0
2024-02-16 16:00:00,14.0,293.0
2024-02-16 17:00:00,12.8,150.0
2024-02-16 18:00:00,10.9,21.0
2024-02-16 19:00:00,11.4,0.0
2024-02-16 20:00:00,8.8,0.0
2024-02-16 21:00:00,7.3,0.0
2024-02-16 22:00:00,6.5,0.0
2024-02-16 23:00:00,6.2,0.0
2024-02-17 00:00:00,5.7,0.0
2024-02-17 01:00:00,6.0,0.0
2024-02-17 02:00:00,5.6,0.0
2024-02-17 03:00:00,5.3,0.0
2024-02-17 04:00:00,4.8,0.0
2024-02-17 05:00:00,4.4,0.0
2024-02-17 06:00:00,4.2,0.0
2024-02-17 07:00:00,4.3,0.0
2024-02-17 08:00:00,6.0,30.0
2024-02-17 09:00:00,9.4,178.0
2024-02-17 10:00:00,12.4,336.0
2024-02-17 11:00:00,13.9,438.0
2024-02-17 12:00:00,15.1,488.0
2024-02-17 13:00:00,16.1,556.0
2024-02-17 14:00:00,16.2,535.0
2024-02-17 15:00:00,16.0,451.0
2024-02-17 16:00:00,15.3,320.0
2024-02-17 17:00:00,13.5,158.0
2024-02-17 18:00:00,9.2,23.0
2024-02-17 19:00:00,10.4,0.0
2024-02-17 20:00:00,9.6,0.0
2024-02-17 21:00:00,8.8,0.0
2024-02-17 22:00:00,6.6,0.0
2024-02-17 23:00:00,6.6,0.0
2024-02-18 00:00:00,5.6,0.0
2024-02-18 01:00:00,4.8,0.0
2024-02-18 02:00:00,4.9,0.0
2024-02-18 03:00:00,4.6,0.0
2024-02-18 04:00:00,4.3,0.0
2024-02-18 05:00:00,4.2,0.0
2024-02-18 06:00:00,4.1,0.0
2024-02-18 07:00:00,4.5,0.0
2024-02-18 08:00:00,6.1,30.0
2024-02-18 09:00:00,10.0,176.0
2024-02-18 10:00:00,13.8,296.0
2024-02-18 11:00:00,16.1,386.0
2024-02-18 12:00:00,17.0,454.0
2024-02-18 13:00:00,17.7,420.0
2024-02-18 14:00:00,17.0,396.0
2024-02-18 15:00:00,15.7,381.0
2024-02-18 16:00:00,14.8,185.0
2024-02-18 17:00:00,14.2,96.0
2024-02-18 18:00:00,13.7,15.0
2024-02-18 19:00:00,12.7,0.0
2024-02-18 20:00:00,12.9,0.0
2024-02-18 21:00:00,12.6,0.0
2024-02-18 22:00:00,12.3,0.0
2024-02-18 23:00:00,12.1,0.0
2024-02-19 00:00:00,12.3,0.0
2024-02-19 01:00:00,12.9,0.0
2024-02-19 02:00:00,13.1,0.0
2024-02-19 03:00:00,12.9,0.0
2024-02-19 04:00:00,12.9,0.0
2024-02-19 05:00:00,12.6,0.0
2024-02-19 06:00:00,12.2,0.0
2024-02-19 07:00:00,11.8,0.0
2024-02-19 08:00:00,11.5,29.0
2024-02-19 09:00:00,12.4,167.0
2024-02-19 10:00:00,13.2,270.0
2024-02-19 11:00:00,13.8,345.0
2024-02-19 12:00:00,14.3,400.0
2024-02-19 13:00:00,14.4,433.0
2024-02-19 14:00:00,14.4,441.0
2024-02-19 15:00:00,13.9,369.0
2024-02-19 16:00:00,13.3,251.0
2024-02-19 17:00:00,12.3,140.0
2024-02-19 18:00:00,10.1,24.0
2024-02-19 19:00:00,9.6,0.0
2024-02-19 20:00:00,10.4,0.0
2024-02-19 21:00:00,10.5,0.0
2024-02-19 22:00:00,10.3,0.0
2024-02-19 23:00:00,8.8,0.0
2024-02-20 00:00:00,7.4,0.0
2024-02-20 01:00:00,8.5,0.0
2024-02-20 02:00:00,7.8,0.0
2024-02-20 03:00:00,7.4,0.0
2024-02-20 04:00:00,6.7,0.0
2024-02-20 05:00:00,6.6,0.0
2024-02-20 06:00:00,7.7,0.0
2024-02-20 07:00:00,7.7,0.0
2024-02-20 08:00:00,8.5,30.0
2024-02-20 09:00:00,10.0,151.0
2024-02-20 10:00:00,11.4,293.0
2024-02-20 11:00:00,13.0,467.0
2024-02-20 12:00:00,14.6,547.0
2024-02-20 13:00:00,16.2,582.0
2024-02-20 14:00:00,16.3,530.0
2024-02-20 15:00:00,16.1,435.0
2024-02-20 16:00:00,15.2,310.0
2024-02-20 17:00:00,13.7,152.0
2024-02-20 18:00:00,9.9,28.0
2024-02-20 19:00:00,9.1,0.0
2024-02-20 20:00:00,8.4,0.0
2024-02-20 21:00:00,8.2,0.0
2024-02-20 22:00:00,7.5,0.0
2024-02-20 23:00:00,6.5,0.0
2024-02-21 00:00:00,6.0,0.0
2024-02-21 01:00:00,5.8,0.0
2024-02-21 02:00:00,5.4,0.0
2024-02-21 03:00:00,6.3,0.0
2024-02-21 04:00:00,6.6,0.0
2024-02-21 05:00:00,6.9,0.0
2024-02-21 06:00:00,7.3,0.0
2024-02-21 07:00:00,8.0,0.0
2024-02-21 08:00:00,9.3,21.0
2024-02-21 09:00:00,11.9,162.0
2024-02-21 10:00:00,13.4,138.0
2024-02-21 11:00:00,16.3,279.0
2024-02-21 12:00:00,17.9,370.0
2024-02-21 13:00:00,16.6,194.0
2024-02-21 14:00:00,18.0,277.0
2024-02-21 15:00:00,19.0,322.0
2024-02-21 16:00:00,18.8,186.0
2024-02-21 17:00:00,17.3,69.0
2024-02-21 18:00:00,15.7,20.0
2024-02-21 19:00:00,15.8,0.0
2024-02-21 20:00:00,16.0,0.0
2024-02-21 21:00:00,16.7,0.0
2024-02-21 22:00:00,16.9,0.0
2024-02-21 23:00:00,16.7,0.0
2024-02-22 00:00:00,15.9,0.0
2024-02-22 01:00:00,16.4,0.0
2024-02-22 02:00:00,16.3,0.0
2024-02-22 03:00:00,15.3,0.0
2024-02-22 04:00:00,14.9,0.0
2024-02-22 05:00:00,14.4,0.0
2024-02-22 06:00:00,13.9,0.0
2024-02-22 07:00:00,14.0,0.0
2024-02-22 08:00:00,14.5,26.0
2024-02-22 09:00:00,15.1,52.0
2024-02-22 10:00:00,15.4,63.0
2024-02-22 11:00:00,16.2,64.0
2024-02-22 12:00:00,18.5,439.0
2024-02-22 13:00:00,19.5,430.0
2024-02-22 14:00:00,11.8,142.0
2024-02-22 15:00:00,10.9,181.0
2024-02-22 16:00:00,10.6,96.0
2024-02-22 17:00:00,10.3,30.0
2024-02-22 18:00:00,10.3,5.0
2024-02-22 19:00:00,9.7,0.0
2024-02-22 20:00:00,8.9,0.0
2024-02-22 21:00:00,8.1,0.0
2024-02-22 22:00:00,5.8,0.0
2024-02-22 23:00:00,5.4,0.0
2024-02-23 00:00:00,4.0,0.0
2024-02-23 01:00:00,4.7,0.0
2024-02-23 02:00:00,4.4,0.0
2024-02-23 03:00:00,5.7,0.0
2024-02-23 04:00:00,6.9,0.0
2024-02-23 05:00:00,5.8,0.0
2024-02-23 06:00:00,5.3,0.0
2024-02-23 07:00:00,4.6,0.0
2024-02-23 08:00:00,6.2,33.0
2024-02-23 09:00:00,8.7,185.0
2024-02-23 10:00:00,10.4,284.0
2024-02-23 11:00:00,11.6,402.0
2024-02-23 12:00:00,12.2,436.0
2024-02-23 13:00:00,9.1,241.0
2024-02-23 14:00:00,11.1,412.0
2024-02-23 15:00:00,8.9,169.0
2024-02-23 16:00:00,8.8,154.0
2024-02-23 17:00:00,7.0,36.0
2024-02-23 18:00:00,6.7,24.0
2024-02-23 19:00:00,6.4,0.0
2024-02-23 20:00:00,5.8,0.0
2024-02-23 21:00:00,6.4,0.0
2024-02-23 22:00:00,6.5,0.0
2024-02-23 23:00:00,6.5,0.0
2024-02-24 00:00:00,6.4,0.0
2024-02-24 01:00:00,6.5,0.0
2024-02-24 02:00:00,5.4,0.0
2024-02-24 03:00:00,6.0,0.0
2024-02-24 04:00:00,6.5,0.0
2024-02-24 05:00:00,6.3,0.0
2024-02-24 06:00:00,5.6,0.0
2024-02-24 07:00:00,3.7,0.0
2024-02-24 08:00:00,5.4,24.0
2024-02-24 09:00:00,6.5,136.0
2024-02-24 10:00:00,7.9,234.0
2024-02-24 11:00:00,9.5,441.0
2024-02-24 12:00:00,9.8,321.0
2024-02-24 13:00:00,10.4,390.0
2024-02-24 14:00:00,10.5,470.0
2024-02-24 15:00:00,10.5,447.0
2024-02-24 16:00:00,10.2,263.0
2024-02-24 17:00:00,9.7,125.0
2024-02-24 18:00:00,7.6,22.0
2024-02-24 19:00:00,8.9,0.0
2024-02-24 20:00:00,7.3,0.0
2024-02-24 21:00:00,7.3,0.0
2024-02-24 22:00:00,7.0,0.0
2024-02-24 23:00:00,8.5,0.0
2024-02-25 00:00:00,8.5,0.0
2024-02-25 01:00:00,8.8,0.0
2024-02-25 02:00:00,8.8,0.0
2024-02-25 03:00:00,9.1,0.0
2024-02-25 04:00:00,9.6,0.0
2024-02-25 05:00:00,10.1,0.0
2024-02-25 06:00:00,11.0,0.0
2024-02-25 07:00:00,11.7,0.0
2024-02-25 08:00:00,12.8,6.0
2024-02-25 09:00:00,14.1,44.0
2024-02-25 10:00:00,15.6,108.0
2024-02-25 11:00:00,15.9,72.0
2024-02-25 12:00:00,16.4,104.0
2024-02-25 13:00:00,17.7,132.0
2024-02-25 14:00:00,17.5,115.0
2024-02-25 15:00:00,16.4,87.0
2024-02-25 16:00:00,15.4,47.0
2024-02-25 17:00:00,14.8,23.0
2024-02-25 18:00:00,11.3,5.0
2024-02-25 19:00:00,11.5,0.0
2024-02-25 20:00:00,11.1,0.0
2024-02-25 21:00:00,10.2,0.0
2024-02-25 22:00:00,7.4,0.0
2024-02-25 23:00:00,9.2,0.0
2024-02-26 00:00:00,9.3,0.0
2024-02-26 01:00:00,10.7,0.0
2024-02-26 02:00:00,10.3,0.0
2024-02-26 03:00:00,9.8,0.0
2024-02-26 04:00:00,9.3,0.0
2024-02-26 05:00:00,9.1,0.0
2024-02-26 06:00:00,8.7,0.0
2024-02-26 07:00:00,8.7,0.0
2024-02-26 08:00:00,9.1,45.0
2024-02-26 09:00:00,9.3,62.0
2024-02-26 10:00:00,9.1,108.0
2024-02-26 11:00:00,9.5,274.0
2024-02-26 12:00:00,9.0,77.0
2024-02-26 13:00:00,8.8,78.0
2024-02-26 14:00:00,9.1,60.0
2024-02-26 15:00:00,9.1,55.0
2024-02-26 16:00:00,8.7,20.0
2024-02-26 17:00:00,8.6,11.0
2024-02-26 18:00:00,8.2,2.0
2024-02-26 19:00:00,8.4,0.0
2024-02-26 20:00:00,8.2,0.0
2024-02-26 21:00:00,8.3,0.0
2024-02-26 22:00:00,7.7,0.0
2024-02-26 23:00:00,8.1,0.0
2024-02-27 00:00:00,7.8,0.0
2024-02-27 01:00:00,8.3,0.0
2024-02-27 02:00:00,7.8,0.0
2024-02-27 03:00:00,7.6,0.0
2024-02-27 04:00:00,7.6,0.0
2024-02-27 05:00:00,8.0,0.0
2024-02-27 06:00:00,7.7,0.0
2024-02-27 07:00:00,8.2,0.0
2024-02-27 08:00:00,8.2,5.0
2024-02-27 09:00:00,8.0,18.0
2024-02-27 10:00:00,8.2,30.0
2024-02-27 11:00:00,8.1,46.0
2024-02-27 12:00:00,8.7,54.0
2024-02-27 13:00:00,8.1,57.0
2024-02-27 14:00:00,8.1,68.0
2024-02-27 15:00:00,8.8,73.0
2024-02-27 16:00:00,10.0,274.0
2024-02-27 17:00:00,9.7,74.0
2024-02-27 18:00:00,9.7,22.0
2024-02-27 19:00:00,9.9,0.0
2024-02-27 20:00:00,10.1,0.0
2024-02-27 21:00:00,10.0,0.0
2024-02-27 22:00:00,9.6,0.0
2024-02-27 23:00:00,8.9,0.0
2024-02-28 00:00:00,9.6,0.0
2024-02-28 01:00:00,9.4,0.0
2024-02-28 02:00:00,9.9,0.0
2024-02-28 03:00:00,10.2,0.0
2024-02-28 04:00:00,10.4,0.0
2024-02-28 05:00:00,10.1,0.0
2024-02-28 06:00:00,10.2,0.0
2024-02-28 07:00:00,10.0,0.0
2024-02-28 08:00:00,10.4,47.0
2024-02-28 09:00:00,10.6,151.0
2024-02-28 10:00:00,10.9,103.0
2024-02-28 11:00:00,11.2,159.0
2024-02-28 12:00:00,11.7,298.0
2024-02-28 13:00:00,11.6,171.0
2024-02-28 14:00:00,10.9,97.0
2024-02-28 15:00:00,11.4,119.0
2024-02-28 16:00:00,11.5,139.0
2024-02-28 17:00:00,11.2,55.0
2024-02-28 18:00:00,10.8,6.0
2024-02-28 19:00:00,10.7,0.0
2024-02-28 20:00:00,10.6,0.0
2024-02-28 21:00:00,10.5,0.0
2024-02-28 22:00:00,9.6,0.0
2024-02-28 23:00:00,10.0,0.0
2024-02-29 00:00:00,9.6,0.0
2024-02-29 01:00:00,10.4,0.0
2024-02-29 02:00:00,10.2,0.0
2024-02-29 03:00:00,10.1,0.0
2024-02-29 04:00:00,10.1,0.0
2024-02-29 05:00:00,10.0,0.0
2024-02-29 06:00:00,9.8,0.0
2024-02-29 07:00:00,9.1,0.0
2024-02-29 08:00:00,10.3,26.0
2024-02-29 09:00:00,11.3,103.0
2024-02-29 10:00:00,11.0,83.0
2024-02-29 11:00:00,12.6,199.0
2024-02-29 12:00:00,15.4,616.0
2024-02-29 13:00:00,14.3,219.0
2024-02-29 14:00:00,11.0,204.0
2024-02-29 15:00:00,10.0,41.0
2024-02-29 16:00:00,9.2,31.0
2024-02-29 17:00:00,8.4,15.0
2024-02-29 18:00:00,8.0,8.0
2024-02-29 19:00:00,8.5,0.0
2024-02-29 20:00:00,7.1,0.0
2024-02-29 21:00:00,7.0,0.0
2024-02-29 22:00:00,7.2,0.0
2024-02-29 23:00:00,6.5,0.0
2024-03-01 00:00:00,6.7,0.0
2024-03-01 01:00:00,6.7,0.0
2024-03-01 02:00:00,6.4,0.0
2024-03-01 03:00:00,5.9,0.0
2024-03-01 04:00:00,5.5,0.0
2024-03-01 05:00:00,5.1,0.0
2024-03-01 06:00:00,5.2,0.0
2024-03-01 07:00:00,5.6,1.0
2024-03-01 08:00:00,6.5,58.0
2024-03-01 09:00:00,8.5,205.0
2024-03-01 10:00:00,11.1,386.0
2024-03-01 11:00:00,13.2,446.0
2024-03-01 12:00:00,14.7,412.0
2024-03-01 13:00:00,15.0,572.0
2024-03-01 14:00:00,15.3,497.0
2024-03-01 15:00:00,14.3,112.0
2024-03-01 16:00:00,14.4,173.0
2024-03-01 17:00:00,13.7,79.0
2024-03-01 18:00:00,13.8,26.0
2024-03-01 19:00:00,12.1,0.0
2024-03-01 20:00:00,10.8,0.0
2024-03-01 21:00:00,9.9,0.0
2024-03-01 22:00:00,9.6,0.0
2024-03-01 23:00:00,8.8,0.0
2024-03-02 00:00:00,9.2,0.0
2024-03-02 01:00:00,10.0,0.0
2024-03-02 02:00:00,10.6,0.0
2024-03-02 03:00:00,11.0,0.0
2024-03-02 04:00:00,11.0,0.0
2024-03-02 05:00:00,11.2,0.0
2024-03-02 06:00:00,11.7,0.0
2024-03-02 07:00:00,11.9,0.0
2024-03-02 08:00:00,11.6,36.0
2024-03-02 09:00:00,12.3,143.0
2024-03-02 10:00:00,11.4,128.0
2024-03-02 11:00:00,8.6,89.0
2024-03-02 12:00:00,6.5,52.0
2024-03-02 13:00:00,6.7,53.0
2024-03-02 14:00:00,6.8,54.0
2024-03-02 15:00:00,7.4,101.0
2024-03-02 16:00:00,8.0,78.0
2024-03-02 17:00:00,6.8,35.0
2024-03-02 18:00:00,6.9,9.0
2024-03-02 19:00:00,6.3,0.0
2024-03-02 20:00:00,5.8,0.0
2024-03-02 21:00:00,5.8,0.0
2024-03-02 22:00:00,5.0,0.0
2024-03-02 23:00:00,5.4,0.0
2024-03-03 00:00:00,6.0,0.0
2024-03-03 01:00:00,6.3,0.0
2024-03-03 02:00:00,6.0,0.0
2024-03-03 03:00:00,6.2,0.0
2024-03-03 04:00:00,5.8,0.0
2024-03-03 05:00:00,5.2,0.0
2024-03-03 06:00:00,5.4,0.0
2024-03-03 07:00:00,5.0,1.0
2024-03-03 08:00:00,5.9,39.0
2024-03-03 09:00:00,7.3,149.0
2024-03-03 10:00:00,6.8,163.0
2024-03-03 11:00:00,8.4,340.0
2024-03-03 12:00:00,9.9,495.0
2024-03-03 13:00:00,8.3,361.0
2024-03-03 14:00:00,8.0,372.0
2024-03-03 15:00:00,9.1,359.0
2024-03-03 16:00:00,8.1,220.0
2024-03-03 17:00:00,7.7,110.0
2024-03-03 18:00:00,7.0,24.0
2024-03-03 19:00:00,6.8,0.0
2024-03-03 20:00:00,6.0,0.0
2024-03-03 21:00:00,5.4,0.0
2024-03-03 22:00:00,4.7,0.0
2024-03-03 23:00:00,3.6,0.0
2024-03-04 00:00:00,3.1,0.0
2024-03-04 01:00:00,5.3,0.0
2024-03-04 02:00:00,5.6,0.0
2024-03-04 03:00:00,5.4,0.0
2024-03-04 04:00:00,6.2,0.0
2024-03-04 05:00:00,7.1,0.0
2024-03-04 06:00:00,8.2,0.0
2024-03-04 07:00:00,9.0,1.0
2024-03-04 08:00:00,10.1,61.0
2024-03-04 09:00:00,12.3,155.0
2024-03-04 10:00:00,13.6,178.0
2024-03-04 11:00:00,14.1,117.0
2024-03-04 12:00:00,14.8,263.0
2024-03-04 13:00:00,15.0,269.0
2024-03-04 14:00:00,11.9,185.0
2024-03-04 15:00:00,12.4,204.0
2024-03-04 16:00:00,12.5,293.0
2024-03-04 17:00:00,11.9,164.0
2024-03-04 18:00:00,9.6,40.0
2024-03-04 19:00:00,8.3,0.0
2024-03-04 20:00:00,9.0,0.0
2024-03-04 21:00:00,7.5,0.0
2024-03-04 22:00:00,8.5,0.0
2024-03-04 23:00:00,8.2,0.0
2024-03-05 00:00:00,6.4,0.0
2024-03-05 01:00:00,5.0,0.0
2024-03-05 02:00:00,5.5,0.0
2024-03-05 03:00:00,6.6,0.0
2024-03-05 04:00:00,5.4,0.0
2024-03-05 05:00:00,5.0,0.0
2024-03-05 06:00:00,4.5,0.0
2024-03-05 07:00:00,4.0,2.0
2024-03-05 08:00:00,5.6,73.0
2024-03-05 09:00:00,7.6,116.0
2024-03-05 10:00:00,10.4,312.0
2024-03-05 11:00:00,11.9,460.0
2024-03-05 12:00:00,12.8,522.0
2024-03-05 13:00:00,13.6,573.0
2024-03-05 14:00:00,14.1,522.0
2024-03-05 15:00:00,14.0,494.0
2024-03-05 16:00:00,12.6,344.0
2024-03-05 17:00:00,11.8,225.0
2024-03-05 18:00:00,11.1,61.0
2024-03-05 19:00:00,9.3,0.0
2024-03-05 20:00:00,6.5,0.0
2024-03-05 21:00:00,5.3,0.0
2024-03-05 22:00:00,4.4,0.0
2024-03-05 23:00:00,4.0,0.0
2024-03-06 00:00:00,3.7,0.0
2024-03-06 01:00:00,3.4,0.0
2024-03-06 02:00:00,2.9,0.0
2024-03-06 03:00:00,2.4,0.0
2024-03-06 04:00:00,2.0,0.0
2024-03-06 05:00:00,2.0,0.0
2024-03-06 06:00:00,1.9,0.0
2024-03-06 07:00:00,1.8,3.0
2024-03-06 08:00:00,4.2,97.0
2024-03-06 09:00:00,7.9,254.0
2024-03-06 10:00:00,12.0,424.0
2024-03-06 11:00:00,14.1,490.0
2024-03-06 12:00:00,15.5,609.0
2024-03-06 13:00:00,16.2,605.0
2024-03-06 14:00:00,17.1,607.0
2024-03-06 15:00:00,17.7,536.0
2024-03-06 16:00:00,17.7,407.0
2024-03-06 17:00:00,15.9,236.0
2024-03-06 18:00:00,10.9,67.0
2024-03-06 19:00:00,9.0,0.0
2024-03-06 20:00:00,7.9,0.0
2024-03-06 21:00:00,7.0,0.0
2024-03-06 22:00:00,6.6,0.0
2024-03-06 23:00:00,6.2,0.0
2024-03-07 00:00:00,6.7,0.0
2024-03-07 01:00:00,9.5,0.0
2024-03-07 02:00:00,10.3,0.0
2024-03-07 03:00:00,9.9,0.0
2024-03-07 04:00:00,9.8,0.0
2024-03-07 05:00:00,10.4,0.0
2024-03-07 06:00:00,9.9,0.0
2024-03-07 07:00:00,9.5,3.0
2024-03-07 08:00:00,10.7,72.0
2024-03-07 09:00:00,11.9,175.0
2024-03-07 10:00:00,13.6,317.0
2024-03-07 11:00:00,15.1,441.0
2024-03-07 12:00:00,17.1,530.0
2024-03-07 13:00:00,18.4,656.0
2024-03-07 14:00:00,18.7,493.0
2024-03-07 15:00:00,18.7,376.0
2024-03-07 16:00:00,18.5,284.0
2024-03-07 17:00:00,17.1,177.0
2024-03-07 18:00:00,14.9,50.0
2024-03-07 19:00:00,14.2,0.0
2024-03-07 20:00:00,13.6,0.0
2024-03-07 21:00:00,11.9,0.0
2024-03-07 22:00:00,11.8,0.0
2024-03-07 23:00:00,11.1,0.0
2024-03-08 00:00:00,10.1,0.0
2024-03-08 01:00:00,10.1,0.0
2024-03-08 02:00:00,10.1,0.0
2024-03-08 03:00:00,9.8,0.0
2024-03-08 04:00:00,9.1,0.0
2024-03-08 05:00:00,7.9,0.0
2024-03-08 06:00:00,7.5,0.0
2024-03-08 07:00:00,7.0,4.0
2024-03-08 08:00:00,9.1,96.0
2024-03-08 09:00:00,11.5,275.0
2024-03-08 10:00:00,12.9,446.0
2024-03-08 11:00:00,13.0,498.0
2024-03-08 12:00:00,12.9,513.0
2024-03-08 13:00:00,13.4,478.0
2024-03-08 14:00:00,13.9,467.0
2024-03-08 15:00:00,14.4,510.0
2024-03-08 16:00:00,13.6,182.0
2024-03-08 17:00:00,13.5,117.0
2024-03-08 18:00:00,13.0,19.0
2024-03-08 19:00:00,12.5,0.0
2024-03-08 20:00:00,12.2,0.0
2024-03-08 21:00:00,13.0,0.0
2024-03-08 22:00:00,10.5,0.0
2024-03-08 23:00:00,10.2,0.0
2024-03-09 00:00:00,10.0,0.0
2024-03-09 01:00:00,9.4,0.0
2024-03-09 02:00:00,10.1,0.0
2024-03-09 03:00:00,9.5,0.0
2024-03-09 04:00:00,9.6,0.0
2024-03-09 05:00:00,9.3,0.0
2024-03-09 06:00:00,8.8,0.0
2024-03-09 07:00:00,8.7,5.0
2024-03-09 08:00:00,9.5,78.0
2024-03-09 09:00:00,10.6,187.0
2024-03-09 10:00:00,12.4,436.0
2024-03-09 11:00:00,13.4,549.0
2024-03-09 12:00:00,13.9,538.0
2024-03-09 13:00:00,13.7,515.0
2024-03-09 14:00:00,13.6,452.0
2024-03-09 15:00:00,13.6,469.0
2024-03-09 16:00:00,13.3,377.0
2024-03-09 17:00:00,12.1,221.0
2024-03-09 18:00:00,10.8,56.0
2024-03-09 19:00:00,9.5,1.0
2024-03-09 20:00:00,9.3,0.0
2024-03-09 21:00:00,9.3,0.0
2024-03-09 22:00:00,9.2,0.0
2024-03-09 23:00:00,8.9,0.0
2024-03-10 00:00:00,8.9,0.0
2024-03-10 01:00:00,10.0,0.0
2024-03-10 02:00:00,9.7,0.0
2024-03-10 03:00:00,9.5,0.0
2024-03-10 04:00:00,9.7,0.0
2024-03-10 05:00:00,9.8,0.0
2024-03-10 06:00:00,10.4,0.0
2024-03-10 07:00:00,10.3,6.0
2024-03-10 08:00:00,11.3,91.0
2024-03-10 09:00:00,12.1,132.0
2024-03-10 10:00:00,11.6,176.0
2024-03-10 11:00:00,9.7,165.0
2024-03-10 12:00:00,9.2,57.0
2024-03-10 13:00:00,9.8,107.0
2024-03-10 14:00:00,10.2,168.0
2024-03-10 15:00:00,10.2,164.0
2024-03-10 16:00:00,10.2,252.0
2024-03-10 17:00:00,10.1,172.0
2024-03-10 18:00:00,9.6,51.0
2024-03-10 19:00:00,9.0,0.0
2024-03-10 20:00:00,9.4,0.0
2024-03-10 21:00:00,9.0,0.0
2024-03-10 22:00:00,9.1,0.0
2024-03-10 23:00:00,9.1,0.0
2024-03-11 00:00:00,9.2,0.0
2024-03-11 01:00:00,9.4,0.0
2024-03-11 02:00:00,9.2,0.0
2024-03-11 03:00:00,9.0,0.0
2024-03-11 04:00:00,9.2,0.0
2024-03-11 05:00:00,8.7,0.0
2024-03-11 06:00:00,8.7,0.0
2024-03-11 07:00:00,8.7,6.0
2024-03-11 08:00:00,9.4,74.0
2024-03-11 09:00:00,10.3,198.0
2024-03-11 10:00:00,10.5,297.0
2024-03-11 11:00:00,11.9,375.0
2024-03-11 12:00:00,12.2,528.0
2024-03-11 13:00:00,10.3,101.0
2024-03-11 14:00:00,10.4,119.0
2024-03-11 15:00:00,10.7,135.0
2024-03-11 16:00:00,10.3,91.0
2024-03-11 17:00:00,10.3,42.0
2024-03-11 18:00:00,9.9,35.0
2024-03-11 19:00:00,9.7,0.0
2024-03-11 20:00:00,8.7,0.0
2024-03-11 21:00:00,7.7,0.0
2024-03-11 22:00:00,6.3,0.0
2024-03-11 23:00:00,7.9,0.0
2024-03-12 00:00:00,6.2,0.0
2024-03-12 01:00:00,7.8,0.0
2024-03-12 02:00:00,8.8,0.0
2024-03-12 03:00:00,8.9,0.0
2024-03-12 04:00:00,9.0,0.0
2024-03-12 05:00:00,8.9,0.0
2024-03-12 06:00:00,7.3,0.0
2024-03-12 07:00:00,7.1,8.0
2024-03-12 08:00:00,9.1,82.0
2024-03-12 09:00:00,11.1,250.0
2024-03-12 10:00:00,13.4,456.0
2024-03-12 11:00:00,15.3,588.0
2024-03-12 12:00:00,16.0,510.0
2024-03-12 13:00:00,16.2,434.0
2024-03-12 14:00:00,16.6,439.0
2024-03-12 15:00:00,16.8,445.0
2024-03-12 16:00:00,16.3,412.0
2024-03-12 17:00:00,15.2,253.0
2024-03-12 18:00:00,12.0,77.0
2024-03-12 19:00:00,9.4,1.0
2024-03-12 20:00:00,8.5,0.0
2024-03-12 21:00:00,7.9,0.0
2024-03-12 22:00:00,7.2,0.0
2024-03-12 23:00:00,6.3,0.0
2024-03-13 00:00:00,5.8,0.0
2024-03-13 01:00:00,5.8,0.0
2024-03-13 02:00:00,5.3,0.0
2024-03-13 03:00:00,5.0,0.0
2024-03-13 04:00:00,5.1,0.0
2024-03-13 05:00:00,5.3,0.0
2024-03-13 06:00:00,5.1,0.0
2024-03-13 07:00:00,5.6,11.0
2024-03-13 08:00:00,8.8,137.0
2024-03-13 09:00:00,13.0,322.0
2024-03-13 10:00:00,16.8,492.0
2024-03-13 11:00:00,19.2,623.0
2024-03-13 12:00:00,20.7,702.0
2024-03-13 13:00:00,21.6,722.0
2024-03-13 14:00:00,22.1,677.0
2024-03-13 15:00:00,22.1,521.0
2024-03-13 16:00:00,22.0,410.0
2024-03-13 17:00:00,21.0,253.0
2024-03-13 18:00:00,19.5,87.0
2024-03-13 19:00:00,13.2,2.0
2024-03-13 20:00:00,12.4,0.0
2024-03-13 21:00:00,10.9,0.0
2024-03-13 22:00:00,10.5,0.0
2024-03-13 23:00:00,10.2,0.0
2024-03-14 00:00:00,9.9,0.0
2024-03-14 01:00:00,11.1,0.0
2024-03-14 02:00:00,10.4,0.0
2024-03-14 03:00:00,9.8,0.0
2024-03-14 04:00:00,9.5,0.0
2024-03-14 05:00:00,10.3,0.0
2024-03-14 06:00:00,10.9,0.0
2024-03-14 07:00:00,11.0,12.0
2024-03-14 08:00:00,13.3,117.0
2024-03-14 09:00:00,16.1,302.0
2024-03-14 10:00:00,18.1,471.0
2024-03-14 11:00:00,19.6,603.0
2024-03-14 12:00:00,21.1,686.0
2024-03-14 13:00:00,22.5,709.0
2024-03-14 14:00:00,22.9,655.0
2024-03-14 15:00:00,22.0,452.0
2024-03-14 16:00:00,21.3,353.0
2024-03-14 17:00:00,20.2,248.0
2024-03-14 18:00:00,18.4,86.0
2024-03-14 19:00:00,16.5,2.0
2024-03-14 20:00:00,14.8,0.0
2024-03-14 21:00:00,13.7,0.0
2024-03-14 22:00:00,13.0,0.0
2024-03-14 23:00:00,12.6,0.0
2024-03-15 00:00:00,12.5,0.0
2024-03-15 01:00:00,13.6,0.0
2024-03-15 02:00:00,13.6,0.0
2024-03-15 03:00:00,12.6,0.0
2024-03-15 04:00:00,11.5,0.0
2024-03-15 05:00:00,10.7,0.0
2024-03-15 06:00:00,10.1,0.0
2024-03-15 07:00:00,11.3,12.0
2024-03-15 08:00:00,14.2,124.0
2024-03-15 09:00:00,16.9,311.0
2024-03-15 10:00:00,18.8,466.0
2024-03-15 11:00:00,19.5,474.0
2024-03-15 12:00:00,20.0,620.0
2024-03-15 13:00:00,17.5,443.0
2024-03-15 14:00:00,18.2,564.0
2024-03-15 15:00:00,17.9,516.0
2024-03-15 16:00:00,17.6,379.0
2024-03-15 17:00:00,17.4,212.0
2024-03-15 18:00:00,15.1,62.0
2024-03-15 19:00:00,14.8,2.0
2024-03-15 20:00:00,14.1,0.0
2024-03-15 21:00:00,11.7,0.0
2024-03-15 22:00:00,10.5,0.0
2024-03-15 23:00:00,10.0,0.0
2024-03-16 00:00:00,9.1,0.0
2024-03-16 01:00:00,9.9,0.0
2024-03-16 02:00:00,9.2,0.0
2024-03-16 03:00:00,8.4,0.0
2024-03-16 04:00:00,7.9,0.0
2024-03-16 05:00:00,7.9,0.0
2024-03-16 06:00:00,7.8,0.0
2024-03-16 07:00:00,8.4,15.0
2024-03-16 08:00:00,11.2,117.0
2024-03-16 09:00:00,14.3,272.0
2024-03-16 10:00:00,17.7,480.0
2024-03-16 11:00:00,19.9,617.0
2024-03-16 12:00:00,21.2,639.0
2024-03-16 13:00:00,22.1,701.0
2024-03-16 14:00:00,22.9,547.0
2024-03-16 15:00:00,23.2,506.0
2024-03-16 16:00:00,20.6,101.0
2024-03-16 17:00:00,19.6,97.0
2024-03-16 18:00:00,18.2,44.0
2024-03-16 19:00:00,16.9,1.0
2024-03-16 20:00:00,17.3,0.0
2024-03-16 21:00:00,18.0,0.0
2024-03-16 22:00:00,16.1,0.0
2024-03-16 23:00:00,14.9,0.0
2024-03-17 00:00:00,13.9,0.0
2024-03-17 01:00:00,16.6,0.0
2024-03-17 02:00:00,16.1,0.0
2024-03-17 03:00:00,15.6,0.0
2024-03-17 04:00:00,15.0,0.0
2024-03-17 05:00:00,14.8,0.0
2024-03-17 06:00:00,13.7,0.0
2024-03-17 07:00:00,13.4,16.0
2024-03-17 08:00:00,16.0,131.0
2024-03-17 09:00:00,17.8,266.0
2024-03-17 10:00:00,19.6,461.0
2024-03-17 11:00:00,21.6,584.0
2024-03-17 12:00:00,21.8,483.0
2024-03-17 13:00:00,22.7,472.0
2024-03-17 14:00:00,22.5,387.0
2024-03-17 15:00:00,21.6,252.0
2024-03-17 16:00:00,20.7,149.0
2024-03-17 17:00:00,20.2,158.0
2024-03-17 18:00:00,17.6,70.0
2024-03-17 19:00:00,15.8,2.0
2024-03-17 20:00:00,14.8,0.0
2024-03-17 21:00:00,14.2,0.0
2024-03-17 22:00:00,13.6,0.0
2024-03-17 23:00:00,13.7,0.0
2024-03-18 00:00:00,12.6,0.0
2024-03-18 01:00:00,12.9,0.0
2024-03-18 02:00:00,12.1,0.0
2024-03-18 03:00:00,13.1,0.0
2024-03-18 04:00:00,12.8,0.0
2024-03-18 05:00:00,12.3,0.0
2024-03-18 06:00:00,11.8,0.0
2024-03-18 07:00:00,11.6,14.0
2024-03-18 08:00:00,12.9,95.0
2024-03-18 09:00:00,15.0,213.0
2024-03-18 10:00:00,17.6,450.0
2024-03-18 11:00:00,19.4,588.0
2024-03-18 12:00:00,20.9,666.0
2024-03-18 13:00:00,22.3,632.0
2024-03-18 14:00:00,22.4,650.0
2024-03-18 15:00:00,20.8,519.0
2024-03-18 16:00:00,19.5,352.0
2024-03-18 17:00:00,18.5,228.0
2024-03-18 18:00:00,16.7,82.0
2024-03-18 19:00:00,15.0,3.0
2024-03-18 20:00:00,14.9,0.0
2024-03-18 21:00:00,14.3,0.0
2024-03-18 22:00:00,13.9,0.0
2024-03-18 23:00:00,13.7,0.0
2024-03-19 00:00:00,12.5,0.0
2024-03-19 01:00:00,14.0,0.0
2024-03-19 02:00:00,13.8,0.0
2024-03-19 03:00:00,13.0,0.0
2024-03-19 04:00:00,11.9,0.0
2024-03-19 05:00:00,11.5,0.0
2024-03-19 06:00:00,13.0,0.0
2024-03-19 07:00:00,13.4,12.0
2024-03-19 08:00:00,14.2,74.0
2024-03-19 09:00:00,15.6,184.0
2024-03-19 10:00:00,17.6,359.0
2024-03-19 11:00:00,19.9,565.0
2024-03-19 12:00:00,22.5,661.0
2024-03-19 13:00:00,21.7,699.0
2024-03-19 14:00:00,21.3,616.0
2024-03-19 15:00:00,19.9,549.0
2024-03-19 16:00:00,19.2,375.0
2024-03-19 17:00:00,18.1,216.0
2024-03-19 18:00:00,16.5,84.0
2024-03-19 19:00:00,14.3,3.0
2024-03-19 20:00:00,13.3,0.0
2024-03-19 21:00:00,12.4,0.0
2024-03-19 22:00:00,13.3,0.0
2024-03-19 23:00:00,12.8,0.0
2024-03-20 00:00:00,13.4,0.0
2024-03-20 01:00:00,12.9,0.0
2024-03-20 02:00:00,12.9,0.0
2024-03-20 03:00:00,12.9,0.0
2024-03-20 04:00:00,12.8,0.0
2024-03-20 05:00:00,12.8,0.0
2024-03-20 06:00:00,12.8,0.0
2024-03-20 07:00:00,13.0,9.0
2024-03-20 08:00:00,14.0,80.0
2024-03-20 09:00:00,15.1,166.0
2024-03-20 10:00:00,16.5,269.0
2024-03-20 11:00:00,18.2,535.0
2024-03-20 12:00:00,18.7,689.0
2024-03-20 13:00:00,17.5,600.0
2024-03-20 14:00:00,17.1,436.0
2024-03-20 15:00:00,16.0,314.0
2024-03-20 16:00:00,15.8,225.0
2024-03-20 17:00:00,15.1,102.0
2024-03-20 18:00:00,14.2,35.0
2024-03-20 19:00:00,14.2,2.0
2024-03-20 20:00:00,14.1,0.0
2024-03-20 21:00:00,14.2,0.0
2024-03-20 22:00:00,13.9,0.0
2024-03-20 23:00:00,13.6,0.0
2024-03-21 00:00:00,13.4,0.0
2024-03-21 01:00:00,13.2,0.0
2024-03-21 02:00:00,12.7,0.0
2024-03-21 03:00:00,12.5,0.0
2024-03-21 04:00:00,11.4,0.0
2024-03-21 05:00:00,10.6,0.0
2024-03-21 06:00:00,10.4,0.0
2024-03-21 07:00:00,11.5,21.0
2024-03-21 08:00:00,13.2,148.0
2024-03-21 09:00:00,15.0,314.0
2024-03-21 10:00:00,16.8,442.0
2024-03-21 11:00:00,18.5,572.0
2024-03-21 12:00:00,19.8,594.0
2024-03-21 13:00:00,22.0,724.0
2024-03-21 14:00:00,22.7,689.0
2024-03-21 15:00:00,21.9,596.0
2024-03-21 16:00:00,19.5,454.0
2024-03-21 17:00:00,17.3,281.0
2024-03-21 18:00:00,15.8,106.0
2024-03-21 19:00:00,13.8,5.0
2024-03-21 20:00:00,12.6,0.0
2024-03-21 21:00:00,11.9,0.0
2024-03-21 22:00:00,11.8,0.0
2024-03-21 23:00:00,11.7,0.0
2024-03-22 00:00:00,12.0,0.0
2024-03-22 01:00:00,13.4,0.0
2024-03-22 02:00:00,13.6,0.0
2024-03-22 03:00:00,13.8,0.0
2024-03-22 04:00:00,13.6,0.0
2024-03-22 05:00:00,13.6,0.0
2024-03-22 06:00:00,13.4,0.0
2024-03-22 07:00:00,13.4,18.0
2024-03-22 08:00:00,14.0,112.0
2024-03-22 09:00:00,16.7,314.0
2024-03-22 10:00:00,18.1,517.0
2024-03-22 11:00:00,19.1,633.0
2024-03-22 12:00:00,19.8,656.0
2024-03-22 13:00:00,20.0,638.0
2024-03-22 14:00:00,18.9,577.0
2024-03-22 15:00:00,17.7,465.0
2024-03-22 16:00:00,16.0,276.0
2024-03-22 17:00:00,14.5,137.0
2024-03-22 18:00:00,14.1,29.0
2024-03-22 19:00:00,14.1,1.0
2024-03-22 20:00:00,14.1,0.0
2024-03-22 21:00:00,13.9,0.0
2024-03-22 22:00:00,13.4,0.0
2024-03-22 23:00:00,12.9,0.0
2024-03-23 00:00:00,12.5,0.0
2024-03-23 01:00:00,12.9,0.0
2024-03-23 02:00:00,12.6,0.0
2024-03-23 03:00:00,12.4,0.0
2024-03-23 04:00:00,12.2,0.0
2024-03-23 05:00:00,12.2,0.0
2024-03-23 06:00:00,11.9,0.0
2024-03-23 07:00:00,11.6,6.0
2024-03-23 08:00:00,11.8,67.0
2024-03-23 09:00:00,12.3,147.0
2024-03-23 10:00:00,12.7,219.0
2024-03-23 11:00:00,13.1,253.0
2024-03-23 12:00:00,14.1,401.0
2024-03-23 13:00:00,14.1,449.0
2024-03-23 14:00:00,14.7,574.0
2024-03-23 15:00:00,14.7,585.0
2024-03-23 16:00:00,13.7,465.0
2024-03-23 17:00:00,12.5,272.0
2024-03-23 18:00:00,11.2,117.0
2024-03-23 19:00:00,9.1,7.0
2024-03-23 20:00:00,10.1,0.0
2024-03-23 21:00:00,9.9,0.0
2024-03-23 22:00:00,9.6,0.0
2024-03-23 23:00:00,10.2,0.0
2024-03-24 00:00:00,10.1,0.0
2024-03-24 01:00:00,10.1,0.0
2024-03-24 02:00:00,9.8,0.0
2024-03-24 03:00:00,9.5,0.0
2024-03-24 04:00:00,9.5,0.0
2024-03-24 05:00:00,9.5,0.0
2024-03-24 06:00:00,9.6,0.0
2024-03-24 07:00:00,10.2,13.0
2024-03-24 08:00:00,11.0,81.0
2024-03-24 09:00:00,11.5,158.0
2024-03-24 10:00:00,12.5,307.0
2024-03-24 11:00:00,13.1,345.0
2024-03-24 12:00:00,13.4,324.0
2024-03-24 13:00:00,14.2,378.0
2024-03-24 14:00:00,14.9,575.0
2024-03-24 15:00:00,14.1,475.0
2024-03-24 16:00:00,13.5,399.0
2024-03-24 17:00:00,12.5,264.0
2024-03-24 18:00:00,11.3,112.0
2024-03-24 19:00:00,9.8,7.0
2024-03-24 20:00:00,9.1,0.0
2024-03-24 21:00:00,9.5,0.0
2024-03-24 22:00:00,9.8,0.0
2024-03-24 23:00:00,8.4,0.0
2024-03-25 00:00:00,7.3,0.0
2024-03-25 01:00:00,7.0,0.0
2024-03-25 02:00:00,6.2,0.0
2024-03-25 03:00:00,5.2,0.0
2024-03-25 04:00:00,4.6,0.0
2024-03-25 05:00:00,4.1,0.0
2024-03-25 06:00:00,3.5,0.0
2024-03-25 07:00:00,7.1,34.0
2024-03-25 08:00:00,11.6,169.0
2024-03-25 09:00:00,14.1,341.0
2024-03-25 10:00:00,16.7,505.0
2024-03-25 11:00:00,17.8,632.0
2024-03-25 12:00:00,16.1,651.0
2024-03-25 13:00:00,12.9,143.0
2024-03-25 14:00:00,13.6,152.0
2024-03-25 15:00:00,13.5,164.0
2024-03-25 16:00:00,12.4,72.0
2024-03-25 17:00:00,11.7,43.0
2024-03-25 18:00:00,10.7,31.0
2024-03-25 19:00:00,10.0,1.0
2024-03-25 20:00:00,9.7,0.0
2024-03-25 21:00:00,9.2,0.0
2024-03-25 22:00:00,8.6,0.0
2024-03-25 23:00:00,8.6,0.0
2024-03-26 00:00:00,8.2,0.0
2024-03-26 01:00:00,7.7,0.0
2024-03-26 02:00:00,6.9,0.0
2024-03-26 03:00:00,6.7,0.0
2024-03-26 04:00:00,6.5,0.0
2024-03-26 05:00:00,6.1,0.0
2024-03-26 06:00:00,6.2,0.0
2024-03-26 07:00:00,6.3,9.0
2024-03-26 08:00:00,7.0,85.0
2024-03-26 09:00:00,8.2,148.0
2024-03-26 10:00:00,10.0,402.0
2024-03-26 11:00:00,11.2,594.0
2024-03-26 12:00:00,12.5,737.0
2024-03-26 13:00:00,13.1,637.0
2024-03-26 14:00:00,11.2,426.0
2024-03-26 15:00:00,10.6,351.0
2024-03-26 16:00:00,10.9,460.0
2024-03-26 17:00:00,9.5,172.0
2024-03-26 18:00:00,8.6,119.0
2024-03-26 19:00:00,7.4,8.0
2024-03-26 20:00:00,5.8,0.0
2024-03-26 21:00:00,5.8,0.0
2024-03-26 22:00:00,7.0,0.0
2024-03-26 23:00:00,6.0,0.0
2024-03-27 00:00:00,4.6,0.0
2024-03-27 01:00:00,5.1,0.0
2024-03-27 02:00:00,5.0,0.0
2024-03-27 03:00:00,4.9,0.0
2024-03-27 04:00:00,5.6,0.0
2024-03-27 05:00:00,6.7,0.0
2024-03-27 06:00:00,8.9,0.0
2024-03-27 07:00:00,9.4,7.0
2024-03-27 08:00:00,10.7,93.0
2024-03-27 09:00:00,12.7,313.0
2024-03-27 10:00:00,13.8,441.0
2024-03-27 11:00:00,15.5,552.0
2024-03-27 12:00:00,16.6,668.0
2024-03-27 13:00:00,17.0,557.0
2024-03-27 14:00:00,16.4,498.0
2024-03-27 15:00:00,17.7,551.0
2024-03-27 16:00:00,17.6,355.0
2024-03-27 17:00:00,17.8,225.0
2024-03-27 18:00:00,17.1,108.0
2024-03-27 19:00:00,16.5,7.0
2024-03-27 20:00:00,10.9,0.0
2024-03-27 21:00:00,9.8,0.0
2024-03-27 22:00:00,8.6,0.0
2024-03-27 23:00:00,8.4,0.0
2024-03-28 00:00:00,8.9,0.0
2024-03-28 01:00:00,8.1,0.0
2024-03-28 02:00:00,9.1,0.0
2024-03-28 03:00:00,8.5,0.0
2024-03-28 04:00:00,8.1,0.0
2024-03-28 05:00:00,8.8,0.0
2024-03-28 06:00:00,9.1,0.0
2024-03-28 07:00:00,9.5,35.0
2024-03-28 08:00:00,10.8,178.0
2024-03-28 09:00:00,12.7,366.0
2024-03-28 10:00:00,14.4,485.0
2024-03-28 11:00:00,16.2,651.0
2024-03-28 12:00:00,17.7,689.0
2024-03-28 13:00:00,16.4,376.0
2024-03-28 14:00:00,15.2,249.0
2024-03-28 15:00:00,15.6,310.0
2024-03-28 16:00:00,16.1,224.0
2024-03-28 17:00:00,16.3,140.0
2024-03-28 18:00:00,16.2,71.0
2024-03-28 19:00:00,15.0,7.0
2024-03-28 20:00:00,14.3,0.0
2024-03-28 21:00:00,14.5,0.0
2024-03-28 22:00:00,14.5,0.0
2024-03-28 23:00:00,14.1,0.0
2024-03-29 00:00:00,12.8,0.0
2024-03-29 01:00:00,13.0,0.0
2024-03-29 02:00:00,11.8,0.0
2024-03-29 03:00:00,11.2,0.0
2024-03-29 04:00:00,10.5,0.0
2024-03-29 05:00:00,10.7,0.0
2024-03-29 06:00:00,7.9,0.0
2024-03-29 07:00:00,9.8,41.0
2024-03-29 08:00:00,11.9,147.0
2024-03-29 09:00:00,12.8,184.0
2024-03-29 10:00:00,13.1,122.0
2024-03-29 11:00:00,13.4,104.0
2024-03-29 12:00:00,13.8,130.0
2024-03-29 13:00:00,12.8,114.0
2024-03-29 14:00:00,12.7,156.0
2024-03-29 15:00:00,12.4,152.0
2024-03-29 16:00:00,12.3,164.0
2024-03-29 17:00:00,11.1,76.0
2024-03-29 18:00:00,10.4,32.0
2024-03-29 19:00:00,10.1,2.0
2024-03-29 20:00:00,9.9,0.0
2024-03-29 21:00:00,9.7,0.0
2024-03-29 22:00:00,9.4,0.0
2024-03-29 23:00:00,9.3,0.0
2024-03-30 00:00:00,9.0,0.0
2024-03-30 01:00:00,7.1,0.0
2024-03-30 02:00:00,6.7,0.0
2024-03-30 03:00:00,6.4,0.0
2024-03-30 04:00:00,6.4,0.0
2024-03-30 05:00:00,6.9,0.0
2024-03-30 06:00:00,6.8,0.0
2024-03-30 07:00:00,7.9,20.0
2024-03-30 08:00:00,9.3,95.0
2024-03-30 09:00:00,11.9,322.0
2024-03-30 10:00:00,13.7,430.0
2024-03-30 11:00:00,16.0,691.0
2024-03-30 12:00:00,16.2,702.0
2024-03-30 13:00:00,17.6,693.0
2024-03-30 14:00:00,15.0,335.0
2024-03-30 15:00:00,17.2,576.0
2024-03-30 16:00:00,15.8,320.0
2024-03-30 17:00:00,14.9,136.0
2024-03-30 18:00:00,13.4,101.0
2024-03-30 19:00:00,11.1,9.0
2024-03-30 20:00:00,10.1,0.0
2024-03-30 21:00:00,10.0,0.0
2024-03-30 22:00:00,10.1,0.0
2024-03-30 23:00:00,10.5,0.0
2024-03-31 00:00:00,10.1,0.0
2024-03-31 01:00:00,11.3,0.0
2024-03-31 02:00:00,10.5,0.0
2024-03-31 03:00:00,9.1,0.0
2024-03-31 04:00:00,8.9,0.0
2024-03-31 05:00:00,8.0,0.0
2024-03-31 06:00:00,7.7,0.0
2024-03-31 07:00:00,8.7,50.0
2024-03-31 08:00:00,10.5,161.0
2024-03-31 09:00:00,11.8,208.0
2024-03-31 10:00:00,12.8,210.0
2024-03-31 11:00:00,13.1,232.0
2024-03-31 12:00:00,13.8,382.0
2024-03-31 13:00:00,11.2,305.0
2024-03-31 14:00:00,10.3,98.0
2024-03-31 15:00:00,10.1,77.0
2024-03-31 16:00:00,11.0,176.0
2024-03-31 17:00:00,11.7,218.0
2024-03-31 18:00:00,10.7,127.0
2024-03-31 19:00:00,8.3,13.0
2024-03-31 20:00:00,7.1,0.0
2024-03-31 21:00:00,7.1,0.0
2024-03-31 22:00:00,7.3,0.0
2024-03-31 23:00:00,9.2,0.0
2024-04-01 00:00:00,9.7,0.0
2024-04-01 01:00:00,9.9,0.0
2024-04-01 02:00:00,9.9,0.0
2024-04-01 03:00:00,9.8,0.0
2024-04-01 04:00:00,9.6,0.0
2024-04-01 05:00:00,9.7,0.0
2024-04-01 06:00:00,9.7,0.0
2024-04-01 07:00:00,10.0,60.0
2024-04-01 08:00:00,11.5,215.0
2024-04-01 09:00:00,13.1,390.0
2024-04-01 10:00:00,14.4,580.0
2024-04-01 11:00:00,15.8,711.0
2024-04-01 12:00:00,16.8,769.0
2024-04-01 13:00:00,16.6,737.0
2024-04-01 14:00:00,13.4,550.0
2024-04-01 15:00:00,13.6,490.0
2024-04-01 16:00:00,14.0,361.0
2024-04-01 17:00:00,11.8,286.0
2024-04-01 18:00:00,10.8,70.0
2024-04-01 19:00:00,9.6,9.0
2024-04-01 20:00:00,8.7,0.0
2024-04-01 21:00:00,8.6,0.0
2024-04-01 22:00:00,6.7,0.0
2024-04-01 23:00:00,5.9,0.0
2024-04-02 00:00:00,6.6,0.0
2024-04-02 01:00:00,8.5,0.0
2024-04-02 02:00:00,9.1,0.0
2024-04-02 03:00:00,9.1,0.0
2024-04-02 04:00:00,9.1,0.0
2024-04-02 05:00:00,9.3,0.0
2024-04-02 06:00:00,9.4,0.0
2024-04-02 07:00:00,10.5,65.0
2024-04-02 08:00:00,12.9,231.0
2024-04-02 09:00:00,14.9,403.0
2024-04-02 10:00:00,16.7,563.0
2024-04-02 11:00:00,17.5,650.0
2024-04-02 12:00:00,17.8,594.0
2024-04-02 13:00:00,15.3,111.0
2024-04-02 14:00:00,15.1,85.0
2024-04-02 15:00:00,15.9,80.0
2024-04-02 16:00:00,16.3,129.0
2024-04-02 17:00:00,14.8,89.0
2024-04-02 18:00:00,14.3,19.0
2024-04-02 19:00:00,14.5,2.0
2024-04-02 20:00:00,14.8,0.0
2024-04-02 21:00:00,15.8,0.0
2024-04-02 22:00:00,15.8,0.0
2024-04-02 23:00:00,14.4,0.0
2024-04-03 00:00:00,13.1,0.0
2024-04-03 01:00:00,14.3,0.0
2024-04-03 02:00:00,13.9,0.0
2024-04-03 03:00:00,13.9,0.0
2024-04-03 04:00:00,13.6,0.0
2024-04-03 05:00:00,13.1,0.0
2024-04-03 06:00:00,12.7,0.0
2024-04-03 07:00:00,13.3,69.0
2024-04-03 08:00:00,15.1,236.0
2024-04-03 09:00:00,16.8,401.0
2024-04-03 10:00:00,18.6,569.0
2024-04-03 11:00:00,20.1,714.0
2024-04-03 12:00:00,21.0,752.0
2024-04-03 13:00:00,21.1,408.0
2024-04-03 14:00:00,20.7,384.0
2024-04-03 15:00:00,21.0,463.0
2024-04-03 16:00:00,20.8,464.0
2024-04-03 17:00:00,19.9,275.0
2024-04-03 18:00:00,18.7,138.0
2024-04-03 19:00:00,17.0,14.0
2024-04-03 20:00:00,15.7,0.0
2024-04-03 21:00:00,14.8,0.0
2024-04-03 22:00:00,14.9,0.0
2024-04-03 23:00:00,15.3,0.0
2024-04-04 00:00:00,15.2,0.0
2024-04-04 01:00:00,16.3,0.0
2024-04-04 02:00:00,15.9,0.0
2024-04-04 03:00:00,15.5,0.0
2024-04-04 04:00:00,15.2,0.0
2024-04-04 05:00:00,14.9,0.0
2024-04-04 06:00:00,14.8,1.0
2024-04-04 07:00:00,15.4,66.0
2024-04-04 08:00:00,16.8,227.0
2024-04-04 09:00:00,18.3,423.0
2024-04-04 10:00:00,19.9,574.0
2024-04-04 11:00:00,21.3,703.0
2024-04-04 12:00:00,22.5,780.0
2024-04-04 13:00:00,23.6,790.0
2024-04-04 14:00:00,24.0,663.0
2024-04-04 15:00:00,23.3,491.0
2024-04-04 16:00:00,23.6,426.0
2024-04-04 17:00:00,22.5,225.0
2024-04-04 18:00:00,20.2,124.0
2024-04-04 19:00:00,17.7,15.0
2024-04-04 20:00:00,17.0,0.0
2024-04-04 21:00:00,16.9,0.0
2024-04-04 22:00:00,18.7,0.0
2024-04-04 23:00:00,19.2,0.0
2024-04-05 00:00:00,19.5,0.0
2024-04-05 01:00:00,19.9,0.0
2024-04-05 02:00:00,19.9,0.0
2024-04-05 03:00:00,19.7,0.0
2024-04-05 04:00:00,19.1,0.0
2024-04-05 05:00:00,18.6,0.0
2024-04-05 06:00:00,18.5,0.0
2024-04-05 07:00:00,18.0,20.0
2024-04-05 08:00:00,17.9,90.0
2024-04-05 09:00:00,19.4,253.0
2024-04-05 10:00:00,20.5,298.0
2024-04-05 11:00:00,22.7,460.0
2024-04-05 12:00:00,24.1,551.0
2024-04-05 13:00:00,24.6,539.0
2024-04-05 14:00:00,25.8,483.0
2024-04-05 15:00:00,25.6,382.0
2024-04-05 16:00:00,25.0,308.0
2024-04-05 17:00:00,24.4,173.0
2024-04-05 18:00:00,24.5,62.0
2024-04-05 19:00:00,23.6,12.0
2024-04-05 20:00:00,21.8,0.0
2024-04-05 21:00:00,21.7,0.0
2024-04-05 22:00:00,23.1,0.0
2024-04-05 23:00:00,22.5,0.0
2024-04-06 00:00:00,21.6,0.0
2024-04-06 01:00:00,20.9,0.0
2024-04-06 02:00:00,19.9,0.0
2024-04-06 03:00:00,19.3,0.0
2024-04-06 04:00:00,18.9,0.0
2024-04-06 05:00:00,18.3,0.0
2024-04-06 06:00:00,17.6,1.0
2024-04-06 07:00:00,18.0,79.0
2024-04-06 08:00:00,19.3,248.0
2024-04-06 09:00:00,20.4,402.0
2024-04-06 10:00:00,23.6,575.0
2024-04-06 11:00:00,25.2,656.0
2024-04-06 12:00:00,25.2,609.0
2024-04-06 13:00:00,28.7,697.0
2024-04-06 14:00:00,29.0,616.0
2024-04-06 15:00:00,28.3,477.0
2024-04-06 16:00:00,28.4,388.0
2024-04-06 17:00:00,25.9,240.0
2024-04-06 18:00:00,22.1,90.0
2024-04-06 19:00:00,18.9,10.0
2024-04-06 20:00:00,17.2,0.0
2024-04-06 21:00:00,17.4,0.0
2024-04-06 22:00:00,17.8,0.0
2024-04-06 23:00:00,16.6,0.0
2024-04-07 00:00:00,16.5,0.0
2024-04-07 01:00:00,15.8,0.0
2024-04-07 02:00:00,15.2,0.0
2024-04-07 03:00:00,14.7,0.0
2024-04-07 04:00:00,14.0,0.0
2024-04-07 05:00:00,14.1,0.0
2024-04-07 06:00:00,14.2,1.0
2024-04-07 07:00:00,15.7,58.0
2024-04-07 08:00:00,16.4,90.0
2024-04-07 09:00:00,16.5,141.0
2024-04-07 10:00:00,16.4,128.0
2024-04-07 11:00:00,16.7,194.0
2024-04-07 12:00:00,16.9,154.0
2024-04-07 13:00:00,15.6,243.0
2024-04-07 14:00:00,15.7,145.0
2024-04-07 15:00:00,20.0,630.0
2024-04-07 16:00:00,21.0,456.0
2024-04-07 17:00:00,21.2,320.0
2024-04-07 18:00:00,19.3,155.0
2024-04-07 19:00:00,15.1,22.0
2024-04-07 20:00:00,15.8,0.0
2024-04-07 21:00:00,15.0,0.0
2024-04-07 22:00:00,14.6,0.0
2024-04-07 23:00:00,12.6,0.0
2024-04-08 00:00:00,12.8,0.0
2024-04-08 01:00:00,13.3,0.0
2024-04-08 02:00:00,12.8,0.0
2024-04-08 03:00:00,11.9,0.0
2024-04-08 04:00:00,12.2,0.0
2024-04-08 05:00:00,14.9,0.0
2024-04-08 06:00:00,15.5,2.0
2024-04-08 07:00:00,16.0,82.0
2024-04-08 08:00:00,17.2,226.0
2024-04-08 09:00:00,18.5,441.0
2024-04-08 10:00:00,19.6,528.0
2024-04-08 11:00:00,20.2,414.0
2024-04-08 12:00:00,20.3,442.0
2024-04-08 13:00:00,17.8,172.0
2024-04-08 14:00:00,13.9,158.0
2024-04-08 15:00:00,11.1,40.0
2024-04-08 16:00:00,11.3,57.0
2024-04-08 17:00:00,10.8,70.0
2024-04-08 18:00:00,10.5,36.0
2024-04-08 19:00:00,10.0,7.0
2024-04-08 20:00:00,9.8,0.0
2024-04-08 21:00:00,9.7,0.0
2024-04-08 22:00:00,9.1,0.0
2024-04-08 23:00:00,8.6,0.0
2024-04-09 00:00:00,8.3,0.0
2024-04-09 01:00:00,8.9,0.0
2024-04-09 02:00:00,8.6,0.0
2024-04-09 03:00:00,8.1,0.0
2024-04-09 04:00:00,7.7,0.0
2024-04-09 05:00:00,7.7,0.0
2024-04-09 06:00:00,7.8,2.0
2024-04-09 07:00:00,8.7,65.0
2024-04-09 08:00:00,10.0,227.0
2024-04-09 09:00:00,11.2,377.0
2024-04-09 10:00:00,11.5,456.0
2024-04-09 11:00:00,11.7,649.0
2024-04-09 12:00:00,13.3,711.0
2024-04-09 13:00:00,13.7,738.0
2024-04-09 14:00:00,13.6,692.0
2024-04-09 15:00:00,13.4,566.0
2024-04-09 16:00:00,13.1,388.0
2024-04-09 17:00:00,12.9,208.0
2024-04-09 18:00:00,12.3,144.0
2024-04-09 19:00:00,10.9,23.0
2024-04-09 20:00:00,9.4,0.0
2024-04-09 21:00:00,9.3,0.0
2024-04-09 22:00:00,8.2,0.0
2024-04-09 23:00:00,7.3,0.0
2024-04-10 00:00:00,7.1,0.0
2024-04-10 01:00:00,7.1,0.0
2024-04-10 02:00:00,7.9,0.0
2024-04-10 03:00:00,6.9,0.0
2024-04-10 04:00:00,6.0,0.0
2024-04-10 05:00:00,5.5,0.0
2024-04-10 06:00:00,5.5,3.0
2024-04-10 07:00:00,7.6,84.0
2024-04-10 08:00:00,10.7,251.0
2024-04-10 09:00:00,13.2,449.0
2024-04-10 10:00:00,14.7,611.0
2024-04-10 11:00:00,15.6,727.0
2024-04-10 12:00:00,16.1,721.0
2024-04-10 13:00:00,16.6,817.0
2024-04-10 14:00:00,16.0,750.0
2024-04-10 15:00:00,15.8,657.0
2024-04-10 16:00:00,15.4,523.0
2024-04-10 17:00:00,14.5,349.0
2024-04-10 18:00:00,13.5,165.0
2024-04-10 19:00:00,11.4,23.0
2024-04-10 20:00:00,11.5,0.0
2024-04-10 21:00:00,9.4,0.0
2024-04-10 22:00:00,8.8,0.0
2024-04-10 23:00:00,8.9,0.0
2024-04-11 00:00:00,7.9,0.0
2024-04-11 01:00:00,7.4,0.0
2024-04-11 02:00:00,7.1,0.0
2024-04-11 03:00:00,6.9,0.0
2024-04-11 04:00:00,6.7,0.0
2024-04-11 05:00:00,6.7,0.0
2024-04-11 06:00:00,6.7,4.0
2024-04-11 07:00:00,9.4,98.0
2024-04-11 08:00:00,12.8,272.0
2024-04-11 09:00:00,14.9,454.0
2024-04-11 10:00:00,16.7,620.0
2024-04-11 11:00:00,18.0,740.0
2024-04-11 12:00:00,19.1,810.0
2024-04-11 13:00:00,19.4,816.0
2024-04-11 14:00:00,19.2,762.0
2024-04-11 15:00:00,18.5,683.0
2024-04-11 16:00:00,17.7,534.0
2024-04-11 17:00:00,17.5,357.0
2024-04-11 18:00:00,16.2,172.0
2024-04-11 19:00:00,12.7,29.0
2024-04-11 20:00:00,11.4,0.0
2024-04-11 21:00:00,10.7,0.0
2024-04-11 22:00:00,10.2,0.0
2024-04-11 23:00:00,10.0,0.0
2024-04-12 00:00:00,9.3,0.0
2024-04-12 01:00:00,9.1,0.0
2024-04-12 02:00:00,8.9,0.0
2024-04-12 03:00:00,8.7,0.0
2024-04-12 04:00:00,8.1,0.0
2024-04-12 05:00:00,7.6,0.0
2024-04-12 06:00:00,7.6,5.0
2024-04-12 07:00:00,10.6,109.0
2024-04-12 08:00:00,15.3,292.0
2024-04-12 09:00:00,18.9,480.0
2024-04-12 10:00:00,22.0,642.0
2024-04-12 11:00:00,24.7,764.0
2024-04-12 12:00:00,26.6,833.0
2024-04-12 13:00:00,27.4,847.0
2024-04-12 14:00:00,27.7,799.0
2024-04-12 15:00:00,27.3,698.0
2024-04-12 16:00:00,26.3,551.0
2024-04-12 17:00:00,24.7,373.0
2024-04-12 18:00:00,21.7,184.0
2024-04-12 19:00:00,21.2,32.0
2024-04-12 20:00:00,18.5,0.0
2024-04-12 21:00:00,15.2,0.0
2024-04-12 22:00:00,14.3,0.0
2024-04-12 23:00:00,13.7,0.0
2024-04-13 00:00:00,12.0,0.0
2024-04-13 01:00:00,11.4,0.0
2024-04-13 02:00:00,11.1,0.0
2024-04-13 03:00:00,10.5,0.0
2024-04-13 04:00:00,10.4,0.0
2024-04-13 05:00:00,10.5,0.0
2024-04-13 06:00:00,11.6,6.0
2024-04-13 07:00:00,15.0,114.0
2024-04-13 08:00:00,18.7,299.0
2024-04-13 09:00:00,22.6,487.0
2024-04-13 10:00:00,25.4,649.0
2024-04-13 11:00:00,27.3,771.0
2024-04-13 12:00:00,28.3,841.0
2024-04-13 13:00:00,27.0,848.0
2024-04-13 14:00:00,25.4,802.0
2024-04-13 15:00:00,24.6,705.0
2024-04-13 16:00:00,23.5,555.0
2024-04-13 17:00:00,21.7,360.0
2024-04-13 18:00:00,19.1,163.0
2024-04-13 19:00:00,17.5,28.0
2024-04-13 20:00:00,17.1,0.0
2024-04-13 21:00:00,16.5,0.0
2024-04-13 22:00:00,16.1,0.0
2024-04-13 23:00:00,15.5,0.0
2024-04-14 00:00:00,14.9,0.0
2024-04-14 01:00:00,14.1,0.0
2024-04-14 02:00:00,12.5,0.0
2024-04-14 03:00:00,10.9,0.0
2024-04-14 04:00:00,10.6,0.0
2024-04-14 05:00:00,10.2,0.0
2024-04-14 06:00:00,11.0,6.0
2024-04-14 07:00:00,14.4,96.0
2024-04-14 08:00:00,18.2,283.0
2024-04-14 09:00:00,21.1,463.0
2024-04-14 10:00:00,23.3,588.0
2024-04-14 11:00:00,24.8,712.0
2024-04-14 12:00:00,25.5,831.0
2024-04-14 13:00:00,25.9,838.0
2024-04-14 14:00:00,23.5,793.0
2024-04-14 15:00:00,19.8,676.0
2024-04-14 16:00:00,20.1,535.0
2024-04-14 17:00:00,19.0,361.0
2024-04-14 18:00:00,17.0,180.0
2024-04-14 19:00:00,14.9,33.0
2024-04-14 20:00:00,13.7,0.0
2024-04-14 21:00:00,12.8,0.0
2024-04-14 22:00:00,13.1,0.0
2024-04-14 23:00:00,12.6,0.0
2024-04-15 00:00:00,12.7,0.0
2024-04-15 01:00:00,12.9,0.0
2024-04-15 02:00:00,12.3,0.0
2024-04-15 03:00:00,12.7,0.0
2024-04-15 04:00:00,13.0,0.0
2024-04-15 05:00:00,13.0,0.0
2024-04-15 06:00:00,12.9,4.0
2024-04-15 07:00:00,13.3,70.0
2024-04-15 08:00:00,13.5,119.0
2024-04-15 09:00:00,13.8,144.0
2024-04-15 10:00:00,13.7,164.0
2024-04-15 11:00:00,13.8,210.0
2024-04-15 12:00:00,14.0,256.0
2024-04-15 13:00:00,13.3,196.0
2024-04-15 14:00:00,13.5,222.0
2024-04-15 15:00:00,13.0,128.0
2024-04-15 16:00:00,13.0,127.0
2024-04-15 17:00:00,12.7,82.0
2024-04-15 18:00:00,12.4,38.0
2024-04-15 19:00:00,12.1,9.0
2024-04-15 20:00:00,11.9,0.0
2024-04-15 21:00:00,11.8,0.0
2024-04-15 22:00:00,11.9,0.0
2024-04-15 23:00:00,11.3,0.0
2024-04-16 00:00:00,11.4,0.0
2024-04-16 01:00:00,11.9,0.0
2024-04-16 02:00:00,11.8,0.0
2024-04-16 03:00:00,11.8,0.0
2024-04-16 04:00:00,11.4,0.0
2024-04-16 05:00:00,11.8,0.0
2024-04-16 06:00:00,11.6,3.0
2024-04-16 07:00:00,11.6,26.0
2024-04-16 08:00:00,11.6,75.0
2024-04-16 09:00:00,11.8,113.0
2024-04-16 10:00:00,11.6,149.0
2024-04-16 11:00:00,11.9,246.0
2024-04-16 12:00:00,12.1,229.0
2024-04-16 13:00:00,13.1,339.0
2024-04-16 14:00:00,12.7,283.0
2024-04-16 15:00:00,12.6,251.0
2024-04-16 16:00:00,12.3,191.0
2024-04-16 17:00:00,12.2,156.0
2024-04-16 18:00:00,12.1,79.0
2024-04-16 19:00:00,11.4,13.0
2024-04-16 20:00:00,11.2,0.0
2024-04-16 21:00:00,11.0,0.0
2024-04-16 22:00:00,10.7,0.0
2024-04-16 23:00:00,10.9,0.0
2024-04-17 00:00:00,10.8,0.0
2024-04-17 01:00:00,9.7,0.0
2024-04-17 02:00:00,9.7,0.0
2024-04-17 03:00:00,9.6,0.0
2024-04-17 04:00:00,9.5,0.0
2024-04-17 05:00:00,9.7,0.0
2024-04-17 06:00:00,9.8,3.0
2024-04-17 07:00:00,10.2,62.0
2024-04-17 08:00:00,10.4,94.0
2024-04-17 09:00:00,11.3,226.0
2024-04-17 10:00:00,12.4,341.0
2024-04-17 11:00:00,12.6,423.0
2024-04-17 12:00:00,13.6,540.0
2024-04-17 13:00:00,12.2,271.0
2024-04-17 14:00:00,12.1,169.0
2024-04-17 15:00:00,12.6,247.0
2024-04-17 16:00:00,12.8,316.0
2024-04-17 17:00:00,12.5,316.0
2024-04-17 18:00:00,11.6,173.0
2024-04-17 19:00:00,10.3,34.0
2024-04-17 20:00:00,9.5,0.0
2024-04-17 21:00:00,9.3,0.0
2024-04-17 22:00:00,9.5,0.0
2024-04-17 23:00:00,10.3,0.0
2024-04-18 00:00:00,10.5,0.0
2024-04-18 01:00:00,10.3,0.0
2024-04-18 02:00:00,10.1,0.0
2024-04-18 03:00:00,10.1,0.0
2024-04-18 04:00:00,10.3,0.0
2024-04-18 05:00:00,10.0,0.0
2024-04-18 06:00:00,9.8,2.0
2024-04-18 07:00:00,10.3,30.0
2024-04-18 08:00:00,11.0,88.0
2024-04-18 09:00:00,11.2,188.0
2024-04-18 10:00:00,12.3,357.0
2024-04-18 11:00:00,13.2,579.0
2024-04-18 12:00:00,13.9,647.0
2024-04-18 13:00:00,14.2,689.0
2024-04-18 14:00:00,14.2,554.0
2024-04-18 15:00:00,14.4,636.0
2024-04-18 16:00:00,14.0,517.0
2024-04-18 17:00:00,13.3,343.0
2024-04-18 18:00:00,12.5,187.0
2024-04-18 19:00:00,9.8,41.0
2024-04-18 20:00:00,10.7,0.0
2024-04-18 21:00:00,10.0,0.0
2024-04-18 22:00:00,6.7,0.0
2024-04-18 23:00:00,6.2,0.0
2024-04-19 00:00:00,6.0,0.0
2024-04-19 01:00:00,6.2,0.0
2024-04-19 02:00:00,5.2,0.0
2024-04-19 03:00:00,4.4,0.0
2024-04-19 04:00:00,4.0,0.0
2024-04-19 05:00:00,3.5,0.0
2024-04-19 06:00:00,3.7,14.0
2024-04-19 07:00:00,6.4,142.0
2024-04-19 08:00:00,9.5,337.0
2024-04-19 09:00:00,12.6,531.0
2024-04-19 10:00:00,15.4,695.0
2024-04-19 11:00:00,17.6,813.0
2024-04-19 12:00:00,19.5,879.0
2024-04-19 13:00:00,20.7,886.0
2024-04-19 14:00:00,20.4,835.0
2024-04-19 15:00:00,19.2,729.0
2024-04-19 16:00:00,17.9,579.0
2024-04-19 17:00:00,16.6,399.0
2024-04-19 18:00:00,15.0,208.0
2024-04-19 19:00:00,11.5,46.0
2024-04-19 20:00:00,9.9,0.0
2024-04-19 21:00:00,10.8,0.0
2024-04-19 22:00:00,11.1,0.0
2024-04-19 23:00:00,10.5,0.0
2024-04-20 00:00:00,9.9,0.0
2024-04-20 01:00:00,7.8,0.0
2024-04-20 02:00:00,6.3,0.0
2024-04-20 03:00:00,6.0,0.0
2024-04-20 04:00:00,6.3,0.0
2024-04-20 05:00:00,6.7,0.0
2024-04-20 06:00:00,6.3,14.0
2024-04-20 07:00:00,9.6,138.0
2024-04-20 08:00:00,12.6,295.0
2024-04-20 09:00:00,14.2,445.0
2024-04-20 10:00:00,15.6,642.0
2024-04-20 11:00:00,16.7,792.0
2024-04-20 12:00:00,17.5,864.0
2024-04-20 13:00:00,17.3,875.0
2024-04-20 14:00:00,17.1,827.0
2024-04-20 15:00:00,16.5,724.0
2024-04-20 16:00:00,15.6,575.0
2024-04-20 17:00:00,14.7,390.0
2024-04-20 18:00:00,13.7,196.0
2024-04-20 19:00:00,11.7,44.0
2024-04-20 20:00:00,10.2,0.0
2024-04-20 21:00:00,9.6,0.0
2024-04-20 22:00:00,9.2,0.0
2024-04-20 23:00:00,11.6,0.0
2024-04-21 00:00:00,11.2,0.0
2024-04-21 01:00:00,11.0,0.0
2024-04-21 02:00:00,10.4,0.0
2024-04-21 03:00:00,9.9,0.0
2024-04-21 04:00:00,9.3,0.0
2024-04-21 05:00:00,8.8,0.0
2024-04-21 06:00:00,8.4,16.0
2024-04-21 07:00:00,9.6,149.0
2024-04-21 08:00:00,11.0,338.0
2024-04-21 09:00:00,12.4,525.0
2024-04-21 10:00:00,13.2,683.0
2024-04-21 11:00:00,13.8,802.0
2024-04-21 12:00:00,14.1,872.0
2024-04-21 13:00:00,14.1,887.0
2024-04-21 14:00:00,13.6,840.0
2024-04-21 15:00:00,13.0,738.0
2024-04-21 16:00:00,12.3,588.0
2024-04-21 17:00:00,11.7,404.0
2024-04-21 18:00:00,11.0,184.0
2024-04-21 19:00:00,10.3,37.0
2024-04-21 20:00:00,8.8,0.0
2024-04-21 21:00:00,10.4,0.0
2024-04-21 22:00:00,10.8,0.0
2024-04-21 23:00:00,10.5,0.0
2024-04-22 00:00:00,10.7,0.0
2024-04-22 01:00:00,11.2,0.0
2024-04-22 02:00:00,11.1,0.0
2024-04-22 03:00:00,10.6,0.0
2024-04-22 04:00:00,7.8,0.0
2024-04-22 05:00:00,9.0,0.0
2024-04-22 06:00:00,8.5,17.0
2024-04-22 07:00:00,10.2,138.0
2024-04-22 08:00:00,10.9,291.0
2024-04-22 09:00:00,11.3,431.0
2024-04-22 10:00:00,11.9,605.0
2024-04-22 11:00:00,12.4,687.0
2024-04-22 12:00:00,12.7,766.0
2024-04-22 13:00:00,12.8,792.0
2024-04-22 14:00:00,12.6,787.0
2024-04-22 15:00:00,12.2,668.0
2024-04-22 16:00:00,11.7,510.0
2024-04-22 17:00:00,10.9,293.0
2024-04-22 18:00:00,10.3,109.0
2024-04-22 19:00:00,9.9,24.0
2024-04-22 20:00:00,9.9,0.0
2024-04-22 21:00:00,9.6,0.0
2024-04-22 22:00:00,9.8,0.0
2024-04-22 23:00:00,9.6,0.0
2024-04-23 00:00:00,7.6,0.0
2024-04-23 01:00:00,8.1,0.0
2024-04-23 02:00:00,9.0,0.0
2024-04-23 03:00:00,9.1,0.0
2024-04-23 04:00:00,8.9,0.0
2024-04-23 05:00:00,8.3,0.0
2024-04-23 06:00:00,8.3,4.0
2024-04-23 07:00:00,8.8,20.0
2024-04-23 08:00:00,9.2,51.0
2024-04-23 09:00:00,9.6,53.0
2024-04-23 10:00:00,9.7,70.0
2024-04-23 11:00:00,10.1,81.0
2024-04-23 12:00:00,10.3,82.0
2024-04-23 13:00:00,10.1,97.0
2024-04-23 14:00:00,10.3,89.0
2024-04-23 15:00:00,11.0,260.0
2024-04-23 16:00:00,11.3,282.0
2024-04-23 17:00:00,10.8,205.0
2024-04-23 18:00:00,10.6,142.0
2024-04-23 19:00:00,9.8,27.0
2024-04-23 20:00:00,9.0,0.0
2024-04-23 21:00:00,8.7,0.0
2024-04-23 22:00:00,6.2,0.0
2024-04-23 23:00:00,7.3,0.0
2024-04-24 00:00:00,7.7,0.0
2024-04-24 01:00:00,7.7,0.0
2024-04-24 02:00:00,7.7,0.0
2024-04-24 03:00:00,7.8,0.0
2024-04-24 04:00:00,8.1,0.0
2024-04-24 05:00:00,7.8,0.0
2024-04-24 06:00:00,8.2,12.0
2024-04-24 07:00:00,9.5,100.0
2024-04-24 08:00:00,11.2,341.0
2024-04-24 09:00:00,12.1,413.0
2024-04-24 10:00:00,13.0,528.0
2024-04-24 11:00:00,13.0,443.0
2024-04-24 12:00:00,13.6,518.0
2024-04-24 13:00:00,13.4,403.0
2024-04-24 14:00:00,13.4,432.0
2024-04-24 15:00:00,13.3,423.0
2024-04-24 16:00:00,13.6,509.0
2024-04-24 17:00:00,12.8,317.0
2024-04-24 18:00:00,11.9,202.0
2024-04-24 19:00:00,10.1,36.0
2024-04-24 20:00:00,9.7,0.0
2024-04-24 21:00:00,10.1,0.0
2024-04-24 22:00:00,9.5,0.0
2024-04-24 23:00:00,9.7,0.0
2024-04-25 00:00:00,9.3,0.0
2024-04-25 01:00:00,6.8,0.0
2024-04-25 02:00:00,5.8,0.0
2024-04-25 03:00:00,5.8,0.0
2024-04-25 04:00:00,6.2,0.0
2024-04-25 05:00:00,7.0,0.0
2024-04-25 06:00:00,7.7,6.0
2024-04-25 07:00:00,8.7,41.0
2024-04-25 08:00:00,9.7,73.0
2024-04-25 09:00:00,11.3,206.0
2024-04-25 10:00:00,12.2,223.0
2024-04-25 11:00:00,12.8,251.0
2024-04-25 12:00:00,12.2,146.0
2024-04-25 13:00:00,11.8,162.0
2024-04-25 14:00:00,11.9,233.0
2024-04-25 15:00:00,13.0,338.0
2024-04-25 16:00:00,13.7,401.0
2024-04-25 17:00:00,12.9,223.0
2024-04-25 18:00:00,12.6,107.0
2024-04-25 19:00:00,10.9,42.0
2024-04-25 20:00:00,11.8,0.0
2024-04-25 21:00:00,11.1,0.0
2024-04-25 22:00:00,10.9,0.0
2024-04-25 23:00:00,8.1,0.0
2024-04-26 00:00:00,9.7,0.0
2024-04-26 01:00:00,9.7,0.0
2024-04-26 02:00:00,9.8,0.0
2024-04-26 03:00:00,9.5,0.0
2024-04-26 04:00:00,8.1,0.0
2024-04-26 05:00:00,8.7,0.0
2024-04-26 06:00:00,9.1,13.0
2024-04-26 07:00:00,10.0,59.0
2024-04-26 08:00:00,11.4,135.0
2024-04-26 09:00:00,12.6,231.0
2024-04-26 10:00:00,14.3,596.0
2024-04-26 11:00:00,14.7,527.0
2024-04-26 12:00:00,14.5,416.0
2024-04-26 13:00:00,14.0,351.0
2024-04-26 14:00:00,13.1,378.0
2024-04-26 15:00:00,13.9,341.0
2024-04-26 16:00:00,13.5,256.0
2024-04-26 17:00:00,12.9,116.0
2024-04-26 18:00:00,12.7,153.0
2024-04-26 19:00:00,11.9,35.0
2024-04-26 20:00:00,11.3,0.0
2024-04-26 21:00:00,10.5,0.0
2024-04-26 22:00:00,10.6,0.0
2024-04-26 23:00:00,10.9,0.0
2024-04-27 00:00:00,10.6,0.0
2024-04-27 01:00:00,9.1,0.0
2024-04-27 02:00:00,8.6,0.0
2024-04-27 03:00:00,9.4,0.0
2024-04-27 04:00:00,8.6,0.0
2024-04-27 05:00:00,8.7,0.0
2024-04-27 06:00:00,9.4,22.0
2024-04-27 07:00:00,12.2,145.0
2024-04-27 08:00:00,15.1,318.0
2024-04-27 09:00:00,15.6,481.0
2024-04-27 10:00:00,15.0,382.0
2024-04-27 11:00:00,14.7,194.0
2024-04-27 12:00:00,18.1,821.0
2024-04-27 13:00:00,16.4,816.0
2024-04-27 14:00:00,12.8,249.0
2024-04-27 15:00:00,11.5,175.0
2024-04-27 16:00:00,11.5,340.0
2024-04-27 17:00:00,10.8,155.0
2024-04-27 18:00:00,10.9,95.0
2024-04-27 19:00:00,10.3,42.0
2024-04-27 20:00:00,8.4,0.0
2024-04-27 21:00:00,9.0,0.0
2024-04-27 22:00:00,7.5,0.0
2024-04-27 23:00:00,6.3,0.0
2024-04-28 00:00:00,5.5,0.0
2024-04-28 01:00:00,5.1,0.0
2024-04-28 02:00:00,4.7,0.0
2024-04-28 03:00:00,4.4,0.0
2024-04-28 04:00:00,4.2,0.0
2024-04-28 05:00:00,3.8,0.0
2024-04-28 06:00:00,4.7,28.0
2024-04-28 07:00:00,8.1,172.0
2024-04-28 08:00:00,11.5,361.0
2024-04-28 09:00:00,13.7,541.0
2024-04-28 10:00:00,14.6,653.0
2024-04-28 11:00:00,15.0,746.0
2024-04-28 12:00:00,15.4,847.0
2024-04-28 13:00:00,13.6,503.0
2024-04-28 14:00:00,13.9,780.0
2024-04-28 15:00:00,13.8,475.0
2024-04-28 16:00:00,13.7,466.0
2024-04-28 17:00:00,13.2,236.0
2024-04-28 18:00:00,12.6,152.0
2024-04-28 19:00:00,10.7,54.0
2024-04-28 20:00:00,9.3,0.0
2024-04-28 21:00:00,10.7,0.0
2024-04-28 22:00:00,10.2,0.0
2024-04-28 23:00:00,9.5,0.0
2024-04-29 00:00:00,6.4,0.0
2024-04-29 01:00:00,7.1,0.0
2024-04-29 02:00:00,6.6,0.0
2024-04-29 03:00:00,6.2,0.0
2024-04-29 04:00:00,5.8,0.0
2024-04-29 05:00:00,5.6,0.0
2024-04-29 06:00:00,6.4,27.0
2024-04-29 07:00:00,10.0,155.0
2024-04-29 08:00:00,12.2,316.0
2024-04-29 09:00:00,13.5,427.0
2024-04-29 10:00:00,14.3,421.0
2024-04-29 11:00:00,14.6,397.0
2024-04-29 12:00:00,14.7,350.0
2024-04-29 13:00:00,15.6,476.0
2024-04-29 14:00:00,15.9,703.0
2024-04-29 15:00:00,16.0,618.0
2024-04-29 16:00:00,15.7,494.0
2024-04-29 17:00:00,15.1,380.0
2024-04-29 18:00:00,14.2,218.0
2024-04-29 19:00:00,11.5,64.0
2024-04-29 20:00:00,10.8,0.0
2024-04-29 21:00:00,10.4,0.0
2024-04-29 22:00:00,8.8,0.0
2024-04-29 23:00:00,9.1,0.0
2024-04-30 00:00:00,7.1,0.0
2024-04-30 01:00:00,8.2,0.0
2024-04-30 02:00:00,7.9,0.0
2024-04-30 03:00:00,7.8,0.0
2024-04-30 04:00:00,7.1,0.0
2024-04-30 05:00:00,6.0,0.0
2024-04-30 06:00:00,6.6,30.0
2024-04-30 07:00:00,9.3,168.0
2024-04-30 08:00:00,12.6,354.0
2024-04-30 09:00:00,16.4,550.0
2024-04-30 10:00:00,19.3,708.0
2024-04-30 11:00:00,20.8,821.0
2024-04-30 12:00:00,21.2,655.0
2024-04-30 13:00:00,22.4,849.0
2024-04-30 14:00:00,22.8,824.0
2024-04-30 15:00:00,20.4,653.0
2024-04-30 16:00:00,16.5,416.0
2024-04-30 17:00:00,14.1,153.0
2024-04-30 18:00:00,13.4,103.0
2024-04-30 19:00:00,12.5,18.0
2024-04-30 20:00:00,11.9,0.0
2024-04-30 21:00:00,11.7,0.0
2024-04-30 22:00:00,11.5,0.0
2024-04-30 23:00:00,11.3,0.0
2024-05-01 00:00:00,11.0,0.0
2024-05-01 01:00:00,10.5,0.0
2024-05-01 02:00:00,10.4,0.0
2024-05-01 03:00:00,10.2,0.0
2024-05-01 04:00:00,9.8,0.0
2024-05-01 05:00:00,9.5,0.0
2024-05-01 06:00:00,9.5,6.0
2024-05-01 07:00:00,9.4,20.0
2024-05-01 08:00:00,9.7,101.0
2024-05-01 09:00:00,10.5,151.0
2024-05-01 10:00:00,10.0,173.0
2024-05-01 11:00:00,10.7,213.0
2024-05-01 12:00:00,12.3,453.0
2024-05-01 13:00:00,12.9,559.0
2024-05-01 14:00:00,13.3,475.0
2024-05-01 15:00:00,12.2,480.0
2024-05-01 16:00:00,12.1,370.0
2024-05-01 17:00:00,11.5,265.0
2024-05-01 18:00:00,11.0,195.0
2024-05-01 19:00:00,10.2,47.0
2024-05-01 20:00:00,9.3,1.0
2024-05-01 21:00:00,8.6,0.0
2024-05-01 22:00:00,8.2,0.0
2024-05-01 23:00:00,8.1,0.0
2024-05-02 00:00:00,6.6,0.0
2024-05-02 01:00:00,7.3,0.0
2024-05-02 02:00:00,6.3,0.0
2024-05-02 03:00:00,5.7,0.0
2024-05-02 04:00:00,5.1,0.0
2024-05-02 05:00:00,4.5,0.0
2024-05-02 06:00:00,5.1,35.0
2024-05-02 07:00:00,8.4,182.0
2024-05-02 08:00:00,11.7,373.0
2024-05-02 09:00:00,13.5,555.0
2024-05-02 10:00:00,14.5,639.0
2024-05-02 11:00:00,15.3,702.0
2024-05-02 12:00:00,15.9,781.0
2024-05-02 13:00:00,12.5,619.0
2024-05-02 14:00:00,13.1,448.0
2024-05-02 15:00:00,14.6,723.0
2024-05-02 16:00:00,14.9,567.0
2024-05-02 17:00:00,14.2,351.0
2024-05-02 18:00:00,13.3,154.0
2024-05-02 19:00:00,11.7,38.0
2024-05-02 20:00:00,10.6,1.0
2024-05-02 21:00:00,10.1,0.0
2024-05-02 22:00:00,10.5,0.0
2024-05-02 23:00:00,7.9,0.0
2024-05-03 00:00:00,8.0,0.0
2024-05-03 01:00:00,7.5,0.0
2024-05-03 02:00:00,7.0,0.0
2024-05-03 03:00:00,7.9,0.0
2024-05-03 04:00:00,8.3,0.0
2024-05-03 05:00:00,8.3,0.0
2024-05-03 06:00:00,9.2,37.0
2024-05-03 07:00:00,11.3,176.0
2024-05-03 08:00:00,13.2,344.0
2024-05-03 09:00:00,15.1,550.0
2024-05-03 10:00:00,16.3,584.0
2024-05-03 11:00:00,17.5,573.0
2024-05-03 12:00:00,18.6,603.0
2024-05-03 13:00:00,18.5,379.0
2024-05-03 14:00:00,19.4,380.0
2024-05-03 15:00:00,19.4,294.0
2024-05-03 16:00:00,19.9,282.0
2024-05-03 17:00:00,18.1,76.0
2024-05-03 18:00:00,17.6,41.0
2024-05-03 19:00:00,16.3,8.0
2024-05-03 20:00:00,15.0,0.0
2024-05-03 21:00:00,15.0,0.0
2024-05-03 22:00:00,15.9,0.0
2024-05-03 23:00:00,16.2,0.0
2024-05-04 00:00:00,16.3,0.0
2024-05-04 01:00:00,16.9,0.0
2024-05-04 02:00:00,16.3,0.0
2024-05-04 03:00:00,16.2,0.0
2024-05-04 04:00:00,16.0,0.0
2024-05-04 05:00:00,16.0,0.0
2024-05-04 06:00:00,15.8,24.0
2024-05-04 07:00:00,16.1,88.0
2024-05-04 08:00:00,16.3,100.0
2024-05-04 09:00:00,16.8,167.0
2024-05-04 10:00:00,17.7,190.0
2024-05-04 11:00:00,18.9,303.0
2024-05-04 12:00:00,21.1,485.0
2024-05-04 13:00:00,24.6,640.0
2024-05-04 14:00:00,22.5,256.0
2024-05-04 15:00:00,22.6,408.0
2024-05-04 16:00:00,23.9,363.0
2024-05-04 17:00:00,24.0,393.0
2024-05-04 18:00:00,22.5,200.0
2024-05-04 19:00:00,20.8,71.0
2024-05-04 20:00:00,14.6,1.0
2024-05-04 21:00:00,14.6,0.0
2024-05-04 22:00:00,13.4,0.0
2024-05-04 23:00:00,13.1,0.0
2024-05-05 00:00:00,12.4,0.0
2024-05-05 01:00:00,13.5,0.0
2024-05-05 02:00:00,13.1,0.0
2024-05-05 03:00:00,13.0,0.0
2024-05-05 04:00:00,13.7,0.0
2024-05-05 05:00:00,15.6,0.0
2024-05-05 06:00:00,16.4,30.0
2024-05-05 07:00:00,17.3,120.0
2024-05-05 08:00:00,18.6,267.0
2024-05-05 09:00:00,19.8,421.0
2024-05-05 10:00:00,21.5,616.0
2024-05-05 11:00:00,22.7,769.0
2024-05-05 12:00:00,21.1,684.0
2024-05-05 13:00:00,16.1,260.0
2024-05-05 14:00:00,14.1,47.0
2024-05-05 15:00:00,15.3,233.0
2024-05-05 16:00:00,15.7,202.0
2024-05-05 17:00:00,14.5,73.0
2024-05-05 18:00:00,13.3,44.0
2024-05-05 19:00:00,12.6,16.0
2024-05-05 20:00:00,12.3,1.0
2024-05-05 21:00:00,12.0,0.0
2024-05-05 22:00:00,11.8,0.0
2024-05-05 23:00:00,11.9,0.0
2024-05-06 00:00:00,11.8,0.0
2024-05-06 01:00:00,11.7,0.0
2024-05-06 02:00:00,11.7,0.0
2024-05-06 03:00:00,11.8,0.0
2024-05-06 04:00:00,11.9,0.0
2024-05-06 05:00:00,11.7,0.0
2024-05-06 06:00:00,11.9,15.0
2024-05-06 07:00:00,11.9,34.0
2024-05-06 08:00:00,12.8,128.0
2024-05-06 09:00:00,13.9,250.0
2024-05-06 10:00:00,14.9,327.0
2024-05-06 11:00:00,16.3,539.0
2024-05-06 12:00:00,17.3,736.0
2024-05-06 13:00:00,17.5,806.0
2024-05-06 14:00:00,16.7,706.0
2024-05-06 15:00:00,15.7,496.0
2024-05-06 16:00:00,15.7,480.0
2024-05-06 17:00:00,15.4,372.0
2024-05-06 18:00:00,14.6,222.0
2024-05-06 19:00:00,13.3,63.0
2024-05-06 20:00:00,12.6,1.0
2024-05-06 21:00:00,12.5,0.0
2024-05-06 22:00:00,12.5,0.0
2024-05-06 23:00:00,12.2,0.0
2024-05-07 00:00:00,12.1,0.0
2024-05-07 01:00:00,12.4,0.0
2024-05-07 02:00:00,11.7,0.0
2024-05-07 03:00:00,11.3,0.0
2024-05-07 04:00:00,11.1,0.0
2024-05-07 05:00:00,11.2,0.0
2024-05-07 06:00:00,11.8,25.0
2024-05-07 07:00:00,12.5,119.0
2024-05-07 08:00:00,13.1,274.0
2024-05-07 09:00:00,14.0,369.0
2024-05-07 10:00:00,14.8,583.0
2024-05-07 11:00:00,15.4,680.0
2024-05-07 12:00:00,15.6,696.0
2024-05-07 13:00:00,15.8,676.0
2024-05-07 14:00:00,15.8,645.0
2024-05-07 15:00:00,15.7,627.0
2024-05-07 16:00:00,15.3,500.0
2024-05-07 17:00:00,14.8,345.0
2024-05-07 18:00:00,14.2,161.0
2024-05-07 19:00:00,13.2,72.0
2024-05-07 20:00:00,12.2,2.0
2024-05-07 21:00:00,11.6,0.0
2024-05-07 22:00:00,11.2,0.0
2024-05-07 23:00:00,10.7,0.0
2024-05-08 00:00:00,11.7,0.0
2024-05-08 01:00:00,12.1,0.0
2024-05-08 02:00:00,12.1,0.0
2024-05-08 03:00:00,11.7,0.0
2024-05-08 04:00:00,11.6,0.0
2024-05-08 05:00:00,11.5,0.0
2024-05-08 06:00:00,11.9,20.0
2024-05-08 07:00:00,13.2,179.0
2024-05-08 08:00:00,14.7,331.0
2024-05-08 09:00:00,15.5,296.0
2024-05-08 10:00:00,16.9,346.0
2024-05-08 11:00:00,18.3,462.0
2024-05-08 12:00:00,18.7,540.0
2024-05-08 13:00:00,18.8,721.0
2024-05-08 14:00:00,19.2,808.0
2024-05-08 15:00:00,19.1,726.0
2024-05-08 16:00:00,18.4,499.0
2024-05-08 17:00:00,17.6,354.0
2024-05-08 18:00:00,16.5,211.0
2024-05-08 19:00:00,14.5,74.0
2024-05-08 20:00:00,14.0,3.0
2024-05-08 21:00:00,12.0,0.0
2024-05-08 22:00:00,10.8,0.0
2024-05-08 23:00:00,10.2,0.0
2024-05-09 00:00:00,9.5,0.0
2024-05-09 01:00:00,9.8,0.0
2024-05-09 02:00:00,9.0,0.0
2024-05-09 03:00:00,8.7,0.0
2024-05-09 04:00:00,8.4,0.0
2024-05-09 05:00:00,7.9,0.0
2024-05-09 06:00:00,9.1,40.0
2024-05-09 07:00:00,12.4,173.0
2024-05-09 08:00:00,16.5,395.0
2024-05-09 09:00:00,18.8,576.0
2024-05-09 10:00:00,20.6,729.0
2024-05-09 11:00:00,22.0,840.0
2024-05-09 12:00:00,22.8,904.0
2024-05-09 13:00:00,23.4,906.0
2024-05-09 14:00:00,23.3,847.0
2024-05-09 15:00:00,22.9,752.0
2024-05-09 16:00:00,22.4,610.0
2024-05-09 17:00:00,21.8,436.0
2024-05-09 18:00:00,20.5,254.0
2024-05-09 19:00:00,17.6,83.0
2024-05-09 20:00:00,18.0,3.0
2024-05-09 21:00:00,17.1,0.0
2024-05-09 22:00:00,14.3,0.0
2024-05-09 23:00:00,14.2,0.0
2024-05-10 00:00:00,13.9,0.0
2024-05-10 01:00:00,13.5,0.0
2024-05-10 02:00:00,13.6,0.0
2024-05-10 03:00:00,12.5,0.0
2024-05-10 04:00:00,11.3,0.0
2024-05-10 05:00:00,10.9,0.0
2024-05-10 06:00:00,12.7,42.0
2024-05-10 07:00:00,16.6,168.0
2024-05-10 08:00:00,20.1,322.0
2024-05-10 09:00:00,22.3,543.0
2024-05-10 10:00:00,24.5,725.0
2024-05-10 11:00:00,26.6,823.0
2024-05-10 12:00:00,27.6,868.0
2024-05-10 13:00:00,26.9,906.0
2024-05-10 14:00:00,25.4,858.0
2024-05-10 15:00:00,24.3,756.0
2024-05-10 16:00:00,23.5,613.0
2024-05-10 17:00:00,22.9,441.0
2024-05-10 18:00:00,21.8,256.0
2024-05-10 19:00:00,19.1,88.0
2024-05-10 20:00:00,17.0,3.0
2024-05-10 21:00:00,18.0,0.0
2024-05-10 22:00:00,18.0,0.0
2024-05-10 23:00:00,16.4,0.0
2024-05-11 00:00:00,15.3,0.0
2024-05-11 01:00:00,14.2,0.0
2024-05-11 02:00:00,14.1,0.0
2024-05-11 03:00:00,13.4,0.0
2024-05-11 04:00:00,12.3,0.0
2024-05-11 05:00:00,11.7,0.0
2024-05-11 06:00:00,13.1,53.0
2024-05-11 07:00:00,17.2,207.0
2024-05-11 08:00:00,20.6,391.0
2024-05-11 09:00:00,23.2,570.0
2024-05-11 10:00:00,24.5,717.0
2024-05-11 11:00:00,24.9,824.0
2024-05-11 12:00:00,22.3,747.0
2024-05-11 13:00:00,22.7,896.0
2024-05-11 14:00:00,20.5,448.0
2024-05-11 15:00:00,19.8,309.0
2024-05-11 16:00:00,20.4,378.0
2024-05-11 17:00:00,20.0,170.0
2024-05-11 18:00:00,19.6,190.0
2024-05-11 19:00:00,17.7,82.0
2024-05-11 20:00:00,16.3,2.0
2024-05-11 21:00:00,15.2,0.0
2024-05-11 22:00:00,14.8,0.0
2024-05-11 23:00:00,14.1,0.0
2024-05-12 00:00:00,12.6,0.0
2024-05-12 01:00:00,13.5,0.0
2024-05-12 02:00:00,13.8,0.0
2024-05-12 03:00:00,13.9,0.0
2024-05-12 04:00:00,14.0,0.0
2024-05-12 05:00:00,13.9,0.0
2024-05-12 06:00:00,14.2,14.0
2024-05-12 07:00:00,14.6,56.0
2024-05-12 08:00:00,15.1,109.0
2024-05-12 09:00:00,15.4,121.0
2024-05-12 10:00:00,15.7,150.0
2024-05-12 11:00:00,16.3,251.0
2024-05-12 12:00:00,16.4,261.0
2024-05-12 13:00:00,15.3,229.0
2024-05-12 14:00:00,15.2,185.0
2024-05-12 15:00:00,16.6,341.0
2024-05-12 16:00:00,16.3,321.0
2024-05-12 17:00:00,15.6,226.0
2024-05-12 18:00:00,15.1,139.0
2024-05-12 19:00:00,14.7,45.0
2024-05-12 20:00:00,14.4,2.0
2024-05-12 21:00:00,14.1,0.0
2024-05-12 22:00:00,12.7,0.0
2024-05-12 23:00:00,12.0,0.0
2024-05-13 00:00:00,11.8,0.0
2024-05-13 01:00:00,10.7,0.0
2024-05-13 02:00:00,10.5,0.0
2024-05-13 03:00:00,10.2,0.0
2024-05-13 04:00:00,9.9,0.0
2024-05-13 05:00:00,9.8,0.0
2024-05-13 06:00:00,11.7,56.0
2024-05-13 07:00:00,14.5,191.0
2024-05-13 08:00:00,18.0,369.0
2024-05-13 09:00:00,21.4,555.0
2024-05-13 10:00:00,23.6,695.0
2024-05-13 11:00:00,25.7,768.0
2024-05-13 12:00:00,26.5,772.0
2024-05-13 13:00:00,24.7,466.0
2024-05-13 14:00:00,21.8,457.0
2024-05-13 15:00:00,17.6,503.0
2024-05-13 16:00:00,17.0,226.0
2024-05-13 17:00:00,15.6,83.0
2024-05-13 18:00:00,15.4,48.0
2024-05-13 19:00:00,14.8,9.0
2024-05-13 20:00:00,13.9,1.0
2024-05-13 21:00:00,13.4,0.0
2024-05-13 22:00:00,13.2,0.0
2024-05-13 23:00:00,13.1,0.0
2024-05-14 00:00:00,13.0,0.0
2024-05-14 01:00:00,12.8,0.0
2024-05-14 02:00:00,12.7,0.0
2024-05-14 03:00:00,12.7,0.0
2024-05-14 04:00:00,12.7,0.0
2024-05-14 05:00:00,12.6,0.0
2024-05-14 06:00:00,12.8,50.0
2024-05-14 07:00:00,14.3,174.0
2024-05-14 08:00:00,15.5,297.0
2024-05-14 09:00:00,16.7,472.0
2024-05-14 10:00:00,18.1,654.0
2024-05-14 11:00:00,14.8,343.0
2024-05-14 12:00:00,15.3,219.0
2024-05-14 13:00:00,13.5,221.0
2024-05-14 14:00:00,13.6,130.0
2024-05-14 15:00:00,13.1,271.0
2024-05-14 16:00:00,12.7,152.0
2024-05-14 17:00:00,13.2,129.0
2024-05-14 18:00:00,12.6,103.0
2024-05-14 19:00:00,12.2,18.0
2024-05-14 20:00:00,12.0,2.0
2024-05-14 21:00:00,11.8,0.0
2024-05-14 22:00:00,11.1,0.0
2024-05-14 23:00:00,10.1,0.0
2024-05-15 00:00:00,9.2,0.0
2024-05-15 01:00:00,10.0,0.0
2024-05-15 02:00:00,9.5,0.0
2024-05-15 03:00:00,9.0,0.0
2024-05-15 04:00:00,9.8,0.0
2024-05-15 05:00:00,7.7,0.0
2024-05-15 06:00:00,9.6,58.0
2024-05-15 07:00:00,11.7,179.0
2024-05-15 08:00:00,13.5,355.0
2024-05-15 09:00:00,15.1,539.0
2024-05-15 10:00:00,15.8,556.0
2024-05-15 11:00:00,16.7,646.0
2024-05-15 12:00:00,14.8,437.0
2024-05-15 13:00:00,14.2,354.0
2024-05-15 14:00:00,14.8,524.0
2024-05-15 15:00:00,15.2,409.0
2024-05-15 16:00:00,14.7,358.0
2024-05-15 17:00:00,14.2,251.0
2024-05-15 18:00:00,13.2,137.0
2024-05-15 19:00:00,12.4,52.0
2024-05-15 20:00:00,11.9,1.0
2024-05-15 21:00:00,11.5,0.0
2024-05-15 22:00:00,11.5,0.0
2024-05-15 23:00:00,11.1,0.0
2024-05-16 00:00:00,11.1,0.0
2024-05-16 01:00:00,11.3,0.0
2024-05-16 02:00:00,10.6,0.0
2024-05-16 03:00:00,10.3,0.0
2024-05-16 04:00:00,9.8,0.0
2024-05-16 05:00:00,8.9,1.0
2024-05-16 06:00:00,10.3,51.0
2024-05-16 07:00:00,12.6,219.0
2024-05-16 08:00:00,13.5,263.0
2024-05-16 09:00:00,14.9,356.0
2024-05-16 10:00:00,17.2,732.0
2024-05-16 11:00:00,18.2,740.0
2024-05-16 12:00:00,19.0,890.0
2024-05-16 13:00:00,18.4,732.0
2024-05-16 14:00:00,18.9,776.0
2024-05-16 15:00:00,14.7,315.0
2024-05-16 16:00:00,13.2,175.0
2024-05-16 17:00:00,14.1,237.0
2024-05-16 18:00:00,13.8,83.0
2024-05-16 19:00:00,13.1,84.0
2024-05-16 20:00:00,12.5,3.0
2024-05-16 21:00:00,11.2,0.0
2024-05-16 22:00:00,9.8,0.0
2024-05-16 23:00:00,10.4,0.0
2024-05-17 00:00:00,10.8,0.0
2024-05-17 01:00:00,11.9,0.0
2024-05-17 02:00:00,11.4,0.0
2024-05-17 03:00:00,11.7,0.0
2024-05-17 04:00:00,11.7,0.0
2024-05-17 05:00:00,11.4,0.0
2024-05-17 06:00:00,11.7,52.0
2024-05-17 07:00:00,12.8,212.0
2024-05-17 08:00:00,14.4,359.0
2024-05-17 09:00:00,15.9,503.0
2024-05-17 10:00:00,17.1,683.0
2024-05-17 11:00:00,18.0,643.0
2024-05-17 12:00:00,15.2,726.0
2024-05-17 13:00:00,17.3,612.0
2024-05-17 14:00:00,16.6,652.0
2024-05-17 15:00:00,15.4,584.0
2024-05-17 16:00:00,15.8,395.0
2024-05-17 17:00:00,14.6,220.0
2024-05-17 18:00:00,14.5,200.0
2024-05-17 19:00:00,13.4,72.0
2024-05-17 20:00:00,13.5,5.0
2024-05-17 21:00:00,13.0,0.0
2024-05-17 22:00:00,12.5,0.0
2024-05-17 23:00:00,11.0,0.0
2024-05-18 00:00:00,11.2,0.0
2024-05-18 01:00:00,11.1,0.0
2024-05-18 02:00:00,10.4,0.0
2024-05-18 03:00:00,10.7,0.0
2024-05-18 04:00:00,9.2,0.0
2024-05-18 05:00:00,9.0,1.0
2024-05-18 06:00:00,11.2,60.0
2024-05-18 07:00:00,13.4,183.0
2024-05-18 08:00:00,15.4,334.0
2024-05-18 09:00:00,16.9,520.0
2024-05-18 10:00:00,18.1,681.0
2024-05-18 11:00:00,18.8,594.0
2024-05-18 12:00:00,16.6,298.0
2024-05-18 13:00:00,16.2,479.0
2024-05-18 14:00:00,17.3,509.0
2024-05-18 15:00:00,17.1,386.0
2024-05-18 16:00:00,16.6,343.0
2024-05-18 17:00:00,16.5,349.0
2024-05-18 18:00:00,15.8,184.0
2024-05-18 19:00:00,14.7,75.0
2024-05-18 20:00:00,13.1,5.0
2024-05-18 21:00:00,13.2,0.0
2024-05-18 22:00:00,12.7,0.0
2024-05-18 23:00:00,13.1,0.0
2024-05-19 00:00:00,13.0,0.0
2024-05-19 01:00:00,12.4,0.0
2024-05-19 02:00:00,12.5,0.0
2024-05-19 03:00:00,12.4,0.0
2024-05-19 04:00:00,12.4,0.0
2024-05-19 05:00:00,12.4,0.0
2024-05-19 06:00:00,12.5,17.0
2024-05-19 07:00:00,12.5,35.0
2024-05-19 08:00:00,12.7,97.0
2024-05-19 09:00:00,13.6,274.0
2024-05-19 10:00:00,14.7,429.0
2024-05-19 11:00:00,15.1,493.0
2024-05-19 12:00:00,15.2,597.0
2024-05-19 13:00:00,15.1,470.0
2024-05-19 14:00:00,15.5,591.0
2024-05-19 15:00:00,15.0,382.0
2024-05-19 16:00:00,14.9,318.0
2024-05-19 17:00:00,15.0,269.0
2024-05-19 18:00:00,14.2,112.0
2024-05-19 19:00:00,13.7,57.0
2024-05-19 20:00:00,12.5,6.0
2024-05-19 21:00:00,12.4,0.0
2024-05-19 22:00:00,12.8,0.0
2024-05-19 23:00:00,12.7,0.0
2024-05-20 00:00:00,12.6,0.0
2024-05-20 01:00:00,12.5,0.0
2024-05-20 02:00:00,12.3,0.0
2024-05-20 03:00:00,12.5,0.0
2024-05-20 04:00:00,11.9,0.0
2024-05-20 05:00:00,11.7,1.0
2024-05-20 06:00:00,12.4,47.0
2024-05-20 07:00:00,13.3,171.0
2024-05-20 08:00:00,14.1,247.0
2024-05-20 09:00:00,15.6,461.0
2024-05-20 10:00:00,16.8,634.0
2024-05-20 11:00:00,17.7,738.0
2024-05-20 12:00:00,17.1,606.0
2024-05-20 13:00:00,16.9,691.0
2024-05-20 14:00:00,16.9,613.0
2024-05-20 15:00:00,16.4,572.0
2024-05-20 16:00:00,16.0,448.0
2024-05-20 17:00:00,15.5,330.0
2024-05-20 18:00:00,15.3,236.0
2024-05-20 19:00:00,14.1,109.0
2024-05-20 20:00:00,13.8,9.0
2024-05-20 21:00:00,13.3,0.0
2024-05-20 22:00:00,12.9,0.0
2024-05-20 23:00:00,10.2,0.0
2024-05-21 00:00:00,9.6,0.0
2024-05-21 01:00:00,10.4,0.0
2024-05-21 02:00:00,9.7,0.0
2024-05-21 03:00:00,9.4,0.0
2024-05-21 04:00:00,9.8,0.0
2024-05-21 05:00:00,9.0,1.0
2024-05-21 06:00:00,10.2,59.0
2024-05-21 07:00:00,13.4,181.0
2024-05-21 08:00:00,15.7,357.0
2024-05-21 09:00:00,16.3,375.0
2024-05-21 10:00:00,17.3,587.0
2024-05-21 11:00:00,16.6,655.0
2024-05-21 12:00:00,16.8,467.0
2024-05-21 13:00:00,16.7,475.0
2024-05-21 14:00:00,17.4,705.0
2024-05-21 15:00:00,16.1,421.0
2024-05-21 16:00:00,16.2,324.0
2024-05-21 17:00:00,16.1,366.0
2024-05-21 18:00:00,15.7,255.0
2024-05-21 19:00:00,14.5,101.0
2024-05-21 20:00:00,12.1,8.0
2024-05-21 21:00:00,13.3,0.0
2024-05-21 22:00:00,12.9,0.0
2024-05-21 23:00:00,11.2,0.0
2024-05-22 00:00:00,10.3,0.0
2024-05-22 01:00:00,13.1,0.0
2024-05-22 02:00:00,13.0,0.0
2024-05-22 03:00:00,12.5,0.0
2024-05-22 04:00:00,10.6,0.0
2024-05-22 05:00:00,10.1,2.0
2024-05-22 06:00:00,11.9,72.0
2024-05-22 07:00:00,14.2,210.0
2024-05-22 08:00:00,16.1,324.0
2024-05-22 09:00:00,17.3,346.0
2024-05-22 10:00:00,19.2,694.0
2024-05-22 11:00:00,15.4,371.0
2024-05-22 12:00:00,15.0,239.0
2024-05-22 13:00:00,16.2,747.0
2024-05-22 14:00:00,14.9,381.0
2024-05-22 15:00:00,16.3,458.0
2024-05-22 16:00:00,16.3,314.0
2024-05-22 17:00:00,15.0,90.0
2024-05-22 18:00:00,14.3,84.0
2024-05-22 19:00:00,13.7,17.0
2024-05-22 20:00:00,13.3,3.0
2024-05-22 21:00:00,12.7,0.0
2024-05-22 22:00:00,12.6,0.0
2024-05-22 23:00:00,12.5,0.0
2024-05-23 00:00:00,11.7,0.0
2024-05-23 01:00:00,12.7,0.0
2024-05-23 02:00:00,12.5,0.0
2024-05-23 03:00:00,11.7,0.0
2024-05-23 04:00:00,11.2,0.0
2024-05-23 05:00:00,10.4,2.0
2024-05-23 06:00:00,12.3,65.0
2024-05-23 07:00:00,13.3,220.0
2024-05-23 08:00:00,14.5,379.0
2024-05-23 09:00:00,15.6,532.0
2024-05-23 10:00:00,16.0,614.0
2024-05-23 11:00:00,16.3,568.0
2024-05-23 12:00:00,16.7,644.0
2024-05-23 13:00:00,16.3,574.0
2024-05-23 14:00:00,16.3,630.0
2024-05-23 15:00:00,16.0,551.0
2024-05-23 16:00:00,16.4,534.0
2024-05-23 17:00:00,16.0,349.0
2024-05-23 18:00:00,15.1,193.0
2024-05-23 19:00:00,14.2,102.0
2024-05-23 20:00:00,12.8,10.0
2024-05-23 21:00:00,11.4,0.0
2024-05-23 22:00:00,12.8,0.0
2024-05-23 23:00:00,10.4,0.0
2024-05-24 00:00:00,10.1,0.0
2024-05-24 01:00:00,10.2,0.0
2024-05-24 02:00:00,9.8,0.0
2024-05-24 03:00:00,9.5,0.0
2024-05-24 04:00:00,8.6,0.0
2024-05-24 05:00:00,8.2,2.0
2024-05-24 06:00:00,9.8,64.0
2024-05-24 07:00:00,12.7,203.0
2024-05-24 08:00:00,15.1,417.0
2024-05-24 09:00:00,16.9,598.0
2024-05-24 10:00:00,18.0,642.0
2024-05-24 11:00:00,19.1,718.0
2024-05-24 12:00:00,19.5,729.0
2024-05-24 13:00:00,19.2,687.0
2024-05-24 14:00:00,19.5,864.0
2024-05-24 15:00:00,19.2,722.0
2024-05-24 16:00:00,18.6,586.0
2024-05-24 17:00:00,18.0,439.0
2024-05-24 18:00:00,17.1,257.0
2024-05-24 19:00:00,15.6,114.0
2024-05-24 20:00:00,12.9,11.0
2024-05-24 21:00:00,13.3,0.0
2024-05-24 22:00:00,11.9,0.0
2024-05-24 23:00:00,11.5,0.0
2024-05-25 00:00:00,11.2,0.0
2024-05-25 01:00:00,12.5,0.0
2024-05-25 02:00:00,10.9,0.0
2024-05-25 03:00:00,11.7,0.0
2024-05-25 04:00:00,10.8,0.0
2024-05-25 05:00:00,10.7,2.0
2024-05-25 06:00:00,12.5,50.0
2024-05-25 07:00:00,15.3,169.0
2024-05-25 08:00:00,18.9,364.0
2024-05-25 09:00:00,21.7,560.0
2024-05-25 10:00:00,23.9,710.0
2024-05-25 11:00:00,25.5,796.0
2024-05-25 12:00:00,24.4,806.0
2024-05-25 13:00:00,22.3,794.0
2024-05-25 14:00:00,22.9,807.0
2024-05-25 15:00:00,22.8,748.0
2024-05-25 16:00:00,21.1,618.0
2024-05-25 17:00:00,20.3,438.0
2024-05-25 18:00:00,19.9,264.0
2024-05-25 19:00:00,18.1,104.0
2024-05-25 20:00:00,15.1,11.0
2024-05-25 21:00:00,15.2,0.0
2024-05-25 22:00:00,14.7,0.0
2024-05-25 23:00:00,14.5,0.0
2024-05-26 00:00:00,12.5,0.0
2024-05-26 01:00:00,12.5,0.0
2024-05-26 02:00:00,13.1,0.0
2024-05-26 03:00:00,13.4,0.0
2024-05-26 04:00:00,13.4,0.0
2024-05-26 05:00:00,14.0,1.0
2024-05-26 06:00:00,14.8,12.0
2024-05-26 07:00:00,15.2,36.0
2024-05-26 08:00:00,15.5,68.0
2024-05-26 09:00:00,16.2,147.0
2024-05-26 10:00:00,17.1,335.0
2024-05-26 11:00:00,16.9,256.0
2024-05-26 12:00:00,17.0,286.0
2024-05-26 13:00:00,15.9,215.0
2024-05-26 14:00:00,16.0,208.0
2024-05-26 15:00:00,16.4,274.0
2024-05-26 16:00:00,16.0,179.0
2024-05-26 17:00:00,15.8,185.0
2024-05-26 18:00:00,15.3,107.0
2024-05-26 19:00:00,15.0,45.0
2024-05-26 20:00:00,14.5,3.0
2024-05-26 21:00:00,14.3,0.0
2024-05-26 22:00:00,13.3,0.0
2024-05-26 23:00:00,13.9,0.0
2024-05-27 00:00:00,14.0,0.0
2024-05-27 01:00:00,14.5,0.0
2024-05-27 02:00:00,14.4,0.0
2024-05-27 03:00:00,14.2,0.0
2024-05-27 04:00:00,14.1,0.0
2024-05-27 05:00:00,14.0,1.0
2024-05-27 06:00:00,14.3,25.0
2024-05-27 07:00:00,14.5,56.0
2024-05-27 08:00:00,14.9,115.0
2024-05-27 09:00:00,14.7,91.0
2024-05-27 10:00:00,14.7,103.0
2024-05-27 11:00:00,15.3,203.0
2024-05-27 12:00:00,15.8,275.0
2024-05-27 13:00:00,15.6,243.0
2024-05-27 14:00:00,16.5,399.0
2024-05-27 15:00:00,16.9,495.0
2024-05-27 16:00:00,16.1,308.0
2024-05-27 17:00:00,16.2,296.0
2024-05-27 18:00:00,15.5,210.0
2024-05-27 19:00:00,14.3,106.0
2024-05-27 20:00:00,12.6,13.0
2024-05-27 21:00:00,13.0,0.0
2024-05-27 22:00:00,11.7,0.0
2024-05-27 23:00:00,11.1,0.0
2024-05-28 00:00:00,11.4,0.0
2024-05-28 01:00:00,9.1,0.0
2024-05-28 02:00:00,8.8,0.0
2024-05-28 03:00:00,8.6,0.0
2024-05-28 04:00:00,8.5,0.0
2024-05-28 05:00:00,8.7,2.0
2024-05-28 06:00:00,9.7,52.0
2024-05-28 07:00:00,11.6,158.0
2024-05-28 08:00:00,15.1,396.0
2024-05-28 09:00:00,17.2,596.0
2024-05-28 10:00:00,19.1,745.0
2024-05-28 11:00:00,20.8,855.0
2024-05-28 12:00:00,22.0,915.0
2024-05-28 13:00:00,22.6,919.0
2024-05-28 14:00:00,22.4,879.0
2024-05-28 15:00:00,21.8,785.0
2024-05-28 16:00:00,21.1,645.0
2024-05-28 17:00:00,20.1,474.0
2024-05-28 18:00:00,18.9,293.0
2024-05-28 19:00:00,16.9,126.0
2024-05-28 20:00:00,14.4,14.0
2024-05-28 21:00:00,13.9,0.0
2024-05-28 22:00:00,13.9,0.0
2024-05-28 23:00:00,13.5,0.0
2024-05-29 00:00:00,12.6,0.0
2024-05-29 01:00:00,11.7,0.0
2024-05-29 02:00:00,11.0,0.0
2024-05-29 03:00:00,10.6,0.0
2024-05-29 04:00:00,10.1,0.0
2024-05-29 05:00:00,10.3,3.0
2024-05-29 06:00:00,12.8,75.0
2024-05-29 07:00:00,15.7,225.0
2024-05-29 08:00:00,17.6,409.0
2024-05-29 09:00:00,19.0,578.0
2024-05-29 10:00:00,20.4,736.0
2024-05-29 11:00:00,21.6,835.0
2024-05-29 12:00:00,21.1,904.0
2024-05-29 13:00:00,21.6,916.0
2024-05-29 14:00:00,21.4,865.0
2024-05-29 15:00:00,20.5,754.0
2024-05-29 16:00:00,19.3,604.0
2024-05-29 17:00:00,18.7,465.0
2024-05-29 18:00:00,18.2,274.0
2024-05-29 19:00:00,17.1,115.0
2024-05-29 20:00:00,15.5,13.0
2024-05-29 21:00:00,15.7,0.0
2024-05-29 22:00:00,15.5,0.0
2024-05-29 23:00:00,13.5,0.0
2024-05-30 00:00:00,13.1,0.0
2024-05-30 01:00:00,15.5,0.0
2024-05-30 02:00:00,16.0,0.0
2024-05-30 03:00:00,16.4,0.0
2024-05-30 04:00:00,16.5,0.0
2024-05-30 05:00:00,16.5,1.0
2024-05-30 06:00:00,16.6,10.0
2024-05-30 07:00:00,16.9,62.0
2024-05-30 08:00:00,16.9,80.0
2024-05-30 09:00:00,16.8,91.0
2024-05-30 10:00:00,16.1,112.0
2024-05-30 11:00:00,15.7,126.0
2024-05-30 12:00:00,15.5,155.0
2024-05-30 13:00:00,14.7,135.0
2024-05-30 14:00:00,15.0,193.0
2024-05-30 15:00:00,15.1,182.0
2024-05-30 16:00:00,15.4,152.0
2024-05-30 17:00:00,15.7,161.0
2024-05-30 18:00:00,15.6,121.0
2024-05-30 19:00:00,15.3,59.0
2024-05-30 20:00:00,13.9,11.0
2024-05-30 21:00:00,12.7,0.0
2024-05-30 22:00:00,12.7,0.0
2024-05-30 23:00:00,11.6,0.0
2024-05-31 00:00:00,11.8,0.0
2024-05-31 01:00:00,13.0,0.0
2024-05-31 02:00:00,12.9,0.0
2024-05-31 03:00:00,12.5,0.0
2024-05-31 04:00:00,11.5,0.0
2024-05-31 05:00:00,11.1,3.0
2024-05-31 06:00:00,13.5,76.0
2024-05-31 07:00:00,14.9,192.0
2024-05-31 08:00:00,15.8,300.0
2024-05-31 09:00:00,16.2,361.0
2024-05-31 10:00:00,16.4,359.0
2024-05-31 11:00:00,16.9,474.0
2024-05-31 12:00:00,17.1,495.0
2024-05-31 13:00:00,16.9,688.0
2024-05-31 14:00:00,17.2,675.0
2024-05-31 15:00:00,17.5,633.0
2024-05-31 16:00:00,17.1,500.0
2024-05-31 17:00:00,16.5,322.0
2024-05-31 18:00:00,15.9,252.0
2024-05-31 19:00:00,14.9,112.0
2024-05-31 20:00:00,13.1,15.0
2024-05-31 21:00:00,12.4,0.0
2024-05-31 22:00:00,12.2,0.0
2024-05-31 23:00:00,13.2,0.0
2024-06-01 00:00:00,11.8,0.0
2024-06-01 01:00:00,11.4,0.0
2024-06-01 02:00:00,10.5,0.0
2024-06-01 03:00:00,10.1,0.0
2024-06-01 04:00:00,9.8,0.0
2024-06-01 05:00:00,9.6,3.0
2024-06-01 06:00:00,11.9,76.0
2024-06-01 07:00:00,14.4,182.0
2024-06-01 08:00:00,16.3,397.0
2024-06-01 09:00:00,16.9,467.0
2024-06-01 10:00:00,16.8,443.0
2024-06-01 11:00:00,17.3,548.0
2024-06-01 12:00:00,18.0,697.0
2024-06-01 13:00:00,17.8,667.0
2024-06-01 14:00:00,18.3,736.0
2024-06-01 15:00:00,18.2,750.0
2024-06-01 16:00:00,17.6,599.0
2024-06-01 17:00:00,16.9,365.0
2024-06-01 18:00:00,16.3,253.0
2024-06-01 19:00:00,15.4,113.0
2024-06-01 20:00:00,13.9,15.0
2024-06-01 21:00:00,13.1,0.0
2024-06-01 22:00:00,13.0,0.0
2024-06-01 23:00:00,13.1,0.0
2024-06-02 00:00:00,12.0,0.0
2024-06-02 01:00:00,13.2,0.0
2024-06-02 02:00:00,13.2,0.0
2024-06-02 03:00:00,13.9,0.0
2024-06-02 04:00:00,13.9,0.0
2024-06-02 05:00:00,14.0,2.0
2024-06-02 06:00:00,14.4,66.0
2024-06-02 07:00:00,15.7,209.0
2024-06-02 08:00:00,16.4,348.0
2024-06-02 09:00:00,17.4,463.0
2024-06-02 10:00:00,18.1,597.0
2024-06-02 11:00:00,18.5,566.0
2024-06-02 12:00:00,18.9,636.0
2024-06-02 13:00:00,19.2,739.0
2024-06-02 14:00:00,19.1,745.0
2024-06-02 15:00:00,18.8,698.0
2024-06-02 16:00:00,17.4,307.0
2024-06-02 17:00:00,16.8,154.0
2024-06-02 18:00:00,16.3,99.0
2024-06-02 19:00:00,15.8,45.0
2024-06-02 20:00:00,15.4,6.0
2024-06-02 21:00:00,15.3,0.0
2024-06-02 22:00:00,15.2,0.0
2024-06-02 23:00:00,15.1,0.0
2024-06-03 00:00:00,15.0,0.0
2024-06-03 01:00:00,13.2,0.0
2024-06-03 02:00:00,13.1,0.0
2024-06-03 03:00:00,13.8,0.0
2024-06-03 04:00:00,14.4,0.0
2024-06-03 05:00:00,14.6,2.0
2024-06-03 06:00:00,15.2,30.0
2024-06-03 07:00:00,15.6,54.0
2024-06-03 08:00:00,16.4,141.0
2024-06-03 09:00:00,17.5,353.0
2024-06-03 10:00:00,17.6,288.0
2024-06-03 11:00:00,17.8,309.0
2024-06-03 12:00:00,18.9,408.0
2024-06-03 13:00:00,18.4,285.0
2024-06-03 14:00:00,19.2,368.0
2024-06-03 15:00:00,19.3,350.0
2024-06-03 16:00:00,19.1,377.0
2024-06-03 17:00:00,18.9,416.0
2024-06-03 18:00:00,17.7,258.0
2024-06-03 19:00:00,16.4,120.0
2024-06-03 20:00:00,14.6,17.0
2024-06-03 21:00:00,13.9,0.0
2024-06-03 22:00:00,14.2,0.0
2024-06-03 23:00:00,12.8,0.0
2024-06-04 00:00:00,13.0,0.0
2024-06-04 01:00:00,12.7,0.0
2024-06-04 02:00:00,12.7,0.0
2024-06-04 03:00:00,13.6,0.0
2024-06-04 04:00:00,13.4,0.0
2024-06-04 05:00:00,12.8,3.0
2024-06-04 06:00:00,13.4,84.0
2024-06-04 07:00:00,15.4,238.0
2024-06-04 08:00:00,18.1,430.0
2024-06-04 09:00:00,20.2,604.0
2024-06-04 10:00:00,21.8,737.0
2024-06-04 11:00:00,22.9,842.0
2024-06-04 12:00:00,23.3,889.0
2024-06-04 13:00:00,23.5,913.0
2024-06-04 14:00:00,23.6,891.0
2024-06-04 15:00:00,23.4,798.0
2024-06-04 16:00:00,22.7,644.0
2024-06-04 17:00:00,21.9,483.0
2024-06-04 18:00:00,20.8,304.0
2024-06-04 19:00:00,19.2,135.0
2024-06-04 20:00:00,16.3,19.0
2024-06-04 21:00:00,15.4,0.0
2024-06-04 22:00:00,14.9,0.0
2024-06-04 23:00:00,15.5,0.0
2024-06-05 00:00:00,15.1,0.0
2024-06-05 01:00:00,13.9,0.0
2024-06-05 02:00:00,13.0,0.0
2024-06-05 03:00:00,12.3,0.0
2024-06-05 04:00:00,12.3,0.0
2024-06-05 05:00:00,13.0,4.0
2024-06-05 06:00:00,14.5,86.0
2024-06-05 07:00:00,17.4,238.0
2024-06-05 08:00:00,19.8,427.0
2024-06-05 09:00:00,21.9,600.0
2024-06-05 10:00:00,23.8,746.0
2024-06-05 11:00:00,25.2,840.0
2024-06-05 12:00:00,25.6,915.0
2024-06-05 13:00:00,25.4,859.0
2024-06-05 14:00:00,24.3,707.0
2024-06-05 15:00:00,23.3,739.0
2024-06-05 16:00:00,22.8,622.0
2024-06-05 17:00:00,20.8,408.0
2024-06-05 18:00:00,19.7,224.0
2024-06-05 19:00:00,18.6,112.0
2024-06-05 20:00:00,16.7,19.0
2024-06-05 21:00:00,15.8,0.0
2024-06-05 22:00:00,15.5,0.0
2024-06-05 23:00:00,14.4,0.0
2024-06-06 00:00:00,14.9,0.0
2024-06-06 01:00:00,15.5,0.0
2024-06-06 02:00:00,15.0,0.0
2024-06-06 03:00:00,14.6,0.0
2024-06-06 04:00:00,14.8,0.0
2024-06-06 05:00:00,15.0,3.0
2024-06-06 06:00:00,15.8,42.0
2024-06-06 07:00:00,17.1,146.0
2024-06-06 08:00:00,18.8,280.0
2024-06-06 09:00:00,20.0,341.0
2024-06-06 10:00:00,21.7,508.0
2024-06-06 11:00:00,23.0,697.0
2024-06-06 12:00:00,22.3,670.0
2024-06-06 13:00:00,21.9,749.0
2024-06-06 14:00:00,21.6,844.0
2024-06-06 15:00:00,21.1,684.0
2024-06-06 16:00:00,21.0,607.0
2024-06-06 17:00:00,20.1,414.0
2024-06-06 18:00:00,18.5,269.0
2024-06-06 19:00:00,17.8,87.0
2024-06-06 20:00:00,16.8,14.0
2024-06-06 21:00:00,16.1,0.0
2024-06-06 22:00:00,15.9,0.0
2024-06-06 23:00:00,15.5,0.0
2024-06-07 00:00:00,15.5,0.0
2024-06-07 01:00:00,15.8,0.0
2024-06-07 02:00:00,15.5,0.0
2024-06-07 03:00:00,15.5,0.0
2024-06-07 04:00:00,15.4,0.0
2024-06-07 05:00:00,15.5,2.0
2024-06-07 06:00:00,16.3,41.0
2024-06-07 07:00:00,17.5,147.0
2024-06-07 08:00:00,18.3,248.0
2024-06-07 09:00:00,19.3,337.0
2024-06-07 10:00:00,21.6,649.0
2024-06-07 11:00:00,22.6,715.0
2024-06-07 12:00:00,22.6,673.0
2024-06-07 13:00:00,23.0,547.0
2024-06-07 14:00:00,23.1,726.0
2024-06-07 15:00:00,23.3,683.0
2024-06-07 16:00:00,23.7,590.0
2024-06-07 17:00:00,23.1,455.0
2024-06-07 18:00:00,20.4,233.0
2024-06-07 19:00:00,18.3,57.0
2024-06-07 20:00:00,17.6,14.0
2024-06-07 21:00:00,17.2,0.0
2024-06-07 22:00:00,17.3,0.0
2024-06-07 23:00:00,17.2,0.0
2024-06-08 00:00:00,17.2,0.0
2024-06-08 01:00:00,17.4,0.0
2024-06-08 02:00:00,17.2,0.0
2024-06-08 03:00:00,16.6,0.0
2024-06-08 04:00:00,16.4,0.0
2024-06-08 05:00:00,15.5,4.0
2024-06-08 06:00:00,17.5,80.0
2024-06-08 07:00:00,18.4,233.0
2024-06-08 08:00:00,19.5,344.0
2024-06-08 09:00:00,19.5,247.0
2024-06-08 10:00:00,20.1,297.0
2024-06-08 11:00:00,20.8,338.0
2024-06-08 12:00:00,21.0,396.0
2024-06-08 13:00:00,19.4,250.0
2024-06-08 14:00:00,19.4,264.0
2024-06-08 15:00:00,18.8,142.0
2024-06-08 16:00:00,18.2,108.0
2024-06-08 17:00:00,18.3,137.0
2024-06-08 18:00:00,17.8,57.0
2024-06-08 19:00:00,17.0,17.0
2024-06-08 20:00:00,16.5,7.0
2024-06-08 21:00:00,16.4,0.0
2024-06-08 22:00:00,16.5,0.0
2024-06-08 23:00:00,16.5,0.0
2024-06-09 00:00:00,16.3,0.0
2024-06-09 01:00:00,15.7,0.0
2024-06-09 02:00:00,15.5,0.0
2024-06-09 03:00:00,15.2,0.0
2024-06-09 04:00:00,14.9,0.0
2024-06-09 05:00:00,14.9,1.0
2024-06-09 06:00:00,15.3,49.0
2024-06-09 07:00:00,15.9,143.0
2024-06-09 08:00:00,16.3,158.0
2024-06-09 09:00:00,16.8,217.0
2024-06-09 10:00:00,18.0,471.0
2024-06-09 11:00:00,18.1,413.0
2024-06-09 12:00:00,18.8,630.0
2024-06-09 13:00:00,17.8,425.0
2024-06-09 14:00:00,17.4,450.0
2024-06-09 15:00:00,17.3,401.0
2024-06-09 16:00:00,17.1,243.0
2024-06-09 17:00:00,16.6,150.0
2024-06-09 18:00:00,16.5,141.0
2024-06-09 19:00:00,15.8,70.0
2024-06-09 20:00:00,15.5,14.0
2024-06-09 21:00:00,15.3,0.0
2024-06-09 22:00:00,14.8,0.0
2024-06-09 23:00:00,15.0,0.0
2024-06-10 00:00:00,14.4,0.0
2024-06-10 01:00:00,14.6,0.0
2024-06-10 02:00:00,14.2,0.0
2024-06-10 03:00:00,14.1,0.0
2024-06-10 04:00:00,13.8,0.0
2024-06-10 05:00:00,13.9,3.0
2024-06-10 06:00:00,15.0,59.0
2024-06-10 07:00:00,15.7,175.0
2024-06-10 08:00:00,16.7,366.0
2024-06-10 09:00:00,17.4,515.0
2024-06-10 10:00:00,17.9,662.0
2024-06-10 11:00:00,18.3,717.0
2024-06-10 12:00:00,18.6,827.0
2024-06-10 13:00:00,18.7,826.0
2024-06-10 14:00:00,18.7,829.0
2024-06-10 15:00:00,17.9,626.0
2024-06-10 16:00:00,17.6,507.0
2024-06-10 17:00:00,17.2,421.0
2024-06-10 18:00:00,16.6,260.0
2024-06-10 19:00:00,16.0,61.0
2024-06-10 20:00:00,15.1,13.0
2024-06-10 21:00:00,14.9,0.0
2024-06-10 22:00:00,14.2,0.0
2024-06-10 23:00:00,14.3,0.0
2024-06-11 00:00:00,14.7,0.0
2024-06-11 01:00:00,14.9,0.0
2024-06-11 02:00:00,14.6,0.0
2024-06-11 03:00:00,14.5,0.0
2024-06-11 04:00:00,14.3,0.0
2024-06-11 05:00:00,14.1,1.0
2024-06-11 06:00:00,14.5,38.0
2024-06-11 07:00:00,15.0,130.0
2024-06-11 08:00:00,15.3,171.0
2024-06-11 09:00:00,15.6,232.0
2024-06-11 10:00:00,16.1,289.0
2024-06-11 11:00:00,16.3,303.0
2024-06-11 12:00:00,16.5,258.0
2024-06-11 13:00:00,16.5,327.0
2024-06-11 14:00:00,17.4,429.0
2024-06-11 15:00:00,17.1,322.0
2024-06-11 16:00:00,16.8,179.0
2024-06-11 17:00:00,16.4,153.0
2024-06-11 18:00:00,15.4,69.0
2024-06-11 19:00:00,15.3,90.0
2024-06-11 20:00:00,15.1,9.0
2024-06-11 21:00:00,15.0,0.0
2024-06-11 22:00:00,14.8,0.0
2024-06-11 23:00:00,14.6,0.0
2024-06-12 00:00:00,13.7,0.0
2024-06-12 01:00:00,14.2,0.0
2024-06-12 02:00:00,13.4,0.0
2024-06-12 03:00:00,12.6,0.0
2024-06-12 04:00:00,12.4,0.0
2024-06-12 05:00:00,12.0,4.0
2024-06-12 06:00:00,13.3,78.0
2024-06-12 07:00:00,14.9,211.0
2024-06-12 08:00:00,15.8,341.0
2024-06-12 09:00:00,16.6,467.0
2024-06-12 10:00:00,17.7,666.0
2024-06-12 11:00:00,18.2,743.0
2024-06-12 12:00:00,18.1,705.0
2024-06-12 13:00:00,18.8,877.0
2024-06-12 14:00:00,18.2,717.0
2024-06-12 15:00:00,17.8,559.0
2024-06-12 16:00:00,16.8,384.0
2024-06-12 17:00:00,16.4,354.0
2024-06-12 18:00:00,16.0,202.0
2024-06-12 19:00:00,15.5,105.0
2024-06-12 20:00:00,14.0,20.0
2024-06-12 21:00:00,13.1,0.0
2024-06-12 22:00:00,12.0,0.0
2024-06-12 23:00:00,11.3,0.0
2024-06-13 00:00:00,9.9,0.0
2024-06-13 01:00:00,10.2,0.0
2024-06-13 02:00:00,9.7,0.0
2024-06-13 03:00:00,9.4,0.0
2024-06-13 04:00:00,9.0,0.0
2024-06-13 05:00:00,9.1,4.0
2024-06-13 06:00:00,10.6,70.0
2024-06-13 07:00:00,13.2,227.0
2024-06-13 08:00:00,16.5,434.0
2024-06-13 09:00:00,19.5,606.0
2024-06-13 10:00:00,22.0,682.0
2024-06-13 11:00:00,23.8,684.0
2024-06-13 12:00:00,25.7,852.0
2024-06-13 13:00:00,26.7,812.0
2024-06-13 14:00:00,27.2,784.0
2024-06-13 15:00:00,23.6,475.0
2024-06-13 16:00:00,18.9,225.0
2024-06-13 17:00:00,20.0,244.0
2024-06-13 18:00:00,19.1,161.0
2024-06-13 19:00:00,17.2,101.0
2024-06-13 20:00:00,16.1,4.0
2024-06-13 21:00:00,15.5,0.0
2024-06-13 22:00:00,14.9,0.0
2024-06-13 23:00:00,15.5,0.0
2024-06-14 00:00:00,15.4,0.0
2024-06-14 01:00:00,14.9,0.0
2024-06-14 02:00:00,14.5,0.0
2024-06-14 03:00:00,13.4,0.0
2024-06-14 04:00:00,13.0,0.0
2024-06-14 05:00:00,13.3,4.0
2024-06-14 06:00:00,15.4,78.0
2024-06-14 07:00:00,17.8,223.0
2024-06-14 08:00:00,20.0,391.0
2024-06-14 09:00:00,21.5,544.0
2024-06-14 10:00:00,22.8,676.0
2024-06-14 11:00:00,22.5,722.0
2024-06-14 12:00:00,21.1,637.0
2024-06-14 13:00:00,21.4,778.0
2024-06-14 14:00:00,18.5,266.0
2024-06-14 15:00:00,18.5,325.0
2024-06-14 16:00:00,19.1,307.0
2024-06-14 17:00:00,17.5,99.0
2024-06-14 18:00:00,16.7,67.0
2024-06-14 19:00:00,16.6,29.0
2024-06-14 20:00:00,16.2,5.0
2024-06-14 21:00:00,16.0,0.0
2024-06-14 22:00:00,15.8,0.0
2024-06-14 23:00:00,15.5,0.0
2024-06-15 00:00:00,15.2,0.0
2024-06-15 01:00:00,15.2,0.0
2024-06-15 02:00:00,14.3,0.0
2024-06-15 03:00:00,14.8,0.0
2024-06-15 04:00:00,15.0,0.0
2024-06-15 05:00:00,15.0,2.0
2024-06-15 06:00:00,15.6,37.0
2024-06-15 07:00:00,16.1,113.0
2024-06-15 08:00:00,17.0,242.0
2024-06-15 09:00:00,17.9,350.0
2024-06-15 10:00:00,19.7,638.0
2024-06-15 11:00:00,19.7,550.0
2024-06-15 12:00:00,18.4,383.0
2024-06-15 13:00:00,18.8,537.0
2024-06-15 14:00:00,18.5,385.0
2024-06-15 15:00:00,19.2,539.0
2024-06-15 16:00:00,18.4,408.0
2024-06-15 17:00:00,18.4,381.0
2024-06-15 18:00:00,17.8,294.0
2024-06-15 19:00:00,17.1,141.0
2024-06-15 20:00:00,14.4,25.0
2024-06-15 21:00:00,15.2,0.0
2024-06-15 22:00:00,13.0,0.0
2024-06-15 23:00:00,12.7,0.0
2024-06-16 00:00:00,11.9,0.0
2024-06-16 01:00:00,12.3,0.0
2024-06-16 02:00:00,11.5,0.0
2024-06-16 03:00:00,11.4,0.0
2024-06-16 04:00:00,11.1,0.0
2024-06-16 05:00:00,11.4,5.0
2024-06-16 06:00:00,13.3,83.0
2024-06-16 07:00:00,16.4,235.0
2024-06-16 08:00:00,19.3,414.0
2024-06-16 09:00:00,21.3,578.0
2024-06-16 10:00:00,22.4,720.0
2024-06-16 11:00:00,23.9,833.0
2024-06-16 12:00:00,22.3,271.0
2024-06-16 13:00:00,23.8,797.0
2024-06-16 14:00:00,22.9,602.0
2024-06-16 15:00:00,21.1,473.0
2024-06-16 16:00:00,22.1,507.0
2024-06-16 17:00:00,21.7,260.0
2024-06-16 18:00:00,20.7,139.0
2024-06-16 19:00:00,19.5,85.0
2024-06-16 20:00:00,18.2,13.0
2024-06-16 21:00:00,17.8,0.0
2024-06-16 22:00:00,16.4,0.0
2024-06-16 23:00:00,17.2,0.0
2024-06-17 00:00:00,15.2,0.0
2024-06-17 01:00:00,15.0,0.0
2024-06-17 02:00:00,14.3,0.0
2024-06-17 03:00:00,14.2,0.0
2024-06-17 04:00:00,13.2,0.0
2024-06-17 05:00:00,13.2,5.0
2024-06-17 06:00:00,15.0,77.0
2024-06-17 07:00:00,17.6,151.0
2024-06-17 08:00:00,21.5,372.0
2024-06-17 09:00:00,23.5,579.0
2024-06-17 10:00:00,25.3,732.0
2024-06-17 11:00:00,26.8,832.0
2024-06-17 12:00:00,27.9,900.0
2024-06-17 13:00:00,29.3,862.0
2024-06-17 14:00:00,28.6,678.0
2024-06-17 15:00:00,25.7,633.0
2024-06-17 16:00:00,25.4,591.0
2024-06-17 17:00:00,25.0,215.0
2024-06-17 18:00:00,24.2,262.0
2024-06-17 19:00:00,22.4,97.0
2024-06-17 20:00:00,20.2,15.0
2024-06-17 21:00:00,18.6,0.0
2024-06-17 22:00:00,17.5,0.0
2024-06-17 23:00:00,16.6,0.0
2024-06-18 00:00:00,17.2,0.0
2024-06-18 01:00:00,17.1,0.0
2024-06-18 02:00:00,17.3,0.0
2024-06-18 03:00:00,17.5,0.0
2024-06-18 04:00:00,17.4,0.0
2024-06-18 05:00:00,16.8,3.0
2024-06-18 06:00:00,17.1,28.0
2024-06-18 07:00:00,17.8,101.0
2024-06-18 08:00:00,19.1,267.0
2024-06-18 09:00:00,20.4,300.0
2024-06-18 10:00:00,23.1,587.0
2024-06-18 11:00:00,23.6,552.0
2024-06-18 12:00:00,25.2,627.0
2024-06-18 13:00:00,20.8,301.0
2024-06-18 14:00:00,23.1,588.0
2024-06-18 15:00:00,24.1,473.0
2024-06-18 16:00:00,24.6,558.0
2024-06-18 17:00:00,23.5,459.0
2024-06-18 18:00:00,20.9,231.0
2024-06-18 19:00:00,18.2,90.0
2024-06-18 20:00:00,17.5,15.0
2024-06-18 21:00:00,17.6,0.0
2024-06-18 22:00:00,17.4,0.0
2024-06-18 23:00:00,16.3,0.0
2024-06-19 00:00:00,16.0,0.0
2024-06-19 01:00:00,16.6,0.0
2024-06-19 02:00:00,16.3,0.0
2024-06-19 03:00:00,14.3,0.0
2024-06-19 04:00:00,14.3,0.0
2024-06-19 05:00:00,14.5,5.0
2024-06-19 06:00:00,15.2,84.0
2024-06-19 07:00:00,17.1,239.0
2024-06-19 08:00:00,18.6,412.0
2024-06-19 09:00:00,19.8,573.0
2024-06-19 10:00:00,20.6,634.0
2024-06-19 11:00:00,21.0,735.0
2024-06-19 12:00:00,20.4,725.0
2024-06-19 13:00:00,19.8,463.0
2024-06-19 14:00:00,20.1,571.0
2024-06-19 15:00:00,20.2,540.0
2024-06-19 16:00:00,19.5,544.0
2024-06-19 17:00:00,19.2,299.0
2024-06-19 18:00:00,17.9,166.0
2024-06-19 19:00:00,17.6,56.0
2024-06-19 20:00:00,17.4,11.0
2024-06-19 21:00:00,17.3,0.0
2024-06-19 22:00:00,16.0,0.0
2024-06-19 23:00:00,15.1,0.0
2024-06-20 00:00:00,15.8,0.0
2024-06-20 01:00:00,14.7,0.0
2024-06-20 02:00:00,15.7,0.0
2024-06-20 03:00:00,15.5,0.0
2024-06-20 04:00:00,15.7,0.0
2024-06-20 05:00:00,15.6,3.0
2024-06-20 06:00:00,16.1,55.0
2024-06-20 07:00:00,16.4,88.0
2024-06-20 08:00:00,17.3,222.0
2024-06-20 09:00:00,18.5,388.0
2024-06-20 10:00:00,19.6,528.0
2024-06-20 11:00:00,19.9,482.0
2024-06-20 12:00:00,19.8,424.0
2024-06-20 13:00:00,18.5,246.0
2024-06-20 14:00:00,19.1,371.0
2024-06-20 15:00:00,20.1,497.0
2024-06-20 16:00:00,18.6,460.0
2024-06-20 17:00:00,17.6,108.0
2024-06-20 18:00:00,17.8,181.0
2024-06-20 19:00:00,17.1,83.0
2024-06-20 20:00:00,16.3,21.0
2024-06-20 21:00:00,15.8,0.0
2024-06-20 22:00:00,14.8,0.0
2024-06-20 23:00:00,14.4,0.0
2024-06-21 00:00:00,13.8,0.0
2024-06-21 01:00:00,15.5,0.0
2024-06-21 02:00:00,14.8,0.0
2024-06-21 03:00:00,15.4,0.0
2024-06-21 04:00:00,15.9,0.0
2024-06-21 05:00:00,15.9,1.0
2024-06-21 06:00:00,16.3,34.0
2024-06-21 07:00:00,17.1,200.0
2024-06-21 08:00:00,17.9,305.0
2024-06-21 09:00:00,18.3,362.0
2024-06-21 10:00:00,19.0,474.0
2024-06-21 11:00:00,19.8,646.0
2024-06-21 12:00:00,20.0,708.0
2024-06-21 13:00:00,19.1,506.0
2024-06-21 14:00:00,18.3,280.0
2024-06-21 15:00:00,18.1,278.0
2024-06-21 16:00:00,17.8,193.0
2024-06-21 17:00:00,18.3,231.0
2024-06-21 18:00:00,17.8,154.0
2024-06-21 19:00:00,16.7,128.0
2024-06-21 20:00:00,15.5,24.0
2024-06-21 21:00:00,16.4,0.0
2024-06-21 22:00:00,16.2,0.0
2024-06-21 23:00:00,16.4,0.0
2024-06-22 00:00:00,16.3,0.0
2024-06-22 01:00:00,16.3,0.0
2024-06-22 02:00:00,16.0,0.0
2024-06-22 03:00:00,15.7,0.0
2024-06-22 04:00:00,14.8,0.0
2024-06-22 05:00:00,14.7,3.0
2024-06-22 06:00:00,16.0,57.0
2024-06-22 07:00:00,16.6,47.0
2024-06-22 08:00:00,17.5,134.0
2024-06-22 09:00:00,17.5,92.0
2024-06-22 10:00:00,18.1,159.0
2024-06-22 11:00:00,19.1,327.0
2024-06-22 12:00:00,19.4,371.0
2024-06-22 13:00:00,19.6,477.0
2024-06-22 14:00:00,18.5,163.0
2024-06-22 15:00:00,18.7,171.0
2024-06-22 16:00:00,18.7,213.0
2024-06-22 17:00:00,17.8,66.0
2024-06-22 18:00:00,18.0,74.0
2024-06-22 19:00:00,17.9,83.0
2024-06-22 20:00:00,17.1,7.0
2024-06-22 21:00:00,17.2,0.0
2024-06-22 22:00:00,17.2,0.0
2024-06-22 23:00:00,16.8,0.0
2024-06-23 00:00:00,16.7,0.0
2024-06-23 01:00:00,16.7,0.0
2024-06-23 02:00:00,16.8,0.0
2024-06-23 03:00:00,17.3,0.0
2024-06-23 04:00:00,17.4,0.0
2024-06-23 05:00:00,17.6,0.0
2024-06-23 06:00:00,17.7,11.0
2024-06-23 07:00:00,17.8,32.0
2024-06-23 08:00:00,18.1,89.0
2024-06-23 09:00:00,18.3,114.0
2024-06-23 10:00:00,18.5,126.0
2024-06-23 11:00:00,18.8,166.0
2024-06-23 12:00:00,19.0,208.0
2024-06-23 13:00:00,19.0,269.0
2024-06-23 14:00:00,18.7,169.0
2024-06-23 15:00:00,18.9,206.0
2024-06-23 16:00:00,18.7,179.0
2024-06-23 17:00:00,18.7,168.0
2024-06-23 18:00:00,18.0,65.0
2024-06-23 19:00:00,17.7,32.0
2024-06-23 20:00:00,17.4,6.0
2024-06-23 21:00:00,17.3,0.0
2024-06-23 22:00:00,17.2,0.0
2024-06-23 23:00:00,17.1,0.0
2024-06-24 00:00:00,17.1,0.0
2024-06-24 01:00:00,17.3,0.0
2024-06-24 02:00:00,17.3,0.0
2024-06-24 03:00:00,17.2,0.0
2024-06-24 04:00:00,17.1,0.0
2024-06-24 05:00:00,17.1,1.0
2024-06-24 06:00:00,17.6,38.0
2024-06-24 07:00:00,18.0,134.0
2024-06-24 08:00:00,19.0,366.0
2024-06-24 09:00:00,20.3,474.0
2024-06-24 10:00:00,21.5,575.0
2024-06-24 11:00:00,23.1,751.0
2024-06-24 12:00:00,23.5,699.0
2024-06-24 13:00:00,23.7,750.0
2024-06-24 14:00:00,23.1,676.0
2024-06-24 15:00:00,23.4,778.0
2024-06-24 16:00:00,23.1,668.0
2024-06-24 17:00:00,22.3,502.0
2024-06-24 18:00:00,21.2,331.0
2024-06-24 19:00:00,19.8,157.0
2024-06-24 20:00:00,17.1,29.0
2024-06-24 21:00:00,17.7,0.0
2024-06-24 22:00:00,15.7,0.0
2024-06-24 23:00:00,14.9,0.0
2024-06-25 00:00:00,14.4,0.0
2024-06-25 01:00:00,14.5,0.0
2024-06-25 02:00:00,13.8,0.0
2024-06-25 03:00:00,13.4,0.0
2024-06-25 04:00:00,12.9,0.0
2024-06-25 05:00:00,12.8,4.0
2024-06-25 06:00:00,14.1,69.0
2024-06-25 07:00:00,16.9,211.0
2024-06-25 08:00:00,20.4,426.0
2024-06-25 09:00:00,23.1,599.0
2024-06-25 10:00:00,25.5,746.0
2024-06-25 11:00:00,27.5,854.0
2024-06-25 12:00:00,28.9,913.0
2024-06-25 13:00:00,28.6,917.0
2024-06-25 14:00:00,26.8,872.0
2024-06-25 15:00:00,25.9,779.0
2024-06-25 16:00:00,25.4,644.0
2024-06-25 17:00:00,23.5,443.0
2024-06-25 18:00:00,22.1,273.0
2024-06-25 19:00:00,21.1,132.0
2024-06-25 20:00:00,19.4,25.0
2024-06-25 21:00:00,20.0,0.0
2024-06-25 22:00:00,18.5,0.0
2024-06-25 23:00:00,18.1,0.0
2024-06-26 00:00:00,17.7,0.0
2024-06-26 01:00:00,19.4,0.0
2024-06-26 02:00:00,18.9,0.0
2024-06-26 03:00:00,18.3,0.0
2024-06-26 04:00:00,17.9,0.0
2024-06-26 05:00:00,18.1,3.0
2024-06-26 06:00:00,19.4,55.0
2024-06-26 07:00:00,21.8,205.0
2024-06-26 08:00:00,23.9,403.0
2024-06-26 09:00:00,25.7,575.0
2024-06-26 10:00:00,26.6,689.0
2024-06-26 11:00:00,26.6,703.0
2024-06-26 12:00:00,25.7,596.0
2024-06-26 13:00:00,26.0,756.0
2024-06-26 14:00:00,27.2,861.0
2024-06-26 15:00:00,27.7,707.0
2024-06-26 16:00:00,24.0,550.0
2024-06-26 17:00:00,22.6,402.0
2024-06-26 18:00:00,22.4,210.0
2024-06-26 19:00:00,21.7,68.0
2024-06-26 20:00:00,20.3,25.0
2024-06-26 21:00:00,19.9,0.0
2024-06-26 22:00:00,18.9,0.0
2024-06-26 23:00:00,19.7,0.0
2024-06-27 00:00:00,18.7,0.0
2024-06-27 01:00:00,19.7,0.0
2024-06-27 02:00:00,19.7,0.0
2024-06-27 03:00:00,19.6,0.0
2024-06-27 04:00:00,19.6,0.0
2024-06-27 05:00:00,19.6,2.0
2024-06-27 06:00:00,20.1,33.0
2024-06-27 07:00:00,20.7,84.0
2024-06-27 08:00:00,22.1,346.0
2024-06-27 09:00:00,22.4,240.0
2024-06-27 10:00:00,23.9,575.0
2024-06-27 11:00:00,23.8,523.0
2024-06-27 12:00:00,23.4,599.0
2024-06-27 13:00:00,23.0,493.0
2024-06-27 14:00:00,23.4,549.0
2024-06-27 15:00:00,21.8,382.0
2024-06-27 16:00:00,21.2,393.0
2024-06-27 17:00:00,20.8,177.0
2024-06-27 18:00:00,20.5,124.0
2024-06-27 19:00:00,19.9,48.0
2024-06-27 20:00:00,19.3,15.0
2024-06-27 21:00:00,18.9,0.0
2024-06-27 22:00:00,18.2,0.0
2024-06-27 23:00:00,18.4,0.0
2024-06-28 00:00:00,18.4,0.0
2024-06-28 01:00:00,18.9,0.0
2024-06-28 02:00:00,18.7,0.0
2024-06-28 03:00:00,18.6,0.0
2024-06-28 04:00:00,18.4,0.0
2024-06-28 05:00:00,18.4,1.0
2024-06-28 06:00:00,18.7,25.0
2024-06-28 07:00:00,19.4,103.0
2024-06-28 08:00:00,20.2,188.0
2024-06-28 09:00:00,21.0,261.0
2024-06-28 10:00:00,21.6,308.0
2024-06-28 11:00:00,22.3,405.0
2024-06-28 12:00:00,22.5,459.0
2024-06-28 13:00:00,22.0,438.0
2024-06-28 14:00:00,21.1,301.0
2024-06-28 15:00:00,20.6,259.0
2024-06-28 16:00:00,20.1,212.0
2024-06-28 17:00:00,20.5,266.0
2024-06-28 18:00:00,20.2,169.0
2024-06-28 19:00:00,19.4,55.0
2024-06-28 20:00:00,18.9,10.0
2024-06-28 21:00:00,18.5,0.0
2024-06-28 22:00:00,18.3,0.0
2024-06-28 23:00:00,18.3,0.0
2024-06-29 00:00:00,18.2,0.0
2024-06-29 01:00:00,18.2,0.0
2024-06-29 02:00:00,17.8,0.0
2024-06-29 03:00:00,17.7,0.0
2024-06-29 04:00:00,17.4,0.0
2024-06-29 05:00:00,17.2,1.0
2024-06-29 06:00:00,17.0,27.0
2024-06-29 07:00:00,17.2,142.0
2024-06-29 08:00:00,17.0,97.0
2024-06-29 09:00:00,17.3,140.0
2024-06-29 10:00:00,17.6,211.0
2024-06-29 11:00:00,18.2,306.0
2024-06-29 12:00:00,18.8,338.0
2024-06-29 13:00:00,19.2,445.0
2024-06-29 14:00:00,19.0,419.0
2024-06-29 15:00:00,18.2,196.0
2024-06-29 16:00:00,18.4,207.0
2024-06-29 17:00:00,18.1,142.0
2024-06-29 18:00:00,17.8,105.0
2024-06-29 19:00:00,17.2,35.0
2024-06-29 20:00:00,16.8,5.0
2024-06-29 21:00:00,16.6,0.0
2024-06-29 22:00:00,15.9,0.0
2024-06-29 23:00:00,15.6,0.0
2024-06-30 00:00:00,15.8,0.0
2024-06-30 01:00:00,15.3,0.0
2024-06-30 02:00:00,14.8,0.0
2024-06-30 03:00:00,14.9,0.0
2024-06-30 04:00:00,15.7,0.0
2024-06-30 05:00:00,15.9,1.0
2024-06-30 06:00:00,16.5,52.0
2024-06-30 07:00:00,16.9,130.0
2024-06-30 08:00:00,17.7,221.0
2024-06-30 09:00:00,18.2,233.0
2024-06-30 10:00:00,18.3,215.0
2024-06-30 11:00:00,18.4,265.0
2024-06-30 12:00:00,19.1,377.0
2024-06-30 13:00:00,21.1,797.0
2024-06-30 14:00:00,20.8,728.0
2024-06-30 15:00:00,20.8,684.0
2024-06-30 16:00:00,20.3,534.0
2024-06-30 17:00:00,19.7,476.0
2024-06-30 18:00:00,18.7,270.0
2024-06-30 19:00:00,17.6,147.0
2024-06-30 20:00:00,15.5,26.0
2024-06-30 21:00:00,15.4,0.0
2024-06-30 22:00:00,15.3,0.0
2024-06-30 23:00:00,15.2,0.0
2024-07-01 00:00:00,14.9,0.0
2024-07-01 01:00:00,14.0,0.0
2024-07-01 02:00:00,13.3,0.0
2024-07-01 03:00:00,12.6,0.0
2024-07-01 04:00:00,14.0,0.0
2024-07-01 05:00:00,14.8,2.0
2024-07-01 06:00:00,16.1,33.0
2024-07-01 07:00:00,17.1,83.0
2024-07-01 08:00:00,17.3,109.0
2024-07-01 09:00:00,17.7,129.0
2024-07-01 10:00:00,18.4,203.0
2024-07-01 11:00:00,18.6,213.0
2024-07-01 12:00:00,19.7,544.0
2024-07-01 13:00:00,18.7,204.0
2024-07-01 14:00:00,19.5,362.0
2024-07-01 15:00:00,19.8,564.0
2024-07-01 16:00:00,19.4,416.0
2024-07-01 17:00:00,19.6,285.0
2024-07-01 18:00:00,19.0,209.0
2024-07-01 19:00:00,18.0,85.0
2024-07-01 20:00:00,17.1,21.0
2024-07-01 21:00:00,16.8,0.0
2024-07-01 22:00:00,16.9,0.0
2024-07-01 23:00:00,16.9,0.0
2024-07-02 00:00:00,16.6,0.0
2024-07-02 01:00:00,16.2,0.0
2024-07-02 02:00:00,15.9,0.0
2024-07-02 03:00:00,15.9,0.0
2024-07-02 04:00:00,15.4,0.0
2024-07-02 05:00:00,16.0,1.0
2024-07-02 06:00:00,16.5,36.0
2024-07-02 07:00:00,17.4,113.0
2024-07-02 08:00:00,17.9,180.0
2024-07-02 09:00:00,19.0,414.0
2024-07-02 10:00:00,19.5,478.0
2024-07-02 11:00:00,20.3,639.0
2024-07-02 12:00:00,19.9,548.0
2024-07-02 13:00:00,20.1,492.0
2024-07-02 14:00:00,20.7,677.0
2024-07-02 15:00:00,20.2,487.0
2024-07-02 16:00:00,19.4,373.0
2024-07-02 17:00:00,18.8,235.0
2024-07-02 18:00:00,18.3,134.0
2024-07-02 19:00:00,17.8,96.0
2024-07-02 20:00:00,16.7,21.0
2024-07-02 21:00:00,15.4,0.0
2024-07-02 22:00:00,15.1,0.0
2024-07-02 23:00:00,14.6,0.0
2024-07-03 00:00:00,13.6,0.0
2024-07-03 01:00:00,14.4,0.0
2024-07-03 02:00:00,13.7,0.0
2024-07-03 03:00:00,13.2,0.0
2024-07-03 04:00:00,12.7,0.0
2024-07-03 05:00:00,12.6,3.0
2024-07-03 06:00:00,14.1,74.0
2024-07-03 07:00:00,16.5,222.0
2024-07-03 08:00:00,18.3,422.0
2024-07-03 09:00:00,19.7,541.0
2024-07-03 10:00:00,20.6,611.0
2024-07-03 11:00:00,20.7,671.0
2024-07-03 12:00:00,20.7,686.0
2024-07-03 13:00:00,21.6,855.0
2024-07-03 14:00:00,21.6,822.0
2024-07-03 15:00:00,21.4,695.0
2024-07-03 16:00:00,20.5,559.0
2024-07-03 17:00:00,19.8,485.0
2024-07-03 18:00:00,19.0,288.0
2024-07-03 19:00:00,18.3,135.0
2024-07-03 20:00:00,16.1,28.0
2024-07-03 21:00:00,16.7,0.0
2024-07-03 22:00:00,14.8,0.0
2024-07-03 23:00:00,14.3,0.0
2024-07-04 00:00:00,13.7,0.0
2024-07-04 01:00:00,13.8,0.0
2024-07-04 02:00:00,14.1,0.0
2024-07-04 03:00:00,14.4,0.0
2024-07-04 04:00:00,13.7,0.0
2024-07-04 05:00:00,14.4,2.0
2024-07-04 06:00:00,15.6,27.0
2024-07-04 07:00:00,16.9,60.0
2024-07-04 08:00:00,18.0,103.0
2024-07-04 09:00:00,18.8,135.0
2024-07-04 10:00:00,20.1,268.0
2024-07-04 11:00:00,21.9,518.0
2024-07-04 12:00:00,22.3,468.0
2024-07-04 13:00:00,23.0,745.0
2024-07-04 14:00:00,22.3,615.0
2024-07-04 15:00:00,21.9,537.0
2024-07-04 16:00:00,21.1,281.0
2024-07-04 17:00:00,20.9,234.0
2024-07-04 18:00:00,20.6,177.0
2024-07-04 19:00:00,19.8,101.0
2024-07-04 20:00:00,18.7,19.0
2024-07-04 21:00:00,18.3,0.0
2024-07-04 22:00:00,17.7,0.0
2024-07-04 23:00:00,17.5,0.0
2024-07-05 00:00:00,17.5,0.0
2024-07-05 01:00:00,16.3,0.0
2024-07-05 02:00:00,15.9,0.0
2024-07-05 03:00:00,16.0,0.0
2024-07-05 04:00:00,16.9,0.0
2024-07-05 05:00:00,16.8,1.0
2024-07-05 06:00:00,17.3,28.0
2024-07-05 07:00:00,17.9,116.0
2024-07-05 08:00:00,18.8,226.0
2024-07-05 09:00:00,20.6,458.0
2024-07-05 10:00:00,22.9,680.0
2024-07-05 11:00:00,24.7,830.0
2024-07-05 12:00:00,25.5,898.0
2024-07-05 13:00:00,24.2,914.0
2024-07-05 14:00:00,22.8,876.0
2024-07-05 15:00:00,22.1,781.0
2024-07-05 16:00:00,21.5,598.0
2024-07-05 17:00:00,20.7,426.0
2024-07-05 18:00:00,20.0,196.0
2024-07-05 19:00:00,19.6,90.0
2024-07-05 20:00:00,18.5,6.0
2024-07-05 21:00:00,17.7,0.0
2024-07-05 22:00:00,18.0,0.0
2024-07-05 23:00:00,18.1,0.0
2024-07-06 00:00:00,17.7,0.0
2024-07-06 01:00:00,18.2,0.0
2024-07-06 02:00:00,18.2,0.0
2024-07-06 03:00:00,17.8,0.0
2024-07-06 04:00:00,17.3,0.0
2024-07-06 05:00:00,17.2,1.0
2024-07-06 06:00:00,17.5,19.0
2024-07-06 07:00:00,17.9,44.0
2024-07-06 08:00:00,19.1,187.0
2024-07-06 09:00:00,20.2,335.0
2024-07-06 10:00:00,18.6,124.0
2024-07-06 11:00:00,17.4,155.0
2024-07-06 12:00:00,17.5,169.0
2024-07-06 13:00:00,16.8,201.0
2024-07-06 14:00:00,16.8,226.0
2024-07-06 15:00:00,17.2,199.0
2024-07-06 16:00:00,17.4,212.0
2024-07-06 17:00:00,17.3,160.0
2024-07-06 18:00:00,17.2,129.0
2024-07-06 19:00:00,16.9,53.0
2024-07-06 20:00:00,15.9,15.0
2024-07-06 21:00:00,15.9,0.0
2024-07-06 22:00:00,15.5,0.0
2024-07-06 23:00:00,13.6,0.0
2024-07-07 00:00:00,12.2,0.0
2024-07-07 01:00:00,12.4,0.0
2024-07-07 02:00:00,12.4,0.0
2024-07-07 03:00:00,12.0,0.0
2024-07-07 04:00:00,12.0,0.0
2024-07-07 05:00:00,11.9,2.0
2024-07-07 06:00:00,12.9,55.0
2024-07-07 07:00:00,15.4,211.0
2024-07-07 08:00:00,17.1,400.0
2024-07-07 09:00:00,18.7,571.0
2024-07-07 10:00:00,19.2,464.0
2024-07-07 11:00:00,19.8,508.0
2024-07-07 12:00:00,19.3,392.0
2024-07-07 13:00:00,19.4,461.0
2024-07-07 14:00:00,20.0,487.0
2024-07-07 15:00:00,20.4,441.0
2024-07-07 16:00:00,21.7,611.0
2024-07-07 17:00:00,21.3,497.0
2024-07-07 18:00:00,19.9,309.0
2024-07-07 19:00:00,18.6,151.0
2024-07-07 20:00:00,16.1,26.0
2024-07-07 21:00:00,15.5,0.0
2024-07-07 22:00:00,14.8,0.0
2024-07-07 23:00:00,14.1,0.0
2024-07-08 00:00:00,13.9,0.0
2024-07-08 01:00:00,13.8,0.0
2024-07-08 02:00:00,13.4,0.0
2024-07-08 03:00:00,12.9,0.0
2024-07-08 04:00:00,12.3,0.0
2024-07-08 05:00:00,12.0,2.0
2024-07-08 06:00:00,14.0,71.0
2024-07-08 07:00:00,17.0,226.0
2024-07-08 08:00:00,20.3,404.0
2024-07-08 09:00:00,23.6,576.0
2024-07-08 10:00:00,26.1,719.0
2024-07-08 11:00:00,27.8,829.0
2024-07-08 12:00:00,27.7,863.0
2024-07-08 13:00:00,27.9,864.0
2024-07-08 14:00:00,26.1,817.0
2024-07-08 15:00:00,25.8,765.0
2024-07-08 16:00:00,26.0,646.0
2024-07-08 17:00:00,25.2,478.0
2024-07-08 18:00:00,23.4,316.0
2024-07-08 19:00:00,22.1,147.0
2024-07-08 20:00:00,20.3,26.0
2024-07-08 21:00:00,19.0,0.0
2024-07-08 22:00:00,18.7,0.0
2024-07-08 23:00:00,17.5,0.0
2024-07-09 00:00:00,17.2,0.0
2024-07-09 01:00:00,17.2,0.0
2024-07-09 02:00:00,17.1,0.0
2024-07-09 03:00:00,16.7,0.0
2024-07-09 04:00:00,15.7,0.0
2024-07-09 05:00:00,16.6,1.0
2024-07-09 06:00:00,19.0,34.0
2024-07-09 07:00:00,21.9,163.0
2024-07-09 08:00:00,24.7,307.0
2024-07-09 09:00:00,25.7,423.0
2024-07-09 10:00:00,25.3,483.0
2024-07-09 11:00:00,25.4,638.0
2024-07-09 12:00:00,23.4,495.0
2024-07-09 13:00:00,25.2,765.0
2024-07-09 14:00:00,22.5,255.0
2024-07-09 15:00:00,21.3,90.0
2024-07-09 16:00:00,20.4,114.0
2024-07-09 17:00:00,20.0,81.0
2024-07-09 18:00:00,19.6,91.0
2024-07-09 19:00:00,19.5,88.0
2024-07-09 20:00:00,18.4,18.0
2024-07-09 21:00:00,18.6,0.0
2024-07-09 22:00:00,18.0,0.0
2024-07-09 23:00:00,17.5,0.0
2024-07-10 00:00:00,17.8,0.0
2024-07-10 01:00:00,18.9,0.0
2024-07-10 02:00:00,17.7,0.0
2024-07-10 03:00:00,17.5,0.0
2024-07-10 04:00:00,17.0,0.0
2024-07-10 05:00:00,17.2,1.0
2024-07-10 06:00:00,18.4,56.0
2024-07-10 07:00:00,19.6,130.0
2024-07-10 08:00:00,20.9,314.0
2024-07-10 09:00:00,22.7,470.0
2024-07-10 10:00:00,24.8,686.0
2024-07-10 11:00:00,26.4,719.0
2024-07-10 12:00:00,27.5,802.0
2024-07-10 13:00:00,26.6,837.0
2024-07-10 14:00:00,25.7,778.0
2024-07-10 15:00:00,26.7,732.0
2024-07-10 16:00:00,26.8,606.0
2024-07-10 17:00:00,25.1,422.0
2024-07-10 18:00:00,23.8,290.0
2024-07-10 19:00:00,22.4,131.0
2024-07-10 20:00:00,20.6,23.0
2024-07-10 21:00:00,19.7,0.0
2024-07-10 22:00:00,19.1,0.0
2024-07-10 23:00:00,18.6,0.0
2024-07-11 00:00:00,18.5,0.0
2024-07-11 01:00:00,20.0,0.0
2024-07-11 02:00:00,19.8,0.0
2024-07-11 03:00:00,19.7,0.0
2024-07-11 04:00:00,19.7,0.0
2024-07-11 05:00:00,19.6,1.0
2024-07-11 06:00:00,19.8,40.0
2024-07-11 07:00:00,20.8,145.0
2024-07-11 08:00:00,22.7,335.0
2024-07-11 09:00:00,24.6,509.0
2024-07-11 10:00:00,26.2,706.0
2024-07-11 11:00:00,26.5,734.0
2024-07-11 12:00:00,26.5,733.0
2024-07-11 13:00:00,26.4,838.0
2024-07-11 14:00:00,25.0,784.0
2024-07-11 15:00:00,23.7,443.0
2024-07-11 16:00:00,24.5,532.0
2024-07-11 17:00:00,23.2,404.0
2024-07-11 18:00:00,22.7,231.0
2024-07-11 19:00:00,20.9,80.0
2024-07-11 20:00:00,20.6,18.0
2024-07-11 21:00:00,19.4,0.0
2024-07-11 22:00:00,19.4,0.0
2024-07-11 23:00:00,19.3,0.0
2024-07-12 00:00:00,20.2,0.0
2024-07-12 01:00:00,19.8,0.0
2024-07-12 02:00:00,19.4,0.0
2024-07-12 03:00:00,18.6,0.0
2024-07-12 04:00:00,18.4,0.0
2024-07-12 05:00:00,17.8,1.0
2024-07-12 06:00:00,17.7,42.0
2024-07-12 07:00:00,18.2,122.0
2024-07-12 08:00:00,18.4,216.0
2024-07-12 09:00:00,18.4,303.0
2024-07-12 10:00:00,19.0,562.0
2024-07-12 11:00:00,19.2,481.0
2024-07-12 12:00:00,19.2,419.0
2024-07-12 13:00:00,20.3,656.0
2024-07-12 14:00:00,19.7,429.0
2024-07-12 15:00:00,19.0,243.0
2024-07-12 16:00:00,18.9,263.0
2024-07-12 17:00:00,18.3,128.0
2024-07-12 18:00:00,18.3,157.0
2024-07-12 19:00:00,17.8,82.0
2024-07-12 20:00:00,16.1,19.0
2024-07-12 21:00:00,15.8,0.0
2024-07-12 22:00:00,15.7,0.0
2024-07-12 23:00:00,15.2,0.0
2024-07-13 00:00:00,14.9,0.0
2024-07-13 01:00:00,15.6,0.0
2024-07-13 02:00:00,15.4,0.0
2024-07-13 03:00:00,13.7,0.0
2024-07-13 04:00:00,14.1,0.0
2024-07-13 05:00:00,14.0,1.0
2024-07-13 06:00:00,15.3,48.0
2024-07-13 07:00:00,16.8,155.0
2024-07-13 08:00:00,18.4,340.0
2024-07-13 09:00:00,20.1,529.0
2024-07-13 10:00:00,21.5,706.0
2024-07-13 11:00:00,22.4,828.0
2024-07-13 12:00:00,23.1,894.0
2024-07-13 13:00:00,23.5,734.0
2024-07-13 14:00:00,22.6,688.0
2024-07-13 15:00:00,22.6,632.0
2024-07-13 16:00:00,22.0,568.0
2024-07-13 17:00:00,21.3,367.0
2024-07-13 18:00:00,20.4,279.0
2024-07-13 19:00:00,19.0,53.0
2024-07-13 20:00:00,18.4,8.0
2024-07-13 21:00:00,16.8,0.0
2024-07-13 22:00:00,17.3,0.0
2024-07-13 23:00:00,16.1,0.0
2024-07-14 00:00:00,15.6,0.0
2024-07-14 01:00:00,15.8,0.0
2024-07-14 02:00:00,15.3,0.0
2024-07-14 03:00:00,14.8,0.0
2024-07-14 04:00:00,14.5,0.0
2024-07-14 05:00:00,14.3,1.0
2024-07-14 06:00:00,15.0,39.0
2024-07-14 07:00:00,17.6,169.0
2024-07-14 08:00:00,20.2,349.0
2024-07-14 09:00:00,22.3,536.0
2024-07-14 10:00:00,23.0,600.0
2024-07-14 11:00:00,23.5,685.0
2024-07-14 12:00:00,24.3,832.0
2024-07-14 13:00:00,23.1,457.0
2024-07-14 14:00:00,22.7,394.0
2024-07-14 15:00:00,23.0,492.0
2024-07-14 16:00:00,22.4,341.0
2024-07-14 17:00:00,22.0,242.0
2024-07-14 18:00:00,21.9,211.0
2024-07-14 19:00:00,21.1,101.0
2024-07-14 20:00:00,19.2,17.0
2024-07-14 21:00:00,19.1,0.0
2024-07-14 22:00:00,17.5,0.0
2024-07-14 23:00:00,17.2,0.0
2024-07-15 00:00:00,16.2,0.0
2024-07-15 01:00:00,16.5,0.0
2024-07-15 02:00:00,16.6,0.0
2024-07-15 03:00:00,17.2,0.0
2024-07-15 04:00:00,18.3,0.0
2024-07-15 05:00:00,21.6,0.0
2024-07-15 06:00:00,20.5,36.0
2024-07-15 07:00:00,21.7,102.0
2024-07-15 08:00:00,23.5,297.0
2024-07-15 09:00:00,21.8,333.0
2024-07-15 10:00:00,21.4,271.0
2024-07-15 11:00:00,22.7,513.0
2024-07-15 12:00:00,22.9,386.0
2024-07-15 13:00:00,23.5,727.0
2024-07-15 14:00:00,21.2,536.0
2024-07-15 15:00:00,20.7,437.0
2024-07-15 16:00:00,23.3,592.0
2024-07-15 17:00:00,22.5,455.0
2024-07-15 18:00:00,20.9,293.0
2024-07-15 19:00:00,20.4,137.0
2024-07-15 20:00:00,20.1,19.0
2024-07-15 21:00:00,18.8,0.0
2024-07-15 22:00:00,17.2,0.0
2024-07-15 23:00:00,16.8,0.0
2024-07-16 00:00:00,15.9,0.0
2024-07-16 01:00:00,17.2,0.0
2024-07-16 02:00:00,18.0,0.0
2024-07-16 03:00:00,18.0,0.0
2024-07-16 04:00:00,17.6,0.0
2024-07-16 05:00:00,17.3,0.0
2024-07-16 06:00:00,18.1,35.0
2024-07-16 07:00:00,18.7,79.0
2024-07-16 08:00:00,19.2,128.0
2024-07-16 09:00:00,19.8,244.0
2024-07-16 10:00:00,21.2,534.0
2024-07-16 11:00:00,21.2,438.0
2024-07-16 12:00:00,21.5,476.0
2024-07-16 13:00:00,22.1,549.0
2024-07-16 14:00:00,21.9,531.0
2024-07-16 15:00:00,22.6,701.0
2024-07-16 16:00:00,21.5,434.0
2024-07-16 17:00:00,20.6,246.0
2024-07-16 18:00:00,20.2,141.0
2024-07-16 19:00:00,19.8,45.0
2024-07-16 20:00:00,19.4,7.0
2024-07-16 21:00:00,18.6,0.0
2024-07-16 22:00:00,18.0,0.0
2024-07-16 23:00:00,17.0,0.0
2024-07-17 00:00:00,15.8,0.0
2024-07-17 01:00:00,15.5,0.0
2024-07-17 02:00:00,15.7,0.0
2024-07-17 03:00:00,14.8,0.0
2024-07-17 04:00:00,14.8,0.0
2024-07-17 05:00:00,14.4,0.0
2024-07-17 06:00:00,16.3,35.0
2024-07-17 07:00:00,18.1,132.0
2024-07-17 08:00:00,20.2,329.0
2024-07-17 09:00:00,21.7,476.0
2024-07-17 10:00:00,22.8,609.0
2024-07-17 11:00:00,24.0,742.0
2024-07-17 12:00:00,24.8,716.0
2024-07-17 13:00:00,26.9,835.0
2024-07-17 14:00:00,27.9,835.0
2024-07-17 15:00:00,27.7,788.0
2024-07-17 16:00:00,27.1,657.0
2024-07-17 17:00:00,26.5,493.0
2024-07-17 18:00:00,25.4,315.0
2024-07-17 19:00:00,23.2,143.0
2024-07-17 20:00:00,20.6,21.0
2024-07-17 21:00:00,19.4,0.0
2024-07-17 22:00:00,18.8,0.0
2024-07-17 23:00:00,18.0,0.0
2024-07-18 00:00:00,17.2,0.0
2024-07-18 01:00:00,17.4,0.0
2024-07-18 02:00:00,17.4,0.0
2024-07-18 03:00:00,17.3,0.0
2024-07-18 04:00:00,17.3,0.0
2024-07-18 05:00:00,17.5,0.0
2024-07-18 06:00:00,18.4,39.0
2024-07-18 07:00:00,20.2,159.0
2024-07-18 08:00:00,23.2,383.0
2024-07-18 09:00:00,25.3,563.0
2024-07-18 10:00:00,26.4,714.0
2024-07-18 11:00:00,26.5,829.0
2024-07-18 12:00:00,26.6,896.0
2024-07-18 13:00:00,26.0,880.0
2024-07-18 14:00:00,25.3,743.0
2024-07-18 15:00:00,25.6,756.0
2024-07-18 16:00:00,24.9,639.0
2024-07-18 17:00:00,23.5,452.0
2024-07-18 18:00:00,23.2,301.0
2024-07-18 19:00:00,22.2,138.0
2024-07-18 20:00:00,20.3,19.0
2024-07-18 21:00:00,19.4,0.0
2024-07-18 22:00:00,19.6,0.0
2024-07-18 23:00:00,19.2,0.0
2024-07-19 00:00:00,18.9,0.0
2024-07-19 01:00:00,18.4,0.0
2024-07-19 02:00:00,19.1,0.0
2024-07-19 03:00:00,19.4,0.0
2024-07-19 04:00:00,19.6,0.0
2024-07-19 05:00:00,19.7,0.0
2024-07-19 06:00:00,20.4,28.0
2024-07-19 07:00:00,21.5,159.0
2024-07-19 08:00:00,23.4,375.0
2024-07-19 09:00:00,24.9,545.0
2024-07-19 10:00:00,26.3,692.0
2024-07-19 11:00:00,27.0,816.0
2024-07-19 12:00:00,26.5,887.0
2024-07-19 13:00:00,26.5,905.0
2024-07-19 14:00:00,26.3,857.0
2024-07-19 15:00:00,25.8,721.0
2024-07-19 16:00:00,24.4,616.0
2024-07-19 17:00:00,23.5,467.0
2024-07-19 18:00:00,22.8,303.0
2024-07-19 19:00:00,21.6,133.0
2024-07-19 20:00:00,20.2,19.0
2024-07-19 21:00:00,20.1,0.0
2024-07-19 22:00:00,18.9,0.0
2024-07-19 23:00:00,18.3,0.0
2024-07-20 00:00:00,18.8,0.0
2024-07-20 01:00:00,18.8,0.0
2024-07-20 02:00:00,18.4,0.0
2024-07-20 03:00:00,18.0,0.0
2024-07-20 04:00:00,18.0,0.0
2024-07-20 05:00:00,18.3,0.0
2024-07-20 06:00:00,18.9,26.0
2024-07-20 07:00:00,20.3,86.0
2024-07-20 08:00:00,21.4,149.0
2024-07-20 09:00:00,22.6,256.0
2024-07-20 10:00:00,23.1,324.0
2024-07-20 11:00:00,24.5,542.0
2024-07-20 12:00:00,25.4,503.0
2024-07-20 13:00:00,27.3,783.0
2024-07-20 14:00:00,26.9,660.0
2024-07-20 15:00:00,26.2,643.0
2024-07-20 16:00:00,24.5,476.0
2024-07-20 17:00:00,23.9,392.0
2024-07-20 18:00:00,22.2,202.0
2024-07-20 19:00:00,20.8,93.0
2024-07-20 20:00:00,20.0,6.0
2024-07-20 21:00:00,20.0,0.0
2024-07-20 22:00:00,19.3,0.0
2024-07-20 23:00:00,18.7,0.0
2024-07-21 00:00:00,18.1,0.0
2024-07-21 01:00:00,17.9,0.0
2024-07-21 02:00:00,17.0,0.0
2024-07-21 03:00:00,16.7,0.0
2024-07-21 04:00:00,16.7,0.0
2024-07-21 05:00:00,16.3,0.0
2024-07-21 06:00:00,16.9,44.0
2024-07-21 07:00:00,18.1,183.0
2024-07-21 08:00:00,19.1,371.0
2024-07-21 09:00:00,19.6,454.0
2024-07-21 10:00:00,20.1,551.0
2024-07-21 11:00:00,20.2,489.0
2024-07-21 12:00:00,20.9,661.0
2024-07-21 13:00:00,20.5,533.0
2024-07-21 14:00:00,21.0,538.0
2024-07-21 15:00:00,20.7,545.0
2024-07-21 16:00:00,19.9,292.0
2024-07-21 17:00:00,20.1,423.0
2024-07-21 18:00:00,19.4,253.0
2024-07-21 19:00:00,18.7,105.0
2024-07-21 20:00:00,17.0,16.0
2024-07-21 21:00:00,16.9,0.0
2024-07-21 22:00:00,16.5,0.0
2024-07-21 23:00:00,16.8,0.0
2024-07-22 00:00:00,16.4,0.0
2024-07-22 01:00:00,15.7,0.0
2024-07-22 02:00:00,16.0,0.0
2024-07-22 03:00:00,16.3,0.0
2024-07-22 04:00:00,16.3,0.0
2024-07-22 05:00:00,16.4,0.0
2024-07-22 06:00:00,16.8,29.0
2024-07-22 07:00:00,18.3,140.0
2024-07-22 08:00:00,19.6,308.0
2024-07-22 09:00:00,21.1,506.0
2024-07-22 10:00:00,22.1,686.0
2024-07-22 11:00:00,23.4,816.0
2024-07-22 12:00:00,24.4,889.0
2024-07-22 13:00:00,25.1,894.0
2024-07-22 14:00:00,25.3,863.0
2024-07-22 15:00:00,25.5,777.0
2024-07-22 16:00:00,25.1,646.0
2024-07-22 17:00:00,24.3,484.0
2024-07-22 18:00:00,23.2,305.0
2024-07-22 19:00:00,21.7,134.0
2024-07-22 20:00:00,19.1,17.0
2024-07-22 21:00:00,17.9,0.0
2024-07-22 22:00:00,17.1,0.0
2024-07-22 23:00:00,16.5,0.0
2024-07-23 00:00:00,16.0,0.0
2024-07-23 01:00:00,16.7,0.0
2024-07-23 02:00:00,16.1,0.0
2024-07-23 03:00:00,16.3,0.0
2024-07-23 04:00:00,15.3,0.0
2024-07-23 05:00:00,14.7,0.0
2024-07-23 06:00:00,17.1,50.0
2024-07-23 07:00:00,19.7,197.0
2024-07-23 08:00:00,22.2,375.0
2024-07-23 09:00:00,24.4,549.0
2024-07-23 10:00:00,26.1,701.0
2024-07-23 11:00:00,27.1,815.0
2024-07-23 12:00:00,27.9,882.0
2024-07-23 13:00:00,28.4,900.0
2024-07-23 14:00:00,28.1,864.0
2024-07-23 15:00:00,27.6,778.0
2024-07-23 16:00:00,26.1,648.0
2024-07-23 17:00:00,24.8,485.0
2024-07-23 18:00:00,23.6,305.0
2024-07-23 19:00:00,22.3,133.0
2024-07-23 20:00:00,20.2,16.0
2024-07-23 21:00:00,18.8,0.0
2024-07-23 22:00:00,18.7,0.0
2024-07-23 23:00:00,18.6,0.0
2024-07-24 00:00:00,17.8,0.0
2024-07-24 01:00:00,17.8,0.0
2024-07-24 02:00:00,18.5,0.0
2024-07-24 03:00:00,18.7,0.0
2024-07-24 04:00:00,18.7,0.0
2024-07-24 05:00:00,18.4,0.0
2024-07-24 06:00:00,18.9,22.0
2024-07-24 07:00:00,20.2,109.0
2024-07-24 08:00:00,21.6,187.0
2024-07-24 09:00:00,22.5,242.0
2024-07-24 10:00:00,23.7,340.0
2024-07-24 11:00:00,24.4,445.0
2024-07-24 12:00:00,24.9,437.0
2024-07-24 13:00:00,25.5,613.0
2024-07-24 14:00:00,25.6,622.0
2024-07-24 15:00:00,24.9,575.0
2024-07-24 16:00:00,24.2,521.0
2024-07-24 17:00:00,23.2,300.0
2024-07-24 18:00:00,22.0,140.0
2024-07-24 19:00:00,21.3,55.0
2024-07-24 20:00:00,20.6,10.0
2024-07-24 21:00:00,20.1,0.0
2024-07-24 22:00:00,19.8,0.0
2024-07-24 23:00:00,19.8,0.0
2024-07-25 00:00:00,19.2,0.0
2024-07-25 01:00:00,20.0,0.0
2024-07-25 02:00:00,19.3,0.0
2024-07-25 03:00:00,19.2,0.0
2024-07-25 04:00:00,19.5,0.0
2024-07-25 05:00:00,19.5,0.0
2024-07-25 06:00:00,19.7,13.0
2024-07-25 07:00:00,20.2,69.0
2024-07-25 08:00:00,21.1,166.0
2024-07-25 09:00:00,22.3,322.0
2024-07-25 10:00:00,22.8,361.0
2024-07-25 11:00:00,23.4,455.0
2024-07-25 12:00:00,23.6,461.0
2024-07-25 13:00:00,25.0,819.0
2024-07-25 14:00:00,24.6,833.0
2024-07-25 15:00:00,23.9,759.0
2024-07-25 16:00:00,23.3,631.0
2024-07-25 17:00:00,22.5,473.0
2024-07-25 18:00:00,21.2,296.0
2024-07-25 19:00:00,20.0,127.0
2024-07-25 20:00:00,18.7,14.0
2024-07-25 21:00:00,17.5,0.0
2024-07-25 22:00:00,17.6,0.0
2024-07-25 23:00:00,17.0,0.0
2024-07-26 00:00:00,16.5,0.0
2024-07-26 01:00:00,17.4,0.0
2024-07-26 02:00:00,17.4,0.0
2024-07-26 03:00:00,17.1,0.0
2024-07-26 04:00:00,17.0,0.0
2024-07-26 05:00:00,16.9,0.0
2024-07-26 06:00:00,17.8,36.0
2024-07-26 07:00:00,19.8,165.0
2024-07-26 08:00:00,21.1,294.0
2024-07-26 09:00:00,22.3,389.0
2024-07-26 10:00:00,23.4,410.0
2024-07-26 11:00:00,24.8,606.0
2024-07-26 12:00:00,25.2,790.0
2024-07-26 13:00:00,25.9,766.0
2024-07-26 14:00:00,25.0,774.0
2024-07-26 15:00:00,24.6,729.0
2024-07-26 16:00:00,23.9,593.0
2024-07-26 17:00:00,22.3,282.0
2024-07-26 18:00:00,21.8,217.0
2024-07-26 19:00:00,20.6,112.0
2024-07-26 20:00:00,19.6,12.0
2024-07-26 21:00:00,19.0,0.0
2024-07-26 22:00:00,17.9,0.0
2024-07-26 23:00:00,17.8,0.0
2024-07-27 00:00:00,18.1,0.0
2024-07-27 01:00:00,17.9,0.0
2024-07-27 02:00:00,17.2,0.0
2024-07-27 03:00:00,17.6,0.0
2024-07-27 04:00:00,17.0,0.0
2024-07-27 05:00:00,17.6,0.0
2024-07-27 06:00:00,18.3,35.0
2024-07-27 07:00:00,20.1,152.0
2024-07-27 08:00:00,21.6,314.0
2024-07-27 09:00:00,23.0,470.0
2024-07-27 10:00:00,24.2,594.0
2024-07-27 11:00:00,24.4,520.0
2024-07-27 12:00:00,24.6,635.0
2024-07-27 13:00:00,24.7,666.0
2024-07-27 14:00:00,24.8,777.0
2024-07-27 15:00:00,24.6,683.0
2024-07-27 16:00:00,23.9,553.0
2024-07-27 17:00:00,23.1,421.0
2024-07-27 18:00:00,22.5,269.0
2024-07-27 19:00:00,21.3,117.0
2024-07-27 20:00:00,20.0,11.0
2024-07-27 21:00:00,19.4,0.0
2024-07-27 22:00:00,18.9,0.0
2024-07-27 23:00:00,19.2,0.0
2024-07-28 00:00:00,19.5,0.0
2024-07-28 01:00:00,19.9,0.0
2024-07-28 02:00:00,20.0,0.0
2024-07-28 03:00:00,20.1,0.0
2024-07-28 04:00:00,20.1,0.0
2024-07-28 05:00:00,20.1,0.0
2024-07-28 06:00:00,20.4,15.0
2024-07-28 07:00:00,21.2,120.0
2024-07-28 08:00:00,22.2,235.0
2024-07-28 09:00:00,22.9,274.0
2024-07-28 10:00:00,25.0,508.0
2024-07-28 11:00:00,27.4,763.0
2024-07-28 12:00:00,29.3,859.0
2024-07-28 13:00:00,31.3,876.0
2024-07-28 14:00:00,31.8,820.0
2024-07-28 15:00:00,31.4,703.0
2024-07-28 16:00:00,30.9,569.0
2024-07-28 17:00:00,30.7,359.0
2024-07-28 18:00:00,30.4,279.0
2024-07-28 19:00:00,28.4,113.0
2024-07-28 20:00:00,25.6,11.0
2024-07-28 21:00:00,24.2,0.0
2024-07-28 22:00:00,23.3,0.0
2024-07-28 23:00:00,22.5,0.0
2024-07-29 00:00:00,21.9,0.0
2024-07-29 01:00:00,21.6,0.0
2024-07-29 02:00:00,21.3,0.0
2024-07-29 03:00:00,21.0,0.0
2024-07-29 04:00:00,20.2,0.0
2024-07-29 05:00:00,19.9,0.0
2024-07-29 06:00:00,19.9,23.0
2024-07-29 07:00:00,21.7,127.0
2024-07-29 08:00:00,25.1,325.0
2024-07-29 09:00:00,29.3,523.0
2024-07-29 10:00:00,32.1,689.0
2024-07-29 11:00:00,29.1,806.0
2024-07-29 12:00:00,29.5,851.0
2024-07-29 13:00:00,33.9,832.0
2024-07-29 14:00:00,32.4,839.0
2024-07-29 15:00:00,29.9,649.0
2024-07-29 16:00:00,28.5,489.0
2024-07-29 17:00:00,27.7,264.0
2024-07-29 18:00:00,26.5,151.0
2024-07-29 19:00:00,25.0,52.0
2024-07-29 20:00:00,23.6,5.0
2024-07-29 21:00:00,22.8,0.0
2024-07-29 22:00:00,22.5,0.0
2024-07-29 23:00:00,22.0,0.0
2024-07-30 00:00:00,22.2,0.0
2024-07-30 01:00:00,21.3,0.0
2024-07-30 02:00:00,21.4,0.0
2024-07-30 03:00:00,21.1,0.0
2024-07-30 04:00:00,20.2,0.0
2024-07-30 05:00:00,20.7,0.0
2024-07-30 06:00:00,21.7,22.0
2024-07-30 07:00:00,24.1,176.0
2024-07-30 08:00:00,25.9,247.0
2024-07-30 09:00:00,29.5,494.0
2024-07-30 10:00:00,31.9,607.0
2024-07-30 11:00:00,34.2,739.0
2024-07-30 12:00:00,34.8,855.0
2024-07-30 13:00:00,33.9,877.0
2024-07-30 14:00:00,33.8,638.0
2024-07-30 15:00:00,33.1,354.0
2024-07-30 16:00:00,33.6,440.0
2024-07-30 17:00:00,33.6,400.0
2024-07-30 18:00:00,32.1,245.0
2024-07-30 19:00:00,31.4,110.0
2024-07-30 20:00:00,27.6,10.0
2024-07-30 21:00:00,26.6,0.0
2024-07-30 22:00:00,25.2,0.0
2024-07-30 23:00:00,24.5,0.0
2024-07-31 00:00:00,25.1,0.0
2024-07-31 01:00:00,23.3,0.0
2024-07-31 02:00:00,22.7,0.0
2024-07-31 03:00:00,22.3,0.0
2024-07-31 04:00:00,21.1,0.0
2024-07-31 05:00:00,21.8,0.0
2024-07-31 06:00:00,22.0,36.0
2024-07-31 07:00:00,23.7,176.0
2024-07-31 08:00:00,25.3,336.0
2024-07-31 09:00:00,26.6,520.0
2024-07-31 10:00:00,27.0,660.0
2024-07-31 11:00:00,27.6,770.0
2024-07-31 12:00:00,27.9,835.0
2024-07-31 13:00:00,26.6,737.0
2024-07-31 14:00:00,26.1,787.0
2024-07-31 15:00:00,26.6,669.0
2024-07-31 16:00:00,25.9,537.0
2024-07-31 17:00:00,25.7,441.0
2024-07-31 18:00:00,24.5,269.0
2024-07-31 19:00:00,23.0,109.0
2024-07-31 20:00:00,21.9,9.0
2024-07-31 21:00:00,21.2,0.0
2024-07-31 22:00:00,21.1,0.0
2024-07-31 23:00:00,20.1,0.0
2024-08-01 00:00:00,19.6,0.0
2024-08-01 01:00:00,21.3,0.0
2024-08-01 02:00:00,21.0,0.0
2024-08-01 03:00:00,21.4,0.0
2024-08-01 04:00:00,21.5,0.0
2024-08-01 05:00:00,21.5,0.0
2024-08-01 06:00:00,21.7,17.0
2024-08-01 07:00:00,22.4,91.0
2024-08-01 08:00:00,23.3,202.0
2024-08-01 09:00:00,23.9,243.0
2024-08-01 10:00:00,25.1,529.0
2024-08-01 11:00:00,24.5,451.0
2024-08-01 12:00:00,24.3,414.0
2024-08-01 13:00:00,23.5,369.0
2024-08-01 14:00:00,23.1,278.0
2024-08-01 15:00:00,23.4,365.0
2024-08-01 16:00:00,23.4,407.0
2024-08-01 17:00:00,23.4,360.0
2024-08-01 18:00:00,22.1,224.0
2024-08-01 19:00:00,21.1,96.0
2024-08-01 20:00:00,20.4,7.0
2024-08-01 21:00:00,20.0,0.0
2024-08-01 22:00:00,19.4,0.0
2024-08-01 23:00:00,19.0,0.0
2024-08-02 00:00:00,18.5,0.0
2024-08-02 01:00:00,18.5,0.0
2024-08-02 02:00:00,18.7,0.0
2024-08-02 03:00:00,18.7,0.0
2024-08-02 04:00:00,18.7,0.0
2024-08-02 05:00:00,18.8,0.0
2024-08-02 06:00:00,19.4,21.0
2024-08-02 07:00:00,20.6,115.0
2024-08-02 08:00:00,21.6,214.0
2024-08-02 09:00:00,21.9,210.0
2024-08-02 10:00:00,22.5,313.0
2024-08-02 11:00:00,23.7,559.0
2024-08-02 12:00:00,23.6,601.0
2024-08-02 13:00:00,23.0,559.0
2024-08-02 14:00:00,22.6,457.0
2024-08-02 15:00:00,22.5,377.0
2024-08-02 16:00:00,21.8,228.0
2024-08-02 17:00:00,21.7,238.0
2024-08-02 18:00:00,21.3,107.0
2024-08-02 19:00:00,20.8,62.0
2024-08-02 20:00:00,20.5,4.0
2024-08-02 21:00:00,20.2,0.0
2024-08-02 22:00:00,20.3,0.0
2024-08-02 23:00:00,20.0,0.0
2024-08-03 00:00:00,19.7,0.0
2024-08-03 01:00:00,19.9,0.0
2024-08-03 02:00:00,19.4,0.0
2024-08-03 03:00:00,19.4,0.0
2024-08-03 04:00:00,19.0,0.0
2024-08-03 05:00:00,19.1,0.0
2024-08-03 06:00:00,19.4,19.0
2024-08-03 07:00:00,20.2,97.0
2024-08-03 08:00:00,21.3,232.0
2024-08-03 09:00:00,22.3,330.0
2024-08-03 10:00:00,23.5,478.0
2024-08-03 11:00:00,24.2,564.0
2024-08-03 12:00:00,25.0,674.0
2024-08-03 13:00:00,26.3,770.0
2024-08-03 14:00:00,25.6,608.0
2024-08-03 15:00:00,25.0,686.0
2024-08-03 16:00:00,24.4,622.0
2024-08-03 17:00:00,23.8,460.0
2024-08-03 18:00:00,22.9,278.0
2024-08-03 19:00:00,21.3,106.0
2024-08-03 20:00:00,19.3,7.0
2024-08-03 21:00:00,19.0,0.0
2024-08-03 22:00:00,18.8,0.0
2024-08-03 23:00:00,17.5,0.0
2024-08-04 00:00:00,17.4,0.0
2024-08-04 01:00:00,17.1,0.0
2024-08-04 02:00:00,15.7,0.0
2024-08-04 03:00:00,15.5,0.0
2024-08-04 04:00:00,14.9,0.0
2024-08-04 05:00:00,14.8,0.0
2024-08-04 06:00:00,15.1,19.0
2024-08-04 07:00:00,16.8,111.0
2024-08-04 08:00:00,20.1,277.0
2024-08-04 09:00:00,22.8,520.0
2024-08-04 10:00:00,24.5,624.0
2024-08-04 11:00:00,26.3,791.0
2024-08-04 12:00:00,27.9,870.0
2024-08-04 13:00:00,28.9,885.0
2024-08-04 14:00:00,28.6,847.0
2024-08-04 15:00:00,27.5,757.0
2024-08-04 16:00:00,26.5,624.0
2024-08-04 17:00:00,25.7,458.0
2024-08-04 18:00:00,24.3,275.0
2024-08-04 19:00:00,22.7,104.0
2024-08-04 20:00:00,20.8,6.0
2024-08-04 21:00:00,19.7,0.0
2024-08-04 22:00:00,19.2,0.0
2024-08-04 23:00:00,18.5,0.0
2024-08-05 00:00:00,18.1,0.0
2024-08-05 01:00:00,18.6,0.0
2024-08-05 02:00:00,19.1,0.0
2024-08-05 03:00:00,17.9,0.0
2024-08-05 04:00:00,18.0,0.0
2024-08-05 05:00:00,18.3,0.0
2024-08-05 06:00:00,19.7,21.0
2024-08-05 07:00:00,20.7,95.0
2024-08-05 08:00:00,21.9,206.0
2024-08-05 09:00:00,23.9,373.0
2024-08-05 10:00:00,25.0,385.0
2024-08-05 11:00:00,25.5,450.0
2024-08-05 12:00:00,26.1,667.0
2024-08-05 13:00:00,26.9,770.0
2024-08-05 14:00:00,24.9,457.0
2024-08-05 15:00:00,26.0,740.0
2024-08-05 16:00:00,25.7,549.0
2024-08-05 17:00:00,23.9,322.0
2024-08-05 18:00:00,23.3,218.0
2024-08-05 19:00:00,22.3,90.0
2024-08-05 20:00:00,21.2,5.0
2024-08-05 21:00:00,20.3,0.0
2024-08-05 22:00:00,20.4,0.0
2024-08-05 23:00:00,20.2,0.0
2024-08-06 00:00:00,19.5,0.0
2024-08-06 01:00:00,20.2,0.0
2024-08-06 02:00:00,19.6,0.0
2024-08-06 03:00:00,19.0,0.0
2024-08-06 04:00:00,19.3,0.0
2024-08-06 05:00:00,19.5,0.0
2024-08-06 06:00:00,19.9,11.0
2024-08-06 07:00:00,21.3,67.0
2024-08-06 08:00:00,22.5,174.0
2024-08-06 09:00:00,23.5,267.0
2024-08-06 10:00:00,24.3,349.0
2024-08-06 11:00:00,24.8,379.0
2024-08-06 12:00:00,25.3,527.0
2024-08-06 13:00:00,24.0,324.0
2024-08-06 14:00:00,24.1,368.0
2024-08-06 15:00:00,24.7,435.0
2024-08-06 16:00:00,25.5,554.0
2024-08-06 17:00:00,25.1,417.0
2024-08-06 18:00:00,23.5,253.0
2024-08-06 19:00:00,22.3,88.0
2024-08-06 20:00:00,20.9,5.0
2024-08-06 21:00:00,20.6,0.0
2024-08-06 22:00:00,20.4,0.0
2024-08-06 23:00:00,20.4,0.0
2024-08-07 00:00:00,20.2,0.0
2024-08-07 01:00:00,19.8,0.0
2024-08-07 02:00:00,20.1,0.0
2024-08-07 03:00:00,19.8,0.0
2024-08-07 04:00:00,20.6,0.0
2024-08-07 05:00:00,20.7,0.0
2024-08-07 06:00:00,20.7,5.0
2024-08-07 07:00:00,21.4,46.0
2024-08-07 08:00:00,23.1,327.0
2024-08-07 09:00:00,23.5,340.0
2024-08-07 10:00:00,23.2,316.0
2024-08-07 11:00:00,22.8,294.0
2024-08-07 12:00:00,22.8,234.0
2024-08-07 13:00:00,21.7,209.0
2024-08-07 14:00:00,21.8,143.0
2024-08-07 15:00:00,22.3,205.0
2024-08-07 16:00:00,22.2,170.0
2024-08-07 17:00:00,22.2,178.0
2024-08-07 18:00:00,21.9,98.0
2024-08-07 19:00:00,21.2,62.0
2024-08-07 20:00:00,19.3,4.0
2024-08-07 21:00:00,19.6,0.0
2024-08-07 22:00:00,19.1,0.0
2024-08-07 23:00:00,17.2,0.0
2024-08-08 00:00:00,17.0,0.0
2024-08-08 01:00:00,19.2,0.0
2024-08-08 02:00:00,19.2,0.0
2024-08-08 03:00:00,19.1,0.0
2024-08-08 04:00:00,19.2,0.0
2024-08-08 05:00:00,19.3,0.0
2024-08-08 06:00:00,19.5,14.0
2024-08-08 07:00:00,20.4,78.0
2024-08-08 08:00:00,21.6,182.0
2024-08-08 09:00:00,22.6,238.0
2024-08-08 10:00:00,23.5,304.0
2024-08-08 11:00:00,24.3,357.0
2024-08-08 12:00:00,25.1,432.0
2024-08-08 13:00:00,25.1,397.0
2024-08-08 14:00:00,25.4,554.0
2024-08-08 15:00:00,25.8,698.0
2024-08-08 16:00:00,25.4,568.0
2024-08-08 17:00:00,24.3,390.0
2024-08-08 18:00:00,23.3,231.0
2024-08-08 19:00:00,21.7,80.0
2024-08-08 20:00:00,20.3,3.0
2024-08-08 21:00:00,20.6,0.0
2024-08-08 22:00:00,20.9,0.0
2024-08-08 23:00:00,20.8,0.0
2024-08-09 00:00:00,20.4,0.0
2024-08-09 01:00:00,21.0,0.0
2024-08-09 02:00:00,20.5,0.0
2024-08-09 03:00:00,20.1,0.0
2024-08-09 04:00:00,20.3,0.0
2024-08-09 05:00:00,20.2,0.0
2024-08-09 06:00:00,20.3,13.0
2024-08-09 07:00:00,21.4,94.0
2024-08-09 08:00:00,22.9,285.0
2024-08-09 09:00:00,24.5,469.0
2024-08-09 10:00:00,25.6,456.0
2024-08-09 11:00:00,26.7,482.0
2024-08-09 12:00:00,27.8,800.0
2024-08-09 13:00:00,27.3,736.0
2024-08-09 14:00:00,26.8,801.0
2024-08-09 15:00:00,26.4,715.0
2024-08-09 16:00:00,25.7,591.0
2024-08-09 17:00:00,24.9,431.0
2024-08-09 18:00:00,23.5,248.0
2024-08-09 19:00:00,22.3,87.0
2024-08-09 20:00:00,20.7,3.0
2024-08-09 21:00:00,19.7,0.0
2024-08-09 22:00:00,19.8,0.0
2024-08-09 23:00:00,18.7,0.0
2024-08-10 00:00:00,18.8,0.0
2024-08-10 01:00:00,19.8,0.0
2024-08-10 02:00:00,19.6,0.0
2024-08-10 03:00:00,19.4,0.0
2024-08-10 04:00:00,19.3,0.0
2024-08-10 05:00:00,18.1,0.0
2024-08-10 06:00:00,19.0,22.0
2024-08-10 07:00:00,21.3,149.0
2024-08-10 08:00:00,23.2,324.0
2024-08-10 09:00:00,25.0,499.0
2024-08-10 10:00:00,27.1,653.0
2024-08-10 11:00:00,29.3,769.0
2024-08-10 12:00:00,31.0,838.0
2024-08-10 13:00:00,30.7,839.0
2024-08-10 14:00:00,30.7,789.0
2024-08-10 15:00:00,30.6,685.0
2024-08-10 16:00:00,30.2,509.0
2024-08-10 17:00:00,29.7,378.0
2024-08-10 18:00:00,28.4,230.0
2024-08-10 19:00:00,25.9,80.0
2024-08-10 20:00:00,23.7,2.0
2024-08-10 21:00:00,22.9,0.0
2024-08-10 22:00:00,22.0,0.0
2024-08-10 23:00:00,21.6,0.0
2024-08-11 00:00:00,21.5,0.0
2024-08-11 01:00:00,21.6,0.0
2024-08-11 02:00:00,21.0,0.0
2024-08-11 03:00:00,20.8,0.0
2024-08-11 04:00:00,20.3,0.0
2024-08-11 05:00:00,20.0,0.0
2024-08-11 06:00:00,21.4,21.0
2024-08-11 07:00:00,25.4,150.0
2024-08-11 08:00:00,29.2,329.0
2024-08-11 09:00:00,32.4,478.0
2024-08-11 10:00:00,35.2,663.0
2024-08-11 11:00:00,37.6,782.0
2024-08-11 12:00:00,39.6,854.0
2024-08-11 13:00:00,40.9,858.0
2024-08-11 14:00:00,41.2,757.0
2024-08-11 15:00:00,41.7,719.0
2024-08-11 16:00:00,40.8,599.0
2024-08-11 17:00:00,37.9,436.0
2024-08-11 18:00:00,34.9,203.0
2024-08-11 19:00:00,31.5,67.0
2024-08-11 20:00:00,27.3,2.0
2024-08-11 21:00:00,25.9,0.0
2024-08-11 22:00:00,24.8,0.0
2024-08-11 23:00:00,24.1,0.0
2024-08-12 00:00:00,23.0,0.0
2024-08-12 01:00:00,22.5,0.0
2024-08-12 02:00:00,21.5,0.0
2024-08-12 03:00:00,20.6,0.0
2024-08-12 04:00:00,21.0,0.0
2024-08-12 05:00:00,21.5,0.0
2024-08-12 06:00:00,22.2,8.0
2024-08-12 07:00:00,22.9,67.0
2024-08-12 08:00:00,23.3,112.0
2024-08-12 09:00:00,23.6,164.0
2024-08-12 10:00:00,23.9,215.0
2024-08-12 11:00:00,24.8,361.0
2024-08-12 12:00:00,24.5,304.0
2024-08-12 13:00:00,25.3,523.0
2024-08-12 14:00:00,24.2,341.0
2024-08-12 15:00:00,24.3,328.0
2024-08-12 16:00:00,23.9,199.0
2024-08-12 17:00:00,23.4,143.0
2024-08-12 18:00:00,23.4,133.0
2024-08-12 19:00:00,22.5,38.0
2024-08-12 20:00:00,22.2,1.0
2024-08-12 21:00:00,22.1,0.0
2024-08-12 22:00:00,21.8,0.0
2024-08-12 23:00:00,21.5,0.0
2024-08-13 00:00:00,21.3,0.0
2024-08-13 01:00:00,21.5,0.0
2024-08-13 02:00:00,21.3,0.0
2024-08-13 03:00:00,19.8,0.0
2024-08-13 04:00:00,20.1,0.0
2024-08-13 05:00:00,20.2,0.0
2024-08-13 06:00:00,19.8,17.0
2024-08-13 07:00:00,21.4,123.0
2024-08-13 08:00:00,22.5,215.0
2024-08-13 09:00:00,23.1,244.0
2024-08-13 10:00:00,25.1,534.0
2024-08-13 11:00:00,25.5,497.0
2024-08-13 12:00:00,24.6,437.0
2024-08-13 13:00:00,24.6,441.0
2024-08-13 14:00:00,24.5,625.0
2024-08-13 15:00:00,23.4,579.0
2024-08-13 16:00:00,22.3,212.0
2024-08-13 17:00:00,21.0,91.0
2024-08-13 18:00:00,21.0,41.0
2024-08-13 19:00:00,20.5,21.0
2024-08-13 20:00:00,19.9,1.0
2024-08-13 21:00:00,19.9,0.0
2024-08-13 22:00:00,19.6,0.0
2024-08-13 23:00:00,19.5,0.0
2024-08-14 00:00:00,19.3,0.0
2024-08-14 01:00:00,18.1,0.0
2024-08-14 02:00:00,18.9,0.0
2024-08-14 03:00:00,18.1,0.0
2024-08-14 04:00:00,18.8,0.0
2024-08-14 05:00:00,18.8,0.0
2024-08-14 06:00:00,18.8,5.0
2024-08-14 07:00:00,19.2,48.0
2024-08-14 08:00:00,19.8,156.0
2024-08-14 09:00:00,20.8,404.0
2024-08-14 10:00:00,20.9,483.0
2024-08-14 11:00:00,22.0,642.0
2024-08-14 12:00:00,22.1,594.0
2024-08-14 13:00:00,21.2,546.0
2024-08-14 14:00:00,20.9,500.0
2024-08-14 15:00:00,21.2,523.0
2024-08-14 16:00:00,21.5,442.0
2024-08-14 17:00:00,21.3,290.0
2024-08-14 18:00:00,20.7,191.0
2024-08-14 19:00:00,19.8,57.0
2024-08-14 20:00:00,19.0,1.0
2024-08-14 21:00:00,18.5,0.0
2024-08-14 22:00:00,18.3,0.0
2024-08-14 23:00:00,18.2,0.0
2024-08-15 00:00:00,17.6,0.0
2024-08-15 01:00:00,17.5,0.0
2024-08-15 02:00:00,17.4,0.0
2024-08-15 03:00:00,16.9,0.0
2024-08-15 04:00:00,17.3,0.0
2024-08-15 05:00:00,16.8,0.0
2024-08-15 06:00:00,17.8,9.0
2024-08-15 07:00:00,18.5,59.0
2024-08-15 08:00:00,19.3,230.0
2024-08-15 09:00:00,19.8,276.0
2024-08-15 10:00:00,20.9,400.0
2024-08-15 11:00:00,21.7,457.0
2024-08-15 12:00:00,22.9,641.0
2024-08-15 13:00:00,23.4,679.0
2024-08-15 14:00:00,23.9,763.0
2024-08-15 15:00:00,24.0,720.0
2024-08-15 16:00:00,23.6,565.0
2024-08-15 17:00:00,22.8,400.0
2024-08-15 18:00:00,21.6,226.0
2024-08-15 19:00:00,19.5,70.0
2024-08-15 20:00:00,19.3,1.0
2024-08-15 21:00:00,18.3,0.0
2024-08-15 22:00:00,16.0,0.0
2024-08-15 23:00:00,15.4,0.0
2024-08-16 00:00:00,15.2,0.0
2024-08-16 01:00:00,14.7,0.0
2024-08-16 02:00:00,13.7,0.0
2024-08-16 03:00:00,13.3,0.0
2024-08-16 04:00:00,12.9,0.0
2024-08-16 05:00:00,12.5,0.0
2024-08-16 06:00:00,13.0,16.0
2024-08-16 07:00:00,16.3,141.0
2024-08-16 08:00:00,19.9,320.0
2024-08-16 09:00:00,22.2,499.0
2024-08-16 10:00:00,24.0,653.0
2024-08-16 11:00:00,25.5,771.0
2024-08-16 12:00:00,26.6,839.0
2024-08-16 13:00:00,27.0,850.0
2024-08-16 14:00:00,26.5,806.0
2024-08-16 15:00:00,26.6,716.0
2024-08-16 16:00:00,26.5,579.0
2024-08-16 17:00:00,25.5,411.0
2024-08-16 18:00:00,24.1,230.0
2024-08-16 19:00:00,21.5,68.0
2024-08-16 20:00:00,20.2,1.0
2024-08-16 21:00:00,20.5,0.0
2024-08-16 22:00:00,18.5,0.0
2024-08-16 23:00:00,17.5,0.0
2024-08-17 00:00:00,17.0,0.0
2024-08-17 01:00:00,16.8,0.0
2024-08-17 02:00:00,16.4,0.0
2024-08-17 03:00:00,16.1,0.0
2024-08-17 04:00:00,15.9,0.0
2024-08-17 05:00:00,16.1,0.0
2024-08-17 06:00:00,16.6,12.0
2024-08-17 07:00:00,19.3,116.0
2024-08-17 08:00:00,22.7,306.0
2024-08-17 09:00:00,25.0,481.0
2024-08-17 10:00:00,25.9,463.0
2024-08-17 11:00:00,27.0,589.0
2024-08-17 12:00:00,27.2,572.0
2024-08-17 13:00:00,27.5,710.0
2024-08-17 14:00:00,26.2,637.0
2024-08-17 15:00:00,25.5,534.0
2024-08-17 16:00:00,25.1,480.0
2024-08-17 17:00:00,24.1,269.0
2024-08-17 18:00:00,23.9,115.0
2024-08-17 19:00:00,22.8,49.0
2024-08-17 20:00:00,21.7,0.0
2024-08-17 21:00:00,21.1,0.0
2024-08-17 22:00:00,21.3,0.0
2024-08-17 23:00:00,21.5,0.0
2024-08-18 00:00:00,20.9,0.0
2024-08-18 01:00:00,20.7,0.0
2024-08-18 02:00:00,20.6,0.0
2024-08-18 03:00:00,20.5,0.0
2024-08-18 04:00:00,19.8,0.0
2024-08-18 05:00:00,20.2,0.0
2024-08-18 06:00:00,20.0,5.0
2024-08-18 07:00:00,20.2,24.0
2024-08-18 08:00:00,20.4,60.0
2024-08-18 09:00:00,20.3,106.0
2024-08-18 10:00:00,21.0,184.0
2024-08-18 11:00:00,21.7,285.0
2024-08-18 12:00:00,21.5,197.0
2024-08-18 13:00:00,21.0,213.0
2024-08-18 14:00:00,21.5,286.0
2024-08-18 15:00:00,21.3,184.0
2024-08-18 16:00:00,21.5,166.0
2024-08-18 17:00:00,21.6,182.0
2024-08-18 18:00:00,20.9,149.0
2024-08-18 19:00:00,18.9,58.0
2024-08-18 20:00:00,17.3,0.0
2024-08-18 21:00:00,17.6,0.0
2024-08-18 22:00:00,18.3,0.0
2024-08-18 23:00:00,16.8,0.0
2024-08-19 00:00:00,16.6,0.0
2024-08-19 01:00:00,16.0,0.0
2024-08-19 02:00:00,15.8,0.0
2024-08-19 03:00:00,14.4,0.0
2024-08-19 04:00:00,13.8,0.0
2024-08-19 05:00:00,13.7,0.0
2024-08-19 06:00:00,13.3,11.0
2024-08-19 07:00:00,14.9,83.0
2024-08-19 08:00:00,18.4,257.0
2024-08-19 09:00:00,21.0,487.0
2024-08-19 10:00:00,22.5,655.0
2024-08-19 11:00:00,23.9,775.0
2024-08-19 12:00:00,25.1,846.0
2024-08-19 13:00:00,26.0,862.0
2024-08-19 14:00:00,25.7,821.0
2024-08-19 15:00:00,25.2,725.0
2024-08-19 16:00:00,24.5,584.0
2024-08-19 17:00:00,23.5,410.0
2024-08-19 18:00:00,22.1,224.0
2024-08-19 19:00:00,19.7,60.0
2024-08-19 20:00:00,17.4,0.0
2024-08-19 21:00:00,17.7,0.0
2024-08-19 22:00:00,17.9,0.0
2024-08-19 23:00:00,16.0,0.0
2024-08-20 00:00:00,14.7,0.0
2024-08-20 01:00:00,13.9,0.0
2024-08-20 02:00:00,13.5,0.0
2024-08-20 03:00:00,13.3,0.0
2024-08-20 04:00:00,13.2,0.0
2024-08-20 05:00:00,12.9,0.0
2024-08-20 06:00:00,13.8,12.0
2024-08-20 07:00:00,17.2,130.0
2024-08-20 08:00:00,20.6,308.0
2024-08-20 09:00:00,22.5,488.0
2024-08-20 10:00:00,23.9,645.0
2024-08-20 11:00:00,24.5,763.0
2024-08-20 12:00:00,24.9,831.0
2024-08-20 13:00:00,25.8,822.0
2024-08-20 14:00:00,25.3,752.0
2024-08-20 15:00:00,25.4,617.0
2024-08-20 16:00:00,25.1,466.0
2024-08-20 17:00:00,24.5,241.0
2024-08-20 18:00:00,22.9,94.0
2024-08-20 19:00:00,21.3,21.0
2024-08-20 20:00:00,20.8,0.0
2024-08-20 21:00:00,20.4,0.0
2024-08-20 22:00:00,20.2,0.0
2024-08-20 23:00:00,19.4,0.0
2024-08-21 00:00:00,18.7,0.0
2024-08-21 01:00:00,19.8,0.0
2024-08-21 02:00:00,19.2,0.0
2024-08-21 03:00:00,18.6,0.0
2024-08-21 04:00:00,17.9,0.0
2024-08-21 05:00:00,17.5,0.0
2024-08-21 06:00:00,17.8,8.0
2024-08-21 07:00:00,19.0,62.0
2024-08-21 08:00:00,20.0,175.0
2024-08-21 09:00:00,20.2,138.0
2024-08-21 10:00:00,21.6,315.0
2024-08-21 11:00:00,23.8,650.0
2024-08-21 12:00:00,25.1,758.0
2024-08-21 13:00:00,24.3,503.0
2024-08-21 14:00:00,25.0,641.0
2024-08-21 15:00:00,24.8,683.0
2024-08-21 16:00:00,23.8,542.0
2024-08-21 17:00:00,22.6,391.0
2024-08-21 18:00:00,21.4,210.0
2024-08-21 19:00:00,19.3,52.0
2024-08-21 20:00:00,17.9,0.0
2024-08-21 21:00:00,16.9,0.0
2024-08-21 22:00:00,16.4,0.0
2024-08-21 23:00:00,16.0,0.0
2024-08-22 00:00:00,15.5,0.0
2024-08-22 01:00:00,14.7,0.0
2024-08-22 02:00:00,14.0,0.0
2024-08-22 03:00:00,13.6,0.0
2024-08-22 04:00:00,13.2,0.0
2024-08-22 05:00:00,13.1,0.0
2024-08-22 06:00:00,13.8,10.0
2024-08-22 07:00:00,16.9,124.0
2024-08-22 08:00:00,20.5,300.0
2024-08-22 09:00:00,22.8,479.0
2024-08-22 10:00:00,24.5,634.0
2024-08-22 11:00:00,25.3,751.0
2024-08-22 12:00:00,25.3,820.0
2024-08-22 13:00:00,24.8,831.0
2024-08-22 14:00:00,24.1,712.0
2024-08-22 15:00:00,24.5,614.0
2024-08-22 16:00:00,23.4,450.0
2024-08-22 17:00:00,22.8,318.0
2024-08-22 18:00:00,22.1,151.0
2024-08-22 19:00:00,20.6,46.0
2024-08-22 20:00:00,19.4,0.0
2024-08-22 21:00:00,18.3,0.0
2024-08-22 22:00:00,18.0,0.0
2024-08-22 23:00:00,17.4,0.0
2024-08-23 00:00:00,16.6,0.0
2024-08-23 01:00:00,16.4,0.0
2024-08-23 02:00:00,15.9,0.0
2024-08-23 03:00:00,15.6,0.0
2024-08-23 04:00:00,15.4,0.0
2024-08-23 05:00:00,15.1,0.0
2024-08-23 06:00:00,15.5,6.0
2024-08-23 07:00:00,17.1,83.0
2024-08-23 08:00:00,21.0,270.0
2024-08-23 09:00:00,24.3,394.0
2024-08-23 10:00:00,26.1,556.0
2024-08-23 11:00:00,27.0,615.0
2024-08-23 12:00:00,27.8,722.0
2024-08-23 13:00:00,29.0,826.0
2024-08-23 14:00:00,29.1,785.0
2024-08-23 15:00:00,28.6,690.0
2024-08-23 16:00:00,27.9,550.0
2024-08-23 17:00:00,26.8,380.0
2024-08-23 18:00:00,25.1,199.0
2024-08-23 19:00:00,22.7,46.0
2024-08-23 20:00:00,20.6,0.0
2024-08-23 21:00:00,19.6,0.0
2024-08-23 22:00:00,19.1,0.0
2024-08-23 23:00:00,18.7,0.0
2024-08-24 00:00:00,18.9,0.0
2024-08-24 01:00:00,18.5,0.0
2024-08-24 02:00:00,19.0,0.0
2024-08-24 03:00:00,17.2,0.0
2024-08-24 04:00:00,16.5,0.0
2024-08-24 05:00:00,16.7,0.0
2024-08-24 06:00:00,17.9,9.0
2024-08-24 07:00:00,21.1,118.0
2024-08-24 08:00:00,22.9,290.0
2024-08-24 09:00:00,25.2,471.0
2024-08-24 10:00:00,27.3,625.0
2024-08-24 11:00:00,28.5,739.0
2024-08-24 12:00:00,27.8,799.0
2024-08-24 13:00:00,25.4,620.0
2024-08-24 14:00:00,23.3,391.0
2024-08-24 15:00:00,22.2,248.0
2024-08-24 16:00:00,21.2,226.0
2024-08-24 17:00:00,20.8,179.0
2024-08-24 18:00:00,20.4,66.0
2024-08-24 19:00:00,19.7,15.0
2024-08-24 20:00:00,19.2,0.0
2024-08-24 21:00:00,19.1,0.0
2024-08-24 22:00:00,19.3,0.0
2024-08-24 23:00:00,19.4,0.0
2024-08-25 00:00:00,19.3,0.0
2024-08-25 01:00:00,17.9,0.0
2024-08-25 02:00:00,17.7,0.0
2024-08-25 03:00:00,17.8,0.0
2024-08-25 04:00:00,17.9,0.0
2024-08-25 05:00:00,17.8,0.0
2024-08-25 06:00:00,18.0,3.0
2024-08-25 07:00:00,18.3,44.0
2024-08-25 08:00:00,19.1,123.0
2024-08-25 09:00:00,21.0,457.0
2024-08-25 10:00:00,21.7,431.0
2024-08-25 11:00:00,21.7,406.0
2024-08-25 12:00:00,22.6,631.0
2024-08-25 13:00:00,21.0,257.0
2024-08-25 14:00:00,21.5,308.0
2024-08-25 15:00:00,22.4,441.0
2024-08-25 16:00:00,22.3,476.0
2024-08-25 17:00:00,20.8,222.0
2024-08-25 18:00:00,19.8,168.0
2024-08-25 19:00:00,17.9,39.0
2024-08-25 20:00:00,16.8,0.0
2024-08-25 21:00:00,17.4,0.0
2024-08-25 22:00:00,15.9,0.0
2024-08-25 23:00:00,14.5,0.0
2024-08-26 00:00:00,14.2,0.0
2024-08-26 01:00:00,16.1,0.0
2024-08-26 02:00:00,16.4,0.0
2024-08-26 03:00:00,16.2,0.0
2024-08-26 04:00:00,15.5,0.0
2024-08-26 05:00:00,16.2,0.0
2024-08-26 06:00:00,16.6,4.0
2024-08-26 07:00:00,17.9,56.0
2024-08-26 08:00:00,19.6,179.0
2024-08-26 09:00:00,21.5,449.0
2024-08-26 10:00:00,23.2,619.0
2024-08-26 11:00:00,23.9,695.0
2024-08-26 12:00:00,24.5,794.0
2024-08-26 13:00:00,24.7,758.0
2024-08-26 14:00:00,24.8,774.0
2024-08-26 15:00:00,24.4,683.0
2024-08-26 16:00:00,23.7,547.0
2024-08-26 17:00:00,22.7,374.0
2024-08-26 18:00:00,21.5,190.0
2024-08-26 19:00:00,19.1,38.0
2024-08-26 20:00:00,18.4,0.0
2024-08-26 21:00:00,18.3,0.0
2024-08-26 22:00:00,16.5,0.0
2024-08-26 23:00:00,15.7,0.0
2024-08-27 00:00:00,15.0,0.0
2024-08-27 01:00:00,14.5,0.0
2024-08-27 02:00:00,13.7,0.0
2024-08-27 03:00:00,13.3,0.0
2024-08-27 04:00:00,13.2,0.0
2024-08-27 05:00:00,13.0,0.0
2024-08-27 06:00:00,13.4,7.0
2024-08-27 07:00:00,16.5,111.0
2024-08-27 08:00:00,20.8,288.0
2024-08-27 09:00:00,25.2,467.0
2024-08-27 10:00:00,29.0,624.0
2024-08-27 11:00:00,31.4,741.0
2024-08-27 12:00:00,32.1,804.0
2024-08-27 13:00:00,31.5,772.0
2024-08-27 14:00:00,28.7,516.0
2024-08-27 15:00:00,27.8,668.0
2024-08-27 16:00:00,26.5,529.0
2024-08-27 17:00:00,25.2,362.0
2024-08-27 18:00:00,24.0,183.0
2024-08-27 19:00:00,21.7,35.0
2024-08-27 20:00:00,20.2,0.0
2024-08-27 21:00:00,20.4,0.0
2024-08-27 22:00:00,19.6,0.0
2024-08-27 23:00:00,19.2,0.0
2024-08-28 00:00:00,19.0,0.0
2024-08-28 01:00:00,18.8,0.0
2024-08-28 02:00:00,18.3,0.0
2024-08-28 03:00:00,17.0,0.0
2024-08-28 04:00:00,15.8,0.0
2024-08-28 05:00:00,15.7,0.0
2024-08-28 06:00:00,16.4,6.0
2024-08-28 07:00:00,19.2,85.0
2024-08-28 08:00:00,21.5,244.0
2024-08-28 09:00:00,23.2,407.0
2024-08-28 10:00:00,25.0,604.0
2024-08-28 11:00:00,26.3,725.0
2024-08-28 12:00:00,26.0,796.0
2024-08-28 13:00:00,25.4,791.0
2024-08-28 14:00:00,25.2,685.0
2024-08-28 15:00:00,25.0,575.0
2024-08-28 16:00:00,22.1,294.0
2024-08-28 17:00:00,23.0,233.0
2024-08-28 18:00:00,21.6,75.0
2024-08-28 19:00:00,21.1,19.0
2024-08-28 20:00:00,20.5,0.0
2024-08-28 21:00:00,20.0,0.0
2024-08-28 22:00:00,19.3,0.0
2024-08-28 23:00:00,19.1,0.0
2024-08-29 00:00:00,19.2,0.0
2024-08-29 01:00:00,20.1,0.0
2024-08-29 02:00:00,19.9,0.0
2024-08-29 03:00:00,19.9,0.0
2024-08-29 04:00:00,19.7,0.0
2024-08-29 05:00:00,19.6,0.0
2024-08-29 06:00:00,19.7,2.0
2024-08-29 07:00:00,20.1,21.0
2024-08-29 08:00:00,20.1,28.0
2024-08-29 09:00:00,20.8,105.0
2024-08-29 10:00:00,20.2,59.0
2024-08-29 11:00:00,20.9,194.0
2024-08-29 12:00:00,21.4,206.0
2024-08-29 13:00:00,22.1,211.0
2024-08-29 14:00:00,22.7,190.0
2024-08-29 15:00:00,22.9,157.0
2024-08-29 16:00:00,23.0,207.0
2024-08-29 17:00:00,22.8,120.0
2024-08-29 18:00:00,22.2,35.0
2024-08-29 19:00:00,21.2,6.0
2024-08-29 20:00:00,20.5,0.0
2024-08-29 21:00:00,20.2,0.0
2024-08-29 22:00:00,20.0,0.0
2024-08-29 23:00:00,19.9,0.0
2024-08-30 00:00:00,19.0,0.0
2024-08-30 01:00:00,18.9,0.0
2024-08-30 02:00:00,19.4,0.0
2024-08-30 03:00:00,19.6,0.0
2024-08-30 04:00:00,19.2,0.0
2024-08-30 05:00:00,17.9,0.0
2024-08-30 06:00:00,18.2,4.0
2024-08-30 07:00:00,19.5,51.0
2024-08-30 08:00:00,20.5,117.0
2024-08-30 09:00:00,21.0,165.0
2024-08-30 10:00:00,21.3,151.0
2024-08-30 11:00:00,22.2,265.0
2024-08-30 12:00:00,23.7,394.0
2024-08-30 13:00:00,25.2,692.0
2024-08-30 14:00:00,24.2,341.0
2024-08-30 15:00:00,24.2,541.0
2024-08-30 16:00:00,24.2,391.0
2024-08-30 17:00:00,22.9,82.0
2024-08-30 18:00:00,22.2,50.0
2024-08-30 19:00:00,21.6,8.0
2024-08-30 20:00:00,21.2,0.0
2024-08-30 21:00:00,19.8,0.0
2024-08-30 22:00:00,19.0,0.0
2024-08-30 23:00:00,19.0,0.0
2024-08-31 00:00:00,19.3,0.0
2024-08-31 01:00:00,20.7,0.0
2024-08-31 02:00:00,20.4,0.0
2024-08-31 03:00:00,20.6,0.0
2024-08-31 04:00:00,20.7,0.0
2024-08-31 05:00:00,20.6,0.0
2024-08-31 06:00:00,19.5,4.0
2024-08-31 07:00:00,21.2,90.0
2024-08-31 08:00:00,23.2,260.0
2024-08-31 09:00:00,24.8,396.0
2024-08-31 10:00:00,26.5,586.0
2024-08-31 11:00:00,28.3,705.0
2024-08-31 12:00:00,30.1,770.0
2024-08-31 13:00:00,24.9,220.0
2024-08-31 14:00:00,27.3,635.0
2024-08-31 15:00:00,24.6,272.0
2024-08-31 16:00:00,23.2,39.0
2024-08-31 17:00:00,22.7,45.0
2024-08-31 18:00:00,22.2,10.0
2024-08-31 19:00:00,21.6,7.0
2024-08-31 20:00:00,20.5,0.0
2024-08-31 21:00:00,20.8,0.0
2024-08-31 22:00:00,20.9,0.0
2024-08-31 23:00:00,20.9,0.0
2024-09-01 00:00:00,21.0,0.0
2024-09-01 01:00:00,19.6,0.0
2024-09-01 02:00:00,18.9,0.0
2024-09-01 03:00:00,19.1,0.0
2024-09-01 04:00:00,18.9,0.0
2024-09-01 05:00:00,19.1,0.0
2024-09-01 06:00:00,18.7,3.0
2024-09-01 07:00:00,20.1,78.0
2024-09-01 08:00:00,21.5,225.0
2024-09-01 09:00:00,23.1,406.0
2024-09-01 10:00:00,24.2,473.0
2024-09-01 11:00:00,24.7,614.0
2024-09-01 12:00:00,24.4,624.0
2024-09-01 13:00:00,25.2,644.0
2024-09-01 14:00:00,24.3,565.0
2024-09-01 15:00:00,23.9,524.0
2024-09-01 16:00:00,24.2,467.0
2024-09-01 17:00:00,23.3,242.0
2024-09-01 18:00:00,22.5,111.0
2024-09-01 19:00:00,21.2,18.0
2024-09-01 20:00:00,20.7,0.0
2024-09-01 21:00:00,20.1,0.0
2024-09-01 22:00:00,19.5,0.0
2024-09-01 23:00:00,19.2,0.0
2024-09-02 00:00:00,17.2,0.0
2024-09-02 01:00:00,18.1,0.0
2024-09-02 02:00:00,18.1,0.0
2024-09-02 03:00:00,18.0,0.0
2024-09-02 04:00:00,18.4,0.0
2024-09-02 05:00:00,18.5,0.0
2024-09-02 06:00:00,18.4,2.0
2024-09-02 07:00:00,18.8,58.0
2024-09-02 08:00:00,20.2,176.0
2024-09-02 09:00:00,22.4,420.0
2024-09-02 10:00:00,23.8,478.0
2024-09-02 11:00:00,23.6,241.0
2024-09-02 12:00:00,22.6,185.0
2024-09-02 13:00:00,22.4,621.0
2024-09-02 14:00:00,20.3,133.0
2024-09-02 15:00:00,20.7,177.0
2024-09-02 16:00:00,19.9,80.0
2024-09-02 17:00:00,20.2,57.0
2024-09-02 18:00:00,19.7,23.0
2024-09-02 19:00:00,19.1,2.0
2024-09-02 20:00:00,18.7,0.0
2024-09-02 21:00:00,18.7,0.0
2024-09-02 22:00:00,18.5,0.0
2024-09-02 23:00:00,18.3,0.0
2024-09-03 00:00:00,18.3,0.0
2024-09-03 01:00:00,17.9,0.0
2024-09-03 02:00:00,17.5,0.0
2024-09-03 03:00:00,17.5,0.0
2024-09-03 04:00:00,17.5,0.0
2024-09-03 05:00:00,17.4,0.0
2024-09-03 06:00:00,17.2,1.0
2024-09-03 07:00:00,17.2,24.0
2024-09-03 08:00:00,17.2,50.0
2024-09-03 09:00:00,17.8,105.0
2024-09-03 10:00:00,19.1,297.0
2024-09-03 11:00:00,19.5,242.0
2024-09-03 12:00:00,19.9,239.0
2024-09-03 13:00:00,20.8,399.0
2024-09-03 14:00:00,21.0,389.0
2024-09-03 15:00:00,21.0,250.0
2024-09-03 16:00:00,20.6,167.0
2024-09-03 17:00:00,20.0,92.0
2024-09-03 18:00:00,19.3,38.0
2024-09-03 19:00:00,18.7,7.0
2024-09-03 20:00:00,18.3,0.0
2024-09-03 21:00:00,18.3,0.0
2024-09-03 22:00:00,18.1,0.0
2024-09-03 23:00:00,18.0,0.0
2024-09-04 00:00:00,17.7,0.0
2024-09-04 01:00:00,17.5,0.0
2024-09-04 02:00:00,17.3,0.0
2024-09-04 03:00:00,17.1,0.0
2024-09-04 04:00:00,17.0,0.0
2024-09-04 05:00:00,17.1,0.0
2024-09-04 06:00:00,17.0,1.0
2024-09-04 07:00:00,17.3,26.0
2024-09-04 08:00:00,17.5,60.0
2024-09-04 09:00:00,18.4,215.0
2024-09-04 10:00:00,19.2,427.0
2024-09-04 11:00:00,19.4,463.0
2024-09-04 12:00:00,19.9,620.0
2024-09-04 13:00:00,19.3,284.0
2024-09-04 14:00:00,19.2,457.0
2024-09-04 15:00:00,19.5,258.0
2024-09-04 16:00:00,19.5,276.0
2024-09-04 17:00:00,18.9,141.0
2024-09-04 18:00:00,17.7,67.0
2024-09-04 19:00:00,16.9,7.0
2024-09-04 20:00:00,16.4,0.0
2024-09-04 21:00:00,16.1,0.0
2024-09-04 22:00:00,15.8,0.0
2024-09-04 23:00:00,15.5,0.0
2024-09-05 00:00:00,15.3,0.0
2024-09-05 01:00:00,15.4,0.0
2024-09-05 02:00:00,15.1,0.0
2024-09-05 03:00:00,15.1,0.0
2024-09-05 04:00:00,14.8,0.0
2024-09-05 05:00:00,14.4,0.0
2024-09-05 06:00:00,14.6,2.0
2024-09-05 07:00:00,15.4,48.0
2024-09-05 08:00:00,15.8,97.0
2024-09-05 09:00:00,16.3,143.0
2024-09-05 10:00:00,16.6,166.0
2024-09-05 11:00:00,18.3,468.0
2024-09-05 12:00:00,19.6,642.0
2024-09-05 13:00:00,16.1,137.0
2024-09-05 14:00:00,15.9,149.0
2024-09-05 15:00:00,15.7,94.0
2024-09-05 16:00:00,15.5,66.0
2024-09-05 17:00:00,15.6,84.0
2024-09-05 18:00:00,15.3,19.0
2024-09-05 19:00:00,15.1,1.0
2024-09-05 20:00:00,15.0,0.0
2024-09-05 21:00:00,15.1,0.0
2024-09-05 22:00:00,14.9,0.0
2024-09-05 23:00:00,14.7,0.0
2024-09-06 00:00:00,14.7,0.0
2024-09-06 01:00:00,14.1,0.0
2024-09-06 02:00:00,13.9,0.0
2024-09-06 03:00:00,14.0,0.0
2024-09-06 04:00:00,13.9,0.0
2024-09-06 05:00:00,14.0,0.0
2024-09-06 06:00:00,13.8,1.0
2024-09-06 07:00:00,14.4,74.0
2024-09-06 08:00:00,15.5,226.0
2024-09-06 09:00:00,16.8,411.0
2024-09-06 10:00:00,18.1,555.0
2024-09-06 11:00:00,19.2,566.0
2024-09-06 12:00:00,20.0,454.0
2024-09-06 13:00:00,20.8,605.0
2024-09-06 14:00:00,21.6,532.0
2024-09-06 15:00:00,20.8,530.0
2024-09-06 16:00:00,19.2,433.0
2024-09-06 17:00:00,18.8,319.0
2024-09-06 18:00:00,17.5,138.0
2024-09-06 19:00:00,15.3,14.0
2024-09-06 20:00:00,15.6,0.0
2024-09-06 21:00:00,13.8,0.0
2024-09-06 22:00:00,13.5,0.0
2024-09-06 23:00:00,12.7,0.0
2024-09-07 00:00:00,13.7,0.0
2024-09-07 01:00:00,14.7,0.0
2024-09-07 02:00:00,14.4,0.0
2024-09-07 03:00:00,12.9,0.0
2024-09-07 04:00:00,12.0,0.0
2024-09-07 05:00:00,12.3,0.0
2024-09-07 06:00:00,13.2,1.0
2024-09-07 07:00:00,14.4,26.0
2024-09-07 08:00:00,16.0,74.0
2024-09-07 09:00:00,17.8,179.0
2024-09-07 10:00:00,19.4,334.0
2024-09-07 11:00:00,21.6,686.0
2024-09-07 12:00:00,20.1,631.0
2024-09-07 13:00:00,19.7,541.0
2024-09-07 14:00:00,19.4,529.0
2024-09-07 15:00:00,20.4,559.0
2024-09-07 16:00:00,20.2,384.0
2024-09-07 17:00:00,19.0,250.0
2024-09-07 18:00:00,17.7,123.0
2024-09-07 19:00:00,17.4,12.0
2024-09-07 20:00:00,14.5,0.0
2024-09-07 21:00:00,13.5,0.0
2024-09-07 22:00:00,13.0,0.0
2024-09-07 23:00:00,13.0,0.0
2024-09-08 00:00:00,11.9,0.0
2024-09-08 01:00:00,13.2,0.0
2024-09-08 02:00:00,12.8,0.0
2024-09-08 03:00:00,13.6,0.0
2024-09-08 04:00:00,14.2,0.0
2024-09-08 05:00:00,14.3,0.0
2024-09-08 06:00:00,14.4,0.0
2024-09-08 07:00:00,14.9,18.0
2024-09-08 08:00:00,15.6,65.0
2024-09-08 09:00:00,18.2,394.0
2024-09-08 10:00:00,19.2,431.0
2024-09-08 11:00:00,20.5,602.0
2024-09-08 12:00:00,20.9,644.0
2024-09-08 13:00:00,20.7,616.0
2024-09-08 14:00:00,21.0,627.0
2024-09-08 15:00:00,20.5,484.0
2024-09-08 16:00:00,20.5,445.0
2024-09-08 17:00:00,19.9,281.0
2024-09-08 18:00:00,18.7,118.0
2024-09-08 19:00:00,17.9,10.0
2024-09-08 20:00:00,17.4,0.0
2024-09-08 21:00:00,15.1,0.0
2024-09-08 22:00:00,14.7,0.0
2024-09-08 23:00:00,14.6,0.0
2024-09-09 00:00:00,14.3,0.0
2024-09-09 01:00:00,14.4,0.0
2024-09-09 02:00:00,14.1,0.0
2024-09-09 03:00:00,13.5,0.0
2024-09-09 04:00:00,12.9,0.0
2024-09-09 05:00:00,12.8,0.0
2024-09-09 06:00:00,12.7,1.0
2024-09-09 07:00:00,14.4,67.0
2024-09-09 08:00:00,17.5,189.0
2024-09-09 09:00:00,19.9,264.0
2024-09-09 10:00:00,20.4,224.0
2024-09-09 11:00:00,21.2,412.0
2024-09-09 12:00:00,20.8,281.0
2024-09-09 13:00:00,21.3,526.0
2024-09-09 14:00:00,20.5,331.0
2024-09-09 15:00:00,20.5,276.0
2024-09-09 16:00:00,20.3,265.0
2024-09-09 17:00:00,19.5,128.0
2024-09-09 18:00:00,19.2,62.0
2024-09-09 19:00:00,18.6,5.0
2024-09-09 20:00:00,17.6,0.0
2024-09-09 21:00:00,16.7,0.0
2024-09-09 22:00:00,17.3,0.0
2024-09-09 23:00:00,16.5,0.0
2024-09-10 00:00:00,17.3,0.0
2024-09-10 01:00:00,17.3,0.0
2024-09-10 02:00:00,17.1,0.0
2024-09-10 03:00:00,17.0,0.0
2024-09-10 04:00:00,16.7,0.0
2024-09-10 05:00:00,16.3,0.0
2024-09-10 06:00:00,16.1,1.0
2024-09-10 07:00:00,17.0,40.0
2024-09-10 08:00:00,17.7,149.0
2024-09-10 09:00:00,18.9,318.0
2024-09-10 10:00:00,19.6,442.0
2024-09-10 11:00:00,19.6,388.0
2024-09-10 12:00:00,20.3,534.0
2024-09-10 13:00:00,20.0,334.0
2024-09-10 14:00:00,20.3,473.0
2024-09-10 15:00:00,19.7,358.0
2024-09-10 16:00:00,18.9,197.0
2024-09-10 17:00:00,18.6,112.0
2024-09-10 18:00:00,18.1,41.0
2024-09-10 19:00:00,17.6,3.0
2024-09-10 20:00:00,17.0,0.0
2024-09-10 21:00:00,16.3,0.0
2024-09-10 22:00:00,16.3,0.0
2024-09-10 23:00:00,15.2,0.0
2024-09-11 00:00:00,15.5,0.0
2024-09-11 01:00:00,16.5,0.0
2024-09-11 02:00:00,16.3,0.0
2024-09-11 03:00:00,16.1,0.0
2024-09-11 04:00:00,16.1,0.0
2024-09-11 05:00:00,15.5,0.0
2024-09-11 06:00:00,14.8,1.0
2024-09-11 07:00:00,16.2,60.0
2024-09-11 08:00:00,17.7,101.0
2024-09-11 09:00:00,18.5,152.0
2024-09-11 10:00:00,19.6,264.0
2024-09-11 11:00:00,20.3,280.0
2024-09-11 12:00:00,21.0,390.0
2024-09-11 13:00:00,20.1,168.0
2024-09-11 14:00:00,20.7,258.0
2024-09-11 15:00:00,20.2,209.0
2024-09-11 16:00:00,19.4,101.0
2024-09-11 17:00:00,18.7,37.0
2024-09-11 18:00:00,18.3,11.0
2024-09-11 19:00:00,18.1,1.0
2024-09-11 20:00:00,17.9,0.0
2024-09-11 21:00:00,17.6,0.0
2024-09-11 22:00:00,17.5,0.0
2024-09-11 23:00:00,17.5,0.0
2024-09-12 00:00:00,17.2,0.0
2024-09-12 01:00:00,16.8,0.0
2024-09-12 02:00:00,16.4,0.0
2024-09-12 03:00:00,16.1,0.0
2024-09-12 04:00:00,16.0,0.0
2024-09-12 05:00:00,16.0,0.0
2024-09-12 06:00:00,15.8,0.0
2024-09-12 07:00:00,15.9,13.0
2024-09-12 08:00:00,16.0,35.0
2024-09-12 09:00:00,16.0,42.0
2024-09-12 10:00:00,16.2,117.0
2024-09-12 11:00:00,15.9,92.0
2024-09-12 12:00:00,15.5,117.0
2024-09-12 13:00:00,15.6,72.0
2024-09-12 14:00:00,15.8,68.0
2024-09-12 15:00:00,15.5,80.0
2024-09-12 16:00:00,15.4,45.0
2024-09-12 17:00:00,15.1,33.0
2024-09-12 18:00:00,14.9,15.0
2024-09-12 19:00:00,14.8,2.0
2024-09-12 20:00:00,14.6,0.0
2024-09-12 21:00:00,14.5,0.0
2024-09-12 22:00:00,14.4,0.0
2024-09-12 23:00:00,13.4,0.0
2024-09-13 00:00:00,13.9,0.0
2024-09-13 01:00:00,13.2,0.0
2024-09-13 02:00:00,13.6,0.0
2024-09-13 03:00:00,13.2,0.0
2024-09-13 04:00:00,12.6,0.0
2024-09-13 05:00:00,12.3,0.0
2024-09-13 06:00:00,12.1,0.0
2024-09-13 07:00:00,13.9,53.0
2024-09-13 08:00:00,15.5,185.0
2024-09-13 09:00:00,16.0,377.0
2024-09-13 10:00:00,16.6,509.0
2024-09-13 11:00:00,17.2,519.0
2024-09-13 12:00:00,17.6,568.0
2024-09-13 13:00:00,18.2,673.0
2024-09-13 14:00:00,18.2,606.0
2024-09-13 15:00:00,18.0,547.0
2024-09-13 16:00:00,17.3,408.0
2024-09-13 17:00:00,16.4,255.0
2024-09-13 18:00:00,15.0,89.0
2024-09-13 19:00:00,13.0,4.0
2024-09-13 20:00:00,14.2,0.0
2024-09-13 21:00:00,12.3,0.0
2024-09-13 22:00:00,12.6,0.0
2024-09-13 23:00:00,12.6,0.0
2024-09-14 00:00:00,12.3,0.0
2024-09-14 01:00:00,10.0,0.0
2024-09-14 02:00:00,8.7,0.0
2024-09-14 03:00:00,7.9,0.0
2024-09-14 04:00:00,8.0,0.0
2024-09-14 05:00:00,7.9,0.0
2024-09-14 06:00:00,7.5,0.0
2024-09-14 07:00:00,10.1,69.0
2024-09-14 08:00:00,13.5,241.0
2024-09-14 09:00:00,15.4,420.0
2024-09-14 10:00:00,16.8,580.0
2024-09-14 11:00:00,18.0,698.0
2024-09-14 12:00:00,18.9,766.0
2024-09-14 13:00:00,19.7,773.0
2024-09-14 14:00:00,19.7,721.0
2024-09-14 15:00:00,19.2,614.0
2024-09-14 16:00:00,18.6,463.0
2024-09-14 17:00:00,17.8,284.0
2024-09-14 18:00:00,15.9,105.0
2024-09-14 19:00:00,14.3,4.0
2024-09-14 20:00:00,12.5,0.0
2024-09-14 21:00:00,11.2,0.0
2024-09-14 22:00:00,10.2,0.0
2024-09-14 23:00:00,9.7,0.0
2024-09-15 00:00:00,9.5,0.0
2024-09-15 01:00:00,9.5,0.0
2024-09-15 02:00:00,9.1,0.0
2024-09-15 03:00:00,8.8,0.0
2024-09-15 04:00:00,8.4,0.0
2024-09-15 05:00:00,8.2,0.0
2024-09-15 06:00:00,8.3,0.0
2024-09-15 07:00:00,11.2,66.0
2024-09-15 08:00:00,14.9,237.0
2024-09-15 09:00:00,16.9,419.0
2024-09-15 10:00:00,18.1,577.0
2024-09-15 11:00:00,18.9,692.0
2024-09-15 12:00:00,19.1,744.0
2024-09-15 13:00:00,19.1,765.0
2024-09-15 14:00:00,18.7,715.0
2024-09-15 15:00:00,18.2,612.0
2024-09-15 16:00:00,17.5,462.0
2024-09-15 17:00:00,16.5,282.0
2024-09-15 18:00:00,14.5,101.0
2024-09-15 19:00:00,13.8,3.0
2024-09-15 20:00:00,13.6,0.0
2024-09-15 21:00:00,10.7,0.0
2024-09-15 22:00:00,9.9,0.0
2024-09-15 23:00:00,9.2,0.0
2024-09-16 00:00:00,8.8,0.0
2024-09-16 01:00:00,8.9,0.0
2024-09-16 02:00:00,8.3,0.0
2024-09-16 03:00:00,8.5,0.0
2024-09-16 04:00:00,8.6,0.0
2024-09-16 05:00:00,8.3,0.0
2024-09-16 06:00:00,7.8,0.0
2024-09-16 07:00:00,9.6,47.0
2024-09-16 08:00:00,13.7,185.0
2024-09-16 09:00:00,17.5,396.0
2024-09-16 10:00:00,18.8,553.0
2024-09-16 11:00:00,19.6,630.0
2024-09-16 12:00:00,19.9,718.0
2024-09-16 13:00:00,20.0,739.0
2024-09-16 14:00:00,19.6,686.0
2024-09-16 15:00:00,19.1,571.0
2024-09-16 16:00:00,18.4,429.0
2024-09-16 17:00:00,17.5,258.0
2024-09-16 18:00:00,15.7,89.0
2024-09-16 19:00:00,13.9,2.0
2024-09-16 20:00:00,15.5,0.0
2024-09-16 21:00:00,14.1,0.0
2024-09-16 22:00:00,13.4,0.0
2024-09-16 23:00:00,13.9,0.0
2024-09-17 00:00:00,13.0,0.0
2024-09-17 01:00:00,13.0,0.0
2024-09-17 02:00:00,13.6,0.0
2024-09-17 03:00:00,12.3,0.0
2024-09-17 04:00:00,12.0,0.0
2024-09-17 05:00:00,12.4,0.0
2024-09-17 06:00:00,11.7,0.0
2024-09-17 07:00:00,14.7,49.0
2024-09-17 08:00:00,16.6,166.0
2024-09-17 09:00:00,17.9,352.0
2024-09-17 10:00:00,18.3,354.0
2024-09-17 11:00:00,18.7,370.0
2024-09-17 12:00:00,19.9,675.0
2024-09-17 13:00:00,19.2,392.0
2024-09-17 14:00:00,19.1,400.0
2024-09-17 15:00:00,18.6,274.0
2024-09-17 16:00:00,18.4,273.0
2024-09-17 17:00:00,17.9,125.0
2024-09-17 18:00:00,17.2,50.0
2024-09-17 19:00:00,16.4,1.0
2024-09-17 20:00:00,16.3,0.0
2024-09-17 21:00:00,15.0,0.0
2024-09-17 22:00:00,13.0,0.0
2024-09-17 23:00:00,13.7,0.0
2024-09-18 00:00:00,14.3,0.0
2024-09-18 01:00:00,15.2,0.0
2024-09-18 02:00:00,14.2,0.0
2024-09-18 03:00:00,12.9,0.0
2024-09-18 04:00:00,12.6,0.0
2024-09-18 05:00:00,12.0,0.0
2024-09-18 06:00:00,11.4,0.0
2024-09-18 07:00:00,13.3,46.0
2024-09-18 08:00:00,16.1,189.0
2024-09-18 09:00:00,18.2,367.0
2024-09-18 10:00:00,19.5,487.0
2024-09-18 11:00:00,20.2,373.0
2024-09-18 12:00:00,20.8,395.0
2024-09-18 13:00:00,22.0,540.0
2024-09-18 14:00:00,21.9,470.0
2024-09-18 15:00:00,20.9,408.0
2024-09-18 16:00:00,20.2,378.0
2024-09-18 17:00:00,19.9,241.0
2024-09-18 18:00:00,17.9,78.0
2024-09-18 19:00:00,16.0,1.0
2024-09-18 20:00:00,16.5,0.0
2024-09-18 21:00:00,14.8,0.0
2024-09-18 22:00:00,13.8,0.0
2024-09-18 23:00:00,14.0,0.0
2024-09-19 00:00:00,13.8,0.0
2024-09-19 01:00:00,14.8,0.0
2024-09-19 02:00:00,14.9,0.0
2024-09-19 03:00:00,14.7,0.0
2024-09-19 04:00:00,14.5,0.0
2024-09-19 05:00:00,14.1,0.0
2024-09-19 06:00:00,13.6,0.0
2024-09-19 07:00:00,14.3,46.0
2024-09-19 08:00:00,17.6,207.0
2024-09-19 09:00:00,20.2,379.0
2024-09-19 10:00:00,22.1,534.0
2024-09-19 11:00:00,23.7,652.0
2024-09-19 12:00:00,25.2,716.0
2024-09-19 13:00:00,26.3,703.0
2024-09-19 14:00:00,26.6,633.0
2024-09-19 15:00:00,26.4,530.0
2024-09-19 16:00:00,25.3,389.0
2024-09-19 17:00:00,23.4,220.0
2024-09-19 18:00:00,20.3,70.0
2024-09-19 19:00:00,18.3,1.0
2024-09-19 20:00:00,17.5,0.0
2024-09-19 21:00:00,16.9,0.0
2024-09-19 22:00:00,16.3,0.0
2024-09-19 23:00:00,15.9,0.0
2024-09-20 00:00:00,15.4,0.0
2024-09-20 01:00:00,15.6,0.0
2024-09-20 02:00:00,14.9,0.0
2024-09-20 03:00:00,14.6,0.0
2024-09-20 04:00:00,14.2,0.0
2024-09-20 05:00:00,14.4,0.0
2024-09-20 06:00:00,14.9,0.0
2024-09-20 07:00:00,17.1,47.0
2024-09-20 08:00:00,19.8,185.0
2024-09-20 09:00:00,21.2,334.0
2024-09-20 10:00:00,22.3,444.0
2024-09-20 11:00:00,23.6,550.0
2024-09-20 12:00:00,24.8,595.0
2024-09-20 13:00:00,26.0,660.0
2024-09-20 14:00:00,25.7,561.0
2024-09-20 15:00:00,25.4,427.0
2024-09-20 16:00:00,19.3,202.0
2024-09-20 17:00:00,18.9,42.0
2024-09-20 18:00:00,18.7,62.0
2024-09-20 19:00:00,18.4,1.0
2024-09-20 20:00:00,17.3,0.0
2024-09-20 21:00:00,15.7,0.0
2024-09-20 22:00:00,16.1,0.0
2024-09-20 23:00:00,15.4,0.0
2024-09-21 00:00:00,14.9,0.0
2024-09-21 01:00:00,17.1,0.0
2024-09-21 02:00:00,16.7,0.0
2024-09-21 03:00:00,16.0,0.0
2024-09-21 04:00:00,16.5,0.0
2024-09-21 05:00:00,15.9,0.0
2024-09-21 06:00:00,15.7,0.0
2024-09-21 07:00:00,16.7,42.0
2024-09-21 08:00:00,18.9,160.0
2024-09-21 09:00:00,20.7,262.0
2024-09-21 10:00:00,22.4,494.0
2024-09-21 11:00:00,23.5,577.0
2024-09-21 12:00:00,21.0,408.0
2024-09-21 13:00:00,21.9,646.0
2024-09-21 14:00:00,18.1,279.0
2024-09-21 15:00:00,18.8,282.0
2024-09-21 16:00:00,18.5,31.0
2024-09-21 17:00:00,18.3,73.0
2024-09-21 18:00:00,18.1,22.0
2024-09-21 19:00:00,18.1,0.0
2024-09-21 20:00:00,17.8,0.0
2024-09-21 21:00:00,17.0,0.0
2024-09-21 22:00:00,17.5,0.0
2024-09-21 23:00:00,17.4,0.0
2024-09-22 00:00:00,17.3,0.0
2024-09-22 01:00:00,17.1,0.0
2024-09-22 02:00:00,16.5,0.0
2024-09-22 03:00:00,15.6,0.0
2024-09-22 04:00:00,16.0,0.0
2024-09-22 05:00:00,15.8,0.0
2024-09-22 06:00:00,15.7,0.0
2024-09-22 07:00:00,16.1,27.0
2024-09-22 08:00:00,17.8,173.0
2024-09-22 09:00:00,18.9,299.0
2024-09-22 10:00:00,19.8,434.0
2024-09-22 11:00:00,20.4,524.0
2024-09-22 12:00:00,20.8,564.0
2024-09-22 13:00:00,19.5,378.0
2024-09-22 14:00:00,19.5,502.0
2024-09-22 15:00:00,18.3,292.0
2024-09-22 16:00:00,18.7,252.0
2024-09-22 17:00:00,18.4,179.0
2024-09-22 18:00:00,16.8,54.0
2024-09-22 19:00:00,16.4,0.0
2024-09-22 20:00:00,16.8,0.0
2024-09-22 21:00:00,15.2,0.0
2024-09-22 22:00:00,14.0,0.0
2024-09-22 23:00:00,13.7,0.0
2024-09-23 00:00:00,13.2,0.0
2024-09-23 01:00:00,15.6,0.0
2024-09-23 02:00:00,15.7,0.0
2024-09-23 03:00:00,15.3,0.0
2024-09-23 04:00:00,12.9,0.0
2024-09-23 05:00:00,13.1,0.0
2024-09-23 06:00:00,12.7,0.0
2024-09-23 07:00:00,14.2,37.0
2024-09-23 08:00:00,16.1,168.0
2024-09-23 09:00:00,17.9,326.0
2024-09-23 10:00:00,19.3,502.0
2024-09-23 11:00:00,20.2,562.0
2024-09-23 12:00:00,20.7,639.0
2024-09-23 13:00:00,21.0,517.0
2024-09-23 14:00:00,20.2,434.0
2024-09-23 15:00:00,20.3,460.0
2024-09-23 16:00:00,19.1,329.0
2024-09-23 17:00:00,18.4,171.0
2024-09-23 18:00:00,16.3,54.0
2024-09-23 19:00:00,16.9,0.0
2024-09-23 20:00:00,14.7,0.0
2024-09-23 21:00:00,15.0,0.0
2024-09-23 22:00:00,14.5,0.0
2024-09-23 23:00:00,14.7,0.0
2024-09-24 00:00:00,15.0,0.0
2024-09-24 01:00:00,15.4,0.0
2024-09-24 02:00:00,15.4,0.0
2024-09-24 03:00:00,14.9,0.0
2024-09-24 04:00:00,14.9,0.0
2024-09-24 05:00:00,13.7,0.0
2024-09-24 06:00:00,12.9,0.0
2024-09-24 07:00:00,13.7,36.0
2024-09-24 08:00:00,16.1,189.0
2024-09-24 09:00:00,18.9,370.0
2024-09-24 10:00:00,20.9,525.0
2024-09-24 11:00:00,21.9,630.0
2024-09-24 12:00:00,22.3,537.0
2024-09-24 13:00:00,22.0,467.0
2024-09-24 14:00:00,21.5,556.0
2024-09-24 15:00:00,21.3,482.0
2024-09-24 16:00:00,20.7,345.0
2024-09-24 17:00:00,19.9,175.0
2024-09-24 18:00:00,18.9,45.0
2024-09-24 19:00:00,16.5,0.0
2024-09-24 20:00:00,17.0,0.0
2024-09-24 21:00:00,14.7,0.0
2024-09-24 22:00:00,14.6,0.0
2024-09-24 23:00:00,14.0,0.0
2024-09-25 00:00:00,13.4,0.0
2024-09-25 01:00:00,13.5,0.0
2024-09-25 02:00:00,13.9,0.0
2024-09-25 03:00:00,15.7,0.0
2024-09-25 04:00:00,16.6,0.0
2024-09-25 05:00:00,17.5,0.0
2024-09-25 06:00:00,18.3,0.0
2024-09-25 07:00:00,18.7,9.0
2024-09-25 08:00:00,19.7,146.0
2024-09-25 09:00:00,21.0,187.0
2024-09-25 10:00:00,23.0,472.0
2024-09-25 11:00:00,24.2,560.0
2024-09-25 12:00:00,25.1,406.0
2024-09-25 13:00:00,27.1,535.0
2024-09-25 14:00:00,27.4,449.0
2024-09-25 15:00:00,26.7,244.0
2024-09-25 16:00:00,26.9,250.0
2024-09-25 17:00:00,27.2,186.0
2024-09-25 18:00:00,27.1,31.0
2024-09-25 19:00:00,26.4,0.0
2024-09-25 20:00:00,26.5,0.0
2024-09-25 21:00:00,25.8,0.0
2024-09-25 22:00:00,25.5,0.0
2024-09-25 23:00:00,24.4,0.0
2024-09-26 00:00:00,22.0,0.0
2024-09-26 01:00:00,18.8,0.0
2024-09-26 02:00:00,18.2,0.0
2024-09-26 03:00:00,17.6,0.0
2024-09-26 04:00:00,17.0,0.0
2024-09-26 05:00:00,17.7,0.0
2024-09-26 06:00:00,17.8,0.0
2024-09-26 07:00:00,18.4,18.0
2024-09-26 08:00:00,20.0,37.0
2024-09-26 09:00:00,20.9,32.0
2024-09-26 10:00:00,21.4,82.0
2024-09-26 11:00:00,20.8,86.0
2024-09-26 12:00:00,21.2,491.0
2024-09-26 13:00:00,19.7,432.0
2024-09-26 14:00:00,20.4,398.0
2024-09-26 15:00:00,20.4,382.0
2024-09-26 16:00:00,19.9,198.0
2024-09-26 17:00:00,19.1,77.0
2024-09-26 18:00:00,18.1,18.0
2024-09-26 19:00:00,17.4,0.0
2024-09-26 20:00:00,17.3,0.0
2024-09-26 21:00:00,16.9,0.0
2024-09-26 22:00:00,17.0,0.0
2024-09-26 23:00:00,16.7,0.0
2024-09-27 00:00:00,15.3,0.0
2024-09-27 01:00:00,14.8,0.0
2024-09-27 02:00:00,14.6,0.0
2024-09-27 03:00:00,13.1,0.0
2024-09-27 04:00:00,12.8,0.0
2024-09-27 05:00:00,12.8,0.0
2024-09-27 06:00:00,12.8,0.0
2024-09-27 07:00:00,13.5,34.0
2024-09-27 08:00:00,14.3,159.0
2024-09-27 09:00:00,14.6,183.0
2024-09-27 10:00:00,16.0,400.0
2024-09-27 11:00:00,16.7,559.0
2024-09-27 12:00:00,16.7,544.0
2024-09-27 13:00:00,16.9,527.0
2024-09-27 14:00:00,17.6,563.0
2024-09-27 15:00:00,17.1,397.0
2024-09-27 16:00:00,16.7,330.0
2024-09-27 17:00:00,15.8,191.0
2024-09-27 18:00:00,14.7,43.0
2024-09-27 19:00:00,13.4,0.0
2024-09-27 20:00:00,12.7,0.0
2024-09-27 21:00:00,12.5,0.0
2024-09-27 22:00:00,12.9,0.0
2024-09-27 23:00:00,12.4,0.0
2024-09-28 00:00:00,12.1,0.0
2024-09-28 01:00:00,12.4,0.0
2024-09-28 02:00:00,12.7,0.0
2024-09-28 03:00:00,12.3,0.0
2024-09-28 04:00:00,11.6,0.0
2024-09-28 05:00:00,11.6,0.0
2024-09-28 06:00:00,11.2,0.0
2024-09-28 07:00:00,12.3,26.0
2024-09-28 08:00:00,13.0,107.0
2024-09-28 09:00:00,14.4,280.0
2024-09-28 10:00:00,14.5,297.0
2024-09-28 11:00:00,16.1,525.0
2024-09-28 12:00:00,16.5,595.0
2024-09-28 13:00:00,17.3,572.0
2024-09-28 14:00:00,17.7,572.0
2024-09-28 15:00:00,17.3,427.0
2024-09-28 16:00:00,16.9,262.0
2024-09-28 17:00:00,16.2,163.0
2024-09-28 18:00:00,13.4,40.0
2024-09-28 19:00:00,11.9,0.0
2024-09-28 20:00:00,11.5,0.0
2024-09-28 21:00:00,11.0,0.0
2024-09-28 22:00:00,10.2,0.0
2024-09-28 23:00:00,9.5,0.0
2024-09-29 00:00:00,9.0,0.0
2024-09-29 01:00:00,9.3,0.0
2024-09-29 02:00:00,9.1,0.0
2024-09-29 03:00:00,9.5,0.0
2024-09-29 04:00:00,10.1,0.0
2024-09-29 05:00:00,10.6,0.0
2024-09-29 06:00:00,11.0,0.0
2024-09-29 07:00:00,12.6,32.0
2024-09-29 08:00:00,15.5,164.0
2024-09-29 09:00:00,17.9,229.0
2024-09-29 10:00:00,20.6,488.0
2024-09-29 11:00:00,22.7,585.0
2024-09-29 12:00:00,24.4,668.0
2024-09-29 13:00:00,25.6,675.0
2024-09-29 14:00:00,26.1,614.0
2024-09-29 15:00:00,26.2,512.0
2024-09-29 16:00:00,25.6,367.0
2024-09-29 17:00:00,23.3,194.0
2024-09-29 18:00:00,19.7,40.0
2024-09-29 19:00:00,18.1,0.0
2024-09-29 20:00:00,16.2,0.0
2024-09-29 21:00:00,16.0,0.0
2024-09-29 22:00:00,16.2,0.0
2024-09-29 23:00:00,14.7,0.0
2024-09-30 00:00:00,12.5,0.0
2024-09-30 01:00:00,12.2,0.0
2024-09-30 02:00:00,11.9,0.0
2024-09-30 03:00:00,11.6,0.0
2024-09-30 04:00:00,12.2,0.0
2024-09-30 05:00:00,12.2,0.0
2024-09-30 06:00:00,13.8,0.0
2024-09-30 07:00:00,14.3,14.0
2024-09-30 08:00:00,16.3,133.0
2024-09-30 09:00:00,19.2,334.0
2024-09-30 10:00:00,21.1,483.0
2024-09-30 11:00:00,22.4,595.0
2024-09-30 12:00:00,23.3,656.0
2024-09-30 13:00:00,22.8,611.0
2024-09-30 14:00:00,23.2,591.0
2024-09-30 15:00:00,22.1,457.0
2024-09-30 16:00:00,21.2,297.0
2024-09-30 17:00:00,20.3,152.0
2024-09-30 18:00:00,18.4,29.0
2024-09-30 19:00:00,16.9,0.0
2024-09-30 20:00:00,15.8,0.0
2024-09-30 21:00:00,15.7,0.0
2024-09-30 22:00:00,15.5,0.0
2024-09-30 23:00:00,15.5,0.0
2024-10-01 00:00:00,15.7,0.0
2024-10-01 01:00:00,16.6,0.0
2024-10-01 02:00:00,16.3,0.0
2024-10-01 03:00:00,16.0,0.0
2024-10-01 04:00:00,16.1,0.0
2024-10-01 05:00:00,15.8,0.0
2024-10-01 06:00:00,15.9,0.0
2024-10-01 07:00:00,16.3,7.0
2024-10-01 08:00:00,18.0,71.0
2024-10-01 09:00:00,20.6,238.0
2024-10-01 10:00:00,23.3,452.0
2024-10-01 11:00:00,25.0,560.0
2024-10-01 12:00:00,25.5,397.0
2024-10-01 13:00:00,24.4,428.0
2024-10-01 14:00:00,22.8,502.0
2024-10-01 15:00:00,22.1,275.0
2024-10-01 16:00:00,21.3,205.0
2024-10-01 17:00:00,20.5,98.0
2024-10-01 18:00:00,19.5,21.0
2024-10-01 19:00:00,18.9,0.0
2024-10-01 20:00:00,18.3,0.0
2024-10-01 21:00:00,17.6,0.0
2024-10-01 22:00:00,17.6,0.0
2024-10-01 23:00:00,17.3,0.0
2024-10-02 00:00:00,17.0,0.0
2024-10-02 01:00:00,16.5,0.0
2024-10-02 02:00:00,16.3,0.0
2024-10-02 03:00:00,16.2,0.0
2024-10-02 04:00:00,16.2,0.0
2024-10-02 05:00:00,16.1,0.0
2024-10-02 06:00:00,15.9,0.0
2024-10-02 07:00:00,15.9,4.0
2024-10-02 08:00:00,16.4,47.0
2024-10-02 09:00:00,16.5,37.0
2024-10-02 10:00:00,16.9,70.0
2024-10-02 11:00:00,17.5,108.0
2024-10-02 12:00:00,17.5,121.0
2024-10-02 13:00:00,17.7,87.0
2024-10-02 14:00:00,16.9,44.0
2024-10-02 15:00:00,16.9,37.0
2024-10-02 16:00:00,16.7,26.0
2024-10-02 17:00:00,15.9,19.0
2024-10-02 18:00:00,15.5,4.0
2024-10-02 19:00:00,15.5,0.0
2024-10-02 20:00:00,15.5,0.0
2024-10-02 21:00:00,15.3,0.0
2024-10-02 22:00:00,15.2,0.0
2024-10-02 23:00:00,15.3,0.0
2024-10-03 00:00:00,15.1,0.0
2024-10-03 01:00:00,13.9,0.0
2024-10-03 02:00:00,13.8,0.0
2024-10-03 03:00:00,14.4,0.0
2024-10-03 04:00:00,14.4,0.0
2024-10-03 05:00:00,14.5,0.0
2024-10-03 06:00:00,13.5,0.0
2024-10-03 07:00:00,14.3,18.0
2024-10-03 08:00:00,15.4,133.0
2024-10-03 09:00:00,16.3,275.0
2024-10-03 10:00:00,17.3,451.0
2024-10-03 11:00:00,18.3,551.0
2024-10-03 12:00:00,18.7,592.0
2024-10-03 13:00:00,18.7,510.0
2024-10-03 14:00:00,18.4,430.0
2024-10-03 15:00:00,18.4,472.0
2024-10-03 16:00:00,17.7,325.0
2024-10-03 17:00:00,16.4,118.0
2024-10-03 18:00:00,14.0,26.0
2024-10-03 19:00:00,14.8,0.0
2024-10-03 20:00:00,14.2,0.0
2024-10-03 21:00:00,13.0,0.0
2024-10-03 22:00:00,11.7,0.0
2024-10-03 23:00:00,11.2,0.0
2024-10-04 00:00:00,11.3,0.0
2024-10-04 01:00:00,10.6,0.0
2024-10-04 02:00:00,10.3,0.0
2024-10-04 03:00:00,9.7,0.0
2024-10-04 04:00:00,10.0,0.0
2024-10-04 05:00:00,10.0,0.0
2024-10-04 06:00:00,10.7,0.0
2024-10-04 07:00:00,10.8,16.0
2024-10-04 08:00:00,11.6,107.0
2024-10-04 09:00:00,13.7,242.0
2024-10-04 10:00:00,16.1,462.0
2024-10-04 11:00:00,17.6,547.0
2024-10-04 12:00:00,18.0,394.0
2024-10-04 13:00:00,19.3,580.0
2024-10-04 14:00:00,19.4,575.0
2024-10-04 15:00:00,18.8,476.0
2024-10-04 16:00:00,17.5,332.0
2024-10-04 17:00:00,15.7,169.0
2024-10-04 18:00:00,12.2,27.0
2024-10-04 19:00:00,10.8,0.0
2024-10-04 20:00:00,11.5,0.0
2024-10-04 21:00:00,10.8,0.0
2024-10-04 22:00:00,10.5,0.0
2024-10-04 23:00:00,10.6,0.0
2024-10-05 00:00:00,10.9,0.0
2024-10-05 01:00:00,10.2,0.0
2024-10-05 02:00:00,10.7,0.0
2024-10-05 03:00:00,9.9,0.0
2024-10-05 04:00:00,9.8,0.0
2024-10-05 05:00:00,9.8,0.0
2024-10-05 06:00:00,10.3,0.0
2024-10-05 07:00:00,12.0,15.0
2024-10-05 08:00:00,15.1,134.0
2024-10-05 09:00:00,18.9,265.0
2024-10-05 10:00:00,22.4,431.0
2024-10-05 11:00:00,23.9,501.0
2024-10-05 12:00:00,25.4,596.0
2024-10-05 13:00:00,25.3,320.0
2024-10-05 14:00:00,25.1,221.0
2024-10-05 15:00:00,23.9,116.0
2024-10-05 16:00:00,23.5,126.0
2024-10-05 17:00:00,22.2,50.0
2024-10-05 18:00:00,21.3,4.0
2024-10-05 19:00:00,21.3,0.0
2024-10-05 20:00:00,21.0,0.0
2024-10-05 21:00:00,20.4,0.0
2024-10-05 22:00:00,19.5,0.0
2024-10-05 23:00:00,19.2,0.0
2024-10-06 00:00:00,19.5,0.0
2024-10-06 01:00:00,19.5,0.0
2024-10-06 02:00:00,18.9,0.0
2024-10-06 03:00:00,19.2,0.0
2024-10-06 04:00:00,19.2,0.0
2024-10-06 05:00:00,19.4,0.0
2024-10-06 06:00:00,20.1,0.0
2024-10-06 07:00:00,20.7,19.0
2024-10-06 08:00:00,21.9,149.0
2024-10-06 09:00:00,23.5,297.0
2024-10-06 10:00:00,24.5,404.0
2024-10-06 11:00:00,25.8,547.0
2024-10-06 12:00:00,26.1,594.0
2024-10-06 13:00:00,24.5,434.0
2024-10-06 14:00:00,23.7,406.0
2024-10-06 15:00:00,22.7,264.0
2024-10-06 16:00:00,22.1,174.0
2024-10-06 17:00:00,20.7,32.0
2024-10-06 18:00:00,19.7,4.0
2024-10-06 19:00:00,19.2,0.0
2024-10-06 20:00:00,17.7,0.0
2024-10-06 21:00:00,16.6,0.0
2024-10-06 22:00:00,16.7,0.0
2024-10-06 23:00:00,17.1,0.0
2024-10-07 00:00:00,17.8,0.0
2024-10-07 01:00:00,20.3,0.0
2024-10-07 02:00:00,19.5,0.0
2024-10-07 03:00:00,18.4,0.0
2024-10-07 04:00:00,18.2,0.0
2024-10-07 05:00:00,17.6,0.0
2024-10-07 06:00:00,17.4,0.0
2024-10-07 07:00:00,18.1,3.0
2024-10-07 08:00:00,18.7,9.0
2024-10-07 09:00:00,19.2,41.0
2024-10-07 10:00:00,19.7,70.0
2024-10-07 11:00:00,20.3,104.0
2024-10-07 12:00:00,21.4,175.0
2024-10-07 13:00:00,22.4,202.0
2024-10-07 14:00:00,21.9,200.0
2024-10-07 15:00:00,21.9,232.0
2024-10-07 16:00:00,21.6,179.0
2024-10-07 17:00:00,21.2,105.0
2024-10-07 18:00:00,18.0,13.0
2024-10-07 19:00:00,15.3,0.0
2024-10-07 20:00:00,13.9,0.0
2024-10-07 21:00:00,14.2,0.0
2024-10-07 22:00:00,16.4,0.0
2024-10-07 23:00:00,17.4,0.0
2024-10-08 00:00:00,17.1,0.0
2024-10-08 01:00:00,17.3,0.0
2024-10-08 02:00:00,16.9,0.0
2024-10-08 03:00:00,16.7,0.0
2024-10-08 04:00:00,16.6,0.0
2024-10-08 05:00:00,16.7,0.0
2024-10-08 06:00:00,16.7,0.0
2024-10-08 07:00:00,17.1,17.0
2024-10-08 08:00:00,18.5,146.0
2024-10-08 09:00:00,20.1,311.0
2024-10-08 10:00:00,21.5,451.0
2024-10-08 11:00:00,22.6,556.0
2024-10-08 12:00:00,22.6,437.0
2024-10-08 13:00:00,22.7,446.0
2024-10-08 14:00:00,22.7,382.0
2024-10-08 15:00:00,21.9,251.0
2024-10-08 16:00:00,21.3,139.0
2024-10-08 17:00:00,20.8,46.0
2024-10-08 18:00:00,20.9,1.0
2024-10-08 19:00:00,20.2,0.0
2024-10-08 20:00:00,20.3,0.0
2024-10-08 21:00:00,19.7,0.0
2024-10-08 22:00:00,20.2,0.0
2024-10-08 23:00:00,20.9,0.0
2024-10-09 00:00:00,21.2,0.0
2024-10-09 01:00:00,21.6,0.0
2024-10-09 02:00:00,22.0,0.0
2024-10-09 03:00:00,22.1,0.0
2024-10-09 04:00:00,22.2,0.0
2024-10-09 05:00:00,22.2,0.0
2024-10-09 06:00:00,22.4,0.0
2024-10-09 07:00:00,22.6,14.0
2024-10-09 08:00:00,22.2,130.0
2024-10-09 09:00:00,21.3,184.0
2024-10-09 10:00:00,20.9,144.0
2024-10-09 11:00:00,22.1,184.0
2024-10-09 12:00:00,23.6,139.0
2024-10-09 13:00:00,26.1,388.0
2024-10-09 14:00:00,20.6,341.0
2024-10-09 15:00:00,16.7,116.0
2024-10-09 16:00:00,16.2,99.0
2024-10-09 17:00:00,16.2,51.0
2024-10-09 18:00:00,15.6,7.0
2024-10-09 19:00:00,15.4,0.0
2024-10-09 20:00:00,15.5,0.0
2024-10-09 21:00:00,14.8,0.0
2024-10-09 22:00:00,14.9,0.0
2024-10-09 23:00:00,14.5,0.0
2024-10-10 00:00:00,14.8,0.0
2024-10-10 01:00:00,14.2,0.0
2024-10-10 02:00:00,14.4,0.0
2024-10-10 03:00:00,12.4,0.0
2024-10-10 04:00:00,13.0,0.0
2024-10-10 05:00:00,12.5,0.0
2024-10-10 06:00:00,12.1,0.0
2024-10-10 07:00:00,12.5,15.0
2024-10-10 08:00:00,14.1,121.0
2024-10-10 09:00:00,16.4,268.0
2024-10-10 10:00:00,17.7,405.0
2024-10-10 11:00:00,18.1,475.0
2024-10-10 12:00:00,18.5,493.0
2024-10-10 13:00:00,16.5,320.0
2024-10-10 14:00:00,16.7,374.0
2024-10-10 15:00:00,17.1,231.0
2024-10-10 16:00:00,16.5,244.0
2024-10-10 17:00:00,16.3,80.0
2024-10-10 18:00:00,14.5,10.0
2024-10-10 19:00:00,13.5,0.0
2024-10-10 20:00:00,12.3,0.0
2024-10-10 21:00:00,12.3,0.0
2024-10-10 22:00:00,13.6,0.0
2024-10-10 23:00:00,13.5,0.0
2024-10-11 00:00:00,12.9,0.0
2024-10-11 01:00:00,13.0,0.0
2024-10-11 02:00:00,11.6,0.0
2024-10-11 03:00:00,10.8,0.0
2024-10-11 04:00:00,10.2,0.0
2024-10-11 05:00:00,9.8,0.0
2024-10-11 06:00:00,9.4,0.0
2024-10-11 07:00:00,9.8,15.0
2024-10-11 08:00:00,12.1,139.0
2024-10-11 09:00:00,14.8,307.0
2024-10-11 10:00:00,17.7,461.0
2024-10-11 11:00:00,20.1,569.0
2024-10-11 12:00:00,21.5,622.0
2024-10-11 13:00:00,22.1,623.0
2024-10-11 14:00:00,22.6,557.0
2024-10-11 15:00:00,22.9,430.0
2024-10-11 16:00:00,21.9,249.0
2024-10-11 17:00:00,20.2,88.0
2024-10-11 18:00:00,18.8,8.0
2024-10-11 19:00:00,18.5,0.0
2024-10-11 20:00:00,17.9,0.0
2024-10-11 21:00:00,18.9,0.0
2024-10-11 22:00:00,18.9,0.0
2024-10-11 23:00:00,18.9,0.0
2024-10-12 00:00:00,19.1,0.0
2024-10-12 01:00:00,18.3,0.0
2024-10-12 02:00:00,18.9,0.0
2024-10-12 03:00:00,19.8,0.0
2024-10-12 04:00:00,18.9,0.0
2024-10-12 05:00:00,18.6,0.0
2024-10-12 06:00:00,18.3,0.0
2024-10-12 07:00:00,18.3,3.0
2024-10-12 08:00:00,18.8,46.0
2024-10-12 09:00:00,19.9,119.0
2024-10-12 10:00:00,21.9,255.0
2024-10-12 11:00:00,22.7,424.0
2024-10-12 12:00:00,24.1,590.0
2024-10-12 13:00:00,23.1,300.0
2024-10-12 14:00:00,22.9,245.0
2024-10-12 15:00:00,22.7,250.0
2024-10-12 16:00:00,22.6,224.0
2024-10-12 17:00:00,21.2,104.0
2024-10-12 18:00:00,19.8,9.0
2024-10-12 19:00:00,18.8,0.0
2024-10-12 20:00:00,17.5,0.0
2024-10-12 21:00:00,16.5,0.0
2024-10-12 22:00:00,16.3,0.0
2024-10-12 23:00:00,16.2,0.0
2024-10-13 00:00:00,16.0,0.0
2024-10-13 01:00:00,16.6,0.0
2024-10-13 02:00:00,16.4,0.0
2024-10-13 03:00:00,15.9,0.0
2024-10-13 04:00:00,15.3,0.0
2024-10-13 05:00:00,14.9,0.0
2024-10-13 06:00:00,14.4,0.0
2024-10-13 07:00:00,14.7,13.0
2024-10-13 08:00:00,16.7,130.0
2024-10-13 09:00:00,19.0,293.0
2024-10-13 10:00:00,21.2,441.0
2024-10-13 11:00:00,22.9,546.0
2024-10-13 12:00:00,24.1,598.0
2024-10-13 13:00:00,24.8,592.0
2024-10-13 14:00:00,25.3,533.0
2024-10-13 15:00:00,25.8,424.0
2024-10-13 16:00:00,25.1,277.0
2024-10-13 17:00:00,23.2,118.0
2024-10-13 18:00:00,20.9,9.0
2024-10-13 19:00:00,19.3,0.0
2024-10-13 20:00:00,18.5,0.0
2024-10-13 21:00:00,17.3,0.0
2024-10-13 22:00:00,16.9,0.0
2024-10-13 23:00:00,16.7,0.0
2024-10-14 00:00:00,16.4,0.0
2024-10-14 01:00:00,16.5,0.0
2024-10-14 02:00:00,17.3,0.0
2024-10-14 03:00:00,16.2,0.0
2024-10-14 04:00:00,15.6,0.0
2024-10-14 05:00:00,15.6,0.0
2024-10-14 06:00:00,15.1,0.0
2024-10-14 07:00:00,15.5,11.0
2024-10-14 08:00:00,18.2,124.0
2024-10-14 09:00:00,20.3,268.0
2024-10-14 10:00:00,22.0,410.0
2024-10-14 11:00:00,23.3,508.0
2024-10-14 12:00:00,24.6,576.0
2024-10-14 13:00:00,26.0,533.0
2024-10-14 14:00:00,26.2,467.0
2024-10-14 15:00:00,25.5,341.0
2024-10-14 16:00:00,23.5,150.0
2024-10-14 17:00:00,21.7,69.0
2024-10-14 18:00:00,20.4,3.0
2024-10-14 19:00:00,20.6,0.0
2024-10-14 20:00:00,19.3,0.0
2024-10-14 21:00:00,19.2,0.0
2024-10-14 22:00:00,18.6,0.0
2024-10-14 23:00:00,17.6,0.0
2024-10-15 00:00:00,16.8,0.0
2024-10-15 01:00:00,17.6,0.0
2024-10-15 02:00:00,17.1,0.0
2024-10-15 03:00:00,18.1,0.0
2024-10-15 04:00:00,19.4,0.0
2024-10-15 05:00:00,19.6,0.0
2024-10-15 06:00:00,19.3,0.0
2024-10-15 07:00:00,20.1,5.0
2024-10-15 08:00:00,21.2,73.0
2024-10-15 09:00:00,22.3,189.0
2024-10-15 10:00:00,23.8,344.0
2024-10-15 11:00:00,24.5,481.0
2024-10-15 12:00:00,25.2,494.0
2024-10-15 13:00:00,26.0,515.0
2024-10-15 14:00:00,26.1,414.0
2024-10-15 15:00:00,24.7,314.0
2024-10-15 16:00:00,23.7,182.0
2024-10-15 17:00:00,22.9,91.0
2024-10-15 18:00:00,21.6,6.0
2024-10-15 19:00:00,21.1,0.0
2024-10-15 20:00:00,20.9,0.0
2024-10-15 21:00:00,20.6,0.0
2024-10-15 22:00:00,19.6,0.0
2024-10-15 23:00:00,18.7,0.0
2024-10-16 00:00:00,18.1,0.0
2024-10-16 01:00:00,19.8,0.0
2024-10-16 02:00:00,19.8,0.0
2024-10-16 03:00:00,19.5,0.0
2024-10-16 04:00:00,18.9,0.0
2024-10-16 05:00:00,19.8,0.0
2024-10-16 06:00:00,19.7,0.0
2024-10-16 07:00:00,18.8,1.0
2024-10-16 08:00:00,18.7,6.0
2024-10-16 09:00:00,19.5,32.0
2024-10-16 10:00:00,19.9,45.0
2024-10-16 11:00:00,22.4,258.0
2024-10-16 12:00:00,23.2,541.0
2024-10-16 13:00:00,24.2,490.0
2024-10-16 14:00:00,21.0,194.0
2024-10-16 15:00:00,21.1,260.0
2024-10-16 16:00:00,19.7,117.0
2024-10-16 17:00:00,18.4,36.0
2024-10-16 18:00:00,17.5,1.0
2024-10-16 19:00:00,17.4,0.0
2024-10-16 20:00:00,17.2,0.0
2024-10-16 21:00:00,17.0,0.0
2024-10-16 22:00:00,16.8,0.0
2024-10-16 23:00:00,17.0,0.0
2024-10-17 00:00:00,16.9,0.0
2024-10-17 01:00:00,16.2,0.0
2024-10-17 02:00:00,15.7,0.0
2024-10-17 03:00:00,15.8,0.0
2024-10-17 04:00:00,15.4,0.0
2024-10-17 05:00:00,15.4,0.0
2024-10-17 06:00:00,15.1,0.0
2024-10-17 07:00:00,14.9,1.0
2024-10-17 08:00:00,14.7,3.0
2024-10-17 09:00:00,14.7,17.0
2024-10-17 10:00:00,14.6,20.0
2024-10-17 11:00:00,14.3,40.0
2024-10-17 12:00:00,14.5,55.0
2024-10-17 13:00:00,15.0,185.0
2024-10-17 14:00:00,15.1,290.0
2024-10-17 15:00:00,14.8,129.0
2024-10-17 16:00:00,14.9,146.0
2024-10-17 17:00:00,14.1,82.0
2024-10-17 18:00:00,13.0,5.0
2024-10-17 19:00:00,12.9,0.0
2024-10-17 20:00:00,12.9,0.0
2024-10-17 21:00:00,13.2,0.0
2024-10-17 22:00:00,12.7,0.0
2024-10-17 23:00:00,12.9,0.0
2024-10-18 00:00:00,12.5,0.0
2024-10-18 01:00:00,12.8,0.0
2024-10-18 02:00:00,12.7,0.0
2024-10-18 03:00:00,13.1,0.0
2024-10-18 04:00:00,12.7,0.0
2024-10-18 05:00:00,12.5,0.0
2024-10-18 06:00:00,11.4,0.0
2024-10-18 07:00:00,12.3,6.0
2024-10-18 08:00:00,13.7,85.0
2024-10-18 09:00:00,15.0,192.0
2024-10-18 10:00:00,16.2,353.0
2024-10-18 11:00:00,17.4,435.0
2024-10-18 12:00:00,18.3,570.0
2024-10-18 13:00:00,18.7,480.0
2024-10-18 14:00:00,18.7,420.0
2024-10-18 15:00:00,18.9,366.0
2024-10-18 16:00:00,18.3,247.0
2024-10-18 17:00:00,16.9,69.0
2024-10-18 18:00:00,16.3,1.0
2024-10-18 19:00:00,16.2,0.0
2024-10-18 20:00:00,16.0,0.0
2024-10-18 21:00:00,15.8,0.0
2024-10-18 22:00:00,14.6,0.0
2024-10-18 23:00:00,14.9,0.0
2024-10-19 00:00:00,14.9,0.0
2024-10-19 01:00:00,14.6,0.0
2024-10-19 02:00:00,14.6,0.0
2024-10-19 03:00:00,14.3,0.0
2024-10-19 04:00:00,14.2,0.0
2024-10-19 05:00:00,14.7,0.0
2024-10-19 06:00:00,15.3,0.0
2024-10-19 07:00:00,16.0,4.0
2024-10-19 08:00:00,17.1,24.0
2024-10-19 09:00:00,19.2,229.0
2024-10-19 10:00:00,19.4,163.0
2024-10-19 11:00:00,21.6,397.0
2024-10-19 12:00:00,22.2,532.0
2024-10-19 13:00:00,18.6,197.0
2024-10-19 14:00:00,19.4,300.0
2024-10-19 15:00:00,19.3,219.0
2024-10-19 16:00:00,19.3,124.0
2024-10-19 17:00:00,18.1,26.0
2024-10-19 18:00:00,16.8,1.0
2024-10-19 19:00:00,17.2,0.0
2024-10-19 20:00:00,16.7,0.0
2024-10-19 21:00:00,17.9,0.0
2024-10-19 22:00:00,18.7,0.0
2024-10-19 23:00:00,18.9,0.0
2024-10-20 00:00:00,18.7,0.0
2024-10-20 01:00:00,18.5,0.0
2024-10-20 02:00:00,18.2,0.0
2024-10-20 03:00:00,17.9,0.0
2024-10-20 04:00:00,16.9,0.0
2024-10-20 05:00:00,17.6,0.0
2024-10-20 06:00:00,17.3,0.0
2024-10-20 07:00:00,17.5,3.0
2024-10-20 08:00:00,18.2,75.0
2024-10-20 09:00:00,20.1,192.0
2024-10-20 10:00:00,21.2,206.0
2024-10-20 11:00:00,22.7,449.0
2024-10-20 12:00:00,22.6,294.0
2024-10-20 13:00:00,24.9,532.0
2024-10-20 14:00:00,25.5,479.0
2024-10-20 15:00:00,25.1,376.0
2024-10-20 16:00:00,23.8,240.0
2024-10-20 17:00:00,22.7,89.0
2024-10-20 18:00:00,20.6,3.0
2024-10-20 19:00:00,19.0,0.0
2024-10-20 20:00:00,15.9,0.0
2024-10-20 21:00:00,14.9,0.0
2024-10-20 22:00:00,14.4,0.0
2024-10-20 23:00:00,14.2,0.0
2024-10-21 00:00:00,14.0,0.0
2024-10-21 01:00:00,13.6,0.0
2024-10-21 02:00:00,13.4,0.0
2024-10-21 03:00:00,13.8,0.0
2024-10-21 04:00:00,14.5,0.0
2024-10-21 05:00:00,15.4,0.0
2024-10-21 06:00:00,15.4,0.0
2024-10-21 07:00:00,14.9,6.0
2024-10-21 08:00:00,16.7,108.0
2024-10-21 09:00:00,19.1,265.0
2024-10-21 10:00:00,21.0,410.0
2024-10-21 11:00:00,22.7,513.0
2024-10-21 12:00:00,24.1,563.0
2024-10-21 13:00:00,23.6,541.0
2024-10-21 14:00:00,20.6,365.0
2024-10-21 15:00:00,19.6,232.0
2024-10-21 16:00:00,18.4,152.0
2024-10-21 17:00:00,17.8,34.0
2024-10-21 18:00:00,17.4,1.0
2024-10-21 19:00:00,17.1,0.0
2024-10-21 20:00:00,16.9,0.0
2024-10-21 21:00:00,16.5,0.0
2024-10-21 22:00:00,16.3,0.0
2024-10-21 23:00:00,16.0,0.0
2024-10-22 00:00:00,15.8,0.0
2024-10-22 01:00:00,15.7,0.0
2024-10-22 02:00:00,15.5,0.0
2024-10-22 03:00:00,15.4,0.0
2024-10-22 04:00:00,15.3,0.0
2024-10-22 05:00:00,15.2,0.0
2024-10-22 06:00:00,15.3,0.0
2024-10-22 07:00:00,15.1,1.0
2024-10-22 08:00:00,15.3,19.0
2024-10-22 09:00:00,15.7,65.0
2024-10-22 10:00:00,16.1,109.0
2024-10-22 11:00:00,16.7,202.0
2024-10-22 12:00:00,17.5,292.0
2024-10-22 13:00:00,17.1,148.0
2024-10-22 14:00:00,17.3,200.0
2024-10-22 15:00:00,17.0,133.0
2024-10-22 16:00:00,16.6,100.0
2024-10-22 17:00:00,15.9,53.0
2024-10-22 18:00:00,14.4,1.0
2024-10-22 19:00:00,14.5,0.0
2024-10-22 20:00:00,14.0,0.0
2024-10-22 21:00:00,13.4,0.0
2024-10-22 22:00:00,12.3,0.0
2024-10-22 23:00:00,12.8,0.0
2024-10-23 00:00:00,13.1,0.0
2024-10-23 01:00:00,12.7,0.0
2024-10-23 02:00:00,10.9,0.0
2024-10-23 03:00:00,10.7,0.0
2024-10-23 04:00:00,11.7,0.0
2024-10-23 05:00:00,11.4,0.0
2024-10-23 06:00:00,10.9,0.0
2024-10-23 07:00:00,10.7,3.0
2024-10-23 08:00:00,11.6,64.0
2024-10-23 09:00:00,14.2,243.0
2024-10-23 10:00:00,16.0,399.0
2024-10-23 11:00:00,17.7,503.0
2024-10-23 12:00:00,19.4,554.0
2024-10-23 13:00:00,21.4,548.0
2024-10-23 14:00:00,22.4,489.0
2024-10-23 15:00:00,22.7,380.0
2024-10-23 16:00:00,21.9,234.0
2024-10-23 17:00:00,19.8,80.0
2024-10-23 18:00:00,18.2,1.0
2024-10-23 19:00:00,17.0,0.0
2024-10-23 20:00:00,16.2,0.0
2024-10-23 21:00:00,15.3,0.0
2024-10-23 22:00:00,15.0,0.0
2024-10-23 23:00:00,14.9,0.0
2024-10-24 00:00:00,14.7,0.0
2024-10-24 01:00:00,15.0,0.0
2024-10-24 02:00:00,15.1,0.0
2024-10-24 03:00:00,14.8,0.0
2024-10-24 04:00:00,14.6,0.0
2024-10-24 05:00:00,14.4,0.0
2024-10-24 06:00:00,14.3,0.0
2024-10-24 07:00:00,14.6,4.0
2024-10-24 08:00:00,16.3,91.0
2024-10-24 09:00:00,18.0,228.0
2024-10-24 10:00:00,19.9,392.0
2024-10-24 11:00:00,21.6,493.0
2024-10-24 12:00:00,22.8,549.0
2024-10-24 13:00:00,23.5,542.0
2024-10-24 14:00:00,24.1,485.0
2024-10-24 15:00:00,24.0,373.0
2024-10-24 16:00:00,22.7,229.0
2024-10-24 17:00:00,20.7,69.0
2024-10-24 18:00:00,19.5,1.0
2024-10-24 19:00:00,18.9,0.0
2024-10-24 20:00:00,19.3,0.0
2024-10-24 21:00:00,19.6,0.0
2024-10-24 22:00:00,19.6,0.0
2024-10-24 23:00:00,17.4,0.0
2024-10-25 00:00:00,17.2,0.0
2024-10-25 01:00:00,16.2,0.0
2024-10-25 02:00:00,15.8,0.0
2024-10-25 03:00:00,14.8,0.0
2024-10-25 04:00:00,14.9,0.0
2024-10-25 05:00:00,14.6,0.0
2024-10-25 06:00:00,14.2,0.0
2024-10-25 07:00:00,14.1,1.0
2024-10-25 08:00:00,14.6,34.0
2024-10-25 09:00:00,14.5,52.0
2024-10-25 10:00:00,14.6,96.0
2024-10-25 11:00:00,14.2,77.0
2024-10-25 12:00:00,14.2,87.0
2024-10-25 13:00:00,14.6,167.0
2024-10-25 14:00:00,15.6,331.0
2024-10-25 15:00:00,15.4,138.0
2024-10-25 16:00:00,15.0,173.0
2024-10-25 17:00:00,13.9,39.0
2024-10-25 18:00:00,11.4,1.0
2024-10-25 19:00:00,11.1,0.0
2024-10-25 20:00:00,12.5,0.0
2024-10-25 21:00:00,10.6,0.0
2024-10-25 22:00:00,11.4,0.0
2024-10-25 23:00:00,9.5,0.0
2024-10-26 00:00:00,8.8,0.0
2024-10-26 01:00:00,10.4,0.0
2024-10-26 02:00:00,11.6,0.0
2024-10-26 03:00:00,10.8,0.0
2024-10-26 04:00:00,10.2,0.0
2024-10-26 05:00:00,11.1,0.0
2024-10-26 06:00:00,11.4,0.0
2024-10-26 07:00:00,10.8,1.0
2024-10-26 08:00:00,11.2,12.0
2024-10-26 09:00:00,11.7,42.0
2024-10-26 10:00:00,12.1,51.0
2024-10-26 11:00:00,12.2,58.0
2024-10-26 12:00:00,12.4,91.0
2024-10-26 13:00:00,12.0,81.0
2024-10-26 14:00:00,11.7,35.0
2024-10-26 15:00:00,11.8,43.0
2024-10-26 16:00:00,11.6,32.0
2024-10-26 17:00:00,11.3,9.0
2024-10-26 18:00:00,11.2,0.0
2024-10-26 19:00:00,11.2,0.0
2024-10-26 20:00:00,11.1,0.0
2024-10-26 21:00:00,11.0,0.0
2024-10-26 22:00:00,10.9,0.0
2024-10-26 23:00:00,10.9,0.0
2024-10-27 00:00:00,10.9,0.0
2024-10-27 01:00:00,11.1,0.0
2024-10-27 02:00:00,11.5,0.0
2024-10-27 03:00:00,11.9,0.0
2024-10-27 04:00:00,12.0,0.0
2024-10-27 05:00:00,12.0,0.0
2024-10-27 06:00:00,12.1,0.0
2024-10-27 07:00:00,12.2,0.0
2024-10-27 08:00:00,12.7,30.0
2024-10-27 09:00:00,13.4,102.0
2024-10-27 10:00:00,14.3,242.0
2024-10-27 11:00:00,15.3,413.0
2024-10-27 12:00:00,16.1,434.0
2024-10-27 13:00:00,14.4,126.0
2024-10-27 14:00:00,15.3,274.0
2024-10-27 15:00:00,15.8,322.0
2024-10-27 16:00:00,15.6,132.0
2024-10-27 17:00:00,12.7,59.0
2024-10-27 18:00:00,11.9,0.0
2024-10-27 19:00:00,10.1,0.0
2024-10-27 20:00:00,10.9,0.0
2024-10-27 21:00:00,10.1,0.0
2024-10-27 22:00:00,10.4,0.0
2024-10-27 23:00:00,9.6,0.0
2024-10-28 00:00:00,9.1,0.0
2024-10-28 01:00:00,12.1,0.0
2024-10-28 02:00:00,11.4,0.0
2024-10-28 03:00:00,11.9,0.0
2024-10-28 04:00:00,11.2,0.0
2024-10-28 05:00:00,9.7,0.0
2024-10-28 06:00:00,9.7,0.0
2024-10-28 07:00:00,10.2,1.0
2024-10-28 08:00:00,11.0,38.0
2024-10-28 09:00:00,12.1,139.0
2024-10-28 10:00:00,13.7,220.0
2024-10-28 11:00:00,15.7,418.0
2024-10-28 12:00:00,16.3,300.0
2024-10-28 13:00:00,16.2,219.0
2024-10-28 14:00:00,16.2,181.0
2024-10-28 15:00:00,16.3,157.0
2024-10-28 16:00:00,15.8,75.0
2024-10-28 17:00:00,14.3,38.0
2024-10-28 18:00:00,12.5,0.0
2024-10-28 19:00:00,13.2,0.0
2024-10-28 20:00:00,12.9,0.0
2024-10-28 21:00:00,12.9,0.0
2024-10-28 22:00:00,13.1,0.0
2024-10-28 23:00:00,13.2,0.0
2024-10-29 00:00:00,13.3,0.0
2024-10-29 01:00:00,12.7,0.0
2024-10-29 02:00:00,12.8,0.0
2024-10-29 03:00:00,12.9,0.0
2024-10-29 04:00:00,12.9,0.0
2024-10-29 05:00:00,12.8,0.0
2024-10-29 06:00:00,12.5,0.0
2024-10-29 07:00:00,12.6,1.0
2024-10-29 08:00:00,13.5,43.0
2024-10-29 09:00:00,14.9,142.0
2024-10-29 10:00:00,16.2,285.0
2024-10-29 11:00:00,17.5,312.0
2024-10-29 12:00:00,18.4,373.0
2024-10-29 13:00:00,18.3,247.0
2024-10-29 14:00:00,18.7,272.0
2024-10-29 15:00:00,18.5,276.0
2024-10-29 16:00:00,17.4,186.0
2024-10-29 17:00:00,15.0,53.0
2024-10-29 18:00:00,13.7,0.0
2024-10-29 19:00:00,14.0,0.0
2024-10-29 20:00:00,13.6,0.0
2024-10-29 21:00:00,14.0,0.0
2024-10-29 22:00:00,14.3,0.0
2024-10-29 23:00:00,14.4,0.0
2024-10-30 00:00:00,14.2,0.0
2024-10-30 01:00:00,13.1,0.0
2024-10-30 02:00:00,13.0,0.0
2024-10-30 03:00:00,12.8,0.0
2024-10-30 04:00:00,12.5,0.0
2024-10-30 05:00:00,13.4,0.0
2024-10-30 06:00:00,12.5,0.0
2024-10-30 07:00:00,12.5,1.0
2024-10-30 08:00:00,14.6,52.0
2024-10-30 09:00:00,15.8,143.0
2024-10-30 10:00:00,16.6,273.0
2024-10-30 11:00:00,17.7,301.0
2024-10-30 12:00:00,19.1,476.0
2024-10-30 13:00:00,20.3,443.0
2024-10-30 14:00:00,20.2,292.0
2024-10-30 15:00:00,18.4,76.0
2024-10-30 16:00:00,18.1,166.0
2024-10-30 17:00:00,15.9,45.0
2024-10-30 18:00:00,14.2,0.0
2024-10-30 19:00:00,13.1,0.0
2024-10-30 20:00:00,12.6,0.0
2024-10-30 21:00:00,12.9,0.0
2024-10-30 22:00:00,12.7,0.0
2024-10-30 23:00:00,12.7,0.0
2024-10-31 00:00:00,12.3,0.0
2024-10-31 01:00:00,13.3,0.0
2024-10-31 02:00:00,12.7,0.0
2024-10-31 03:00:00,11.7,0.0
2024-10-31 04:00:00,11.3,0.0
2024-10-31 05:00:00,11.4,0.0
2024-10-31 06:00:00,11.2,0.0
2024-10-31 07:00:00,11.4,1.0
2024-10-31 08:00:00,13.9,71.0
2024-10-31 09:00:00,17.1,211.0
2024-10-31 10:00:00,19.5,341.0
2024-10-31 11:00:00,21.4,440.0
2024-10-31 12:00:00,22.6,484.0
2024-10-31 13:00:00,23.3,479.0
2024-10-31 14:00:00,23.4,405.0
2024-10-31 15:00:00,23.4,310.0
2024-10-31 16:00:00,21.8,194.0
2024-10-31 17:00:00,18.2,51.0
2024-10-31 18:00:00,17.1,0.0
2024-10-31 19:00:00,16.2,0.0
2024-10-31 20:00:00,15.2,0.0
2024-10-31 21:00:00,13.9,0.0
2024-10-31 22:00:00,14.2,0.0
2024-10-31 23:00:00,13.7,0.0
2024-11-01 00:00:00,13.4,0.0
2024-11-01 01:00:00,14.4,0.0
2024-11-01 02:00:00,15.1,0.0
2024-11-01 03:00:00,15.0,0.0
2024-11-01 04:00:00,15.0,0.0
2024-11-01 05:00:00,14.6,0.0
2024-11-01 06:00:00,14.5,0.0
2024-11-01 07:00:00,14.5,1.0
2024-11-01 08:00:00,16.3,67.0
2024-11-01 09:00:00,18.1,205.0
2024-11-01 10:00:00,19.4,340.0
2024-11-01 11:00:00,20.8,444.0
2024-11-01 12:00:00,21.9,500.0
2024-11-01 13:00:00,23.4,485.0
2024-11-01 14:00:00,23.6,433.0
2024-11-01 15:00:00,23.2,328.0
2024-11-01 16:00:00,21.8,191.0
2024-11-01 17:00:00,18.7,49.0
2024-11-01 18:00:00,16.8,0.0
2024-11-01 19:00:00,15.7,0.0
2024-11-01 20:00:00,14.4,0.0
2024-11-01 21:00:00,13.4,0.0
2024-11-01 22:00:00,13.0,0.0
2024-11-01 23:00:00,12.6,0.0
2024-11-02 00:00:00,12.0,0.0
2024-11-02 01:00:00,12.4,0.0
2024-11-02 02:00:00,12.1,0.0
2024-11-02 03:00:00,11.8,0.0
2024-11-02 04:00:00,11.5,0.0
2024-11-02 05:00:00,11.2,0.0
2024-11-02 06:00:00,10.9,0.0
2024-11-02 07:00:00,10.7,0.0
2024-11-02 08:00:00,12.8,63.0
2024-11-02 09:00:00,15.3,194.0
2024-11-02 10:00:00,18.1,350.0
2024-11-02 11:00:00,20.4,451.0
2024-11-02 12:00:00,21.3,502.0
2024-11-02 13:00:00,21.0,498.0
2024-11-02 14:00:00,20.6,437.0
2024-11-02 15:00:00,19.6,326.0
2024-11-02 16:00:00,18.1,162.0
2024-11-02 17:00:00,16.4,34.0
2024-11-02 18:00:00,15.2,0.0
2024-11-02 19:00:00,15.9,0.0
2024-11-02 20:00:00,15.8,0.0
2024-11-02 21:00:00,15.8,0.0
2024-11-02 22:00:00,15.8,0.0
2024-11-02 23:00:00,15.8,0.0
2024-11-03 00:00:00,15.6,0.0
2024-11-03 01:00:00,15.1,0.0
2024-11-03 02:00:00,14.0,0.0
2024-11-03 03:00:00,13.3,0.0
2024-11-03 04:00:00,13.1,0.0
2024-11-03 05:00:00,13.0,0.0
2024-11-03 06:00:00,12.9,0.0
2024-11-03 07:00:00,13.6,0.0
2024-11-03 08:00:00,15.9,63.0
2024-11-03 09:00:00,17.7,199.0
2024-11-03 10:00:00,18.9,334.0
2024-11-03 11:00:00,20.4,435.0
2024-11-03 12:00:00,21.5,495.0
2024-11-03 13:00:00,22.7,488.0
2024-11-03 14:00:00,22.9,425.0
2024-11-03 15:00:00,22.6,311.0
2024-11-03 16:00:00,20.9,150.0
2024-11-03 17:00:00,18.9,32.0
2024-11-03 18:00:00,17.8,0.0
2024-11-03 19:00:00,17.2,0.0
2024-11-03 20:00:00,16.8,0.0
2024-11-03 21:00:00,15.9,0.0
2024-11-03 22:00:00,14.9,0.0
2024-11-03 23:00:00,14.8,0.0
2024-11-04 00:00:00,14.2,0.0
2024-11-04 01:00:00,15.6,0.0
2024-11-04 02:00:00,16.2,0.0
2024-11-04 03:00:00,16.0,0.0
2024-11-04 04:00:00,15.6,0.0
2024-11-04 05:00:00,14.3,0.0
2024-11-04 06:00:00,15.4,0.0
2024-11-04 07:00:00,16.1,0.0
2024-11-04 08:00:00,17.2,46.0
2024-11-04 09:00:00,18.5,137.0
2024-11-04 10:00:00,19.8,312.0
2024-11-04 11:00:00,20.7,367.0
2024-11-04 12:00:00,21.4,407.0
2024-11-04 13:00:00,22.3,394.0
2024-11-04 14:00:00,22.6,400.0
2024-11-04 15:00:00,22.1,261.0
2024-11-04 16:00:00,20.9,150.0
2024-11-04 17:00:00,19.0,29.0
2024-11-04 18:00:00,18.9,0.0
2024-11-04 19:00:00,18.2,0.0
2024-11-04 20:00:00,16.8,0.0
2024-11-04 21:00:00,16.2,0.0
2024-11-04 22:00:00,15.7,0.0
2024-11-04 23:00:00,15.3,0.0
2024-11-05 00:00:00,15.8,0.0
2024-11-05 01:00:00,15.0,0.0
2024-11-05 02:00:00,15.1,0.0
2024-11-05 03:00:00,15.2,0.0
2024-11-05 04:00:00,15.3,0.0
2024-11-05 05:00:00,15.3,0.0
2024-11-05 06:00:00,15.4,0.0
2024-11-05 07:00:00,15.7,0.0
2024-11-05 08:00:00,16.4,41.0
2024-11-05 09:00:00,18.1,168.0
2024-11-05 10:00:00,19.8,326.0
2024-11-05 11:00:00,21.2,419.0
2024-11-05 12:00:00,22.2,475.0
2024-11-05 13:00:00,23.6,466.0
2024-11-05 14:00:00,23.9,411.0
2024-11-05 15:00:00,23.1,306.0
2024-11-05 16:00:00,21.0,143.0
2024-11-05 17:00:00,17.9,36.0
2024-11-05 18:00:00,16.4,0.0
2024-11-05 19:00:00,18.3,0.0
2024-11-05 20:00:00,16.0,0.0
2024-11-05 21:00:00,14.9,0.0
2024-11-05 22:00:00,14.0,0.0
2024-11-05 23:00:00,13.1,0.0
2024-11-06 00:00:00,12.3,0.0
2024-11-06 01:00:00,12.7,0.0
2024-11-06 02:00:00,12.9,0.0
2024-11-06 03:00:00,12.3,0.0
2024-11-06 04:00:00,12.0,0.0
2024-11-06 05:00:00,12.1,0.0
2024-11-06 06:00:00,11.6,0.0
2024-11-06 07:00:00,11.0,0.0
2024-11-06 08:00:00,13.0,53.0
2024-11-06 09:00:00,15.9,186.0
2024-11-06 10:00:00,18.5,314.0
2024-11-06 11:00:00,20.7,426.0
2024-11-06 12:00:00,22.2,480.0
2024-11-06 13:00:00,22.8,476.0
2024-11-06 14:00:00,22.8,417.0
2024-11-06 15:00:00,22.3,311.0
2024-11-06 16:00:00,20.6,172.0
2024-11-06 17:00:00,16.4,38.0
2024-11-06 18:00:00,15.2,0.0
2024-11-06 19:00:00,14.4,0.0
2024-11-06 20:00:00,13.1,0.0
2024-11-06 21:00:00,12.7,0.0
2024-11-06 22:00:00,12.6,0.0
2024-11-06 23:00:00,11.5,0.0
2024-11-07 00:00:00,10.9,0.0
2024-11-07 01:00:00,11.1,0.0
2024-11-07 02:00:00,11.1,0.0
2024-11-07 03:00:00,11.2,0.0
2024-11-07 04:00:00,11.3,0.0
2024-11-07 05:00:00,11.5,0.0
2024-11-07 06:00:00,12.0,0.0
2024-11-07 07:00:00,12.8,0.0
2024-11-07 08:00:00,15.1,43.0
2024-11-07 09:00:00,16.7,134.0
2024-11-07 10:00:00,17.6,230.0
2024-11-07 11:00:00,18.9,414.0
2024-11-07 12:00:00,20.0,477.0
2024-11-07 13:00:00,21.0,475.0
2024-11-07 14:00:00,21.2,418.0
2024-11-07 15:00:00,21.0,312.0
2024-11-07 16:00:00,19.8,172.0
2024-11-07 17:00:00,17.2,37.0
2024-11-07 18:00:00,16.0,0.0
2024-11-07 19:00:00,14.8,0.0
2024-11-07 20:00:00,14.5,0.0
2024-11-07 21:00:00,14.5,0.0
2024-11-07 22:00:00,14.4,0.0
2024-11-07 23:00:00,14.2,0.0
2024-11-08 00:00:00,14.0,0.0
2024-11-08 01:00:00,14.4,0.0
2024-11-08 02:00:00,14.5,0.0
2024-11-08 03:00:00,14.9,0.0
2024-11-08 04:00:00,14.6,0.0
2024-11-08 05:00:00,14.9,0.0
2024-11-08 06:00:00,14.7,0.0
2024-11-08 07:00:00,14.3,0.0
2024-11-08 08:00:00,15.3,40.0
2024-11-08 09:00:00,16.5,155.0
2024-11-08 10:00:00,17.7,257.0
2024-11-08 11:00:00,18.4,257.0
2024-11-08 12:00:00,18.9,217.0
2024-11-08 13:00:00,20.2,310.0
2024-11-08 14:00:00,20.0,201.0
2024-11-08 15:00:00,19.7,156.0
2024-11-08 16:00:00,18.9,100.0
2024-11-08 17:00:00,17.8,16.0
2024-11-08 18:00:00,16.6,0.0
2024-11-08 19:00:00,15.2,0.0
2024-11-08 20:00:00,13.4,0.0
2024-11-08 21:00:00,12.7,0.0
2024-11-08 22:00:00,12.2,0.0
2024-11-08 23:00:00,12.0,0.0
2024-11-09 00:00:00,11.6,0.0
2024-11-09 01:00:00,13.8,0.0
2024-11-09 02:00:00,14.3,0.0
2024-11-09 03:00:00,14.5,0.0
2024-11-09 04:00:00,14.6,0.0
2024-11-09 05:00:00,14.8,0.0
2024-11-09 06:00:00,14.7,0.0
2024-11-09 07:00:00,14.1,0.0
2024-11-09 08:00:00,14.7,43.0
2024-11-09 09:00:00,15.6,179.0
2024-11-09 10:00:00,16.4,294.0
2024-11-09 11:00:00,17.2,368.0
2024-11-09 12:00:00,17.6,410.0
2024-11-09 13:00:00,18.3,426.0
2024-11-09 14:00:00,17.8,300.0
2024-11-09 15:00:00,17.3,215.0
2024-11-09 16:00:00,16.3,134.0
2024-11-09 17:00:00,13.5,29.0
2024-11-09 18:00:00,15.0,0.0
2024-11-09 19:00:00,13.3,0.0
2024-11-09 20:00:00,10.6,0.0
2024-11-09 21:00:00,10.0,0.0
2024-11-09 22:00:00,9.5,0.0
2024-11-09 23:00:00,9.1,0.0
2024-11-10 00:00:00,9.2,0.0
2024-11-10 01:00:00,10.3,0.0
2024-11-10 02:00:00,11.8,0.0
2024-11-10 03:00:00,11.9,0.0
2024-11-10 04:00:00,12.3,0.0
2024-11-10 05:00:00,12.4,0.0
2024-11-10 06:00:00,12.4,0.0
2024-11-10 07:00:00,12.2,0.0
2024-11-10 08:00:00,13.1,15.0
2024-11-10 09:00:00,13.8,35.0
2024-11-10 10:00:00,14.6,73.0
2024-11-10 11:00:00,15.2,87.0
2024-11-10 12:00:00,16.5,182.0
2024-11-10 13:00:00,17.8,267.0
2024-11-10 14:00:00,17.8,176.0
2024-11-10 15:00:00,17.4,119.0
2024-11-10 16:00:00,16.4,38.0
2024-11-10 17:00:00,15.3,13.0
2024-11-10 18:00:00,15.0,0.0
2024-11-10 19:00:00,15.3,0.0
2024-11-10 20:00:00,15.1,0.0
2024-11-10 21:00:00,14.9,0.0
2024-11-10 22:00:00,14.8,0.0
2024-11-10 23:00:00,14.8,0.0
2024-11-11 00:00:00,14.8,0.0
2024-11-11 01:00:00,15.0,0.0
2024-11-11 02:00:00,15.0,0.0
2024-11-11 03:00:00,15.0,0.0
2024-11-11 04:00:00,13.9,0.0
2024-11-11 05:00:00,13.6,0.0
2024-11-11 06:00:00,13.6,0.0
2024-11-11 07:00:00,13.2,0.0
2024-11-11 08:00:00,13.7,21.0
2024-11-11 09:00:00,14.4,112.0
2024-11-11 10:00:00,14.4,103.0
2024-11-11 11:00:00,15.6,394.0
2024-11-11 12:00:00,15.4,314.0
2024-11-11 13:00:00,15.5,219.0
2024-11-11 14:00:00,15.3,315.0
2024-11-11 15:00:00,14.5,152.0
2024-11-11 16:00:00,14.1,59.0
2024-11-11 17:00:00,13.2,24.0
2024-11-11 18:00:00,13.1,0.0
2024-11-11 19:00:00,13.1,0.0
2024-11-11 20:00:00,12.8,0.0
2024-11-11 21:00:00,13.4,0.0
2024-11-11 22:00:00,12.7,0.0
2024-11-11 23:00:00,13.1,0.0
2024-11-12 00:00:00,12.8,0.0
2024-11-12 01:00:00,12.2,0.0
2024-11-12 02:00:00,12.6,0.0
2024-11-12 03:00:00,12.2,0.0
2024-11-12 04:00:00,11.9,0.0
2024-11-12 05:00:00,11.9,0.0
2024-11-12 06:00:00,12.3,0.0
2024-11-12 07:00:00,12.5,0.0
2024-11-12 08:00:00,12.3,20.0
2024-11-12 09:00:00,12.1,132.0
2024-11-12 10:00:00,12.4,232.0
2024-11-12 11:00:00,12.7,286.0
2024-11-12 12:00:00,12.7,331.0
2024-11-12 13:00:00,12.8,390.0
2024-11-12 14:00:00,12.7,351.0
2024-11-12 15:00:00,12.3,269.0
2024-11-12 16:00:00,10.9,133.0
2024-11-12 17:00:00,10.0,12.0
2024-11-12 18:00:00,9.6,0.0
2024-11-12 19:00:00,9.2,0.0
2024-11-12 20:00:00,9.3,0.0
2024-11-12 21:00:00,9.2,0.0
2024-11-12 22:00:00,9.3,0.0
2024-11-12 23:00:00,8.6,0.0
2024-11-13 00:00:00,8.7,0.0
2024-11-13 01:00:00,8.3,0.0
2024-11-13 02:00:00,7.8,0.0
2024-11-13 03:00:00,7.7,0.0
2024-11-13 04:00:00,7.5,0.0
2024-11-13 05:00:00,7.1,0.0
2024-11-13 06:00:00,6.9,0.0
2024-11-13 07:00:00,6.9,0.0
2024-11-13 08:00:00,7.6,31.0
2024-11-13 09:00:00,8.8,139.0
2024-11-13 10:00:00,9.9,232.0
2024-11-13 11:00:00,10.9,318.0
2024-11-13 12:00:00,11.3,290.0
2024-11-13 13:00:00,11.6,322.0
2024-11-13 14:00:00,11.3,259.0
2024-11-13 15:00:00,10.8,217.0
2024-11-13 16:00:00,10.2,80.0
2024-11-13 17:00:00,9.9,9.0
2024-11-13 18:00:00,9.9,0.0
2024-11-13 19:00:00,9.8,0.0
2024-11-13 20:00:00,9.7,0.0
2024-11-13 21:00:00,8.8,0.0
2024-11-13 22:00:00,8.3,0.0
2024-11-13 23:00:00,7.6,0.0
2024-11-14 00:00:00,6.9,0.0
2024-11-14 01:00:00,7.2,0.0
2024-11-14 02:00:00,6.2,0.0
2024-11-14 03:00:00,5.5,0.0
2024-11-14 04:00:00,5.3,0.0
2024-11-14 05:00:00,5.5,0.0
2024-11-14 06:00:00,5.5,0.0
2024-11-14 07:00:00,5.3,0.0
2024-11-14 08:00:00,5.8,31.0
2024-11-14 09:00:00,8.0,134.0
2024-11-14 10:00:00,11.1,259.0
2024-11-14 11:00:00,13.0,372.0
2024-11-14 12:00:00,14.2,430.0
2024-11-14 13:00:00,14.7,438.0
2024-11-14 14:00:00,14.9,375.0
2024-11-14 15:00:00,14.4,286.0
2024-11-14 16:00:00,12.9,149.0
2024-11-14 17:00:00,10.6,24.0
2024-11-14 18:00:00,9.1,0.0
2024-11-14 19:00:00,8.0,0.0
2024-11-14 20:00:00,7.7,0.0
2024-11-14 21:00:00,7.4,0.0
2024-11-14 22:00:00,7.5,0.0
2024-11-14 23:00:00,8.0,0.0
2024-11-15 00:00:00,8.1,0.0
2024-11-15 01:00:00,7.9,0.0
2024-11-15 02:00:00,7.6,0.0
2024-11-15 03:00:00,7.6,0.0
2024-11-15 04:00:00,7.5,0.0
2024-11-15 05:00:00,7.6,0.0
2024-11-15 06:00:00,7.2,0.0
2024-11-15 07:00:00,7.0,0.0
2024-11-15 08:00:00,8.1,34.0
2024-11-15 09:00:00,11.5,158.0
2024-11-15 10:00:00,14.2,247.0
2024-11-15 11:00:00,15.8,339.0
2024-11-15 12:00:00,16.9,413.0
2024-11-15 13:00:00,17.5,435.0
2024-11-15 14:00:00,17.8,375.0
2024-11-15 15:00:00,17.7,276.0
2024-11-15 16:00:00,16.5,144.0
2024-11-15 17:00:00,14.7,23.0
2024-11-15 18:00:00,13.8,0.0
2024-11-15 19:00:00,13.3,0.0
2024-11-15 20:00:00,12.8,0.0
2024-11-15 21:00:00,12.5,0.0
2024-11-15 22:00:00,12.4,0.0
2024-11-15 23:00:00,12.4,0.0
2024-11-16 00:00:00,12.5,0.0
2024-11-16 01:00:00,13.1,0.0
2024-11-16 02:00:00,13.3,0.0
2024-11-16 03:00:00,13.4,0.0
2024-11-16 04:00:00,13.3,0.0
2024-11-16 05:00:00,13.3,0.0
2024-11-16 06:00:00,13.0,0.0
2024-11-16 07:00:00,13.0,0.0
2024-11-16 08:00:00,13.3,26.0
2024-11-16 09:00:00,14.4,132.0
2024-11-16 10:00:00,15.4,266.0
2024-11-16 11:00:00,16.5,344.0
2024-11-16 12:00:00,17.8,434.0
2024-11-16 13:00:00,18.9,442.0
2024-11-16 14:00:00,19.3,386.0
2024-11-16 15:00:00,19.0,278.0
2024-11-16 16:00:00,17.3,123.0
2024-11-16 17:00:00,14.9,18.0
2024-11-16 18:00:00,14.2,0.0
2024-11-16 19:00:00,13.5,0.0
2024-11-16 20:00:00,12.1,0.0
2024-11-16 21:00:00,10.9,0.0
2024-11-16 22:00:00,10.2,0.0
2024-11-16 23:00:00,9.9,0.0
2024-11-17 00:00:00,9.5,0.0
2024-11-17 01:00:00,9.2,0.0
2024-11-17 02:00:00,8.9,0.0
2024-11-17 03:00:00,8.7,0.0
2024-11-17 04:00:00,9.0,0.0
2024-11-17 05:00:00,9.4,0.0
2024-11-17 06:00:00,9.7,0.0
2024-11-17 07:00:00,9.4,0.0
2024-11-17 08:00:00,9.6,24.0
2024-11-17 09:00:00,11.7,110.0
2024-11-17 10:00:00,14.3,252.0
2024-11-17 11:00:00,16.1,321.0
2024-11-17 12:00:00,16.7,308.0
2024-11-17 13:00:00,14.5,92.0
2024-11-17 14:00:00,14.4,87.0
2024-11-17 15:00:00,14.3,59.0
2024-11-17 16:00:00,14.0,34.0
2024-11-17 17:00:00,13.5,7.0
2024-11-17 18:00:00,13.2,0.0
2024-11-17 19:00:00,13.0,0.0
2024-11-17 20:00:00,12.6,0.0
2024-11-17 21:00:00,12.7,0.0
2024-11-17 22:00:00,12.6,0.0
2024-11-17 23:00:00,12.5,0.0
2024-11-18 00:00:00,12.6,0.0
2024-11-18 01:00:00,12.7,0.0
2024-11-18 02:00:00,12.6,0.0
2024-11-18 03:00:00,12.6,0.0
2024-11-18 04:00:00,12.4,0.0
2024-11-18 05:00:00,12.4,0.0
2024-11-18 06:00:00,12.3,0.0
2024-11-18 07:00:00,12.1,0.0
2024-11-18 08:00:00,12.2,10.0
2024-11-18 09:00:00,13.3,78.0
2024-11-18 10:00:00,14.4,179.0
2024-11-18 11:00:00,15.5,300.0
2024-11-18 12:00:00,16.1,286.0
2024-11-18 13:00:00,16.2,220.0
2024-11-18 14:00:00,16.4,230.0
2024-11-18 15:00:00,15.9,161.0
2024-11-18 16:00:00,14.8,91.0
2024-11-18 17:00:00,13.2,13.0
2024-11-18 18:00:00,12.1,0.0
2024-11-18 19:00:00,11.5,0.0
2024-11-18 20:00:00,10.8,0.0
2024-11-18 21:00:00,10.1,0.0
2024-11-18 22:00:00,9.4,0.0
2024-11-18 23:00:00,9.1,0.0
2024-11-19 00:00:00,9.2,0.0
2024-11-19 01:00:00,9.1,0.0
2024-11-19 02:00:00,8.9,0.0
2024-11-19 03:00:00,8.9,0.0
2024-11-19 04:00:00,8.9,0.0
2024-11-19 05:00:00,9.2,0.0
2024-11-19 06:00:00,9.6,0.0
2024-11-19 07:00:00,9.8,0.0
2024-11-19 08:00:00,10.2,12.0
2024-11-19 09:00:00,11.6,131.0
2024-11-19 10:00:00,13.2,157.0
2024-11-19 11:00:00,14.7,148.0
2024-11-19 12:00:00,15.9,209.0
2024-11-19 13:00:00,16.6,249.0
2024-11-19 14:00:00,16.3,221.0
2024-11-19 15:00:00,15.7,224.0
2024-11-19 16:00:00,14.9,115.0
2024-11-19 17:00:00,14.0,12.0
2024-11-19 18:00:00,13.1,0.0
2024-11-19 19:00:00,13.3,0.0
2024-11-19 20:00:00,12.9,0.0
2024-11-19 21:00:00,12.2,0.0
2024-11-19 22:00:00,12.0,0.0
2024-11-19 23:00:00,12.6,0.0
2024-11-20 00:00:00,13.1,0.0
2024-11-20 01:00:00,12.8,0.0
2024-11-20 02:00:00,14.4,0.0
2024-11-20 03:00:00,14.9,0.0
2024-11-20 04:00:00,15.1,0.0
2024-11-20 05:00:00,15.3,0.0
2024-11-20 06:00:00,14.4,0.0
2024-11-20 07:00:00,13.8,0.0
2024-11-20 08:00:00,13.4,12.0
2024-11-20 09:00:00,13.8,71.0
2024-11-20 10:00:00,13.5,40.0
2024-11-20 11:00:00,13.9,97.0
2024-11-20 12:00:00,14.2,111.0
2024-11-20 13:00:00,16.0,174.0
2024-11-20 14:00:00,14.8,100.0
2024-11-20 15:00:00,14.4,48.0
2024-11-20 16:00:00,13.7,20.0
2024-11-20 17:00:00,13.5,3.0
2024-11-20 18:00:00,13.3,0.0
2024-11-20 19:00:00,13.1,0.0
2024-11-20 20:00:00,12.9,0.0
2024-11-20 21:00:00,12.8,0.0
2024-11-20 22:00:00,12.7,0.0
2024-11-20 23:00:00,12.6,0.0
2024-11-21 00:00:00,12.9,0.0
2024-11-21 01:00:00,12.6,0.0
2024-11-21 02:00:00,11.3,0.0
2024-11-21 03:00:00,11.4,0.0
2024-11-21 04:00:00,12.0,0.0
2024-11-21 05:00:00,12.2,0.0
2024-11-21 06:00:00,13.0,0.0
2024-11-21 07:00:00,13.9,0.0
2024-11-21 08:00:00,14.6,13.0
2024-11-21 09:00:00,16.3,71.0
2024-11-21 10:00:00,17.4,198.0
2024-11-21 11:00:00,18.2,281.0
2024-11-21 12:00:00,18.6,205.0
2024-11-21 13:00:00,18.1,87.0
2024-11-21 14:00:00,17.6,53.0
2024-11-21 15:00:00,16.9,36.0
2024-11-21 16:00:00,14.5,18.0
2024-11-21 17:00:00,14.0,3.0
2024-11-21 18:00:00,13.7,0.0
2024-11-21 19:00:00,13.1,0.0
2024-11-21 20:00:00,12.5,0.0
2024-11-21 21:00:00,11.9,0.0
2024-11-21 22:00:00,11.6,0.0
2024-11-21 23:00:00,11.2,0.0
2024-11-22 00:00:00,11.0,0.0
2024-11-22 01:00:00,10.3,0.0
2024-11-22 02:00:00,10.8,0.0
2024-11-22 03:00:00,10.7,0.0
2024-11-22 04:00:00,10.5,0.0
2024-11-22 05:00:00,10.7,0.0
2024-11-22 06:00:00,10.8,0.0
2024-11-22 07:00:00,10.5,0.0
2024-11-22 08:00:00,10.1,19.0
2024-11-22 09:00:00,10.6,103.0
2024-11-22 10:00:00,11.3,176.0
2024-11-22 11:00:00,11.6,239.0
2024-11-22 12:00:00,12.4,283.0
2024-11-22 13:00:00,12.8,393.0
2024-11-22 14:00:00,12.6,338.0
2024-11-22 15:00:00,12.3,239.0
2024-11-22 16:00:00,11.8,95.0
2024-11-22 17:00:00,10.0,13.0
2024-11-22 18:00:00,8.5,0.0
2024-11-22 19:00:00,8.0,0.0
2024-11-22 20:00:00,8.0,0.0
2024-11-22 21:00:00,7.3,0.0
2024-11-22 22:00:00,6.9,0.0
2024-11-22 23:00:00,7.6,0.0
2024-11-23 00:00:00,8.7,0.0
2024-11-23 01:00:00,9.7,0.0
2024-11-23 02:00:00,9.8,0.0
2024-11-23 03:00:00,10.3,0.0
2024-11-23 04:00:00,11.0,0.0
2024-11-23 05:00:00,11.1,0.0
2024-11-23 06:00:00,10.8,0.0
2024-11-23 07:00:00,10.7,0.0
2024-11-23 08:00:00,12.1,15.0
2024-11-23 09:00:00,13.9,135.0
2024-11-23 10:00:00,16.1,206.0
2024-11-23 11:00:00,16.2,274.0
2024-11-23 12:00:00,17.4,343.0
2024-11-23 13:00:00,17.3,336.0
2024-11-23 14:00:00,17.9,330.0
2024-11-23 15:00:00,17.6,235.0
2024-11-23 16:00:00,17.1,109.0
2024-11-23 17:00:00,16.0,16.0
2024-11-23 18:00:00,15.2,0.0
2024-11-23 19:00:00,14.9,0.0
2024-11-23 20:00:00,15.0,0.0
2024-11-23 21:00:00,14.5,0.0
2024-11-23 22:00:00,13.9,0.0
2024-11-23 23:00:00,13.8,0.0
2024-11-24 00:00:00,13.8,0.0
2024-11-24 01:00:00,14.3,0.0
2024-11-24 02:00:00,14.6,0.0
2024-11-24 03:00:00,14.5,0.0
2024-11-24 04:00:00,14.2,0.0
2024-11-24 05:00:00,14.1,0.0
2024-11-24 06:00:00,13.9,0.0
2024-11-24 07:00:00,14.0,0.0
2024-11-24 08:00:00,14.2,15.0
2024-11-24 09:00:00,15.2,111.0
2024-11-24 10:00:00,17.5,235.0
2024-11-24 11:00:00,18.4,178.0
2024-11-24 12:00:00,17.7,239.0
2024-11-24 13:00:00,18.4,296.0
2024-11-24 14:00:00,18.5,200.0
2024-11-24 15:00:00,18.9,188.0
2024-11-24 16:00:00,18.9,92.0
2024-11-24 17:00:00,18.3,14.0
2024-11-24 18:00:00,18.5,0.0
2024-11-24 19:00:00,18.7,0.0
2024-11-24 20:00:00,18.5,0.0
2024-11-24 21:00:00,17.8,0.0
2024-11-24 22:00:00,17.7,0.0
2024-11-24 23:00:00,17.4,0.0
2024-11-25 00:00:00,17.1,0.0
2024-11-25 01:00:00,19.0,0.0
2024-11-25 02:00:00,18.3,0.0
2024-11-25 03:00:00,18.2,0.0
2024-11-25 04:00:00,18.7,0.0
2024-11-25 05:00:00,16.7,0.0
2024-11-25 06:00:00,13.6,0.0
2024-11-25 07:00:00,13.5,0.0
2024-11-25 08:00:00,13.1,0.0
2024-11-25 09:00:00,13.4,7.0
2024-11-25 10:00:00,13.0,15.0
2024-11-25 11:00:00,12.5,26.0
2024-11-25 12:00:00,12.3,106.0
2024-11-25 13:00:00,13.3,73.0
2024-11-25 14:00:00,13.6,84.0
2024-11-25 15:00:00,14.1,129.0
2024-11-25 16:00:00,13.4,57.0
2024-11-25 17:00:00,11.9,8.0
2024-11-25 18:00:00,10.6,0.0
2024-11-25 19:00:00,9.9,0.0
2024-11-25 20:00:00,9.1,0.0
2024-11-25 21:00:00,8.4,0.0
2024-11-25 22:00:00,7.5,0.0
2024-11-25 23:00:00,7.0,0.0
2024-11-26 00:00:00,6.6,0.0
2024-11-26 01:00:00,6.3,0.0
2024-11-26 02:00:00,6.2,0.0
2024-11-26 03:00:00,6.2,0.0
2024-11-26 04:00:00,6.4,0.0
2024-11-26 05:00:00,6.5,0.0
2024-11-26 06:00:00,6.6,0.0
2024-11-26 07:00:00,7.0,0.0
2024-11-26 08:00:00,6.9,14.0
2024-11-26 09:00:00,8.8,80.0
2024-11-26 10:00:00,10.5,88.0
2024-11-26 11:00:00,13.1,241.0
2024-11-26 12:00:00,14.3,259.0
2024-11-26 13:00:00,14.8,196.0
2024-11-26 14:00:00,14.7,139.0
2024-11-26 15:00:00,14.7,160.0
2024-11-26 16:00:00,13.6,80.0
2024-11-26 17:00:00,12.7,9.0
2024-11-26 18:00:00,11.9,0.0
2024-11-26 19:00:00,10.7,0.0
2024-11-26 20:00:00,10.0,0.0
2024-11-26 21:00:00,9.6,0.0
2024-11-26 22:00:00,9.3,0.0
2024-11-26 23:00:00,8.6,0.0
2024-11-27 00:00:00,7.9,0.0
2024-11-27 01:00:00,7.5,0.0
2024-11-27 02:00:00,6.7,0.0
2024-11-27 03:00:00,6.5,0.0
2024-11-27 04:00:00,6.4,0.0
2024-11-27 05:00:00,6.3,0.0
2024-11-27 06:00:00,6.2,0.0
2024-11-27 07:00:00,6.3,0.0
2024-11-27 08:00:00,6.9,14.0
2024-11-27 09:00:00,9.3,123.0
2024-11-27 10:00:00,12.8,253.0
2024-11-27 11:00:00,15.1,351.0
2024-11-27 12:00:00,16.5,404.0
2024-11-27 13:00:00,16.8,403.0
2024-11-27 14:00:00,17.3,349.0
2024-11-27 15:00:00,17.1,250.0
2024-11-27 16:00:00,15.7,120.0
2024-11-27 17:00:00,13.7,14.0
2024-11-27 18:00:00,12.0,0.0
2024-11-27 19:00:00,10.6,0.0
2024-11-27 20:00:00,9.8,0.0
2024-11-27 21:00:00,9.1,0.0
2024-11-27 22:00:00,8.4,0.0
2024-11-27 23:00:00,8.1,0.0
2024-11-28 00:00:00,7.9,0.0
2024-11-28 01:00:00,7.1,0.0
2024-11-28 02:00:00,7.1,0.0
2024-11-28 03:00:00,7.0,0.0
2024-11-28 04:00:00,7.0,0.0
2024-11-28 05:00:00,6.8,0.0
2024-11-28 06:00:00,6.7,0.0
2024-11-28 07:00:00,6.7,0.0
2024-11-28 08:00:00,7.0,14.0
2024-11-28 09:00:00,9.4,120.0
2024-11-28 10:00:00,12.3,248.0
2024-11-28 11:00:00,15.1,353.0
2024-11-28 12:00:00,17.1,406.0
2024-11-28 13:00:00,18.2,405.0
2024-11-28 14:00:00,18.5,353.0
2024-11-28 15:00:00,17.9,254.0
2024-11-28 16:00:00,16.0,123.0
2024-11-28 17:00:00,13.5,14.0
2024-11-28 18:00:00,11.7,0.0
2024-11-28 19:00:00,10.8,0.0
2024-11-28 20:00:00,10.4,0.0
2024-11-28 21:00:00,10.1,0.0
2024-11-28 22:00:00,10.0,0.0
2024-11-28 23:00:00,10.4,0.0
2024-11-29 00:00:00,10.7,0.0
2024-11-29 01:00:00,11.3,0.0
2024-11-29 02:00:00,11.6,0.0
2024-11-29 03:00:00,11.8,0.0
2024-11-29 04:00:00,11.9,0.0
2024-11-29 05:00:00,11.6,0.0
2024-11-29 06:00:00,11.4,0.0
2024-11-29 07:00:00,11.2,0.0
2024-11-29 08:00:00,11.8,13.0
2024-11-29 09:00:00,14.5,114.0
2024-11-29 10:00:00,17.9,240.0
2024-11-29 11:00:00,19.8,328.0
2024-11-29 12:00:00,20.6,382.0
2024-11-29 13:00:00,21.2,380.0
2024-11-29 14:00:00,21.4,331.0
2024-11-29 15:00:00,20.9,239.0
2024-11-29 16:00:00,19.2,117.0
2024-11-29 17:00:00,17.0,13.0
2024-11-29 18:00:00,15.1,0.0
2024-11-29 19:00:00,13.5,0.0
2024-11-29 20:00:00,11.4,0.0
2024-11-29 21:00:00,10.3,0.0
2024-11-29 22:00:00,10.0,0.0
2024-11-29 23:00:00,9.6,0.0
2024-11-30 00:00:00,9.3,0.0
2024-11-30 01:00:00,9.3,0.0
2024-11-30 02:00:00,8.8,0.0
2024-11-30 03:00:00,8.7,0.0
2024-11-30 04:00:00,8.5,0.0
2024-11-30 05:00:00,8.6,0.0
2024-11-30 06:00:00,9.0,0.0
2024-11-30 07:00:00,9.2,0.0
2024-11-30 08:00:00,9.6,12.0
2024-11-30 09:00:00,12.1,111.0
2024-11-30 10:00:00,15.5,236.0
2024-11-30 11:00:00,18.5,336.0
2024-11-30 12:00:00,19.5,390.0
2024-11-30 13:00:00,20.3,390.0
2024-11-30 14:00:00,20.9,336.0
2024-11-30 15:00:00,20.5,236.0
2024-11-30 16:00:00,19.1,106.0
2024-11-30 17:00:00,17.8,12.0
2024-11-30 18:00:00,17.1,0.0
2024-11-30 19:00:00,16.1,0.0
2024-11-30 20:00:00,15.1,0.0
2024-11-30 21:00:00,14.3,0.0
2024-11-30 22:00:00,13.5,0.0
2024-11-30 23:00:00,13.4,0.0
2024-12-01 00:00:00,13.2,0.0
2024-12-01 01:00:00,14.6,0.0
2024-12-01 02:00:00,15.0,0.0
2024-12-01 03:00:00,15.1,0.0
2024-12-01 04:00:00,15.8,0.0
2024-12-01 05:00:00,16.4,0.0
2024-12-01 06:00:00,15.4,0.0
2024-12-01 07:00:00,14.8,0.0
2024-12-01 08:00:00,14.4,4.0
2024-12-01 09:00:00,15.2,67.0
2024-12-01 10:00:00,16.8,155.0
2024-12-01 11:00:00,18.0,234.0
2024-12-01 12:00:00,19.8,333.0
2024-12-01 13:00:00,18.9,159.0
2024-12-01 14:00:00,19.2,130.0
2024-12-01 15:00:00,19.5,171.0
2024-12-01 16:00:00,17.4,84.0
2024-12-01 17:00:00,15.5,10.0
2024-12-01 18:00:00,14.0,0.0
2024-12-01 19:00:00,13.1,0.0
2024-12-01 20:00:00,13.6,0.0
2024-12-01 21:00:00,14.1,0.0
2024-12-01 22:00:00,14.0,0.0
2024-12-01 23:00:00,12.2,0.0
2024-12-02 00:00:00,10.7,0.0
2024-12-02 01:00:00,11.3,0.0
2024-12-02 02:00:00,10.6,0.0
2024-12-02 03:00:00,10.8,0.0
2024-12-02 04:00:00,10.9,0.0
2024-12-02 05:00:00,9.8,0.0
2024-12-02 06:00:00,9.0,0.0
2024-12-02 07:00:00,9.7,0.0
2024-12-02 08:00:00,10.4,6.0
2024-12-02 09:00:00,11.7,45.0
2024-12-02 10:00:00,13.3,102.0
2024-12-02 11:00:00,14.7,219.0
2024-12-02 12:00:00,14.9,150.0
2024-12-02 13:00:00,14.6,184.0
2024-12-02 14:00:00,14.6,218.0
2024-12-02 15:00:00,14.0,186.0
2024-12-02 16:00:00,13.2,57.0
2024-12-02 17:00:00,12.6,3.0
2024-12-02 18:00:00,12.5,0.0
2024-12-02 19:00:00,12.3,0.0
2024-12-02 20:00:00,12.3,0.0
2024-12-02 21:00:00,11.9,0.0
2024-12-02 22:00:00,11.8,0.0
2024-12-02 23:00:00,11.9,0.0
2024-12-03 00:00:00,11.5,0.0
2024-12-03 01:00:00,11.6,0.0
2024-12-03 02:00:00,11.5,0.0
2024-12-03 03:00:00,11.2,0.0
2024-12-03 04:00:00,10.8,0.0
2024-12-03 05:00:00,10.3,0.0
2024-12-03 06:00:00,9.8,0.0
2024-12-03 07:00:00,9.4,0.0
2024-12-03 08:00:00,9.5,7.0
2024-12-03 09:00:00,10.9,41.0
2024-12-03 10:00:00,12.0,113.0
2024-12-03 11:00:00,13.1,241.0
2024-12-03 12:00:00,13.8,307.0
2024-12-03 13:00:00,13.6,140.0
2024-12-03 14:00:00,13.3,86.0
2024-12-03 15:00:00,12.6,39.0
2024-12-03 16:00:00,12.0,13.0
2024-12-03 17:00:00,11.2,2.0
2024-12-03 18:00:00,11.2,0.0
2024-12-03 19:00:00,11.1,0.0
2024-12-03 20:00:00,11.0,0.0
2024-12-03 21:00:00,10.8,0.0
2024-12-03 22:00:00,10.4,0.0
2024-12-03 23:00:00,10.5,0.0
2024-12-04 00:00:00,10.4,0.0
2024-12-04 01:00:00,10.0,0.0
2024-12-04 02:00:00,9.9,0.0
2024-12-04 03:00:00,9.9,0.0
2024-12-04 04:00:00,10.0,0.0
2024-12-04 05:00:00,10.2,0.0
2024-12-04 06:00:00,10.1,0.0
2024-12-04 07:00:00,10.1,0.0
2024-12-04 08:00:00,10.1,1.0
2024-12-04 09:00:00,10.7,50.0
2024-12-04 10:00:00,11.2,117.0
2024-12-04 11:00:00,11.7,173.0
2024-12-04 12:00:00,12.6,361.0
2024-12-04 13:00:00,13.9,384.0
2024-12-04 14:00:00,14.0,274.0
2024-12-04 15:00:00,13.8,190.0
2024-12-04 16:00:00,12.7,87.0
2024-12-04 17:00:00,11.0,9.0
2024-12-04 18:00:00,9.7,0.0
2024-12-04 19:00:00,8.8,0.0
2024-12-04 20:00:00,8.7,0.0
2024-12-04 21:00:00,8.6,0.0
2024-12-04 22:00:00,8.2,0.0
2024-12-04 23:00:00,7.7,0.0
2024-12-05 00:00:00,8.1,0.0
2024-12-05 01:00:00,9.0,0.0
2024-12-05 02:00:00,8.8,0.0
2024-12-05 03:00:00,8.3,0.0
2024-12-05 04:00:00,8.0,0.0
2024-12-05 05:00:00,8.6,0.0
2024-12-05 06:00:00,8.1,0.0
2024-12-05 07:00:00,8.9,0.0
2024-12-05 08:00:00,8.2,6.0
2024-12-05 09:00:00,10.2,69.0
2024-12-05 10:00:00,12.7,186.0
2024-12-05 11:00:00,15.6,311.0
2024-12-05 12:00:00,17.3,376.0
2024-12-05 13:00:00,17.6,266.0
2024-12-05 14:00:00,17.5,135.0
2024-12-05 15:00:00,17.0,134.0
2024-12-05 16:00:00,15.8,72.0
2024-12-05 17:00:00,15.0,6.0
2024-12-05 18:00:00,14.3,0.0
2024-12-05 19:00:00,14.1,0.0
2024-12-05 20:00:00,14.6,0.0
2024-12-05 21:00:00,14.5,0.0
2024-12-05 22:00:00,13.5,0.0
2024-12-05 23:00:00,13.1,0.0
2024-12-06 00:00:00,12.8,0.0
2024-12-06 01:00:00,13.1,0.0
2024-12-06 02:00:00,13.1,0.0
2024-12-06 03:00:00,13.5,0.0
2024-12-06 04:00:00,14.1,0.0
2024-12-06 05:00:00,14.9,0.0
2024-12-06 06:00:00,15.0,0.0
2024-12-06 07:00:00,15.0,0.0
2024-12-06 08:00:00,15.0,1.0
2024-12-06 09:00:00,15.0,13.0
2024-12-06 10:00:00,15.4,45.0
2024-12-06 11:00:00,16.2,92.0
2024-12-06 12:00:00,16.4,94.0
2024-12-06 13:00:00,17.4,185.0
2024-12-06 14:00:00,17.1,76.0
2024-12-06 15:00:00,16.3,25.0
2024-12-06 16:00:00,16.0,17.0
2024-12-06 17:00:00,15.5,3.0
2024-12-06 18:00:00,15.3,0.0
2024-12-06 19:00:00,15.3,0.0
2024-12-06 20:00:00,15.4,0.0
2024-12-06 21:00:00,15.4,0.0
2024-12-06 22:00:00,15.0,0.0
2024-12-06 23:00:00,15.0,0.0
2024-12-07 00:00:00,14.1,0.0
2024-12-07 01:00:00,13.7,0.0
2024-12-07 02:00:00,13.7,0.0
2024-12-07 03:00:00,13.5,0.0
2024-12-07 04:00:00,12.9,0.0
2024-12-07 05:00:00,12.7,0.0
2024-12-07 06:00:00,13.1,0.0
2024-12-07 07:00:00,12.9,0.0
2024-12-07 08:00:00,12.1,1.0
2024-12-07 09:00:00,12.4,17.0
2024-12-07 10:00:00,11.5,52.0
2024-12-07 11:00:00,11.5,144.0
2024-12-07 12:00:00,11.8,226.0
2024-12-07 13:00:00,10.9,172.0
2024-12-07 14:00:00,11.6,172.0
2024-12-07 15:00:00,9.9,132.0
2024-12-07 16:00:00,9.3,58.0
2024-12-07 17:00:00,8.8,5.0
2024-12-07 18:00:00,8.7,0.0
2024-12-07 19:00:00,8.4,0.0
2024-12-07 20:00:00,8.5,0.0
2024-12-07 21:00:00,9.0,0.0
2024-12-07 22:00:00,8.8,0.0
2024-12-07 23:00:00,8.9,0.0
2024-12-08 00:00:00,8.8,0.0
2024-12-08 01:00:00,8.2,0.0
2024-12-08 02:00:00,9.0,0.0
2024-12-08 03:00:00,8.4,0.0
2024-12-08 04:00:00,9.0,0.0
2024-12-08 05:00:00,8.4,0.0
2024-12-08 06:00:00,8.8,0.0
2024-12-08 07:00:00,7.8,0.0
2024-12-08 08:00:00,7.5,4.0
2024-12-08 09:00:00,8.0,68.0
2024-12-08 10:00:00,9.4,160.0
2024-12-08 11:00:00,10.1,149.0
2024-12-08 12:00:00,8.9,124.0
2024-12-08 13:00:00,8.4,73.0
2024-12-08 14:00:00,8.4,74.0
2024-12-08 15:00:00,8.6,81.0
2024-12-08 16:00:00,8.2,23.0
2024-12-08 17:00:00,7.6,1.0
2024-12-08 18:00:00,8.3,0.0
2024-12-08 19:00:00,8.7,0.0
2024-12-08 20:00:00,8.4,0.0
2024-12-08 21:00:00,8.2,0.0
2024-12-08 22:00:00,8.0,0.0
2024-12-08 23:00:00,7.2,0.0
2024-12-09 00:00:00,8.2,0.0
2024-12-09 01:00:00,7.9,0.0
2024-12-09 02:00:00,8.1,0.0
2024-12-09 03:00:00,8.1,0.0
2024-12-09 04:00:00,7.4,0.0
2024-12-09 05:00:00,7.4,0.0
2024-12-09 06:00:00,7.4,0.0
2024-12-09 07:00:00,7.3,0.0
2024-12-09 08:00:00,7.3,4.0
2024-12-09 09:00:00,7.8,19.0
2024-12-09 10:00:00,8.4,37.0
2024-12-09 11:00:00,9.0,69.0
2024-12-09 12:00:00,9.7,184.0
2024-12-09 13:00:00,9.9,264.0
2024-12-09 14:00:00,9.7,146.0
2024-12-09 15:00:00,9.5,32.0
2024-12-09 16:00:00,9.0,15.0
2024-12-09 17:00:00,9.3,2.0
2024-12-09 18:00:00,9.0,0.0
2024-12-09 19:00:00,8.0,0.0
2024-12-09 20:00:00,8.1,0.0
2024-12-09 21:00:00,8.5,0.0
2024-12-09 22:00:00,8.5,0.0
2024-12-09 23:00:00,7.7,0.0
2024-12-10 00:00:00,7.5,0.0
2024-12-10 01:00:00,8.2,0.0
2024-12-10 02:00:00,7.8,0.0
2024-12-10 03:00:00,7.3,0.0
2024-12-10 04:00:00,7.4,0.0
2024-12-10 05:00:00,7.6,0.0
2024-12-10 06:00:00,7.8,0.0
2024-12-10 07:00:00,7.5,0.0
2024-12-10 08:00:00,7.7,2.0
2024-12-10 09:00:00,8.0,25.0
2024-12-10 10:00:00,8.3,61.0
2024-12-10 11:00:00,8.5,84.0
2024-12-10 12:00:00,8.3,107.0
2024-12-10 13:00:00,8.3,211.0
2024-12-10 14:00:00,7.8,81.0
2024-12-10 15:00:00,7.8,71.0
2024-12-10 16:00:00,7.4,25.0
2024-12-10 17:00:00,6.9,3.0
2024-12-10 18:00:00,6.5,0.0
2024-12-10 19:00:00,6.7,0.0
2024-12-10 20:00:00,6.2,0.0
2024-12-10 21:00:00,6.4,0.0
2024-12-10 22:00:00,6.4,0.0
2024-12-10 23:00:00,6.4,0.0
2024-12-11 00:00:00,6.3,0.0
2024-12-11 01:00:00,5.7,0.0
2024-12-11 02:00:00,6.1,0.0
2024-12-11 03:00:00,5.6,0.0
2024-12-11 04:00:00,6.0,0.0
2024-12-11 05:00:00,6.1,0.0
2024-12-11 06:00:00,6.3,0.0
2024-12-11 07:00:00,6.1,0.0
2024-12-11 08:00:00,6.0,2.0
2024-12-11 09:00:00,6.5,59.0
2024-12-11 10:00:00,7.1,135.0
2024-12-11 11:00:00,7.9,203.0
2024-12-11 12:00:00,8.5,286.0
2024-12-11 13:00:00,8.5,249.0
2024-12-11 14:00:00,8.6,126.0
2024-12-11 15:00:00,8.6,104.0
2024-12-11 16:00:00,8.1,45.0
2024-12-11 17:00:00,7.1,7.0
2024-12-11 18:00:00,6.6,0.0
2024-12-11 19:00:00,5.6,0.0
2024-12-11 20:00:00,4.4,0.0
2024-12-11 21:00:00,3.6,0.0
2024-12-11 22:00:00,2.8,0.0
2024-12-11 23:00:00,2.2,0.0
2024-12-12 00:00:00,3.4,0.0
2024-12-12 01:00:00,4.7,0.0
2024-12-12 02:00:00,5.3,0.0
2024-12-12 03:00:00,4.8,0.0
2024-12-12 04:00:00,4.5,0.0
2024-12-12 05:00:00,4.9,0.0
2024-12-12 06:00:00,3.6,0.0
2024-12-12 07:00:00,2.9,0.0
2024-12-12 08:00:00,2.5,4.0
2024-12-12 09:00:00,4.4,90.0
2024-12-12 10:00:00,7.2,218.0
2024-12-12 11:00:00,9.6,321.0
2024-12-12 12:00:00,11.3,375.0
2024-12-12 13:00:00,12.3,363.0
2024-12-12 14:00:00,12.7,288.0
2024-12-12 15:00:00,12.6,233.0
2024-12-12 16:00:00,10.9,106.0
2024-12-12 17:00:00,8.4,10.0
2024-12-12 18:00:00,7.6,0.0
2024-12-12 19:00:00,7.1,0.0
2024-12-12 20:00:00,6.7,0.0
2024-12-12 21:00:00,6.5,0.0
2024-12-12 22:00:00,5.2,0.0
2024-12-12 23:00:00,4.3,0.0
2024-12-13 00:00:00,3.7,0.0
2024-12-13 01:00:00,5.2,0.0
2024-12-13 02:00:00,4.8,0.0
2024-12-13 03:00:00,4.1,0.0
2024-12-13 04:00:00,3.7,0.0
2024-12-13 05:00:00,3.8,0.0
2024-12-13 06:00:00,4.5,0.0
2024-12-13 07:00:00,5.1,0.0
2024-12-13 08:00:00,5.0,3.0
2024-12-13 09:00:00,6.3,69.0
2024-12-13 10:00:00,8.1,136.0
2024-12-13 11:00:00,9.7,257.0
2024-12-13 12:00:00,10.5,241.0
2024-12-13 13:00:00,12.1,307.0
2024-12-13 14:00:00,12.2,260.0
2024-12-13 15:00:00,12.3,202.0
2024-12-13 16:00:00,10.8,104.0
2024-12-13 17:00:00,8.8,11.0
2024-12-13 18:00:00,7.5,0.0
2024-12-13 19:00:00,6.5,0.0
2024-12-13 20:00:00,5.0,0.0
2024-12-13 21:00:00,4.2,0.0
2024-12-13 22:00:00,3.6,0.0
2024-12-13 23:00:00,2.9,0.0
2024-12-14 00:00:00,2.3,0.0
2024-12-14 01:00:00,2.3,0.0
2024-12-14 02:00:00,2.3,0.0
2024-12-14 03:00:00,2.8,0.0
2024-12-14 04:00:00,2.8,0.0
2024-12-14 05:00:00,4.0,0.0
2024-12-14 06:00:00,3.4,0.0
2024-12-14 07:00:00,2.9,0.0
2024-12-14 08:00:00,3.1,3.0
2024-12-14 09:00:00,5.0,76.0
2024-12-14 10:00:00,8.6,185.0
2024-12-14 11:00:00,11.0,259.0
2024-12-14 12:00:00,12.0,280.0
2024-12-14 13:00:00,12.0,286.0
2024-12-14 14:00:00,11.1,259.0
2024-12-14 15:00:00,10.4,149.0
2024-12-14 16:00:00,9.8,45.0
2024-12-14 17:00:00,9.1,5.0
2024-12-14 18:00:00,8.2,0.0
2024-12-14 19:00:00,8.0,0.0
2024-12-14 20:00:00,7.7,0.0
2024-12-14 21:00:00,7.8,0.0
2024-12-14 22:00:00,7.6,0.0
2024-12-14 23:00:00,7.8,0.0
2024-12-15 00:00:00,7.8,0.0
2024-12-15 01:00:00,7.3,0.0
2024-12-15 02:00:00,7.3,0.0
2024-12-15 03:00:00,8.2,0.0
2024-12-15 04:00:00,7.5,0.0
2024-12-15 05:00:00,7.7,0.0
2024-12-15 06:00:00,7.8,0.0
2024-12-15 07:00:00,8.2,0.0
2024-12-15 08:00:00,8.2,1.0
2024-12-15 09:00:00,8.9,30.0
2024-12-15 10:00:00,9.3,60.0
2024-12-15 11:00:00,10.1,111.0
2024-12-15 12:00:00,10.4,115.0
2024-12-15 13:00:00,11.7,294.0
2024-12-15 14:00:00,12.1,245.0
2024-12-15 15:00:00,12.0,192.0
2024-12-15 16:00:00,11.2,92.0
2024-12-15 17:00:00,9.8,10.0
2024-12-15 18:00:00,8.7,0.0
2024-12-15 19:00:00,8.0,0.0
2024-12-15 20:00:00,7.3,0.0
2024-12-15 21:00:00,6.6,0.0
2024-12-15 22:00:00,6.5,0.0
2024-12-15 23:00:00,6.6,0.0
2024-12-16 00:00:00,5.8,0.0
2024-12-16 01:00:00,3.6,0.0
2024-12-16 02:00:00,3.4,0.0
2024-12-16 03:00:00,3.3,0.0
2024-12-16 04:00:00,3.6,0.0
2024-12-16 05:00:00,4.0,0.0
2024-12-16 06:00:00,3.5,0.0
2024-12-16 07:00:00,3.4,0.0
2024-12-16 08:00:00,3.5,3.0
2024-12-16 09:00:00,5.7,85.0
2024-12-16 10:00:00,8.5,195.0
2024-12-16 11:00:00,10.5,322.0
2024-12-16 12:00:00,12.3,380.0
2024-12-16 13:00:00,13.7,372.0
2024-12-16 14:00:00,14.0,334.0
2024-12-16 15:00:00,13.4,250.0
2024-12-16 16:00:00,11.4,121.0
2024-12-16 17:00:00,9.2,13.0
2024-12-16 18:00:00,7.9,0.0
2024-12-16 19:00:00,7.1,0.0
2024-12-16 20:00:00,6.6,0.0
2024-12-16 21:00:00,6.1,0.0
2024-12-16 22:00:00,6.2,0.0
2024-12-16 23:00:00,6.6,0.0
2024-12-17 00:00:00,6.4,0.0
2024-12-17 01:00:00,7.7,0.0
2024-12-17 02:00:00,7.3,0.0
2024-12-17 03:00:00,7.2,0.0
2024-12-17 04:00:00,7.4,0.0
2024-12-17 05:00:00,7.3,0.0
2024-12-17 06:00:00,6.9,0.0
2024-12-17 07:00:00,6.9,0.0
2024-12-17 08:00:00,6.7,3.0
2024-12-17 09:00:00,8.2,71.0
2024-12-17 10:00:00,10.8,199.0
2024-12-17 11:00:00,12.8,310.0
2024-12-17 12:00:00,15.0,368.0
2024-12-17 13:00:00,16.5,300.0
2024-12-17 14:00:00,17.1,320.0
2024-12-17 15:00:00,16.7,235.0
2024-12-17 16:00:00,15.2,70.0
2024-12-17 17:00:00,14.1,7.0
2024-12-17 18:00:00,13.3,0.0
2024-12-17 19:00:00,13.1,0.0
2024-12-17 20:00:00,13.6,0.0
2024-12-17 21:00:00,13.7,0.0
2024-12-17 22:00:00,13.6,0.0
2024-12-17 23:00:00,13.6,0.0
2024-12-18 00:00:00,14.0,0.0
2024-12-18 01:00:00,14.2,0.0
2024-12-18 02:00:00,13.6,0.0
2024-12-18 03:00:00,13.3,0.0
2024-12-18 04:00:00,13.0,0.0
2024-12-18 05:00:00,12.8,0.0
2024-12-18 06:00:00,12.4,0.0
2024-12-18 07:00:00,12.2,0.0
2024-12-18 08:00:00,12.3,2.0
2024-12-18 09:00:00,13.6,78.0
2024-12-18 10:00:00,15.8,199.0
2024-12-18 11:00:00,17.6,277.0
2024-12-18 12:00:00,18.2,320.0
2024-12-18 13:00:00,18.3,301.0
2024-12-18 14:00:00,18.2,306.0
2024-12-18 15:00:00,17.9,219.0
2024-12-18 16:00:00,17.2,98.0
2024-12-18 17:00:00,16.5,11.0
2024-12-18 18:00:00,16.2,0.0
2024-12-18 19:00:00,16.1,0.0
2024-12-18 20:00:00,16.7,0.0
2024-12-18 21:00:00,16.8,0.0
2024-12-18 22:00:00,16.8,0.0
2024-12-18 23:00:00,16.8,0.0
2024-12-19 00:00:00,16.5,0.0
2024-12-19 01:00:00,16.8,0.0
2024-12-19 02:00:00,16.2,0.0
2024-12-19 03:00:00,15.0,0.0
2024-12-19 04:00:00,14.2,0.0
2024-12-19 05:00:00,13.8,0.0
2024-12-19 06:00:00,13.9,0.0
2024-12-19 07:00:00,15.1,0.0
2024-12-19 08:00:00,15.5,2.0
2024-12-19 09:00:00,15.8,26.0
2024-12-19 10:00:00,11.1,21.0
2024-12-19 11:00:00,10.4,35.0
2024-12-19 12:00:00,10.3,40.0
2024-12-19 13:00:00,10.7,59.0
2024-12-19 14:00:00,10.5,71.0
2024-12-19 15:00:00,10.2,130.0
2024-12-19 16:00:00,10.4,61.0
2024-12-19 17:00:00,9.6,6.0
2024-12-19 18:00:00,9.9,0.0
2024-12-19 19:00:00,9.8,0.0
2024-12-19 20:00:00,9.6,0.0
2024-12-19 21:00:00,9.1,0.0
2024-12-19 22:00:00,8.9,0.0
2024-12-19 23:00:00,8.8,0.0
2024-12-20 00:00:00,8.5,0.0
2024-12-20 01:00:00,8.1,0.0
2024-12-20 02:00:00,7.9,0.0
2024-12-20 03:00:00,7.5,0.0
2024-12-20 04:00:00,7.1,0.0
2024-12-20 05:00:00,7.4,0.0
2024-12-20 06:00:00,7.0,0.0
2024-12-20 07:00:00,6.9,0.0
2024-12-20 08:00:00,7.2,1.0
2024-12-20 09:00:00,8.0,43.0
2024-12-20 10:00:00,9.3,115.0
2024-12-20 11:00:00,10.9,190.0
2024-12-20 12:00:00,10.0,112.0
2024-12-20 13:00:00,10.7,156.0
2024-12-20 14:00:00,10.8,212.0
2024-12-20 15:00:00,11.0,157.0
2024-12-20 16:00:00,10.2,89.0
2024-12-20 17:00:00,9.6,10.0
2024-12-20 18:00:00,8.5,0.0
2024-12-20 19:00:00,8.6,0.0
2024-12-20 20:00:00,7.6,0.0
2024-12-20 21:00:00,8.5,0.0
2024-12-20 22:00:00,8.6,0.0
2024-12-20 23:00:00,8.9,0.0
2024-12-21 00:00:00,8.1,0.0
2024-12-21 01:00:00,7.4,0.0
2024-12-21 02:00:00,6.9,0.0
2024-12-21 03:00:00,7.5,0.0
2024-12-21 04:00:00,7.1,0.0
2024-12-21 05:00:00,6.6,0.0
2024-12-21 06:00:00,5.4,0.0
2024-12-21 07:00:00,5.4,0.0
2024-12-21 08:00:00,4.5,2.0
2024-12-21 09:00:00,6.2,39.0
2024-12-21 10:00:00,7.7,57.0
2024-12-21 11:00:00,9.6,97.0
2024-12-21 12:00:00,11.2,88.0
2024-12-21 13:00:00,13.6,143.0
2024-12-21 14:00:00,14.2,171.0
2024-12-21 15:00:00,14.1,162.0
2024-12-21 16:00:00,13.2,65.0
2024-12-21 17:00:00,12.7,9.0
2024-12-21 18:00:00,12.2,0.0
2024-12-21 19:00:00,11.6,0.0
2024-12-21 20:00:00,11.6,0.0
2024-12-21 21:00:00,10.7,0.0
2024-12-21 22:00:00,10.3,0.0
2024-12-21 23:00:00,10.3,0.0
2024-12-22 00:00:00,10.2,0.0
2024-12-22 01:00:00,10.4,0.0
2024-12-22 02:00:00,8.4,0.0
2024-12-22 03:00:00,7.8,0.0
2024-12-22 04:00:00,7.3,0.0
2024-12-22 05:00:00,6.6,0.0
2024-12-22 06:00:00,7.9,0.0
2024-12-22 07:00:00,8.7,0.0
2024-12-22 08:00:00,9.1,0.0
2024-12-22 09:00:00,9.7,13.0
2024-12-22 10:00:00,11.6,55.0
2024-12-22 11:00:00,13.4,79.0
2024-12-22 12:00:00,12.7,53.0
2024-12-22 13:00:00,14.1,183.0
2024-12-22 14:00:00,13.1,126.0
2024-12-22 15:00:00,11.7,51.0
2024-12-22 16:00:00,11.2,27.0
2024-12-22 17:00:00,11.2,4.0
2024-12-22 18:00:00,10.5,0.0
2024-12-22 19:00:00,11.1,0.0
2024-12-22 20:00:00,10.2,0.0
2024-12-22 21:00:00,10.0,0.0
2024-12-22 22:00:00,9.4,0.0
2024-12-22 23:00:00,9.7,0.0
2024-12-23 00:00:00,9.9,0.0
2024-12-23 01:00:00,9.1,0.0
2024-12-23 02:00:00,9.2,0.0
2024-12-23 03:00:00,9.9,0.0
2024-12-23 04:00:00,9.4,0.0
2024-12-23 05:00:00,9.5,0.0
2024-12-23 06:00:00,9.1,0.0
2024-12-23 07:00:00,9.4,0.0
2024-12-23 08:00:00,9.7,1.0
2024-12-23 09:00:00,10.4,50.0
2024-12-23 10:00:00,11.6,118.0
2024-12-23 11:00:00,11.8,172.0
2024-12-23 12:00:00,11.4,167.0
2024-12-23 13:00:00,10.0,198.0
2024-12-23 14:00:00,10.3,103.0
2024-12-23 15:00:00,10.5,90.0
2024-12-23 16:00:00,10.4,41.0
2024-12-23 17:00:00,10.0,8.0
2024-12-23 18:00:00,10.5,0.0
2024-12-23 19:00:00,10.7,0.0
2024-12-23 20:00:00,10.9,0.0
2024-12-23 21:00:00,10.9,0.0
2024-12-23 22:00:00,10.8,0.0
2024-12-23 23:00:00,10.4,0.0
2024-12-24 00:00:00,9.6,0.0
2024-12-24 01:00:00,9.6,0.0
2024-12-24 02:00:00,9.5,0.0
2024-12-24 03:00:00,9.4,0.0
2024-12-24 04:00:00,9.5,0.0
2024-12-24 05:00:00,9.6,0.0
2024-12-24 06:00:00,9.7,0.0
2024-12-24 07:00:00,9.7,0.0
2024-12-24 08:00:00,10.0,0.0
2024-12-24 09:00:00,10.6,16.0
2024-12-24 10:00:00,11.1,33.0
2024-12-24 11:00:00,11.7,69.0
2024-12-24 12:00:00,11.4,49.0
2024-12-24 13:00:00,12.2,85.0
2024-12-24 14:00:00,12.3,66.0
2024-12-24 15:00:00,12.2,33.0
2024-12-24 16:00:00,12.1,22.0
2024-12-24 17:00:00,11.8,2.0
2024-12-24 18:00:00,11.7,0.0
2024-12-24 19:00:00,11.7,0.0
2024-12-24 20:00:00,11.6,0.0
2024-12-24 21:00:00,11.5,0.0
2024-12-24 22:00:00,11.3,0.0
2024-12-24 23:00:00,11.3,0.0
2024-12-25 00:00:00,11.2,0.0
2024-12-25 01:00:00,11.3,0.0
2024-12-25 02:00:00,11.4,0.0
2024-12-25 03:00:00,11.3,0.0
2024-12-25 04:00:00,11.4,0.0
2024-12-25 05:00:00,11.6,0.0
2024-12-25 06:00:00,11.6,0.0
2024-12-25 07:00:00,11.6,0.0
2024-12-25 08:00:00,11.6,0.0
2024-12-25 09:00:00,12.1,27.0
2024-12-25 10:00:00,12.2,80.0
2024-12-25 11:00:00,12.5,145.0
2024-12-25 12:00:00,12.5,138.0
2024-12-25 13:00:00,13.9,228.0
2024-12-25 14:00:00,13.6,162.0
2024-12-25 15:00:00,13.2,159.0
2024-12-25 16:00:00,12.3,82.0
2024-12-25 17:00:00,10.9,12.0
2024-12-25 18:00:00,10.0,0.0
2024-12-25 19:00:00,10.0,0.0
2024-12-25 20:00:00,10.5,0.0
2024-12-25 21:00:00,10.5,0.0
2024-12-25 22:00:00,10.4,0.0
2024-12-25 23:00:00,10.5,0.0
2024-12-26 00:00:00,10.3,0.0
2024-12-26 01:00:00,10.4,0.0
2024-12-26 02:00:00,10.2,0.0
2024-12-26 03:00:00,10.1,0.0
2024-12-26 04:00:00,10.0,0.0
2024-12-26 05:00:00,9.7,0.0
2024-12-26 06:00:00,9.4,0.0
2024-12-26 07:00:00,9.3,0.0
2024-12-26 08:00:00,9.0,1.0
2024-12-26 09:00:00,9.1,28.0
2024-12-26 10:00:00,9.5,76.0
2024-12-26 11:00:00,10.6,174.0
2024-12-26 12:00:00,12.2,322.0
2024-12-26 13:00:00,12.6,352.0
2024-12-26 14:00:00,13.2,331.0
2024-12-26 15:00:00,13.0,247.0
2024-12-26 16:00:00,11.6,124.0
2024-12-26 17:00:00,9.8,16.0
2024-12-26 18:00:00,8.7,0.0
2024-12-26 19:00:00,8.2,0.0
2024-12-26 20:00:00,8.0,0.0
2024-12-26 21:00:00,8.2,0.0
2024-12-26 22:00:00,8.1,0.0
2024-12-26 23:00:00,7.8,0.0
2024-12-27 00:00:00,8.1,0.0
2024-12-27 01:00:00,8.5,0.0
2024-12-27 02:00:00,9.0,0.0
2024-12-27 03:00:00,9.1,0.0
2024-12-27 04:00:00,8.6,0.0
2024-12-27 05:00:00,8.2,0.0
2024-12-27 06:00:00,8.1,0.0
2024-12-27 07:00:00,7.9,0.0
2024-12-27 08:00:00,7.5,1.0
2024-12-27 09:00:00,9.5,62.0
2024-12-27 10:00:00,11.7,173.0
2024-12-27 11:00:00,13.0,290.0
2024-12-27 12:00:00,13.6,333.0
2024-12-27 13:00:00,14.5,363.0
2024-12-27 14:00:00,14.7,330.0
2024-12-27 15:00:00,14.8,249.0
2024-12-27 16:00:00,13.8,128.0
2024-12-27 17:00:00,12.0,18.0
2024-12-27 18:00:00,10.8,0.0
2024-12-27 19:00:00,9.4,0.0
2024-12-27 20:00:00,8.5,0.0
2024-12-27 21:00:00,7.7,0.0
2024-12-27 22:00:00,6.9,0.0
2024-12-27 23:00:00,6.5,0.0
2024-12-28 00:00:00,6.2,0.0
2024-12-28 01:00:00,6.7,0.0
2024-12-28 02:00:00,6.3,0.0
2024-12-28 03:00:00,6.3,0.0
2024-12-28 04:00:00,6.1,0.0
2024-12-28 05:00:00,6.0,0.0
2024-12-28 06:00:00,5.7,0.0
2024-12-28 07:00:00,5.3,0.0
2024-12-28 08:00:00,4.9,1.0
2024-12-28 09:00:00,6.1,71.0
2024-12-28 10:00:00,8.5,203.0
2024-12-28 11:00:00,11.0,315.0
2024-12-28 12:00:00,13.0,379.0
2024-12-28 13:00:00,14.0,390.0
2024-12-28 14:00:00,13.6,347.0
2024-12-28 15:00:00,12.3,257.0
2024-12-28 16:00:00,11.0,132.0
2024-12-28 17:00:00,9.3,18.0
2024-12-28 18:00:00,8.6,0.0
2024-12-28 19:00:00,7.9,0.0
2024-12-28 20:00:00,8.3,0.0
2024-12-28 21:00:00,8.4,0.0
2024-12-28 22:00:00,8.6,0.0
2024-12-28 23:00:00,8.4,0.0
2024-12-29 00:00:00,8.4,0.0
2024-12-29 01:00:00,6.2,0.0
2024-12-29 02:00:00,6.2,0.0
2024-12-29 03:00:00,6.6,0.0
2024-12-29 04:00:00,6.5,0.0
2024-12-29 05:00:00,6.2,0.0
2024-12-29 06:00:00,5.3,0.0
2024-12-29 07:00:00,4.4,0.0
2024-12-29 08:00:00,3.9,1.0
2024-12-29 09:00:00,5.2,67.0
2024-12-29 10:00:00,7.7,192.0
2024-12-29 11:00:00,10.3,309.0
2024-12-29 12:00:00,12.1,374.0
2024-12-29 13:00:00,13.2,384.0
2024-12-29 14:00:00,13.7,343.0
2024-12-29 15:00:00,13.6,228.0
2024-12-29 16:00:00,12.3,127.0
2024-12-29 17:00:00,9.6,19.0
2024-12-29 18:00:00,8.0,0.0
2024-12-29 19:00:00,6.8,0.0
2024-12-29 20:00:00,5.9,0.0
2024-12-29 21:00:00,5.3,0.0
2024-12-29 22:00:00,4.4,0.0
2024-12-29 23:00:00,3.4,0.0
2024-12-30 00:00:00,2.5,0.0
2024-12-30 01:00:00,2.9,0.0
2024-12-30 02:00:00,3.0,0.0
2024-12-30 03:00:00,3.5,0.0
2024-12-30 04:00:00,4.2,0.0
2024-12-30 05:00:00,4.3,0.0
2024-12-30 06:00:00,3.9,0.0
2024-12-30 07:00:00,3.9,0.0
2024-12-30 08:00:00,3.7,1.0
2024-12-30 09:00:00,4.7,61.0
2024-12-30 10:00:00,6.9,199.0
2024-12-30 11:00:00,9.3,316.0
2024-12-30 12:00:00,11.3,381.0
2024-12-30 13:00:00,12.0,393.0
2024-12-30 14:00:00,12.8,352.0
2024-12-30 15:00:00,12.9,262.0
2024-12-30 16:00:00,10.9,136.0
2024-12-30 17:00:00,8.3,21.0
2024-12-30 18:00:00,7.4,0.0
2024-12-30 19:00:00,6.0,0.0
2024-12-30 20:00:00,4.7,0.0
2024-12-30 21:00:00,3.4,0.0
2024-12-30 22:00:00,2.7,0.0
2024-12-30 23:00:00,2.3,0.0
2024-12-31 00:00:00,1.9,0.0
2024-12-31 01:00:00,2.2,0.0
2024-12-31 02:00:00,1.9,0.0
2024-12-31 03:00:00,1.9,0.0
2024-12-31 04:00:00,1.8,0.0
2024-12-31 05:00:00,1.7,0.0
2024-12-31 06:00:00,1.5,0.0
2024-12-31 07:00:00,1.4,0.0
2024-12-31 08:00:00,1.2,1.0
2024-12-31 09:00:00,2.5,71.0
2024-12-31 10:00:00,4.9,202.0
2024-12-31 11:00:00,7.6,313.0
2024-12-31 12:00:00,10.2,378.0
2024-12-31 13:00:00,11.0,395.0
2024-12-31 14:00:00,11.6,353.0
2024-12-31 15:00:00,11.4,263.0
2024-12-31 16:00:00,9.5,138.0
2024-12-31 17:00:00,7.3,22.0
2024-12-31 18:00:00,6.2,0.0
2024-12-31 19:00:00,5.4,0.0
2024-12-31 20:00:00,3.6,0.0
2024-12-31 21:00:00,2.6,0.0
2024-12-31 22:00:00,2.2,0.0
2024-12-31 23:00:00,2.1,0.0