"time","Text","SolarR"
2024-01-01,6.6,0
2024-01-01 01:00:00,6.9,0
2024-01-01 02:00:00,6.8,0
2024-01-01 03:00:00,6.6,0
2024-01-01 04:00:00,6.5,0
2024-01-01 05:00:00,6.2,0
2024-01-01 06:00:00,6.8,0
2024-01-01 07:00:00,6.9,0
2024-01-01 08:00:00,5.6,1
2024-01-01 09:00:00,7.2,66
2024-01-01 10:00:00,9.9,196
2024-01-01 11:00:00,11.6,304
2024-01-01 12:00:00,12.8,370
2024-01-01 13:00:00,13.5,380
2024-01-01 14:00:00,14,341
2024-01-01 15:00:00,13.8,253
2024-01-01 16:00:00,12.5,132
2024-01-01 17:00:00,10.9,21
2024-01-01 18:00:00,10.8,0
2024-01-01 19:00:00,11,0
2024-01-01 20:00:00,11.1,0
2024-01-01 21:00:00,11.3,0
2024-01-01 22:00:00,12,0
2024-01-01 23:00:00,12,0
2024-01-02,12.1,0
2024-01-02 01:00:00,11.7,0
2024-01-02 02:00:00,11.7,0
2024-01-02 03:00:00,11.8,0
2024-01-02 04:00:00,11.9,0
2024-01-02 05:00:00,12.3,0
2024-01-02 06:00:00,12.5,0
2024-01-02 07:00:00,12,0
2024-01-02 08:00:00,12.2,0
2024-01-02 09:00:00,12.7,22
2024-01-02 10:00:00,13.4,26
2024-01-02 11:00:00,15,160
2024-01-02 12:00:00,15.7,208
2024-01-02 13:00:00,14.7,96
2024-01-02 14:00:00,14.6,74
2024-01-02 15:00:00,15.4,46
2024-01-02 16:00:00,16.3,21
2024-01-02 17:00:00,16.9,3
2024-01-02 18:00:00,16.9,0
2024-01-02 19:00:00,16.2,0
2024-01-02 20:00:00,15.5,0
2024-01-02 21:00:00,15.1,0
2024-01-02 22:00:00,12.7,0
2024-01-02 23:00:00,11.5,0
2024-01-03,10.9,0
2024-01-03 01:00:00,14.7,0
2024-01-03 02:00:00,13.3,0
2024-01-03 03:00:00,12.9,0
2024-01-03 04:00:00,13,0
2024-01-03 05:00:00,12.9,0
2024-01-03 06:00:00,12.4,0
2024-01-03 07:00:00,13.2,0
2024-01-03 08:00:00,12.2,1
2024-01-03 09:00:00,13.2,16
2024-01-03 10:00:00,13.3,26
2024-01-03 11:00:00,13.8,56
2024-01-03 12:00:00,14.2,98
2024-01-03 13:00:00,14.8,172
2024-01-03 14:00:00,14.9,198
2024-01-03 15:00:00,14.6,102
2024-01-03 16:00:00,13.6,59
2024-01-03 17:00:00,11.7,13
2024-01-03 18:00:00,11.1,0
2024-01-03 19:00:00,10.6,0
2024-01-03 20:00:00,10.9,0
2024-01-03 21:00:00,9.8,0
2024-01-03 22:00:00,8.3,0
2024-01-03 23:00:00,7.5,0
2024-01-04,7.1,0
2024-01-04 01:00:00,7.3,0
2024-01-04 02:00:00,6.9,0
2024-01-04 03:00:00,7,0
2024-01-04 04:00:00,7.7,0
2024-01-04 05:00:00,8.5,0
2024-01-04 06:00:00,9.1,0
2024-01-04 07:00:00,9.6,0
2024-01-04 08:00:00,10.2,1
2024-01-04 09:00:00,11.5,65
2024-01-04 10:00:00,12.5,148
2024-01-04 11:00:00,13.5,265
2024-01-04 12:00:00,14.1,349
2024-01-04 13:00:00,15.1,281
2024-01-04 14:00:00,15,204
2024-01-04 15:00:00,14.8,205
2024-01-04 16:00:00,13.5,85
2024-01-04 17:00:00,12.3,18
2024-01-04 18:00:00,11,0
2024-01-04 19:00:00,10.5,0
2024-01-04 20:00:00,9.4,0
2024-01-04 21:00:00,10,0
2024-01-04 22:00:00,9.1,0
2024-01-04 23:00:00,9.5,0
2024-01-05,9.3,0
2024-01-05 01:00:00,9.6,0
2024-01-05 02:00:00,9.1,0
2024-01-05 03:00:00,8.8,0
2024-01-05 04:00:00,8.5,0
2024-01-05 05:00:00,8,0
2024-01-05 06:00:00,8,0
2024-01-05 07:00:00,7.8,0
2024-01-05 08:00:00,7.7,1
2024-01-05 09:00:00,8.5,67
2024-01-05 10:00:00,9.4,158
2024-01-05 11:00:00,9.2,147
2024-01-05 12:00:00,9.9,278
2024-01-05 13:00:00,8.7,244
2024-01-05 14:00:00,8.7,129
2024-01-05 15:00:00,8.9,147
2024-01-05 16:00:00,8.3,122
2024-01-05 17:00:00,7.7,22
2024-01-05 18:00:00,7.2,0
2024-01-05 19:00:00,6.9,0
2024-01-05 20:00:00,6.5,0
2024-01-05 21:00:00,6.5,0
2024-01-05 22:00:00,6.8,0
2024-01-05 23:00:00,7,0
2024-01-06,7.2,0
2024-01-06 01:00:00,6.9,0
2024-01-06 02:00:00,5.5,0
2024-01-06 03:00:00,6,0
2024-01-06 04:00:00,5.2,0
2024-01-06 05:00:00,5.4,0
2024-01-06 06:00:00,5.2,0
2024-01-06 07:00:00,5.8,0
2024-01-06 08:00:00,4.3,1
2024-01-06 09:00:00,5.2,33
2024-01-06 10:00:00,5.5,80
2024-01-06 11:00:00,6.8,100
2024-01-06 12:00:00,8.1,107
2024-01-06 13:00:00,9,331
2024-01-06 14:00:00,9.4,251
2024-01-06 15:00:00,8.4,216
2024-01-06 16:00:00,7.7,103
2024-01-06 17:00:00,6.2,15
2024-01-06 18:00:00,6.3,0
2024-01-06 19:00:00,6.6,0
2024-01-06 20:00:00,7.1,0
2024-01-06 21:00:00,6.8,0
2024-01-06 22:00:00,7.3,0
2024-01-06 23:00:00,6.9,0
2024-01-07,6.6,0
2024-01-07 01:00:00,6.9,0
2024-01-07 02:00:00,6.2,0
2024-01-07 03:00:00,6.5,0
2024-01-07 04:00:00,6.9,0
2024-01-07 05:00:00,6.6,0
2024-01-07 06:00:00,6.3,0
2024-01-07 07:00:00,6.3,0
2024-01-07 08:00:00,6,1
2024-01-07 09:00:00,7.1,29
2024-01-07 10:00:00,7.4,69
2024-01-07 11:00:00,7.7,161
2024-01-07 12:00:00,8.3,107
2024-01-07 13:00:00,8.4,144
2024-01-07 14:00:00,8.7,209
2024-01-07 15:00:00,8.8,179
2024-01-07 16:00:00,7.6,72
2024-01-07 17:00:00,6.1,20
2024-01-07 18:00:00,6.9,0
2024-01-07 19:00:00,7.1,0
2024-01-07 20:00:00,6.8,0
2024-01-07 21:00:00,6.3,0
2024-01-07 22:00:00,6.2,0
2024-01-07 23:00:00,6.7,0
2024-01-08,6.2,0
2024-01-08 01:00:00,6.3,0
2024-01-08 02:00:00,6.4,0
2024-01-08 03:00:00,6.5,0
2024-01-08 04:00:00,6.1,0
2024-01-08 05:00:00,6.2,0
2024-01-08 06:00:00,5.9,0
2024-01-08 07:00:00,6,0
2024-01-08 08:00:00,4.9,1
2024-01-08 09:00:00,6.2,36
2024-01-08 10:00:00,7.4,190
2024-01-08 11:00:00,8.5,273
2024-01-08 12:00:00,9,317
2024-01-08 13:00:00,9.1,308
2024-01-08 14:00:00,9,332
2024-01-08 15:00:00,8.7,243
2024-01-08 16:00:00,8.2,138
2024-01-08 17:00:00,5.2,27
2024-01-08 18:00:00,4.6,0
2024-01-08 19:00:00,3.6,0
2024-01-08 20:00:00,3.7,0
2024-01-08 21:00:00,4,0
2024-01-08 22:00:00,4.3,0
2024-01-08 23:00:00,3.9,0
2024-01-09,3.9,0
2024-01-09 01:00:00,3.6,0
2024-01-09 02:00:00,3.7,0
2024-01-09 03:00:00,4,0
2024-01-09 04:00:00,3.2,0
2024-01-09 05:00:00,0.8,0
2024-01-09 06:00:00,0.1,0
2024-01-09 07:00:00,0.3,0
2024-01-09 08:00:00,-0.3,1
2024-01-09 09:00:00,0.5,49
2024-01-09 10:00:00,3.1,153
2024-01-09 11:00:00,5.7,302
2024-01-09 12:00:00,7.1,375
2024-01-09 13:00:00,7.4,363
2024-01-09 14:00:00,7.6,206
2024-01-09 15:00:00,7.3,149
2024-01-09 16:00:00,6.6,87
2024-01-09 17:00:00,3.8,25
2024-01-09 18:00:00,4.2,0
2024-01-09 19:00:00,3.5,0
2024-01-09 20:00:00,1.8,0
2024-01-09 21:00:00,0.8,0
2024-01-09 22:00:00,1,0
2024-01-09 23:00:00,1.5,0
2024-01-10,1.3,0
2024-01-10 01:00:00,3.1,0
2024-01-10 02:00:00,2.4,0
2024-01-10 03:00:00,2.4,0
2024-01-10 04:00:00,1.7,0
2024-01-10 05:00:00,1.7,0
2024-01-10 06:00:00,3.3,0
2024-01-10 07:00:00,3.5,0
2024-01-10 08:00:00,3.9,1
2024-01-10 09:00:00,4.7,16
2024-01-10 10:00:00,5.5,39
2024-01-10 11:00:00,6.4,71
2024-01-10 12:00:00,6.8,62
2024-01-10 13:00:00,6.8,69
2024-01-10 14:00:00,6.8,61
2024-01-10 15:00:00,6.6,48
2024-01-10 16:00:00,6.5,34
2024-01-10 17:00:00,5.6,7
2024-01-10 18:00:00,5.3,0
2024-01-10 19:00:00,6,0
2024-01-10 20:00:00,6.1,0
2024-01-10 21:00:00,5.8,0
2024-01-10 22:00:00,5.7,0
2024-01-10 23:00:00,5.5,0
2024-01-11,5.1,0
2024-01-11 01:00:00,5.5,0
2024-01-11 02:00:00,4.9,0
2024-01-11 03:00:00,5.3,0
2024-01-11 04:00:00,5.3,0
2024-01-11 05:00:00,5.2,0
2024-01-11 06:00:00,5.4,0
2024-01-11 07:00:00,5.2,0
2024-01-11 08:00:00,5.2,0
2024-01-11 09:00:00,5.3,18
2024-01-11 10:00:00,5.9,60
2024-01-11 11:00:00,6.6,150
2024-01-11 12:00:00,7,188
2024-01-11 13:00:00,5.8,63
2024-01-11 14:00:00,6,59
2024-01-11 15:00:00,6.2,81
2024-01-11 16:00:00,6.2,57
2024-01-11 17:00:00,4.5,21
2024-01-11 18:00:00,4.1,0
2024-01-11 19:00:00,3.9,0
2024-01-11 20:00:00,4,0
2024-01-11 21:00:00,4.3,0
2024-01-11 22:00:00,5,0
2024-01-11 23:00:00,5.1,0
2024-01-12,5.4,0
2024-01-12 01:00:00,5.8,0
2024-01-12 02:00:00,6.1,0
2024-01-12 03:00:00,5.9,0
2024-01-12 04:00:00,5.9,0
2024-01-12 05:00:00,5.8,0
2024-01-12 06:00:00,5.9,0
2024-01-12 07:00:00,5.8,0
2024-01-12 08:00:00,6,1
2024-01-12 09:00:00,6.7,42
2024-01-12 10:00:00,7.3,121
2024-01-12 11:00:00,7.6,203
2024-01-12 12:00:00,8.2,305
2024-01-12 13:00:00,9.6,402
2024-01-12 14:00:00,9.8,380
2024-01-12 15:00:00,9.7,276
2024-01-12 16:00:00,9,168
2024-01-12 17:00:00,5,39
2024-01-12 18:00:00,4.1,0
2024-01-12 19:00:00,3.1,0
2024-01-12 20:00:00,2.6,0
2024-01-12 21:00:00,2.1,0
2024-01-12 22:00:00,1.9,0
2024-01-12 23:00:00,2.3,0
2024-01-13,2.7,0
2024-01-13 01:00:00,3.4,0
2024-01-13 02:00:00,3.5,0
2024-01-13 03:00:00,3.7,0
2024-01-13 04:00:00,4.1,0
2024-01-13 05:00:00,4.3,0
2024-01-13 06:00:00,4.6,0
2024-01-13 07:00:00,4.9,0
2024-01-13 08:00:00,5.3,2
2024-01-13 09:00:00,7.3,71
2024-01-13 10:00:00,10.6,205
2024-01-13 11:00:00,13,310
2024-01-13 12:00:00,14.6,373
2024-01-13 13:00:00,15.3,211
2024-01-13 14:00:00,16.2,204
2024-01-13 15:00:00,16,122
2024-01-13 16:00:00,15.7,97
2024-01-13 17:00:00,15,27
2024-01-13 18:00:00,13.1,0
2024-01-13 19:00:00,11.8,0
2024-01-13 20:00:00,11.7,0
2024-01-13 21:00:00,11.1,0
2024-01-13 22:00:00,9.4,0
2024-01-13 23:00:00,8.7,0
2024-01-14,8.1,0
2024-01-14 01:00:00,12.5,0
2024-01-14 02:00:00,12.6,0
2024-01-14 03:00:00,12.4,0
2024-01-14 04:00:00,10.8,0
2024-01-14 05:00:00,9.4,0
2024-01-14 06:00:00,9.5,0
2024-01-14 07:00:00,9,0
2024-01-14 08:00:00,9.9,1
2024-01-14 09:00:00,11.5,57
2024-01-14 10:00:00,13.7,145
2024-01-14 11:00:00,14.1,148
2024-01-14 12:00:00,12.7,74
2024-01-14 13:00:00,14,35
2024-01-14 14:00:00,14.7,58
2024-01-14 15:00:00,16.2,207
2024-01-14 16:00:00,14.6,36
2024-01-14 17:00:00,13.4,13
2024-01-14 18:00:00,13.9,0
2024-01-14 19:00:00,11.2,0
2024-01-14 20:00:00,9.7,0
2024-01-14 21:00:00,8.8,0
2024-01-14 22:00:00,9.1,0
2024-01-14 23:00:00,8.6,0
2024-01-15,9.3,0
2024-01-15 01:00:00,10.3,0
2024-01-15 02:00:00,9.6,0
2024-01-15 03:00:00,9.7,0
2024-01-15 04:00:00,9.7,0
2024-01-15 05:00:00,9.8,0
2024-01-15 06:00:00,9.9,0
2024-01-15 07:00:00,11.2,0
2024-01-15 08:00:00,11.5,0
2024-01-15 09:00:00,12.5,57
2024-01-15 10:00:00,13.4,92
2024-01-15 11:00:00,13.6,72
2024-01-15 12:00:00,13.7,64
2024-01-15 13:00:00,13.8,44
2024-01-15 14:00:00,16.6,300
2024-01-15 15:00:00,16.6,144
2024-01-15 16:00:00,15.9,150
2024-01-15 17:00:00,12.7,37
2024-01-15 18:00:00,14.3,0
2024-01-15 19:00:00,11,0
2024-01-15 20:00:00,12.2,0
2024-01-15 21:00:00,12,0
2024-01-15 22:00:00,12.2,0
2024-01-15 23:00:00,12.3,0
2024-01-16,12.3,0
2024-01-16 01:00:00,12.8,0
2024-01-16 02:00:00,12.7,0
2024-01-16 03:00:00,12.3,0
2024-01-16 04:00:00,11,0
2024-01-16 05:00:00,10.7,0
2024-01-16 06:00:00,9.2,0
2024-01-16 07:00:00,8.7,0
2024-01-16 08:00:00,8.4,2
2024-01-16 09:00:00,9.2,27
2024-01-16 10:00:00,10.1,36
2024-01-16 11:00:00,12.6,174
2024-01-16 12:00:00,12.9,96
2024-01-16 13:00:00,15.4,85
2024-01-16 14:00:00,15.7,75
2024-01-16 15:00:00,16.3,78
2024-01-16 16:00:00,17,47
2024-01-16 17:00:00,17.2,18
2024-01-16 18:00:00,17.4,0
2024-01-16 19:00:00,17.7,0
2024-01-16 20:00:00,18.4,0
2024-01-16 21:00:00,17.9,0
2024-01-16 22:00:00,15.6,0
2024-01-16 23:00:00,14.3,0
2024-01-17,14.3,0
2024-01-17 01:00:00,17.1,0
2024-01-17 02:00:00,17.7,0
2024-01-17 03:00:00,17.8,0
2024-01-17 04:00:00,17.8,0
2024-01-17 05:00:00,18,0
2024-01-17 06:00:00,16.1,0
2024-01-17 07:00:00,14.6,0
2024-01-17 08:00:00,14.6,1
2024-01-17 09:00:00,14.7,28
2024-01-17 10:00:00,16.2,105
2024-01-17 11:00:00,17,90
2024-01-17 12:00:00,18.1,284
2024-01-17 13:00:00,18.4,285
2024-01-17 14:00:00,18.7,318
2024-01-17 15:00:00,17.8,205
2024-01-17 16:00:00,17,48
2024-01-17 17:00:00,17.1,20
2024-01-17 18:00:00,16.8,0
2024-01-17 19:00:00,16.3,0
2024-01-17 20:00:00,15.8,0
2024-01-17 21:00:00,15.6,0
2024-01-17 22:00:00,15.4,0
2024-01-17 23:00:00,15.7,0
2024-01-18,15.7,0
2024-01-18 01:00:00,14.5,0
2024-01-18 02:00:00,14.8,0
2024-01-18 03:00:00,14.6,0
2024-01-18 04:00:00,13.9,0
2024-01-18 05:00:00,13.6,0
2024-01-18 06:00:00,13.5,0
2024-01-18 07:00:00,13.2,0
2024-01-18 08:00:00,13.6,2
2024-01-18 09:00:00,14.5,71
2024-01-18 10:00:00,15.9,165
2024-01-18 11:00:00,16.8,235
2024-01-18 12:00:00,18.3,379
2024-01-18 13:00:00,15.1,219
2024-01-18 14:00:00,11.8,222
2024-01-18 15:00:00,9.7,39
2024-01-18 16:00:00,9.3,37
2024-01-18 17:00:00,9.1,14
2024-01-18 18:00:00,9.1,0
2024-01-18 19:00:00,9,0
2024-01-18 20:00:00,8.9,0
2024-01-18 21:00:00,8.7,0
2024-01-18 22:00:00,8.7,0
2024-01-18 23:00:00,8.2,0
2024-01-19,7.5,0
2024-01-19 01:00:00,7.2,0
2024-01-19 02:00:00,6.4,0
2024-01-19 03:00:00,6,0
2024-01-19 04:00:00,5.3,0
2024-01-19 05:00:00,4.9,0
2024-01-19 06:00:00,4.6,0
2024-01-19 07:00:00,3.7,0
2024-01-19 08:00:00,3.6,2
2024-01-19 09:00:00,5.1,41
2024-01-19 10:00:00,5.7,136
2024-01-19 11:00:00,5.8,187
2024-01-19 12:00:00,5.7,235
2024-01-19 13:00:00,5.9,309
2024-01-19 14:00:00,6,353
2024-01-19 15:00:00,5.8,290
2024-01-19 16:00:00,5.3,192
2024-01-19 17:00:00,3.3,56
2024-01-19 18:00:00,1.9,0
2024-01-19 19:00:00,2.6,0
2024-01-19 20:00:00,3.5,0
2024-01-19 21:00:00,4.4,0
2024-01-19 22:00:00,3.7,0
2024-01-19 23:00:00,4.5,0
2024-01-20,3,0
2024-01-20 01:00:00,2.5,0
2024-01-20 02:00:00,0.9,0
2024-01-20 03:00:00,0.7,0
2024-01-20 04:00:00,0,0
2024-01-20 05:00:00,-1.1,0
2024-01-20 06:00:00,-1.6,0
2024-01-20 07:00:00,-2.4,0
2024-01-20 08:00:00,-2.6,3
2024-01-20 09:00:00,0,96
2024-01-20 10:00:00,3.6,245
2024-01-20 11:00:00,6.3,370
2024-01-20 12:00:00,8,449
2024-01-20 13:00:00,9.7,468
2024-01-20 14:00:00,10.5,433
2024-01-20 15:00:00,11.5,344
2024-01-20 16:00:00,11,210
2024-01-20 17:00:00,8.3,63
2024-01-20 18:00:00,6.2,0
2024-01-20 19:00:00,5.1,0
2024-01-20 20:00:00,4.6,0
2024-01-20 21:00:00,4.1,0
2024-01-20 22:00:00,4.1,0
2024-01-20 23:00:00,4,0
2024-01-21,3.6,0
2024-01-21 01:00:00,5.2,0
2024-01-21 02:00:00,5.3,0
2024-01-21 03:00:00,5.3,0
2024-01-21 04:00:00,4.7,0
2024-01-21 05:00:00,4.5,0
2024-01-21 06:00:00,5.6,0
2024-01-21 07:00:00,4.3,0
2024-01-21 08:00:00,5.6,1
2024-01-21 09:00:00,6,22
2024-01-21 10:00:00,8.6,179
2024-01-21 11:00:00,11.2,331
2024-01-21 12:00:00,13.1,416
2024-01-21 13:00:00,14.2,449
2024-01-21 14:00:00,14.8,407
2024-01-21 15:00:00,14.9,324
2024-01-21 16:00:00,14,200
2024-01-21 17:00:00,12.3,61
2024-01-21 18:00:00,11.1,0
2024-01-21 19:00:00,10.5,0
2024-01-21 20:00:00,10.2,0
2024-01-21 21:00:00,10.1,0
2024-01-21 22:00:00,10.3,0
2024-01-21 23:00:00,10.6,0
2024-01-22,10.7,0
2024-01-22 01:00:00,11.7,0
2024-01-22 02:00:00,11.6,0
2024-01-22 03:00:00,12.1,0
2024-01-22 04:00:00,12,0
2024-01-22 05:00:00,11.7,0
2024-01-22 06:00:00,11.6,0
2024-01-22 07:00:00,11.4,0
2024-01-22 08:00:00,12,1
2024-01-22 09:00:00,12.7,49
2024-01-22 10:00:00,13.5,34
2024-01-22 11:00:00,14.7,202
2024-01-22 12:00:00,15.6,213
2024-01-22 13:00:00,16.3,108
2024-01-22 14:00:00,17.1,148
2024-01-22 15:00:00,16.5,74
2024-01-22 16:00:00,15.2,29
2024-01-22 17:00:00,13.7,12
2024-01-22 18:00:00,13.2,0
2024-01-22 19:00:00,13.3,0
2024-01-22 20:00:00,13.1,0
2024-01-22 21:00:00,12.9,0
2024-01-22 22:00:00,12.5,0
2024-01-22 23:00:00,12.2,0
2024-01-23,12,0
2024-01-23 01:00:00,11.8,0
2024-01-23 02:00:00,11.6,0
2024-01-23 03:00:00,11.7,0
2024-01-23 04:00:00,10.9,0
2024-01-23 05:00:00,11.3,0
2024-01-23 06:00:00,11.3,0
2024-01-23 07:00:00,9.8,0
2024-01-23 08:00:00,9.5,4
2024-01-23 09:00:00,11.6,87
2024-01-23 10:00:00,14.3,200
2024-01-23 11:00:00,16.7,315
2024-01-23 12:00:00,18.5,405
2024-01-23 13:00:00,19.4,426
2024-01-23 14:00:00,19.9,392
2024-01-23 15:00:00,19.6,316
2024-01-23 16:00:00,18.7,193
2024-01-23 17:00:00,15.9,61
2024-01-23 18:00:00,14,0
2024-01-23 19:00:00,12.6,0
2024-01-23 20:00:00,11.2,0
2024-01-23 21:00:00,10.6,0
2024-01-23 22:00:00,10.4,0
2024-01-23 23:00:00,10.3,0
2024-01-24,9.7,0
2024-01-24 01:00:00,8.9,0
2024-01-24 02:00:00,8.6,0
2024-01-24 03:00:00,8.1,0
2024-01-24 04:00:00,7.8,0
2024-01-24 05:00:00,7.7,0
2024-01-24 06:00:00,7.4,0
2024-01-24 07:00:00,7.1,0
2024-01-24 08:00:00,7.3,3
2024-01-24 09:00:00,8.8,67
2024-01-24 10:00:00,10.9,192
2024-01-24 11:00:00,13.7,350
2024-01-24 12:00:00,15.7,424
2024-01-24 13:00:00,17.4,431
2024-01-24 14:00:00,18.5,411
2024-01-24 15:00:00,18.8,330
2024-01-24 16:00:00,17.8,205
2024-01-24 17:00:00,14.5,67
2024-01-24 18:00:00,13,1
2024-01-24 19:00:00,11.3,0
2024-01-24 20:00:00,10.4,0
2024-01-24 21:00:00,9.3,0
2024-01-24 22:00:00,8.7,0
2024-01-24 23:00:00,8.8,0
2024-01-25,8.9,0
2024-01-25 01:00:00,9.1,0
2024-01-25 02:00:00,9.3,0
2024-01-25 03:00:00,9.8,0
2024-01-25 04:00:00,10.2,0
2024-01-25 05:00:00,10,0
2024-01-25 06:00:00,8.8,0
2024-01-25 07:00:00,8,0
2024-01-25 08:00:00,7.6,5
2024-01-25 09:00:00,10.5,99
2024-01-25 10:00:00,13.8,242
2024-01-25 11:00:00,16.5,361
2024-01-25 12:00:00,17.4,435
2024-01-25 13:00:00,17.1,455
2024-01-25 14:00:00,17.1,423
2024-01-25 15:00:00,16.8,339
2024-01-25 16:00:00,16.3,214
2024-01-25 17:00:00,15.2,73
2024-01-25 18:00:00,13.8,1
2024-01-25 19:00:00,13.3,0
2024-01-25 20:00:00,10.1,0
2024-01-25 21:00:00,8.5,0
2024-01-25 22:00:00,7.4,0
2024-01-25 23:00:00,6.8,0
2024-01-26,6.5,0
2024-01-26 01:00:00,6.3,0
2024-01-26 02:00:00,6.3,0
2024-01-26 03:00:00,6,0
2024-01-26 04:00:00,5.9,0
2024-01-26 05:00:00,5.8,0
2024-01-26 06:00:00,6.1,0
2024-01-26 07:00:00,5.8,0
2024-01-26 08:00:00,5.9,5
2024-01-26 09:00:00,8.1,91
2024-01-26 10:00:00,11.7,212
2024-01-26 11:00:00,14.5,288
2024-01-26 12:00:00,16.2,389
2024-01-26 13:00:00,17.3,425
2024-01-26 14:00:00,17.5,390
2024-01-26 15:00:00,16.6,296
2024-01-26 16:00:00,14.8,208
2024-01-26 17:00:00,11.6,73
2024-01-26 18:00:00,11.4,1
2024-01-26 19:00:00,10.8,0
2024-01-26 20:00:00,10.4,0
2024-01-26 21:00:00,7.9,0
2024-01-26 22:00:00,8.4,0
2024-01-26 23:00:00,8.4,0
2024-01-27,8.3,0
2024-01-27 01:00:00,8.7,0
2024-01-27 02:00:00,8.4,0
2024-01-27 03:00:00,7.7,0
2024-01-27 04:00:00,6.5,0
2024-01-27 05:00:00,6.2,0
2024-01-27 06:00:00,6.2,0
2024-01-27 07:00:00,6.6,0
2024-01-27 08:00:00,7.2,5
2024-01-27 09:00:00,9.6,81
2024-01-27 10:00:00,12.7,245
2024-01-27 11:00:00,15.8,368
2024-01-27 12:00:00,18.5,439
2024-01-27 13:00:00,19.4,389
2024-01-27 14:00:00,19.7,357
2024-01-27 15:00:00,19.3,277
2024-01-27 16:00:00,17.7,169
2024-01-27 17:00:00,15.3,57
2024-01-27 18:00:00,13.6,1
2024-01-27 19:00:00,12.3,0
2024-01-27 20:00:00,11.2,0
2024-01-27 21:00:00,10.7,0
2024-01-27 22:00:00,10.2,0
2024-01-27 23:00:00,10.2,0
2024-01-28,9.8,0
2024-01-28 01:00:00,10.4,0
2024-01-28 02:00:00,10.5,0
2024-01-28 03:00:00,10.7,0
2024-01-28 04:00:00,10.6,0
2024-01-28 05:00:00,10.9,0
2024-01-28 06:00:00,11.1,0
2024-01-28 07:00:00,10.9,0
2024-01-28 08:00:00,11,6
2024-01-28 09:00:00,12.4,83
2024-01-28 10:00:00,14.6,204
2024-01-28 11:00:00,16.2,320
2024-01-28 12:00:00,17.5,334
2024-01-28 13:00:00,19.3,391
2024-01-28 14:00:00,20,369
2024-01-28 15:00:00,19.7,288
2024-01-28 16:00:00,18.3,201
2024-01-28 17:00:00,15.8,76
2024-01-28 18:00:00,14.4,2
2024-01-28 19:00:00,14,0
2024-01-28 20:00:00,13.2,0
2024-01-28 21:00:00,13.1,0
2024-01-28 22:00:00,12.5,0
2024-01-28 23:00:00,12,0
2024-01-29,11.5,0
2024-01-29 01:00:00,12.6,0
2024-01-29 02:00:00,12.4,0
2024-01-29 03:00:00,12.2,0
2024-01-29 04:00:00,12.8,0
2024-01-29 05:00:00,12.8,0
2024-01-29 06:00:00,12.7,0
2024-01-29 07:00:00,12.1,0
2024-01-29 08:00:00,12.2,4
2024-01-29 09:00:00,12.9,74
2024-01-29 10:00:00,14.2,181
2024-01-29 11:00:00,15.3,275
2024-01-29 12:00:00,16.5,339
2024-01-29 13:00:00,17.3,338
2024-01-29 14:00:00,17.9,381
2024-01-29 15:00:00,17.6,297
2024-01-29 16:00:00,16.5,168
2024-01-29 17:00:00,15.1,59
2024-01-29 18:00:00,14.4,1
2024-01-29 19:00:00,12.7,0
2024-01-29 20:00:00,12.1,0
2024-01-29 21:00:00,12.2,0
2024-01-29 22:00:00,11.8,0
2024-01-29 23:00:00,11.5,0
2024-01-30,11.1,0
2024-01-30 01:00:00,10.1,0
2024-01-30 02:00:00,10,0
2024-01-30 03:00:00,9.7,0
2024-01-30 04:00:00,10,0
2024-01-30 05:00:00,9.5,0
2024-01-30 06:00:00,8.8,0
2024-01-30 07:00:00,8.5,0
2024-01-30 08:00:00,9.1,7
2024-01-30 09:00:00,11.2,94
2024-01-30 10:00:00,12.9,236
2024-01-30 11:00:00,14.7,374
2024-01-30 12:00:00,16.3,453
2024-01-30 13:00:00,17.7,476
2024-01-30 14:00:00,18.7,442
2024-01-30 15:00:00,18.9,357
2024-01-30 16:00:00,18,230
2024-01-30 17:00:00,14,87
2024-01-30 18:00:00,13.9,2
2024-01-30 19:00:00,10,0
2024-01-30 20:00:00,9.2,0
2024-01-30 21:00:00,8.5,0
2024-01-30 22:00:00,7.7,0
2024-01-30 23:00:00,7.2,0
2024-01-31,7.1,0
2024-01-31 01:00:00,7.2,0
2024-01-31 02:00:00,7.3,0
2024-01-31 03:00:00,7.3,0
2024-01-31 04:00:00,7.3,0
2024-01-31 05:00:00,7,0
2024-01-31 06:00:00,6.9,0
2024-01-31 07:00:00,6.7,0
2024-01-31 08:00:00,6.9,8
2024-01-31 09:00:00,9.3,113
2024-01-31 10:00:00,12.1,261
2024-01-31 11:00:00,14.8,386
2024-01-31 12:00:00,17,462
2024-01-31 13:00:00,18,486
2024-01-31 14:00:00,19,453
2024-01-31 15:00:00,18.7,367
2024-01-31 16:00:00,17.2,238
2024-01-31 17:00:00,13.2,91
2024-01-31 18:00:00,14.1,3
2024-01-31 19:00:00,13.5,0
2024-01-31 20:00:00,11.3,0
2024-01-31 21:00:00,10.5,0
2024-01-31 22:00:00,9.9,0
2024-01-31 23:00:00,8.2,0
2024-02-01,6.5,0
2024-02-01 01:00:00,5.7,0
2024-02-01 02:00:00,5.8,0
2024-02-01 03:00:00,5.7,0
2024-02-01 04:00:00,5,0
2024-02-01 05:00:00,5.5,0
2024-02-01 06:00:00,5.8,0
2024-02-01 07:00:00,7.9,0
2024-02-01 08:00:00,8.7,3
2024-02-01 09:00:00,10.2,26
2024-02-01 10:00:00,11.6,65
2024-02-01 11:00:00,12.8,144
2024-02-01 12:00:00,13.9,226
2024-02-01 13:00:00,13.2,177
2024-02-01 14:00:00,13.1,192
2024-02-01 15:00:00,12.5,96
2024-02-01 16:00:00,12.3,77
2024-02-01 17:00:00,11.9,34
2024-02-01 18:00:00,11.2,2
2024-02-01 19:00:00,10.5,0
2024-02-01 20:00:00,11,0
2024-02-01 21:00:00,11,0
2024-02-01 22:00:00,10.9,0
2024-02-01 23:00:00,10.4,0
2024-02-02,9.9,0
2024-02-02 01:00:00,9.7,0
2024-02-02 02:00:00,9.6,0
2024-02-02 03:00:00,10.4,0
2024-02-02 04:00:00,10.8,0
2024-02-02 05:00:00,10.4,0
2024-02-02 06:00:00,10.6,0
2024-02-02 07:00:00,10.5,0
2024-02-02 08:00:00,10.9,2
2024-02-02 09:00:00,11.5,39
2024-02-02 10:00:00,12,51
2024-02-02 11:00:00,12.1,57
2024-02-02 12:00:00,12.4,74
2024-02-02 13:00:00,12.6,111
2024-02-02 14:00:00,13,138
2024-02-02 15:00:00,13.1,100
2024-02-02 16:00:00,13.1,90
2024-02-02 17:00:00,12.8,48
2024-02-02 18:00:00,11.4,2
2024-02-02 19:00:00,11,0
2024-02-02 20:00:00,11.4,0
2024-02-02 21:00:00,11.2,0
2024-02-02 22:00:00,10.9,0
2024-02-02 23:00:00,10.9,0
2024-02-03,10.8,0
2024-02-03 01:00:00,11.1,0
2024-02-03 02:00:00,10.9,0
2024-02-03 03:00:00,8.9,0
2024-02-03 04:00:00,8.8,0
2024-02-03 05:00:00,9.7,0
2024-02-03 06:00:00,8.9,0
2024-02-03 07:00:00,8.7,0
2024-02-03 08:00:00,8.6,6
2024-02-03 09:00:00,9,60
2024-02-03 10:00:00,9.9,136
2024-02-03 11:00:00,12,324
2024-02-03 12:00:00,13.9,465
2024-02-03 13:00:00,15.9,497
2024-02-03 14:00:00,17.1,464
2024-02-03 15:00:00,17,379
2024-02-03 16:00:00,14.6,251
2024-02-03 17:00:00,11.5,101
2024-02-03 18:00:00,8.7,5
2024-02-03 19:00:00,8.9,0
2024-02-03 20:00:00,9.5,0
2024-02-03 21:00:00,9.5,0
2024-02-03 22:00:00,9.6,0
2024-02-03 23:00:00,9.8,0
2024-02-04,9.7,0
2024-02-04 01:00:00,10.3,0
2024-02-04 02:00:00,10,0
2024-02-04 03:00:00,10,0
2024-02-04 04:00:00,9.6,0
2024-02-04 05:00:00,9.2,0
2024-02-04 06:00:00,9.1,0
2024-02-04 07:00:00,8.9,0
2024-02-04 08:00:00,8.7,5
2024-02-04 09:00:00,8.8,49
2024-02-04 10:00:00,9.9,153
2024-02-04 11:00:00,11.3,198
2024-02-04 12:00:00,12.8,324
2024-02-04 13:00:00,13.9,382
2024-02-04 14:00:00,15.2,447
2024-02-04 15:00:00,15.6,374
2024-02-04 16:00:00,14.5,254
2024-02-04 17:00:00,12.3,103
2024-02-04 18:00:00,9.7,6
2024-02-04 19:00:00,9.8,0
2024-02-04 20:00:00,9.7,0
2024-02-04 21:00:00,10,0
2024-02-04 22:00:00,10.3,0
2024-02-04 23:00:00,9.9,0
2024-02-05,9.8,0
2024-02-05 01:00:00,8.6,0
2024-02-05 02:00:00,8.4,0
2024-02-05 03:00:00,7.6,0
2024-02-05 04:00:00,7.1,0
2024-02-05 05:00:00,6.5,0
2024-02-05 06:00:00,6.1,0
2024-02-05 07:00:00,5,0
2024-02-05 08:00:00,5.2,11
2024-02-05 09:00:00,7.9,118
2024-02-05 10:00:00,11.5,275
2024-02-05 11:00:00,14.3,387
2024-02-05 12:00:00,15.9,472
2024-02-05 13:00:00,15.1,484
2024-02-05 14:00:00,14.8,393
2024-02-05 15:00:00,13.9,318
2024-02-05 16:00:00,12.7,197
2024-02-05 17:00:00,11.3,80
2024-02-05 18:00:00,9.1,5
2024-02-05 19:00:00,9.7,0
2024-02-05 20:00:00,8.8,0
2024-02-05 21:00:00,8.9,0
2024-02-05 22:00:00,8.1,0
2024-02-05 23:00:00,6.5,0
2024-02-06,7.1,0
2024-02-06 01:00:00,8.4,0
2024-02-06 02:00:00,8,0
2024-02-06 03:00:00,7.8,0
2024-02-06 04:00:00,8.1,0
2024-02-06 05:00:00,8.1,0
2024-02-06 06:00:00,7.5,0
2024-02-06 07:00:00,7.1,0
2024-02-06 08:00:00,7.1,8
2024-02-06 09:00:00,8.9,71
2024-02-06 10:00:00,11.2,211
2024-02-06 11:00:00,13.5,374
2024-02-06 12:00:00,15.2,464
2024-02-06 13:00:00,15.1,360
2024-02-06 14:00:00,15.1,380
2024-02-06 15:00:00,15,371
2024-02-06 16:00:00,14.7,250
2024-02-06 17:00:00,12.7,111
2024-02-06 18:00:00,12.4,7
2024-02-06 19:00:00,11.5,0
2024-02-06 20:00:00,9,0
2024-02-06 21:00:00,8.3,0
2024-02-06 22:00:00,7.2,0
2024-02-06 23:00:00,6.3,0
2024-02-07,6.1,0
2024-02-07 01:00:00,6.3,0
2024-02-07 02:00:00,5.8,0
2024-02-07 03:00:00,5.5,0
2024-02-07 04:00:00,5.7,0
2024-02-07 05:00:00,6.1,0
2024-02-07 06:00:00,6.2,0
2024-02-07 07:00:00,6.9,0
2024-02-07 08:00:00,8.4,16
2024-02-07 09:00:00,11,124
2024-02-07 10:00:00,12.8,268
2024-02-07 11:00:00,14.5,390
2024-02-07 12:00:00,15.9,485
2024-02-07 13:00:00,14.4,191
2024-02-07 14:00:00,15.5,387
2024-02-07 15:00:00,15.4,116
2024-02-07 16:00:00,15.5,78
2024-02-07 17:00:00,15.1,35
2024-02-07 18:00:00,15,7
2024-02-07 19:00:00,14.8,0
2024-02-07 20:00:00,14.7,0
2024-02-07 21:00:00,14.7,0
2024-02-07 22:00:00,14.7,0
2024-02-07 23:00:00,14.9,0
2024-02-08,14.8,0
2024-02-08 01:00:00,16.2,0
2024-02-08 02:00:00,15.9,0
2024-02-08 03:00:00,15.5,0
2024-02-08 04:00:00,15,0
2024-02-08 05:00:00,15.4,0
2024-02-08 06:00:00,15.1,0
2024-02-08 07:00:00,15,0
2024-02-08 08:00:00,14.7,14
2024-02-08 09:00:00,15.3,52
2024-02-08 10:00:00,15.6,51
2024-02-08 11:00:00,13.1,38
2024-02-08 12:00:00,13.4,92
2024-02-08 13:00:00,14.7,41
2024-02-08 14:00:00,15.6,60
2024-02-08 15:00:00,16.1,94
2024-02-08 16:00:00,15.5,20
2024-02-08 17:00:00,15.8,8
2024-02-08 18:00:00,15.6,2
2024-02-08 19:00:00,16.4,0
2024-02-08 20:00:00,16.6,0
2024-02-08 21:00:00,16.5,0
2024-02-08 22:00:00,16.4,0
2024-02-08 23:00:00,15.9,0
2024-02-09,15.8,0
2024-02-09 01:00:00,15.3,0
2024-02-09 02:00:00,14.9,0
2024-02-09 03:00:00,14.4,0
2024-02-09 04:00:00,13.8,0
2024-02-09 05:00:00,13.5,0
2024-02-09 06:00:00,13.5,0
2024-02-09 07:00:00,14,0
2024-02-09 08:00:00,14.1,6
2024-02-09 09:00:00,14.7,77
2024-02-09 10:00:00,16.3,278
2024-02-09 11:00:00,17.1,392
2024-02-09 12:00:00,18,448
2024-02-09 13:00:00,17.8,376
2024-02-09 14:00:00,17.6,372
2024-02-09 15:00:00,16.4,108
2024-02-09 16:00:00,15.5,53
2024-02-09 17:00:00,14.1,18
2024-02-09 18:00:00,13.2,2
2024-02-09 19:00:00,13,0
2024-02-09 20:00:00,13.3,0
2024-02-09 21:00:00,12.3,0
2024-02-09 22:00:00,11.7,0
2024-02-09 23:00:00,10.8,0
2024-02-10,10.3,0
2024-02-10 01:00:00,10.8,0
2024-02-10 02:00:00,10.8,0
2024-02-10 03:00:00,10,0
2024-02-10 04:00:00,10.3,0
2024-02-10 05:00:00,8.9,0
2024-02-10 06:00:00,8.8,0
2024-02-10 07:00:00,8.7,0
2024-02-10 08:00:00,8.7,15
2024-02-10 09:00:00,9.8,127
2024-02-10 10:00:00,10.2,220
2024-02-10 11:00:00,11.9,407
2024-02-10 12:00:00,12.5,453
2024-02-10 13:00:00,11.6,372
2024-02-10 14:00:00,11.3,399
2024-02-10 15:00:00,12.1,337
2024-02-10 16:00:00,11.6,266
2024-02-10 17:00:00,10.8,113
2024-02-10 18:00:00,9.9,10
2024-02-10 19:00:00,9.2,0
2024-02-10 20:00:00,8.8,0
2024-02-10 21:00:00,9.3,0
2024-02-10 22:00:00,8.7,0
2024-02-10 23:00:00,9,0
2024-02-11,8.4,0
2024-02-11 01:00:00,7.9,0
2024-02-11 02:00:00,7.3,0
2024-02-11 03:00:00,7.1,0
2024-02-11 04:00:00,6.4,0
2024-02-11 05:00:00,6.6,0
2024-02-11 06:00:00,7.4,0
2024-02-11 07:00:00,7.9,0
2024-02-11 08:00:00,8.2,6
2024-02-11 09:00:00,9.6,63
2024-02-11 10:00:00,10.4,95
2024-02-11 11:00:00,11.8,195
2024-02-11 12:00:00,13,378
2024-02-11 13:00:00,14,301
2024-02-11 14:00:00,14.3,376
2024-02-11 15:00:00,14.8,396
2024-02-11 16:00:00,14.1,272
2024-02-11 17:00:00,12.7,88
2024-02-11 18:00:00,11,12
2024-02-11 19:00:00,10.1,0
2024-02-11 20:00:00,9.5,0
2024-02-11 21:00:00,10.3,0
2024-02-11 22:00:00,10.5,0
2024-02-11 23:00:00,11.8,0
2024-02-12,11.7,0
2024-02-12 01:00:00,12.1,0
2024-02-12 02:00:00,12,0
2024-02-12 03:00:00,12.5,0
2024-02-12 04:00:00,12.8,0
2024-02-12 05:00:00,13,0
2024-02-12 06:00:00,13.4,0
2024-02-12 07:00:00,13.6,0
2024-02-12 08:00:00,14.1,5
2024-02-12 09:00:00,13.6,71
2024-02-12 10:00:00,13.4,210
2024-02-12 11:00:00,13.4,331
2024-02-12 12:00:00,12.8,339
2024-02-12 13:00:00,13.1,468
2024-02-12 14:00:00,12.8,422
2024-02-12 15:00:00,12.4,330
2024-02-12 16:00:00,12,232
2024-02-12 17:00:00,11.2,103
2024-02-12 18:00:00,9.7,11
2024-02-12 19:00:00,7.9,0
2024-02-12 20:00:00,8.2,0
2024-02-12 21:00:00,8.2,0
2024-02-12 22:00:00,7.9,0
2024-02-12 23:00:00,7.8,0
2024-02-13,6.8,0
2024-02-13 01:00:00,6.6,0
2024-02-13 02:00:00,7,0
2024-02-13 03:00:00,6.4,0
2024-02-13 04:00:00,6,0
2024-02-13 05:00:00,6.4,0
2024-02-13 06:00:00,6.6,0
2024-02-13 07:00:00,6.7,0
2024-02-13 08:00:00,7.8,25
2024-02-13 09:00:00,11.2,160
2024-02-13 10:00:00,14.7,316
2024-02-13 11:00:00,16.9,439
2024-02-13 12:00:00,18.7,521
2024-02-13 13:00:00,19.9,540
2024-02-13 14:00:00,20.4,503
2024-02-13 15:00:00,20.1,423
2024-02-13 16:00:00,19.6,292
2024-02-13 17:00:00,17.4,138
2024-02-13 18:00:00,14.8,16
2024-02-13 19:00:00,14.1,0
2024-02-13 20:00:00,12.6,0
2024-02-13 21:00:00,11.2,0
2024-02-13 22:00:00,10.3,0
2024-02-13 23:00:00,9.9,0
2024-02-14,9.8,0
2024-02-14 01:00:00,10,0
2024-02-14 02:00:00,10.7,0
2024-02-14 03:00:00,11.5,0
2024-02-14 04:00:00,12.3,0
2024-02-14 05:00:00,12.5,0
2024-02-14 06:00:00,12,0
2024-02-14 07:00:00,11.8,0
2024-02-14 08:00:00,12.4,27
2024-02-14 09:00:00,15.7,157
2024-02-14 10:00:00,18.4,297
2024-02-14 11:00:00,19.7,352
2024-02-14 12:00:00,20.6,386
2024-02-14 13:00:00,20.6,477
2024-02-14 14:00:00,20.5,362
2024-02-14 15:00:00,20.1,238
2024-02-14 16:00:00,19.5,180
2024-02-14 17:00:00,18.3,99
2024-02-14 18:00:00,17.7,7
2024-02-14 19:00:00,17,0
2024-02-14 20:00:00,16.1,0
2024-02-14 21:00:00,15.1,0
2024-02-14 22:00:00,15.7,0
2024-02-14 23:00:00,16.1,0
2024-02-15,16.4,0
2024-02-15 01:00:00,17.1,0
2024-02-15 02:00:00,16.6,0
2024-02-15 03:00:00,16.3,0
2024-02-15 04:00:00,15.5,0
2024-02-15 05:00:00,15.5,0
2024-02-15 06:00:00,15.5,0
2024-02-15 07:00:00,14.9,0
2024-02-15 08:00:00,15,8
2024-02-15 09:00:00,15.7,55
2024-02-15 10:00:00,17.3,171
2024-02-15 11:00:00,19.6,284
2024-02-15 12:00:00,21.8,401
2024-02-15 13:00:00,23.3,459
2024-02-15 14:00:00,22.9,422
2024-02-15 15:00:00,23.2,367
2024-02-15 16:00:00,21.7,150
2024-02-15 17:00:00,20.6,76
2024-02-15 18:00:00,15.4,5
2024-02-15 19:00:00,13.6,0
2024-02-15 20:00:00,13.6,0
2024-02-15 21:00:00,13.5,0
2024-02-15 22:00:00,13.2,0
2024-02-15 23:00:00,13.1,0
2024-02-16,12.8,0
2024-02-16 01:00:00,12.3,0
2024-02-16 02:00:00,12.3,0
2024-02-16 03:00:00,12.2,0
2024-02-16 04:00:00,11.8,0
2024-02-16 05:00:00,11.9,0
2024-02-16 06:00:00,12,0
2024-02-16 07:00:00,11.4,0
2024-02-16 08:00:00,11.8,14
2024-02-16 09:00:00,12.4,101
2024-02-16 10:00:00,12.6,154
2024-02-16 11:00:00,12.7,210
2024-02-16 12:00:00,13.8,379
2024-02-16 13:00:00,13.8,258
2024-02-16 14:00:00,14.5,410
2024-02-16 15:00:00,14.5,412
2024-02-16 16:00:00,14,293
2024-02-16 17:00:00,12.8,150
2024-02-16 18:00:00,10.9,21
2024-02-16 19:00:00,11.4,0
2024-02-16 20:00:00,8.8,0
2024-02-16 21:00:00,7.3,0
2024-02-16 22:00:00,6.5,0
2024-02-16 23:00:00,6.2,0
2024-02-17,5.7,0
2024-02-17 01:00:00,6,0
2024-02-17 02:00:00,5.6,0
2024-02-17 03:00:00,5.3,0
2024-02-17 04:00:00,4.8,0
2024-02-17 05:00:00,4.4,0
2024-02-17 06:00:00,4.2,0
2024-02-17 07:00:00,4.3,0
2024-02-17 08:00:00,6,30
2024-02-17 09:00:00,9.4,178
2024-02-17 10:00:00,12.4,336
2024-02-17 11:00:00,13.9,438
2024-02-17 12:00:00,15.1,488
2024-02-17 13:00:00,16.1,556
2024-02-17 14:00:00,16.2,535
2024-02-17 15:00:00,16,451
2024-02-17 16:00:00,15.3,320
2024-02-17 17:00:00,13.5,158
2024-02-17 18:00:00,9.2,23
2024-02-17 19:00:00,10.4,0
2024-02-17 20:00:00,9.6,0
2024-02-17 21:00:00,8.8,0
2024-02-17 22:00:00,6.6,0
2024-02-17 23:00:00,6.6,0
2024-02-18,5.6,0
2024-02-18 01:00:00,4.8,0
2024-02-18 02:00:00,4.9,0
2024-02-18 03:00:00,4.6,0
2024-02-18 04:00:00,4.3,0
2024-02-18 05:00:00,4.2,0
2024-02-18 06:00:00,4.1,0
2024-02-18 07:00:00,4.5,0
2024-02-18 08:00:00,6.1,30
2024-02-18 09:00:00,10,176
2024-02-18 10:00:00,13.8,296
2024-02-18 11:00:00,16.1,386
2024-02-18 12:00:00,17,454
2024-02-18 13:00:00,17.7,420
2024-02-18 14:00:00,17,396
2024-02-18 15:00:00,15.7,381
2024-02-18 16:00:00,14.8,185
2024-02-18 17:00:00,14.2,96
2024-02-18 18:00:00,13.7,15
2024-02-18 19:00:00,12.7,0
2024-02-18 20:00:00,12.9,0
2024-02-18 21:00:00,12.6,0
2024-02-18 22:00:00,12.3,0
2024-02-18 23:00:00,12.1,0
2024-02-19,12.3,0
2024-02-19 01:00:00,12.9,0
2024-02-19 02:00:00,13.1,0
2024-02-19 03:00:00,12.9,0
2024-02-19 04:00:00,12.9,0
2024-02-19 05:00:00,12.6,0
2024-02-19 06:00:00,12.2,0
2024-02-19 07:00:00,11.8,0
2024-02-19 08:00:00,11.5,29
2024-02-19 09:00:00,12.4,167
2024-02-19 10:00:00,13.2,270
2024-02-19 11:00:00,13.8,345
2024-02-19 12:00:00,14.3,400
2024-02-19 13:00:00,14.4,433
2024-02-19 14:00:00,14.4,441
2024-02-19 15:00:00,13.9,369
2024-02-19 16:00:00,13.3,251
2024-02-19 17:00:00,12.3,140
2024-02-19 18:00:00,10.1,24
2024-02-19 19:00:00,9.6,0
2024-02-19 20:00:00,10.4,0
2024-02-19 21:00:00,10.5,0
2024-02-19 22:00:00,10.3,0
2024-02-19 23:00:00,8.8,0
2024-02-20,7.4,0
2024-02-20 01:00:00,8.5,0
2024-02-20 02:00:00,7.8,0
2024-02-20 03:00:00,7.4,0
2024-02-20 04:00:00,6.7,0
2024-02-20 05:00:00,6.6,0
2024-02-20 06:00:00,7.7,0
2024-02-20 07:00:00,7.7,0
2024-02-20 08:00:00,8.5,30
2024-02-20 09:00:00,10,151
2024-02-20 10:00:00,11.4,293
2024-02-20 11:00:00,13,467
2024-02-20 12:00:00,14.6,547
2024-02-20 13:00:00,16.2,582
2024-02-20 14:00:00,16.3,530
2024-02-20 15:00:00,16.1,435
2024-02-20 16:00:00,15.2,310
2024-02-20 17:00:00,13.7,152
2024-02-20 18:00:00,9.9,28
2024-02-20 19:00:00,9.1,0
2024-02-20 20:00:00,8.4,0
2024-02-20 21:00:00,8.2,0
2024-02-20 22:00:00,7.5,0
2024-02-20 23:00:00,6.5,0
2024-02-21,6,0
2024-02-21 01:00:00,5.8,0
2024-02-21 02:00:00,5.4,0
2024-02-21 03:00:00,6.3,0
2024-02-21 04:00:00,6.6,0
2024-02-21 05:00:00,6.9,0
2024-02-21 06:00:00,7.3,0
2024-02-21 07:00:00,8,0
2024-02-21 08:00:00,9.3,21
2024-02-21 09:00:00,11.9,162
2024-02-21 10:00:00,13.4,138
2024-02-21 11:00:00,16.3,279
2024-02-21 12:00:00,17.9,370
2024-02-21 13:00:00,16.6,194
2024-02-21 14:00:00,18,277
2024-02-21 15:00:00,19,322
2024-02-21 16:00:00,18.8,186
2024-02-21 17:00:00,17.3,69
2024-02-21 18:00:00,15.7,20
2024-02-21 19:00:00,15.8,0
2024-02-21 20:00:00,16,0
2024-02-21 21:00:00,16.7,0
2024-02-21 22:00:00,16.9,0
2024-02-21 23:00:00,16.7,0
2024-02-22,15.9,0
2024-02-22 01:00:00,16.4,0
2024-02-22 02:00:00,16.3,0
2024-02-22 03:00:00,15.3,0
2024-02-22 04:00:00,14.9,0
2024-02-22 05:00:00,14.4,0
2024-02-22 06:00:00,13.9,0
2024-02-22 07:00:00,14,0
2024-02-22 08:00:00,14.5,26
2024-02-22 09:00:00,15.1,52
2024-02-22 10:00:00,15.4,63
2024-02-22 11:00:00,16.2,64
2024-02-22 12:00:00,18.5,439
2024-02-22 13:00:00,19.5,430
2024-02-22 14:00:00,11.8,142
2024-02-22 15:00:00,10.9,181
2024-02-22 16:00:00,10.6,96
2024-02-22 17:00:00,10.3,30
2024-02-22 18:00:00,10.3,5
2024-02-22 19:00:00,9.7,0
2024-02-22 20:00:00,8.9,0
2024-02-22 21:00:00,8.1,0
2024-02-22 22:00:00,5.8,0
2024-02-22 23:00:00,5.4,0
2024-02-23,4,0
2024-02-23 01:00:00,4.7,0
2024-02-23 02:00:00,4.4,0
2024-02-23 03:00:00,5.7,0
2024-02-23 04:00:00,6.9,0
2024-02-23 05:00:00,5.8,0
2024-02-23 06:00:00,5.3,0
2024-02-23 07:00:00,4.6,0
2024-02-23 08:00:00,6.2,33
2024-02-23 09:00:00,8.7,185
2024-02-23 10:00:00,10.4,284
2024-02-23 11:00:00,11.6,402
2024-02-23 12:00:00,12.2,436
2024-02-23 13:00:00,9.1,241
2024-02-23 14:00:00,11.1,412
2024-02-23 15:00:00,8.9,169
2024-02-23 16:00:00,8.8,154
2024-02-23 17:00:00,7,36
2024-02-23 18:00:00,6.7,24
2024-02-23 19:00:00,6.4,0
2024-02-23 20:00:00,5.8,0
2024-02-23 21:00:00,6.4,0
2024-02-23 22:00:00,6.5,0
2024-02-23 23:00:00,6.5,0
2024-02-24,6.4,0
2024-02-24 01:00:00,6.5,0
2024-02-24 02:00:00,5.4,0
2024-02-24 03:00:00,6,0
2024-02-24 04:00:00,6.5,0
2024-02-24 05:00:00,6.3,0
2024-02-24 06:00:00,5.6,0
2024-02-24 07:00:00,3.7,0
2024-02-24 08:00:00,5.4,24
2024-02-24 09:00:00,6.5,136
2024-02-24 10:00:00,7.9,234
2024-02-24 11:00:00,9.5,441
2024-02-24 12:00:00,9.8,321
2024-02-24 13:00:00,10.4,390
2024-02-24 14:00:00,10.5,470
2024-02-24 15:00:00,10.5,447
2024-02-24 16:00:00,10.2,263
2024-02-24 17:00:00,9.7,125
2024-02-24 18:00:00,7.6,22
2024-02-24 19:00:00,8.9,0
2024-02-24 20:00:00,7.3,0
2024-02-24 21:00:00,7.3,0
2024-02-24 22:00:00,7,0
2024-02-24 23:00:00,8.5,0
2024-02-25,8.5,0
2024-02-25 01:00:00,8.8,0
2024-02-25 02:00:00,8.8,0
2024-02-25 03:00:00,9.1,0
2024-02-25 04:00:00,9.6,0
2024-02-25 05:00:00,10.1,0
2024-02-25 06:00:00,11,0
2024-02-25 07:00:00,11.7,0
2024-02-25 08:00:00,12.8,6
2024-02-25 09:00:00,14.1,44
2024-02-25 10:00:00,15.6,108
2024-02-25 11:00:00,15.9,72
2024-02-25 12:00:00,16.4,104
2024-02-25 13:00:00,17.7,132
2024-02-25 14:00:00,17.5,115
2024-02-25 15:00:00,16.4,87
2024-02-25 16:00:00,15.4,47
2024-02-25 17:00:00,14.8,23
2024-02-25 18:00:00,11.3,5
2024-02-25 19:00:00,11.5,0
2024-02-25 20:00:00,11.1,0
2024-02-25 21:00:00,10.2,0
2024-02-25 22:00:00,7.4,0
2024-02-25 23:00:00,9.2,0
2024-02-26,9.3,0
2024-02-26 01:00:00,10.7,0
2024-02-26 02:00:00,10.3,0
2024-02-26 03:00:00,9.8,0
2024-02-26 04:00:00,9.3,0
2024-02-26 05:00:00,9.1,0
2024-02-26 06:00:00,8.7,0
2024-02-26 07:00:00,8.7,0
2024-02-26 08:00:00,9.1,45
2024-02-26 09:00:00,9.3,62
2024-02-26 10:00:00,9.1,108
2024-02-26 11:00:00,9.5,274
2024-02-26 12:00:00,9,77
2024-02-26 13:00:00,8.8,78
2024-02-26 14:00:00,9.1,60
2024-02-26 15:00:00,9.1,55
2024-02-26 16:00:00,8.7,20
2024-02-26 17:00:00,8.6,11
2024-02-26 18:00:00,8.2,2
2024-02-26 19:00:00,8.4,0
2024-02-26 20:00:00,8.2,0
2024-02-26 21:00:00,8.3,0
2024-02-26 22:00:00,7.7,0
2024-02-26 23:00:00,8.1,0
2024-02-27,7.8,0
2024-02-27 01:00:00,8.3,0
2024-02-27 02:00:00,7.8,0
2024-02-27 03:00:00,7.6,0
2024-02-27 04:00:00,7.6,0
2024-02-27 05:00:00,8,0
2024-02-27 06:00:00,7.7,0
2024-02-27 07:00:00,8.2,0
2024-02-27 08:00:00,8.2,5
2024-02-27 09:00:00,8,18
2024-02-27 10:00:00,8.2,30
2024-02-27 11:00:00,8.1,46
2024-02-27 12:00:00,8.7,54
2024-02-27 13:00:00,8.1,57
2024-02-27 14:00:00,8.1,68
2024-02-27 15:00:00,8.8,73
2024-02-27 16:00:00,10,274
2024-02-27 17:00:00,9.7,74
2024-02-27 18:00:00,9.7,22
2024-02-27 19:00:00,9.9,0
2024-02-27 20:00:00,10.1,0
2024-02-27 21:00:00,10,0
2024-02-27 22:00:00,9.6,0
2024-02-27 23:00:00,8.9,0
2024-02-28,9.6,0
2024-02-28 01:00:00,9.4,0
2024-02-28 02:00:00,9.9,0
2024-02-28 03:00:00,10.2,0
2024-02-28 04:00:00,10.4,0
2024-02-28 05:00:00,10.1,0
2024-02-28 06:00:00,10.2,0
2024-02-28 07:00:00,10,0
2024-02-28 08:00:00,10.4,47
2024-02-28 09:00:00,10.6,151
2024-02-28 10:00:00,10.9,103
2024-02-28 11:00:00,11.2,159
2024-02-28 12:00:00,11.7,298
2024-02-28 13:00:00,11.6,171
2024-02-28 14:00:00,10.9,97
2024-02-28 15:00:00,11.4,119
2024-02-28 16:00:00,11.5,139
2024-02-28 17:00:00,11.2,55
2024-02-28 18:00:00,10.8,6
2024-02-28 19:00:00,10.7,0
2024-02-28 20:00:00,10.6,0
2024-02-28 21:00:00,10.5,0
2024-02-28 22:00:00,9.6,0
2024-02-28 23:00:00,10,0
2024-02-29,9.6,0
2024-02-29 01:00:00,10.4,0
2024-02-29 02:00:00,10.2,0
2024-02-29 03:00:00,10.1,0
2024-02-29 04:00:00,10.1,0
2024-02-29 05:00:00,10,0
2024-02-29 06:00:00,9.8,0
2024-02-29 07:00:00,9.1,0
2024-02-29 08:00:00,10.3,26
2024-02-29 09:00:00,11.3,103
2024-02-29 10:00:00,11,83
2024-02-29 11:00:00,12.6,199
2024-02-29 12:00:00,15.4,616
2024-02-29 13:00:00,14.3,219
2024-02-29 14:00:00,11,204
2024-02-29 15:00:00,10,41
2024-02-29 16:00:00,9.2,31
2024-02-29 17:00:00,8.4,15
2024-02-29 18:00:00,8,8
2024-02-29 19:00:00,8.5,0
2024-02-29 20:00:00,7.1,0
2024-02-29 21:00:00,7,0
2024-02-29 22:00:00,7.2,0
2024-02-29 23:00:00,6.5,0
2024-03-01,6.7,0
2024-03-01 01:00:00,6.7,0
2024-03-01 02:00:00,6.4,0
2024-03-01 03:00:00,5.9,0
2024-03-01 04:00:00,5.5,0
2024-03-01 05:00:00,5.1,0
2024-03-01 06:00:00,5.2,0
2024-03-01 07:00:00,5.6,1
2024-03-01 08:00:00,6.5,58
2024-03-01 09:00:00,8.5,205
2024-03-01 10:00:00,11.1,386
2024-03-01 11:00:00,13.2,446
2024-03-01 12:00:00,14.7,412
2024-03-01 13:00:00,15,572
2024-03-01 14:00:00,15.3,497
2024-03-01 15:00:00,14.3,112
2024-03-01 16:00:00,14.4,173
2024-03-01 17:00:00,13.7,79
2024-03-01 18:00:00,13.8,26
2024-03-01 19:00:00,12.1,0
2024-03-01 20:00:00,10.8,0
2024-03-01 21:00:00,9.9,0
2024-03-01 22:00:00,9.6,0
2024-03-01 23:00:00,8.8,0
2024-03-02,9.2,0
2024-03-02 01:00:00,10,0
2024-03-02 02:00:00,10.6,0
2024-03-02 03:00:00,11,0
2024-03-02 04:00:00,11,0
2024-03-02 05:00:00,11.2,0
2024-03-02 06:00:00,11.7,0
2024-03-02 07:00:00,11.9,0
2024-03-02 08:00:00,11.6,36
2024-03-02 09:00:00,12.3,143
2024-03-02 10:00:00,11.4,128
2024-03-02 11:00:00,8.6,89
2024-03-02 12:00:00,6.5,52
2024-03-02 13:00:00,6.7,53
2024-03-02 14:00:00,6.8,54
2024-03-02 15:00:00,7.4,101
2024-03-02 16:00:00,8,78
2024-03-02 17:00:00,6.8,35
2024-03-02 18:00:00,6.9,9
2024-03-02 19:00:00,6.3,0
2024-03-02 20:00:00,5.8,0
2024-03-02 21:00:00,5.8,0
2024-03-02 22:00:00,5,0
2024-03-02 23:00:00,5.4,0
2024-03-03,6,0
2024-03-03 01:00:00,6.3,0
2024-03-03 02:00:00,6,0
2024-03-03 03:00:00,6.2,0
2024-03-03 04:00:00,5.8,0
2024-03-03 05:00:00,5.2,0
2024-03-03 06:00:00,5.4,0
2024-03-03 07:00:00,5,1
2024-03-03 08:00:00,5.9,39
2024-03-03 09:00:00,7.3,149
2024-03-03 10:00:00,6.8,163
2024-03-03 11:00:00,8.4,340
2024-03-03 12:00:00,9.9,495
2024-03-03 13:00:00,8.3,361
2024-03-03 14:00:00,8,372
2024-03-03 15:00:00,9.1,359
2024-03-03 16:00:00,8.1,220
2024-03-03 17:00:00,7.7,110
2024-03-03 18:00:00,7,24
2024-03-03 19:00:00,6.8,0
2024-03-03 20:00:00,6,0
2024-03-03 21:00:00,5.4,0
2024-03-03 22:00:00,4.7,0
2024-03-03 23:00:00,3.6,0
2024-03-04,3.1,0
2024-03-04 01:00:00,5.3,0
2024-03-04 02:00:00,5.6,0
2024-03-04 03:00:00,5.4,0
2024-03-04 04:00:00,6.2,0
2024-03-04 05:00:00,7.1,0
2024-03-04 06:00:00,8.2,0
2024-03-04 07:00:00,9,1
2024-03-04 08:00:00,10.1,61
2024-03-04 09:00:00,12.3,155
2024-03-04 10:00:00,13.6,178
2024-03-04 11:00:00,14.1,117
2024-03-04 12:00:00,14.8,263
2024-03-04 13:00:00,15,269
2024-03-04 14:00:00,11.9,185
2024-03-04 15:00:00,12.4,204
2024-03-04 16:00:00,12.5,293
2024-03-04 17:00:00,11.9,164
2024-03-04 18:00:00,9.6,40
2024-03-04 19:00:00,8.3,0
2024-03-04 20:00:00,9,0
2024-03-04 21:00:00,7.5,0
2024-03-04 22:00:00,8.5,0
2024-03-04 23:00:00,8.2,0
2024-03-05,6.4,0
2024-03-05 01:00:00,5,0
2024-03-05 02:00:00,5.5,0
2024-03-05 03:00:00,6.6,0
2024-03-05 04:00:00,5.4,0
2024-03-05 05:00:00,5,0
2024-03-05 06:00:00,4.5,0
2024-03-05 07:00:00,4,2
2024-03-05 08:00:00,5.6,73
2024-03-05 09:00:00,7.6,116
2024-03-05 10:00:00,10.4,312
2024-03-05 11:00:00,11.9,460
2024-03-05 12:00:00,12.8,522
2024-03-05 13:00:00,13.6,573
2024-03-05 14:00:00,14.1,522
2024-03-05 15:00:00,14,494
2024-03-05 16:00:00,12.6,344
2024-03-05 17:00:00,11.8,225
2024-03-05 18:00:00,11.1,61
2024-03-05 19:00:00,9.3,0
2024-03-05 20:00:00,6.5,0
2024-03-05 21:00:00,5.3,0
2024-03-05 22:00:00,4.4,0
2024-03-05 23:00:00,4,0
2024-03-06,3.7,0
2024-03-06 01:00:00,3.4,0
2024-03-06 02:00:00,2.9,0
2024-03-06 03:00:00,2.4,0
2024-03-06 04:00:00,2,0
2024-03-06 05:00:00,2,0
2024-03-06 06:00:00,1.9,0
2024-03-06 07:00:00,1.8,3
2024-03-06 08:00:00,4.2,97
2024-03-06 09:00:00,7.9,254
2024-03-06 10:00:00,12,424
2024-03-06 11:00:00,14.1,490
2024-03-06 12:00:00,15.5,609
2024-03-06 13:00:00,16.2,605
2024-03-06 14:00:00,17.1,607
2024-03-06 15:00:00,17.7,536
2024-03-06 16:00:00,17.7,407
2024-03-06 17:00:00,15.9,236
2024-03-06 18:00:00,10.9,67
2024-03-06 19:00:00,9,0
2024-03-06 20:00:00,7.9,0
2024-03-06 21:00:00,7,0
2024-03-06 22:00:00,6.6,0
2024-03-06 23:00:00,6.2,0
2024-03-07,6.7,0
2024-03-07 01:00:00,9.5,0
2024-03-07 02:00:00,10.3,0
2024-03-07 03:00:00,9.9,0
2024-03-07 04:00:00,9.8,0
2024-03-07 05:00:00,10.4,0
2024-03-07 06:00:00,9.9,0
2024-03-07 07:00:00,9.5,3
2024-03-07 08:00:00,10.7,72
2024-03-07 09:00:00,11.9,175
2024-03-07 10:00:00,13.6,317
2024-03-07 11:00:00,15.1,441
2024-03-07 12:00:00,17.1,530
2024-03-07 13:00:00,18.4,656
2024-03-07 14:00:00,18.7,493
2024-03-07 15:00:00,18.7,376
2024-03-07 16:00:00,18.5,284
2024-03-07 17:00:00,17.1,177
2024-03-07 18:00:00,14.9,50
2024-03-07 19:00:00,14.2,0
2024-03-07 20:00:00,13.6,0
2024-03-07 21:00:00,11.9,0
2024-03-07 22:00:00,11.8,0
2024-03-07 23:00:00,11.1,0
2024-03-08,10.1,0
2024-03-08 01:00:00,10.1,0
2024-03-08 02:00:00,10.1,0
2024-03-08 03:00:00,9.8,0
2024-03-08 04:00:00,9.1,0
2024-03-08 05:00:00,7.9,0
2024-03-08 06:00:00,7.5,0
2024-03-08 07:00:00,7,4
2024-03-08 08:00:00,9.1,96
2024-03-08 09:00:00,11.5,275
2024-03-08 10:00:00,12.9,446
2024-03-08 11:00:00,13,498
2024-03-08 12:00:00,12.9,513
2024-03-08 13:00:00,13.4,478
2024-03-08 14:00:00,13.9,467
2024-03-08 15:00:00,14.4,510
2024-03-08 16:00:00,13.6,182
2024-03-08 17:00:00,13.5,117
2024-03-08 18:00:00,13,19
2024-03-08 19:00:00,12.5,0
2024-03-08 20:00:00,12.2,0
2024-03-08 21:00:00,13,0
2024-03-08 22:00:00,10.5,0
2024-03-08 23:00:00,10.2,0
2024-03-09,10,0
2024-03-09 01:00:00,9.4,0
2024-03-09 02:00:00,10.1,0
2024-03-09 03:00:00,9.5,0
2024-03-09 04:00:00,9.6,0
2024-03-09 05:00:00,9.3,0
2024-03-09 06:00:00,8.8,0
2024-03-09 07:00:00,8.7,5
2024-03-09 08:00:00,9.5,78
2024-03-09 09:00:00,10.6,187
2024-03-09 10:00:00,12.4,436
2024-03-09 11:00:00,13.4,549
2024-03-09 12:00:00,13.9,538
2024-03-09 13:00:00,13.7,515
2024-03-09 14:00:00,13.6,452
2024-03-09 15:00:00,13.6,469
2024-03-09 16:00:00,13.3,377
2024-03-09 17:00:00,12.1,221
2024-03-09 18:00:00,10.8,56
2024-03-09 19:00:00,9.5,1
2024-03-09 20:00:00,9.3,0
2024-03-09 21:00:00,9.3,0
2024-03-09 22:00:00,9.2,0
2024-03-09 23:00:00,8.9,0
2024-03-10,8.9,0
2024-03-10 01:00:00,10,0
2024-03-10 02:00:00,9.7,0
2024-03-10 03:00:00,9.5,0
2024-03-10 04:00:00,9.7,0
2024-03-10 05:00:00,9.8,0
2024-03-10 06:00:00,10.4,0
2024-03-10 07:00:00,10.3,6
2024-03-10 08:00:00,11.3,91
2024-03-10 09:00:00,12.1,132
2024-03-10 10:00:00,11.6,176
2024-03-10 11:00:00,9.7,165
2024-03-10 12:00:00,9.2,57
2024-03-10 13:00:00,9.8,107
2024-03-10 14:00:00,10.2,168
2024-03-10 15:00:00,10.2,164
2024-03-10 16:00:00,10.2,252
2024-03-10 17:00:00,10.1,172
2024-03-10 18:00:00,9.6,51
2024-03-10 19:00:00,9,0
2024-03-10 20:00:00,9.4,0
2024-03-10 21:00:00,9,0
2024-03-10 22:00:00,9.1,0
2024-03-10 23:00:00,9.1,0
2024-03-11,9.2,0
2024-03-11 01:00:00,9.4,0
2024-03-11 02:00:00,9.2,0
2024-03-11 03:00:00,9,0
2024-03-11 04:00:00,9.2,0
2024-03-11 05:00:00,8.7,0
2024-03-11 06:00:00,8.7,0
2024-03-11 07:00:00,8.7,6
2024-03-11 08:00:00,9.4,74
2024-03-11 09:00:00,10.3,198
2024-03-11 10:00:00,10.5,297
2024-03-11 11:00:00,11.9,375
2024-03-11 12:00:00,12.2,528
2024-03-11 13:00:00,10.3,101
2024-03-11 14:00:00,10.4,119
2024-03-11 15:00:00,10.7,135
2024-03-11 16:00:00,10.3,91
2024-03-11 17:00:00,10.3,42
2024-03-11 18:00:00,9.9,35
2024-03-11 19:00:00,9.7,0
2024-03-11 20:00:00,8.7,0
2024-03-11 21:00:00,7.7,0
2024-03-11 22:00:00,6.3,0
2024-03-11 23:00:00,7.9,0
2024-03-12,6.2,0
2024-03-12 01:00:00,7.8,0
2024-03-12 02:00:00,8.8,0
2024-03-12 03:00:00,8.9,0
2024-03-12 04:00:00,9,0
2024-03-12 05:00:00,8.9,0
2024-03-12 06:00:00,7.3,0
2024-03-12 07:00:00,7.1,8
2024-03-12 08:00:00,9.1,82
2024-03-12 09:00:00,11.1,250
2024-03-12 10:00:00,13.4,456
2024-03-12 11:00:00,15.3,588
2024-03-12 12:00:00,16,510
2024-03-12 13:00:00,16.2,434
2024-03-12 14:00:00,16.6,439
2024-03-12 15:00:00,16.8,445
2024-03-12 16:00:00,16.3,412
2024-03-12 17:00:00,15.2,253
2024-03-12 18:00:00,12,77
2024-03-12 19:00:00,9.4,1
2024-03-12 20:00:00,8.5,0
2024-03-12 21:00:00,7.9,0
2024-03-12 22:00:00,7.2,0
2024-03-12 23:00:00,6.3,0
2024-03-13,5.8,0
2024-03-13 01:00:00,5.8,0
2024-03-13 02:00:00,5.3,0
2024-03-13 03:00:00,5,0
2024-03-13 04:00:00,5.1,0
2024-03-13 05:00:00,5.3,0
2024-03-13 06:00:00,5.1,0
2024-03-13 07:00:00,5.6,11
2024-03-13 08:00:00,8.8,137
2024-03-13 09:00:00,13,322
2024-03-13 10:00:00,16.8,492
2024-03-13 11:00:00,19.2,623
2024-03-13 12:00:00,20.7,702
2024-03-13 13:00:00,21.6,722
2024-03-13 14:00:00,22.1,677
2024-03-13 15:00:00,22.1,521
2024-03-13 16:00:00,22,410
2024-03-13 17:00:00,21,253
2024-03-13 18:00:00,19.5,87
2024-03-13 19:00:00,13.2,2
2024-03-13 20:00:00,12.4,0
2024-03-13 21:00:00,10.9,0
2024-03-13 22:00:00,10.5,0
2024-03-13 23:00:00,10.2,0
2024-03-14,9.9,0
2024-03-14 01:00:00,11.1,0
2024-03-14 02:00:00,10.4,0
2024-03-14 03:00:00,9.8,0
2024-03-14 04:00:00,9.5,0
2024-03-14 05:00:00,10.3,0
2024-03-14 06:00:00,10.9,0
2024-03-14 07:00:00,11,12
2024-03-14 08:00:00,13.3,117
2024-03-14 09:00:00,16.1,302
2024-03-14 10:00:00,18.1,471
2024-03-14 11:00:00,19.6,603
2024-03-14 12:00:00,21.1,686
2024-03-14 13:00:00,22.5,709
2024-03-14 14:00:00,22.9,655
2024-03-14 15:00:00,22,452
2024-03-14 16:00:00,21.3,353
2024-03-14 17:00:00,20.2,248
2024-03-14 18:00:00,18.4,86
2024-03-14 19:00:00,16.5,2
2024-03-14 20:00:00,14.8,0
2024-03-14 21:00:00,13.7,0
2024-03-14 22:00:00,13,0
2024-03-14 23:00:00,12.6,0
2024-03-15,12.5,0
2024-03-15 01:00:00,13.6,0
2024-03-15 02:00:00,13.6,0
2024-03-15 03:00:00,12.6,0
2024-03-15 04:00:00,11.5,0
2024-03-15 05:00:00,10.7,0
2024-03-15 06:00:00,10.1,0
2024-03-15 07:00:00,11.3,12
2024-03-15 08:00:00,14.2,124
2024-03-15 09:00:00,16.9,311
2024-03-15 10:00:00,18.8,466
2024-03-15 11:00:00,19.5,474
2024-03-15 12:00:00,20,620
2024-03-15 13:00:00,17.5,443
2024-03-15 14:00:00,18.2,564
2024-03-15 15:00:00,17.9,516
2024-03-15 16:00:00,17.6,379
2024-03-15 17:00:00,17.4,212
2024-03-15 18:00:00,15.1,62
2024-03-15 19:00:00,14.8,2
2024-03-15 20:00:00,14.1,0
2024-03-15 21:00:00,11.7,0
2024-03-15 22:00:00,10.5,0
2024-03-15 23:00:00,10,0
2024-03-16,9.1,0
2024-03-16 01:00:00,9.9,0
2024-03-16 02:00:00,9.2,0
2024-03-16 03:00:00,8.4,0
2024-03-16 04:00:00,7.9,0
2024-03-16 05:00:00,7.9,0
2024-03-16 06:00:00,7.8,0
2024-03-16 07:00:00,8.4,15
2024-03-16 08:00:00,11.2,117
2024-03-16 09:00:00,14.3,272
2024-03-16 10:00:00,17.7,480
2024-03-16 11:00:00,19.9,617
2024-03-16 12:00:00,21.2,639
2024-03-16 13:00:00,22.1,701
2024-03-16 14:00:00,22.9,547
2024-03-16 15:00:00,23.2,506
2024-03-16 16:00:00,20.6,101
2024-03-16 17:00:00,19.6,97
2024-03-16 18:00:00,18.2,44
2024-03-16 19:00:00,16.9,1
2024-03-16 20:00:00,17.3,0
2024-03-16 21:00:00,18,0
2024-03-16 22:00:00,16.1,0
2024-03-16 23:00:00,14.9,0
2024-03-17,13.9,0
2024-03-17 01:00:00,16.6,0
2024-03-17 02:00:00,16.1,0
2024-03-17 03:00:00,15.6,0
2024-03-17 04:00:00,15,0
2024-03-17 05:00:00,14.8,0
2024-03-17 06:00:00,13.7,0
2024-03-17 07:00:00,13.4,16
2024-03-17 08:00:00,16,131
2024-03-17 09:00:00,17.8,266
2024-03-17 10:00:00,19.6,461
2024-03-17 11:00:00,21.6,584
2024-03-17 12:00:00,21.8,483
2024-03-17 13:00:00,22.7,472
2024-03-17 14:00:00,22.5,387
2024-03-17 15:00:00,21.6,252
2024-03-17 16:00:00,20.7,149
2024-03-17 17:00:00,20.2,158
2024-03-17 18:00:00,17.6,70
2024-03-17 19:00:00,15.8,2
2024-03-17 20:00:00,14.8,0
2024-03-17 21:00:00,14.2,0
2024-03-17 22:00:00,13.6,0
2024-03-17 23:00:00,13.7,0
2024-03-18,12.6,0
2024-03-18 01:00:00,12.9,0
2024-03-18 02:00:00,12.1,0
2024-03-18 03:00:00,13.1,0
2024-03-18 04:00:00,12.8,0
2024-03-18 05:00:00,12.3,0
2024-03-18 06:00:00,11.8,0
2024-03-18 07:00:00,11.6,14
2024-03-18 08:00:00,12.9,95
2024-03-18 09:00:00,15,213
2024-03-18 10:00:00,17.6,450
2024-03-18 11:00:00,19.4,588
2024-03-18 12:00:00,20.9,666
2024-03-18 13:00:00,22.3,632
2024-03-18 14:00:00,22.4,650
2024-03-18 15:00:00,20.8,519
2024-03-18 16:00:00,19.5,352
2024-03-18 17:00:00,18.5,228
2024-03-18 18:00:00,16.7,82
2024-03-18 19:00:00,15,3
2024-03-18 20:00:00,14.9,0
2024-03-18 21:00:00,14.3,0
2024-03-18 22:00:00,13.9,0
2024-03-18 23:00:00,13.7,0
2024-03-19,12.5,0
2024-03-19 01:00:00,14,0
2024-03-19 02:00:00,13.8,0
2024-03-19 03:00:00,13,0
2024-03-19 04:00:00,11.9,0
2024-03-19 05:00:00,11.5,0
2024-03-19 06:00:00,13,0
2024-03-19 07:00:00,13.4,12
2024-03-19 08:00:00,14.2,74
2024-03-19 09:00:00,15.6,184
2024-03-19 10:00:00,17.6,359
2024-03-19 11:00:00,19.9,565
2024-03-19 12:00:00,22.5,661
2024-03-19 13:00:00,21.7,699
2024-03-19 14:00:00,21.3,616
2024-03-19 15:00:00,19.9,549
2024-03-19 16:00:00,19.2,375
2024-03-19 17:00:00,18.1,216
2024-03-19 18:00:00,16.5,84
2024-03-19 19:00:00,14.3,3
2024-03-19 20:00:00,13.3,0
2024-03-19 21:00:00,12.4,0
2024-03-19 22:00:00,13.3,0
2024-03-19 23:00:00,12.8,0
2024-03-20,13.4,0
2024-03-20 01:00:00,12.9,0
2024-03-20 02:00:00,12.9,0
2024-03-20 03:00:00,12.9,0
2024-03-20 04:00:00,12.8,0
2024-03-20 05:00:00,12.8,0
2024-03-20 06:00:00,12.8,0
2024-03-20 07:00:00,13,9
2024-03-20 08:00:00,14,80
2024-03-20 09:00:00,15.1,166
2024-03-20 10:00:00,16.5,269
2024-03-20 11:00:00,18.2,535
2024-03-20 12:00:00,18.7,689
2024-03-20 13:00:00,17.5,600
2024-03-20 14:00:00,17.1,436
2024-03-20 15:00:00,16,314
2024-03-20 16:00:00,15.8,225
2024-03-20 17:00:00,15.1,102
2024-03-20 18:00:00,14.2,35
2024-03-20 19:00:00,14.2,2
2024-03-20 20:00:00,14.1,0
2024-03-20 21:00:00,14.2,0
2024-03-20 22:00:00,13.9,0
2024-03-20 23:00:00,13.6,0
2024-03-21,13.4,0
2024-03-21 01:00:00,13.2,0
2024-03-21 02:00:00,12.7,0
2024-03-21 03:00:00,12.5,0
2024-03-21 04:00:00,11.4,0
2024-03-21 05:00:00,10.6,0
2024-03-21 06:00:00,10.4,0
2024-03-21 07:00:00,11.5,21
2024-03-21 08:00:00,13.2,148
2024-03-21 09:00:00,15,314
2024-03-21 10:00:00,16.8,442
2024-03-21 11:00:00,18.5,572
2024-03-21 12:00:00,19.8,594
2024-03-21 13:00:00,22,724
2024-03-21 14:00:00,22.7,689
2024-03-21 15:00:00,21.9,596
2024-03-21 16:00:00,19.5,454
2024-03-21 17:00:00,17.3,281
2024-03-21 18:00:00,15.8,106
2024-03-21 19:00:00,13.8,5
2024-03-21 20:00:00,12.6,0
2024-03-21 21:00:00,11.9,0
2024-03-21 22:00:00,11.8,0
2024-03-21 23:00:00,11.7,0
2024-03-22,12,0
2024-03-22 01:00:00,13.4,0
2024-03-22 02:00:00,13.6,0
2024-03-22 03:00:00,13.8,0
2024-03-22 04:00:00,13.6,0
2024-03-22 05:00:00,13.6,0
2024-03-22 06:00:00,13.4,0
2024-03-22 07:00:00,13.4,18
2024-03-22 08:00:00,14,112
2024-03-22 09:00:00,16.7,314
2024-03-22 10:00:00,18.1,517
2024-03-22 11:00:00,19.1,633
2024-03-22 12:00:00,19.8,656
2024-03-22 13:00:00,20,638
2024-03-22 14:00:00,18.9,577
2024-03-22 15:00:00,17.7,465
2024-03-22 16:00:00,16,276
2024-03-22 17:00:00,14.5,137
2024-03-22 18:00:00,14.1,29
2024-03-22 19:00:00,14.1,1
2024-03-22 20:00:00,14.1,0
2024-03-22 21:00:00,13.9,0
2024-03-22 22:00:00,13.4,0
2024-03-22 23:00:00,12.9,0
2024-03-23,12.5,0
2024-03-23 01:00:00,12.9,0
2024-03-23 02:00:00,12.6,0
2024-03-23 03:00:00,12.4,0
2024-03-23 04:00:00,12.2,0
2024-03-23 05:00:00,12.2,0
2024-03-23 06:00:00,11.9,0
2024-03-23 07:00:00,11.6,6
2024-03-23 08:00:00,11.8,67
2024-03-23 09:00:00,12.3,147
2024-03-23 10:00:00,12.7,219
2024-03-23 11:00:00,13.1,253
2024-03-23 12:00:00,14.1,401
2024-03-23 13:00:00,14.1,449
2024-03-23 14:00:00,14.7,574
2024-03-23 15:00:00,14.7,585
2024-03-23 16:00:00,13.7,465
2024-03-23 17:00:00,12.5,272
2024-03-23 18:00:00,11.2,117
2024-03-23 19:00:00,9.1,7
2024-03-23 20:00:00,10.1,0
2024-03-23 21:00:00,9.9,0
2024-03-23 22:00:00,9.6,0
2024-03-23 23:00:00,10.2,0
2024-03-24,10.1,0
2024-03-24 01:00:00,10.1,0
2024-03-24 02:00:00,9.8,0
2024-03-24 03:00:00,9.5,0
2024-03-24 04:00:00,9.5,0
2024-03-24 05:00:00,9.5,0
2024-03-24 06:00:00,9.6,0
2024-03-24 07:00:00,10.2,13
2024-03-24 08:00:00,11,81
2024-03-24 09:00:00,11.5,158
2024-03-24 10:00:00,12.5,307
2024-03-24 11:00:00,13.1,345
2024-03-24 12:00:00,13.4,324
2024-03-24 13:00:00,14.2,378
2024-03-24 14:00:00,14.9,575
2024-03-24 15:00:00,14.1,475
2024-03-24 16:00:00,13.5,399
2024-03-24 17:00:00,12.5,264
2024-03-24 18:00:00,11.3,112
2024-03-24 19:00:00,9.8,7
2024-03-24 20:00:00,9.1,0
2024-03-24 21:00:00,9.5,0
2024-03-24 22:00:00,9.8,0
2024-03-24 23:00:00,8.4,0
2024-03-25,7.3,0
2024-03-25 01:00:00,7,0
2024-03-25 02:00:00,6.2,0
2024-03-25 03:00:00,5.2,0
2024-03-25 04:00:00,4.6,0
2024-03-25 05:00:00,4.1,0
2024-03-25 06:00:00,3.5,0
2024-03-25 07:00:00,7.1,34
2024-03-25 08:00:00,11.6,169
2024-03-25 09:00:00,14.1,341
2024-03-25 10:00:00,16.7,505
2024-03-25 11:00:00,17.8,632
2024-03-25 12:00:00,16.1,651
2024-03-25 13:00:00,12.9,143
2024-03-25 14:00:00,13.6,152
2024-03-25 15:00:00,13.5,164
2024-03-25 16:00:00,12.4,72
2024-03-25 17:00:00,11.7,43
2024-03-25 18:00:00,10.7,31
2024-03-25 19:00:00,10,1
2024-03-25 20:00:00,9.7,0
2024-03-25 21:00:00,9.2,0
2024-03-25 22:00:00,8.6,0
2024-03-25 23:00:00,8.6,0
2024-03-26,8.2,0
2024-03-26 01:00:00,7.7,0
2024-03-26 02:00:00,6.9,0
2024-03-26 03:00:00,6.7,0
2024-03-26 04:00:00,6.5,0
2024-03-26 05:00:00,6.1,0
2024-03-26 06:00:00,6.2,0
2024-03-26 07:00:00,6.3,9
2024-03-26 08:00:00,7,85
2024-03-26 09:00:00,8.2,148
2024-03-26 10:00:00,10,402
2024-03-26 11:00:00,11.2,594
2024-03-26 12:00:00,12.5,737
2024-03-26 13:00:00,13.1,637
2024-03-26 14:00:00,11.2,426
2024-03-26 15:00:00,10.6,351
2024-03-26 16:00:00,10.9,460
2024-03-26 17:00:00,9.5,172
2024-03-26 18:00:00,8.6,119
2024-03-26 19:00:00,7.4,8
2024-03-26 20:00:00,5.8,0
2024-03-26 21:00:00,5.8,0
2024-03-26 22:00:00,7,0
2024-03-26 23:00:00,6,0
2024-03-27,4.6,0
2024-03-27 01:00:00,5.1,0
2024-03-27 02:00:00,5,0
2024-03-27 03:00:00,4.9,0
2024-03-27 04:00:00,5.6,0
2024-03-27 05:00:00,6.7,0
2024-03-27 06:00:00,8.9,0
2024-03-27 07:00:00,9.4,7
2024-03-27 08:00:00,10.7,93
2024-03-27 09:00:00,12.7,313
2024-03-27 10:00:00,13.8,441
2024-03-27 11:00:00,15.5,552
2024-03-27 12:00:00,16.6,668
2024-03-27 13:00:00,17,557
2024-03-27 14:00:00,16.4,498
2024-03-27 15:00:00,17.7,551
2024-03-27 16:00:00,17.6,355
2024-03-27 17:00:00,17.8,225
2024-03-27 18:00:00,17.1,108
2024-03-27 19:00:00,16.5,7
2024-03-27 20:00:00,10.9,0
2024-03-27 21:00:00,9.8,0
2024-03-27 22:00:00,8.6,0
2024-03-27 23:00:00,8.4,0
2024-03-28,8.9,0
2024-03-28 01:00:00,8.1,0
2024-03-28 02:00:00,9.1,0
2024-03-28 03:00:00,8.5,0
2024-03-28 04:00:00,8.1,0
2024-03-28 05:00:00,8.8,0
2024-03-28 06:00:00,9.1,0
2024-03-28 07:00:00,9.5,35
2024-03-28 08:00:00,10.8,178
2024-03-28 09:00:00,12.7,366
2024-03-28 10:00:00,14.4,485
2024-03-28 11:00:00,16.2,651
2024-03-28 12:00:00,17.7,689
2024-03-28 13:00:00,16.4,376
2024-03-28 14:00:00,15.2,249
2024-03-28 15:00:00,15.6,310
2024-03-28 16:00:00,16.1,224
2024-03-28 17:00:00,16.3,140
2024-03-28 18:00:00,16.2,71
2024-03-28 19:00:00,15,7
2024-03-28 20:00:00,14.3,0
2024-03-28 21:00:00,14.5,0
2024-03-28 22:00:00,14.5,0
2024-03-28 23:00:00,14.1,0
2024-03-29,12.8,0
2024-03-29 01:00:00,13,0
2024-03-29 02:00:00,11.8,0
2024-03-29 03:00:00,11.2,0
2024-03-29 04:00:00,10.5,0
2024-03-29 05:00:00,10.7,0
2024-03-29 06:00:00,7.9,0
2024-03-29 07:00:00,9.8,41
2024-03-29 08:00:00,11.9,147
2024-03-29 09:00:00,12.8,184
2024-03-29 10:00:00,13.1,122
2024-03-29 11:00:00,13.4,104
2024-03-29 12:00:00,13.8,130
2024-03-29 13:00:00,12.8,114
2024-03-29 14:00:00,12.7,156
2024-03-29 15:00:00,12.4,152
2024-03-29 16:00:00,12.3,164
2024-03-29 17:00:00,11.1,76
2024-03-29 18:00:00,10.4,32
2024-03-29 19:00:00,10.1,2
2024-03-29 20:00:00,9.9,0
2024-03-29 21:00:00,9.7,0
2024-03-29 22:00:00,9.4,0
2024-03-29 23:00:00,9.3,0
2024-03-30,9,0
2024-03-30 01:00:00,7.1,0
2024-03-30 02:00:00,6.7,0
2024-03-30 03:00:00,6.4,0
2024-03-30 04:00:00,6.4,0
2024-03-30 05:00:00,6.9,0
2024-03-30 06:00:00,6.8,0
2024-03-30 07:00:00,7.9,20
2024-03-30 08:00:00,9.3,95
2024-03-30 09:00:00,11.9,322
2024-03-30 10:00:00,13.7,430
2024-03-30 11:00:00,16,691
2024-03-30 12:00:00,16.2,702
2024-03-30 13:00:00,17.6,693
2024-03-30 14:00:00,15,335
2024-03-30 15:00:00,17.2,576
2024-03-30 16:00:00,15.8,320
2024-03-30 17:00:00,14.9,136
2024-03-30 18:00:00,13.4,101
2024-03-30 19:00:00,11.1,9
2024-03-30 20:00:00,10.1,0
2024-03-30 21:00:00,10,0
2024-03-30 22:00:00,10.1,0
2024-03-30 23:00:00,10.5,0
2024-03-31,10.1,0
2024-03-31 01:00:00,11.3,0
2024-03-31 02:00:00,10.5,0
2024-03-31 03:00:00,9.1,0
2024-03-31 04:00:00,8.9,0
2024-03-31 05:00:00,8,0
2024-03-31 06:00:00,7.7,0
2024-03-31 07:00:00,8.7,50
2024-03-31 08:00:00,10.5,161
2024-03-31 09:00:00,11.8,208
2024-03-31 10:00:00,12.8,210
2024-03-31 11:00:00,13.1,232
2024-03-31 12:00:00,13.8,382
2024-03-31 13:00:00,11.2,305
2024-03-31 14:00:00,10.3,98
2024-03-31 15:00:00,10.1,77
2024-03-31 16:00:00,11,176
2024-03-31 17:00:00,11.7,218
2024-03-31 18:00:00,10.7,127
2024-03-31 19:00:00,8.3,13
2024-03-31 20:00:00,7.1,0
2024-03-31 21:00:00,7.1,0
2024-03-31 22:00:00,7.3,0
2024-03-31 23:00:00,9.2,0
2024-04-01,9.7,0
2024-04-01 01:00:00,9.9,0
2024-04-01 02:00:00,9.9,0
2024-04-01 03:00:00,9.8,0
2024-04-01 04:00:00,9.6,0
2024-04-01 05:00:00,9.7,0
2024-04-01 06:00:00,9.7,0
2024-04-01 07:00:00,10,60
2024-04-01 08:00:00,11.5,215
2024-04-01 09:00:00,13.1,390
2024-04-01 10:00:00,14.4,580
2024-04-01 11:00:00,15.8,711
2024-04-01 12:00:00,16.8,769
2024-04-01 13:00:00,16.6,737
2024-04-01 14:00:00,13.4,550
2024-04-01 15:00:00,13.6,490
2024-04-01 16:00:00,14,361
2024-04-01 17:00:00,11.8,286
2024-04-01 18:00:00,10.8,70
2024-04-01 19:00:00,9.6,9
2024-04-01 20:00:00,8.7,0
2024-04-01 21:00:00,8.6,0
2024-04-01 22:00:00,6.7,0
2024-04-01 23:00:00,5.9,0
2024-04-02,6.6,0
2024-04-02 01:00:00,8.5,0
2024-04-02 02:00:00,9.1,0
2024-04-02 03:00:00,9.1,0
2024-04-02 04:00:00,9.1,0
2024-04-02 05:00:00,9.3,0
2024-04-02 06:00:00,9.4,0
2024-04-02 07:00:00,10.5,65
2024-04-02 08:00:00,12.9,231
2024-04-02 09:00:00,14.9,403
2024-04-02 10:00:00,16.7,563
2024-04-02 11:00:00,17.5,650
2024-04-02 12:00:00,17.8,594
2024-04-02 13:00:00,15.3,111
2024-04-02 14:00:00,15.1,85
2024-04-02 15:00:00,15.9,80
2024-04-02 16:00:00,16.3,129
2024-04-02 17:00:00,14.8,89
2024-04-02 18:00:00,14.3,19
2024-04-02 19:00:00,14.5,2
2024-04-02 20:00:00,14.8,0
2024-04-02 21:00:00,15.8,0
2024-04-02 22:00:00,15.8,0
2024-04-02 23:00:00,14.4,0
2024-04-03,13.1,0
2024-04-03 01:00:00,14.3,0
2024-04-03 02:00:00,13.9,0
2024-04-03 03:00:00,13.9,0
2024-04-03 04:00:00,13.6,0
2024-04-03 05:00:00,13.1,0
2024-04-03 06:00:00,12.7,0
2024-04-03 07:00:00,13.3,69
2024-04-03 08:00:00,15.1,236
2024-04-03 09:00:00,16.8,401
2024-04-03 10:00:00,18.6,569
2024-04-03 11:00:00,20.1,714
2024-04-03 12:00:00,21,752
2024-04-03 13:00:00,21.1,408
2024-04-03 14:00:00,20.7,384
2024-04-03 15:00:00,21,463
2024-04-03 16:00:00,20.8,464
2024-04-03 17:00:00,19.9,275
2024-04-03 18:00:00,18.7,138
2024-04-03 19:00:00,17,14
2024-04-03 20:00:00,15.7,0
2024-04-03 21:00:00,14.8,0
2024-04-03 22:00:00,14.9,0
2024-04-03 23:00:00,15.3,0
2024-04-04,15.2,0
2024-04-04 01:00:00,16.3,0
2024-04-04 02:00:00,15.9,0
2024-04-04 03:00:00,15.5,0
2024-04-04 04:00:00,15.2,0
2024-04-04 05:00:00,14.9,0
2024-04-04 06:00:00,14.8,1
2024-04-04 07:00:00,15.4,66
2024-04-04 08:00:00,16.8,227
2024-04-04 09:00:00,18.3,423
2024-04-04 10:00:00,19.9,574
2024-04-04 11:00:00,21.3,703
2024-04-04 12:00:00,22.5,780
2024-04-04 13:00:00,23.6,790
2024-04-04 14:00:00,24,663
2024-04-04 15:00:00,23.3,491
2024-04-04 16:00:00,23.6,426
2024-04-04 17:00:00,22.5,225
2024-04-04 18:00:00,20.2,124
2024-04-04 19:00:00,17.7,15
2024-04-04 20:00:00,17,0
2024-04-04 21:00:00,16.9,0
2024-04-04 22:00:00,18.7,0
2024-04-04 23:00:00,19.2,0
2024-04-05,19.5,0
2024-04-05 01:00:00,19.9,0
2024-04-05 02:00:00,19.9,0
2024-04-05 03:00:00,19.7,0
2024-04-05 04:00:00,19.1,0
2024-04-05 05:00:00,18.6,0
2024-04-05 06:00:00,18.5,0
2024-04-05 07:00:00,18,20
2024-04-05 08:00:00,17.9,90
2024-04-05 09:00:00,19.4,253
2024-04-05 10:00:00,20.5,298
2024-04-05 11:00:00,22.7,460
2024-04-05 12:00:00,24.1,551
2024-04-05 13:00:00,24.6,539
2024-04-05 14:00:00,25.8,483
2024-04-05 15:00:00,25.6,382
2024-04-05 16:00:00,25,308
2024-04-05 17:00:00,24.4,173
2024-04-05 18:00:00,24.5,62
2024-04-05 19:00:00,23.6,12
2024-04-05 20:00:00,21.8,0
2024-04-05 21:00:00,21.7,0
2024-04-05 22:00:00,23.1,0
2024-04-05 23:00:00,22.5,0
2024-04-06,21.6,0
2024-04-06 01:00:00,20.9,0
2024-04-06 02:00:00,19.9,0
2024-04-06 03:00:00,19.3,0
2024-04-06 04:00:00,18.9,0
2024-04-06 05:00:00,18.3,0
2024-04-06 06:00:00,17.6,1
2024-04-06 07:00:00,18,79
2024-04-06 08:00:00,19.3,248
2024-04-06 09:00:00,20.4,402
2024-04-06 10:00:00,23.6,575
2024-04-06 11:00:00,25.2,656
2024-04-06 12:00:00,25.2,609
2024-04-06 13:00:00,28.7,697
2024-04-06 14:00:00,29,616
2024-04-06 15:00:00,28.3,477
2024-04-06 16:00:00,28.4,388
2024-04-06 17:00:00,25.9,240
2024-04-06 18:00:00,22.1,90
2024-04-06 19:00:00,18.9,10
2024-04-06 20:00:00,17.2,0
2024-04-06 21:00:00,17.4,0
2024-04-06 22:00:00,17.8,0
2024-04-06 23:00:00,16.6,0
2024-04-07,16.5,0
2024-04-07 01:00:00,15.8,0
2024-04-07 02:00:00,15.2,0
2024-04-07 03:00:00,14.7,0
2024-04-07 04:00:00,14,0
2024-04-07 05:00:00,14.1,0
2024-04-07 06:00:00,14.2,1
2024-04-07 07:00:00,15.7,58
2024-04-07 08:00:00,16.4,90
2024-04-07 09:00:00,16.5,141
2024-04-07 10:00:00,16.4,128
2024-04-07 11:00:00,16.7,194
2024-04-07 12:00:00,16.9,154
2024-04-07 13:00:00,15.6,243
2024-04-07 14:00:00,15.7,145
2024-04-07 15:00:00,20,630
2024-04-07 16:00:00,21,456
2024-04-07 17:00:00,21.2,320
2024-04-07 18:00:00,19.3,155
2024-04-07 19:00:00,15.1,22
2024-04-07 20:00:00,15.8,0
2024-04-07 21:00:00,15,0
2024-04-07 22:00:00,14.6,0
2024-04-07 23:00:00,12.6,0
2024-04-08,12.8,0
2024-04-08 01:00:00,13.3,0
2024-04-08 02:00:00,12.8,0
2024-04-08 03:00:00,11.9,0
2024-04-08 04:00:00,12.2,0
2024-04-08 05:00:00,14.9,0
2024-04-08 06:00:00,15.5,2
2024-04-08 07:00:00,16,82
2024-04-08 08:00:00,17.2,226
2024-04-08 09:00:00,18.5,441
2024-04-08 10:00:00,19.6,528
2024-04-08 11:00:00,20.2,414
2024-04-08 12:00:00,20.3,442
2024-04-08 13:00:00,17.8,172
2024-04-08 14:00:00,13.9,158
2024-04-08 15:00:00,11.1,40
2024-04-08 16:00:00,11.3,57
2024-04-08 17:00:00,10.8,70
2024-04-08 18:00:00,10.5,36
2024-04-08 19:00:00,10,7
2024-04-08 20:00:00,9.8,0
2024-04-08 21:00:00,9.7,0
2024-04-08 22:00:00,9.1,0
2024-04-08 23:00:00,8.6,0
2024-04-09,8.3,0
2024-04-09 01:00:00,8.9,0
2024-04-09 02:00:00,8.6,0
2024-04-09 03:00:00,8.1,0
2024-04-09 04:00:00,7.7,0
2024-04-09 05:00:00,7.7,0
2024-04-09 06:00:00,7.8,2
2024-04-09 07:00:00,8.7,65
2024-04-09 08:00:00,10,227
2024-04-09 09:00:00,11.2,377
2024-04-09 10:00:00,11.5,456
2024-04-09 11:00:00,11.7,649
2024-04-09 12:00:00,13.3,711
2024-04-09 13:00:00,13.7,738
2024-04-09 14:00:00,13.6,692
2024-04-09 15:00:00,13.4,566
2024-04-09 16:00:00,13.1,388
2024-04-09 17:00:00,12.9,208
2024-04-09 18:00:00,12.3,144
2024-04-09 19:00:00,10.9,23
2024-04-09 20:00:00,9.4,0
2024-04-09 21:00:00,9.3,0
2024-04-09 22:00:00,8.2,0
2024-04-09 23:00:00,7.3,0
2024-04-10,7.1,0
2024-04-10 01:00:00,7.1,0
2024-04-10 02:00:00,7.9,0
2024-04-10 03:00:00,6.9,0
2024-04-10 04:00:00,6,0
2024-04-10 05:00:00,5.5,0
2024-04-10 06:00:00,5.5,3
2024-04-10 07:00:00,7.6,84
2024-04-10 08:00:00,10.7,251
2024-04-10 09:00:00,13.2,449
2024-04-10 10:00:00,14.7,611
2024-04-10 11:00:00,15.6,727
2024-04-10 12:00:00,16.1,721
2024-04-10 13:00:00,16.6,817
2024-04-10 14:00:00,16,750
2024-04-10 15:00:00,15.8,657
2024-04-10 16:00:00,15.4,523
2024-04-10 17:00:00,14.5,349
2024-04-10 18:00:00,13.5,165
2024-04-10 19:00:00,11.4,23
2024-04-10 20:00:00,11.5,0
2024-04-10 21:00:00,9.4,0
2024-04-10 22:00:00,8.8,0
2024-04-10 23:00:00,8.9,0
2024-04-11,7.9,0
2024-04-11 01:00:00,7.4,0
2024-04-11 02:00:00,7.1,0
2024-04-11 03:00:00,6.9,0
2024-04-11 04:00:00,6.7,0
2024-04-11 05:00:00,6.7,0
2024-04-11 06:00:00,6.7,4
2024-04-11 07:00:00,9.4,98
2024-04-11 08:00:00,12.8,272
2024-04-11 09:00:00,14.9,454
2024-04-11 10:00:00,16.7,620
2024-04-11 11:00:00,18,740
2024-04-11 12:00:00,19.1,810
2024-04-11 13:00:00,19.4,816
2024-04-11 14:00:00,19.2,762
2024-04-11 15:00:00,18.5,683
2024-04-11 16:00:00,17.7,534
2024-04-11 17:00:00,17.5,357
2024-04-11 18:00:00,16.2,172
2024-04-11 19:00:00,12.7,29
2024-04-11 20:00:00,11.4,0
2024-04-11 21:00:00,10.7,0
2024-04-11 22:00:00,10.2,0
2024-04-11 23:00:00,10,0
2024-04-12,9.3,0
2024-04-12 01:00:00,9.1,0
2024-04-12 02:00:00,8.9,0
2024-04-12 03:00:00,8.7,0
2024-04-12 04:00:00,8.1,0
2024-04-12 05:00:00,7.6,0
2024-04-12 06:00:00,7.6,5
2024-04-12 07:00:00,10.6,109
2024-04-12 08:00:00,15.3,292
2024-04-12 09:00:00,18.9,480
2024-04-12 10:00:00,22,642
2024-04-12 11:00:00,24.7,764
2024-04-12 12:00:00,26.6,833
2024-04-12 13:00:00,27.4,847
2024-04-12 14:00:00,27.7,799
2024-04-12 15:00:00,27.3,698
2024-04-12 16:00:00,26.3,551
2024-04-12 17:00:00,24.7,373
2024-04-12 18:00:00,21.7,184
2024-04-12 19:00:00,21.2,32
2024-04-12 20:00:00,18.5,0
2024-04-12 21:00:00,15.2,0
2024-04-12 22:00:00,14.3,0
2024-04-12 23:00:00,13.7,0
2024-04-13,12,0
2024-04-13 01:00:00,11.4,0
2024-04-13 02:00:00,11.1,0
2024-04-13 03:00:00,10.5,0
2024-04-13 04:00:00,10.4,0
2024-04-13 05:00:00,10.5,0
2024-04-13 06:00:00,11.6,6
2024-04-13 07:00:00,15,114
2024-04-13 08:00:00,18.7,299
2024-04-13 09:00:00,22.6,487
2024-04-13 10:00:00,25.4,649
2024-04-13 11:00:00,27.3,771
2024-04-13 12:00:00,28.3,841
2024-04-13 13:00:00,27,848
2024-04-13 14:00:00,25.4,802
2024-04-13 15:00:00,24.6,705
2024-04-13 16:00:00,23.5,555
2024-04-13 17:00:00,21.7,360
2024-04-13 18:00:00,19.1,163
2024-04-13 19:00:00,17.5,28
2024-04-13 20:00:00,17.1,0
2024-04-13 21:00:00,16.5,0
2024-04-13 22:00:00,16.1,0
2024-04-13 23:00:00,15.5,0
2024-04-14,14.9,0
2024-04-14 01:00:00,14.1,0
2024-04-14 02:00:00,12.5,0
2024-04-14 03:00:00,10.9,0
2024-04-14 04:00:00,10.6,0
2024-04-14 05:00:00,10.2,0
2024-04-14 06:00:00,11,6
2024-04-14 07:00:00,14.4,96
2024-04-14 08:00:00,18.2,283
2024-04-14 09:00:00,21.1,463
2024-04-14 10:00:00,23.3,588
2024-04-14 11:00:00,24.8,712
2024-04-14 12:00:00,25.5,831
2024-04-14 13:00:00,25.9,838
2024-04-14 14:00:00,23.5,793
2024-04-14 15:00:00,19.8,676
2024-04-14 16:00:00,20.1,535
2024-04-14 17:00:00,19,361
2024-04-14 18:00:00,17,180
2024-04-14 19:00:00,14.9,33
2024-04-14 20:00:00,13.7,0
2024-04-14 21:00:00,12.8,0
2024-04-14 22:00:00,13.1,0
2024-04-14 23:00:00,12.6,0
2024-04-15,12.7,0
2024-04-15 01:00:00,12.9,0
2024-04-15 02:00:00,12.3,0
2024-04-15 03:00:00,12.7,0
2024-04-15 04:00:00,13,0
2024-04-15 05:00:00,13,0
2024-04-15 06:00:00,12.9,4
2024-04-15 07:00:00,13.3,70
2024-04-15 08:00:00,13.5,119
2024-04-15 09:00:00,13.8,144
2024-04-15 10:00:00,13.7,164
2024-04-15 11:00:00,13.8,210
2024-04-15 12:00:00,14,256
2024-04-15 13:00:00,13.3,196
2024-04-15 14:00:00,13.5,222
2024-04-15 15:00:00,13,128
2024-04-15 16:00:00,13,127
2024-04-15 17:00:00,12.7,82
2024-04-15 18:00:00,12.4,38
2024-04-15 19:00:00,12.1,9
2024-04-15 20:00:00,11.9,0
2024-04-15 21:00:00,11.8,0
2024-04-15 22:00:00,11.9,0
2024-04-15 23:00:00,11.3,0
2024-04-16,11.4,0
2024-04-16 01:00:00,11.9,0
2024-04-16 02:00:00,11.8,0
2024-04-16 03:00:00,11.8,0
2024-04-16 04:00:00,11.4,0
2024-04-16 05:00:00,11.8,0
2024-04-16 06:00:00,11.6,3
2024-04-16 07:00:00,11.6,26
2024-04-16 08:00:00,11.6,75
2024-04-16 09:00:00,11.8,113
2024-04-16 10:00:00,11.6,149
2024-04-16 11:00:00,11.9,246
2024-04-16 12:00:00,12.1,229
2024-04-16 13:00:00,13.1,339
2024-04-16 14:00:00,12.7,283
2024-04-16 15:00:00,12.6,251
2024-04-16 16:00:00,12.3,191
2024-04-16 17:00:00,12.2,156
2024-04-16 18:00:00,12.1,79
2024-04-16 19:00:00,11.4,13
2024-04-16 20:00:00,11.2,0
2024-04-16 21:00:00,11,0
2024-04-16 22:00:00,10.7,0
2024-04-16 23:00:00,10.9,0
2024-04-17,10.8,0
2024-04-17 01:00:00,9.7,0
2024-04-17 02:00:00,9.7,0
2024-04-17 03:00:00,9.6,0
2024-04-17 04:00:00,9.5,0
2024-04-17 05:00:00,9.7,0
2024-04-17 06:00:00,9.8,3
2024-04-17 07:00:00,10.2,62
2024-04-17 08:00:00,10.4,94
2024-04-17 09:00:00,11.3,226
2024-04-17 10:00:00,12.4,341
2024-04-17 11:00:00,12.6,423
2024-04-17 12:00:00,13.6,540
2024-04-17 13:00:00,12.2,271
2024-04-17 14:00:00,12.1,169
2024-04-17 15:00:00,12.6,247
2024-04-17 16:00:00,12.8,316
2024-04-17 17:00:00,12.5,316
2024-04-17 18:00:00,11.6,173
2024-04-17 19:00:00,10.3,34
2024-04-17 20:00:00,9.5,0
2024-04-17 21:00:00,9.3,0
2024-04-17 22:00:00,9.5,0
2024-04-17 23:00:00,10.3,0
2024-04-18,10.5,0
2024-04-18 01:00:00,10.3,0
2024-04-18 02:00:00,10.1,0
2024-04-18 03:00:00,10.1,0
2024-04-18 04:00:00,10.3,0
2024-04-18 05:00:00,10,0
2024-04-18 06:00:00,9.8,2
2024-04-18 07:00:00,10.3,30
2024-04-18 08:00:00,11,88
2024-04-18 09:00:00,11.2,188
2024-04-18 10:00:00,12.3,357
2024-04-18 11:00:00,13.2,579
2024-04-18 12:00:00,13.9,647
2024-04-18 13:00:00,14.2,689
2024-04-18 14:00:00,14.2,554
2024-04-18 15:00:00,14.4,636
2024-04-18 16:00:00,14,517
2024-04-18 17:00:00,13.3,343
2024-04-18 18:00:00,12.5,187
2024-04-18 19:00:00,9.8,41
2024-04-18 20:00:00,10.7,0
2024-04-18 21:00:00,10,0
2024-04-18 22:00:00,6.7,0
2024-04-18 23:00:00,6.2,0
2024-04-19,6,0
2024-04-19 01:00:00,6.2,0
2024-04-19 02:00:00,5.2,0
2024-04-19 03:00:00,4.4,0
2024-04-19 04:00:00,4,0
2024-04-19 05:00:00,3.5,0
2024-04-19 06:00:00,3.7,14
2024-04-19 07:00:00,6.4,142
2024-04-19 08:00:00,9.5,337
2024-04-19 09:00:00,12.6,531
2024-04-19 10:00:00,15.4,695
2024-04-19 11:00:00,17.6,813
2024-04-19 12:00:00,19.5,879
2024-04-19 13:00:00,20.7,886
2024-04-19 14:00:00,20.4,835
2024-04-19 15:00:00,19.2,729
2024-04-19 16:00:00,17.9,579
2024-04-19 17:00:00,16.6,399
2024-04-19 18:00:00,15,208
2024-04-19 19:00:00,11.5,46
2024-04-19 20:00:00,9.9,0
2024-04-19 21:00:00,10.8,0
2024-04-19 22:00:00,11.1,0
2024-04-19 23:00:00,10.5,0
2024-04-20,9.9,0
2024-04-20 01:00:00,7.8,0
2024-04-20 02:00:00,6.3,0
2024-04-20 03:00:00,6,0
2024-04-20 04:00:00,6.3,0
2024-04-20 05:00:00,6.7,0
2024-04-20 06:00:00,6.3,14
2024-04-20 07:00:00,9.6,138
2024-04-20 08:00:00,12.6,295
2024-04-20 09:00:00,14.2,445
2024-04-20 10:00:00,15.6,642
2024-04-20 11:00:00,16.7,792
2024-04-20 12:00:00,17.5,864
2024-04-20 13:00:00,17.3,875
2024-04-20 14:00:00,17.1,827
2024-04-20 15:00:00,16.5,724
2024-04-20 16:00:00,15.6,575
2024-04-20 17:00:00,14.7,390
2024-04-20 18:00:00,13.7,196
2024-04-20 19:00:00,11.7,44
2024-04-20 20:00:00,10.2,0
2024-04-20 21:00:00,9.6,0
2024-04-20 22:00:00,9.2,0
2024-04-20 23:00:00,11.6,0
2024-04-21,11.2,0
2024-04-21 01:00:00,11,0
2024-04-21 02:00:00,10.4,0
2024-04-21 03:00:00,9.9,0
2024-04-21 04:00:00,9.3,0
2024-04-21 05:00:00,8.8,0
2024-04-21 06:00:00,8.4,16
2024-04-21 07:00:00,9.6,149
2024-04-21 08:00:00,11,338
2024-04-21 09:00:00,12.4,525
2024-04-21 10:00:00,13.2,683
2024-04-21 11:00:00,13.8,802
2024-04-21 12:00:00,14.1,872
2024-04-21 13:00:00,14.1,887
2024-04-21 14:00:00,13.6,840
2024-04-21 15:00:00,13,738
2024-04-21 16:00:00,12.3,588
2024-04-21 17:00:00,11.7,404
2024-04-21 18:00:00,11,184
2024-04-21 19:00:00,10.3,37
2024-04-21 20:00:00,8.8,0
2024-04-21 21:00:00,10.4,0
2024-04-21 22:00:00,10.8,0
2024-04-21 23:00:00,10.5,0
2024-04-22,10.7,0
2024-04-22 01:00:00,11.2,0
2024-04-22 02:00:00,11.1,0
2024-04-22 03:00:00,10.6,0
2024-04-22 04:00:00,7.8,0
2024-04-22 05:00:00,9,0
2024-04-22 06:00:00,8.5,17
2024-04-22 07:00:00,10.2,138
2024-04-22 08:00:00,10.9,291
2024-04-22 09:00:00,11.3,431
2024-04-22 10:00:00,11.9,605
2024-04-22 11:00:00,12.4,687
2024-04-22 12:00:00,12.7,766
2024-04-22 13:00:00,12.8,792
2024-04-22 14:00:00,12.6,787
2024-04-22 15:00:00,12.2,668
2024-04-22 16:00:00,11.7,510
2024-04-22 17:00:00,10.9,293
2024-04-22 18:00:00,10.3,109
2024-04-22 19:00:00,9.9,24
2024-04-22 20:00:00,9.9,0
2024-04-22 21:00:00,9.6,0
2024-04-22 22:00:00,9.8,0
2024-04-22 23:00:00,9.6,0
2024-04-23,7.6,0
2024-04-23 01:00:00,8.1,0
2024-04-23 02:00:00,9,0
2024-04-23 03:00:00,9.1,0
2024-04-23 04:00:00,8.9,0
2024-04-23 05:00:00,8.3,0
2024-04-23 06:00:00,8.3,4
2024-04-23 07:00:00,8.8,20
2024-04-23 08:00:00,9.2,51
2024-04-23 09:00:00,9.6,53
2024-04-23 10:00:00,9.7,70
2024-04-23 11:00:00,10.1,81
2024-04-23 12:00:00,10.3,82
2024-04-23 13:00:00,10.1,97
2024-04-23 14:00:00,10.3,89
2024-04-23 15:00:00,11,260
2024-04-23 16:00:00,11.3,282
2024-04-23 17:00:00,10.8,205
2024-04-23 18:00:00,10.6,142
2024-04-23 19:00:00,9.8,27
2024-04-23 20:00:00,9,0
2024-04-23 21:00:00,8.7,0
2024-04-23 22:00:00,6.2,0
2024-04-23 23:00:00,7.3,0
2024-04-24,7.7,0
2024-04-24 01:00:00,7.7,0
2024-04-24 02:00:00,7.7,0
2024-04-24 03:00:00,7.8,0
2024-04-24 04:00:00,8.1,0
2024-04-24 05:00:00,7.8,0
2024-04-24 06:00:00,8.2,12
2024-04-24 07:00:00,9.5,100
2024-04-24 08:00:00,11.2,341
2024-04-24 09:00:00,12.1,413
2024-04-24 10:00:00,13,528
2024-04-24 11:00:00,13,443
2024-04-24 12:00:00,13.6,518
2024-04-24 13:00:00,13.4,403
2024-04-24 14:00:00,13.4,432
2024-04-24 15:00:00,13.3,423
2024-04-24 16:00:00,13.6,509
2024-04-24 17:00:00,12.8,317
2024-04-24 18:00:00,11.9,202
2024-04-24 19:00:00,10.1,36
2024-04-24 20:00:00,9.7,0
2024-04-24 21:00:00,10.1,0
2024-04-24 22:00:00,9.5,0
2024-04-24 23:00:00,9.7,0
2024-04-25,9.3,0
2024-04-25 01:00:00,6.8,0
2024-04-25 02:00:00,5.8,0
2024-04-25 03:00:00,5.8,0
2024-04-25 04:00:00,6.2,0
2024-04-25 05:00:00,7,0
2024-04-25 06:00:00,7.7,6
2024-04-25 07:00:00,8.7,41
2024-04-25 08:00:00,9.7,73
2024-04-25 09:00:00,11.3,206
2024-04-25 10:00:00,12.2,223
2024-04-25 11:00:00,12.8,251
2024-04-25 12:00:00,12.2,146
2024-04-25 13:00:00,11.8,162
2024-04-25 14:00:00,11.9,233
2024-04-25 15:00:00,13,338
2024-04-25 16:00:00,13.7,401
2024-04-25 17:00:00,12.9,223
2024-04-25 18:00:00,12.6,107
2024-04-25 19:00:00,10.9,42
2024-04-25 20:00:00,11.8,0
2024-04-25 21:00:00,11.1,0
2024-04-25 22:00:00,10.9,0
2024-04-25 23:00:00,8.1,0
2024-04-26,9.7,0
2024-04-26 01:00:00,9.7,0
2024-04-26 02:00:00,9.8,0
2024-04-26 03:00:00,9.5,0
2024-04-26 04:00:00,8.1,0
2024-04-26 05:00:00,8.7,0
2024-04-26 06:00:00,9.1,13
2024-04-26 07:00:00,10,59
2024-04-26 08:00:00,11.4,135
2024-04-26 09:00:00,12.6,231
2024-04-26 10:00:00,14.3,596
2024-04-26 11:00:00,14.7,527
2024-04-26 12:00:00,14.5,416
2024-04-26 13:00:00,14,351
2024-04-26 14:00:00,13.1,378
2024-04-26 15:00:00,13.9,341
2024-04-26 16:00:00,13.5,256
2024-04-26 17:00:00,12.9,116
2024-04-26 18:00:00,12.7,153
2024-04-26 19:00:00,11.9,35
2024-04-26 20:00:00,11.3,0
2024-04-26 21:00:00,10.5,0
2024-04-26 22:00:00,10.6,0
2024-04-26 23:00:00,10.9,0
2024-04-27,10.6,0
2024-04-27 01:00:00,9.1,0
2024-04-27 02:00:00,8.6,0
2024-04-27 03:00:00,9.4,0
2024-04-27 04:00:00,8.6,0
2024-04-27 05:00:00,8.7,0
2024-04-27 06:00:00,9.4,22
2024-04-27 07:00:00,12.2,145
2024-04-27 08:00:00,15.1,318
2024-04-27 09:00:00,15.6,481
2024-04-27 10:00:00,15,382
2024-04-27 11:00:00,14.7,194
2024-04-27 12:00:00,18.1,821
2024-04-27 13:00:00,16.4,816
2024-04-27 14:00:00,12.8,249
2024-04-27 15:00:00,11.5,175
2024-04-27 16:00:00,11.5,340
2024-04-27 17:00:00,10.8,155
2024-04-27 18:00:00,10.9,95
2024-04-27 19:00:00,10.3,42
2024-04-27 20:00:00,8.4,0
2024-04-27 21:00:00,9,0
2024-04-27 22:00:00,7.5,0
2024-04-27 23:00:00,6.3,0
2024-04-28,5.5,0
2024-04-28 01:00:00,5.1,0
2024-04-28 02:00:00,4.7,0
2024-04-28 03:00:00,4.4,0
2024-04-28 04:00:00,4.2,0
2024-04-28 05:00:00,3.8,0
2024-04-28 06:00:00,4.7,28
2024-04-28 07:00:00,8.1,172
2024-04-28 08:00:00,11.5,361
2024-04-28 09:00:00,13.7,541
2024-04-28 10:00:00,14.6,653
2024-04-28 11:00:00,15,746
2024-04-28 12:00:00,15.4,847
2024-04-28 13:00:00,13.6,503
2024-04-28 14:00:00,13.9,780
2024-04-28 15:00:00,13.8,475
2024-04-28 16:00:00,13.7,466
2024-04-28 17:00:00,13.2,236
2024-04-28 18:00:00,12.6,152
2024-04-28 19:00:00,10.7,54
2024-04-28 20:00:00,9.3,0
2024-04-28 21:00:00,10.7,0
2024-04-28 22:00:00,10.2,0
2024-04-28 23:00:00,9.5,0
2024-04-29,6.4,0
2024-04-29 01:00:00,7.1,0
2024-04-29 02:00:00,6.6,0
2024-04-29 03:00:00,6.2,0
2024-04-29 04:00:00,5.8,0
2024-04-29 05:00:00,5.6,0
2024-04-29 06:00:00,6.4,27
2024-04-29 07:00:00,10,155
2024-04-29 08:00:00,12.2,316
2024-04-29 09:00:00,13.5,427
2024-04-29 10:00:00,14.3,421
2024-04-29 11:00:00,14.6,397
2024-04-29 12:00:00,14.7,350
2024-04-29 13:00:00,15.6,476
2024-04-29 14:00:00,15.9,703
2024-04-29 15:00:00,16,618
2024-04-29 16:00:00,15.7,494
2024-04-29 17:00:00,15.1,380
2024-04-29 18:00:00,14.2,218
2024-04-29 19:00:00,11.5,64
2024-04-29 20:00:00,10.8,0
2024-04-29 21:00:00,10.4,0
2024-04-29 22:00:00,8.8,0
2024-04-29 23:00:00,9.1,0
2024-04-30,7.1,0
2024-04-30 01:00:00,8.2,0
2024-04-30 02:00:00,7.9,0
2024-04-30 03:00:00,7.8,0
2024-04-30 04:00:00,7.1,0
2024-04-30 05:00:00,6,0
2024-04-30 06:00:00,6.6,30
2024-04-30 07:00:00,9.3,168
2024-04-30 08:00:00,12.6,354
2024-04-30 09:00:00,16.4,550
2024-04-30 10:00:00,19.3,708
2024-04-30 11:00:00,20.8,821
2024-04-30 12:00:00,21.2,655
2024-04-30 13:00:00,22.4,849
2024-04-30 14:00:00,22.8,824
2024-04-30 15:00:00,20.4,653
2024-04-30 16:00:00,16.5,416
2024-04-30 17:00:00,14.1,153
2024-04-30 18:00:00,13.4,103
2024-04-30 19:00:00,12.5,18
2024-04-30 20:00:00,11.9,0
2024-04-30 21:00:00,11.7,0
2024-04-30 22:00:00,11.5,0
2024-04-30 23:00:00,11.3,0
2024-05-01,11,0
2024-05-01 01:00:00,10.5,0
2024-05-01 02:00:00,10.4,0
2024-05-01 03:00:00,10.2,0
2024-05-01 04:00:00,9.8,0
2024-05-01 05:00:00,9.5,0
2024-05-01 06:00:00,9.5,6
2024-05-01 07:00:00,9.4,20
2024-05-01 08:00:00,9.7,101
2024-05-01 09:00:00,10.5,151
2024-05-01 10:00:00,10,173
2024-05-01 11:00:00,10.7,213
2024-05-01 12:00:00,12.3,453
2024-05-01 13:00:00,12.9,559
2024-05-01 14:00:00,13.3,475
2024-05-01 15:00:00,12.2,480
2024-05-01 16:00:00,12.1,370
2024-05-01 17:00:00,11.5,265
2024-05-01 18:00:00,11,195
2024-05-01 19:00:00,10.2,47
2024-05-01 20:00:00,9.3,1
2024-05-01 21:00:00,8.6,0
2024-05-01 22:00:00,8.2,0
2024-05-01 23:00:00,8.1,0
2024-05-02,6.6,0
2024-05-02 01:00:00,7.3,0
2024-05-02 02:00:00,6.3,0
2024-05-02 03:00:00,5.7,0
2024-05-02 04:00:00,5.1,0
2024-05-02 05:00:00,4.5,0
2024-05-02 06:00:00,5.1,35
2024-05-02 07:00:00,8.4,182
2024-05-02 08:00:00,11.7,373
2024-05-02 09:00:00,13.5,555
2024-05-02 10:00:00,14.5,639
2024-05-02 11:00:00,15.3,702
2024-05-02 12:00:00,15.9,781
2024-05-02 13:00:00,12.5,619
2024-05-02 14:00:00,13.1,448
2024-05-02 15:00:00,14.6,723
2024-05-02 16:00:00,14.9,567
2024-05-02 17:00:00,14.2,351
2024-05-02 18:00:00,13.3,154
2024-05-02 19:00:00,11.7,38
2024-05-02 20:00:00,10.6,1
2024-05-02 21:00:00,10.1,0
2024-05-02 22:00:00,10.5,0
2024-05-02 23:00:00,7.9,0
2024-05-03,8,0
2024-05-03 01:00:00,7.5,0
2024-05-03 02:00:00,7,0
2024-05-03 03:00:00,7.9,0
2024-05-03 04:00:00,8.3,0
2024-05-03 05:00:00,8.3,0
2024-05-03 06:00:00,9.2,37
2024-05-03 07:00:00,11.3,176
2024-05-03 08:00:00,13.2,344
2024-05-03 09:00:00,15.1,550
2024-05-03 10:00:00,16.3,584
2024-05-03 11:00:00,17.5,573
2024-05-03 12:00:00,18.6,603
2024-05-03 13:00:00,18.5,379
2024-05-03 14:00:00,19.4,380
2024-05-03 15:00:00,19.4,294
2024-05-03 16:00:00,19.9,282
2024-05-03 17:00:00,18.1,76
2024-05-03 18:00:00,17.6,41
2024-05-03 19:00:00,16.3,8
2024-05-03 20:00:00,15,0
2024-05-03 21:00:00,15,0
2024-05-03 22:00:00,15.9,0
2024-05-03 23:00:00,16.2,0
2024-05-04,16.3,0
2024-05-04 01:00:00,16.9,0
2024-05-04 02:00:00,16.3,0
2024-05-04 03:00:00,16.2,0
2024-05-04 04:00:00,16,0
2024-05-04 05:00:00,16,0
2024-05-04 06:00:00,15.8,24
2024-05-04 07:00:00,16.1,88
2024-05-04 08:00:00,16.3,100
2024-05-04 09:00:00,16.8,167
2024-05-04 10:00:00,17.7,190
2024-05-04 11:00:00,18.9,303
2024-05-04 12:00:00,21.1,485
2024-05-04 13:00:00,24.6,640
2024-05-04 14:00:00,22.5,256
2024-05-04 15:00:00,22.6,408
2024-05-04 16:00:00,23.9,363
2024-05-04 17:00:00,24,393
2024-05-04 18:00:00,22.5,200
2024-05-04 19:00:00,20.8,71
2024-05-04 20:00:00,14.6,1
2024-05-04 21:00:00,14.6,0
2024-05-04 22:00:00,13.4,0
2024-05-04 23:00:00,13.1,0
2024-05-05,12.4,0
2024-05-05 01:00:00,13.5,0
2024-05-05 02:00:00,13.1,0
2024-05-05 03:00:00,13,0
2024-05-05 04:00:00,13.7,0
2024-05-05 05:00:00,15.6,0
2024-05-05 06:00:00,16.4,30
2024-05-05 07:00:00,17.3,120
2024-05-05 08:00:00,18.6,267
2024-05-05 09:00:00,19.8,421
2024-05-05 10:00:00,21.5,616
2024-05-05 11:00:00,22.7,769
2024-05-05 12:00:00,21.1,684
2024-05-05 13:00:00,16.1,260
2024-05-05 14:00:00,14.1,47
2024-05-05 15:00:00,15.3,233
2024-05-05 16:00:00,15.7,202
2024-05-05 17:00:00,14.5,73
2024-05-05 18:00:00,13.3,44
2024-05-05 19:00:00,12.6,16
2024-05-05 20:00:00,12.3,1
2024-05-05 21:00:00,12,0
2024-05-05 22:00:00,11.8,0
2024-05-05 23:00:00,11.9,0
2024-05-06,11.8,0
2024-05-06 01:00:00,11.7,0
2024-05-06 02:00:00,11.7,0
2024-05-06 03:00:00,11.8,0
2024-05-06 04:00:00,11.9,0
2024-05-06 05:00:00,11.7,0
2024-05-06 06:00:00,11.9,15
2024-05-06 07:00:00,11.9,34
2024-05-06 08:00:00,12.8,128
2024-05-06 09:00:00,13.9,250
2024-05-06 10:00:00,14.9,327
2024-05-06 11:00:00,16.3,539
2024-05-06 12:00:00,17.3,736
2024-05-06 13:00:00,17.5,806
2024-05-06 14:00:00,16.7,706
2024-05-06 15:00:00,15.7,496
2024-05-06 16:00:00,15.7,480
2024-05-06 17:00:00,15.4,372
2024-05-06 18:00:00,14.6,222
2024-05-06 19:00:00,13.3,63
2024-05-06 20:00:00,12.6,1
2024-05-06 21:00:00,12.5,0
2024-05-06 22:00:00,12.5,0
2024-05-06 23:00:00,12.2,0
2024-05-07,12.1,0
2024-05-07 01:00:00,12.4,0
2024-05-07 02:00:00,11.7,0
2024-05-07 03:00:00,11.3,0
2024-05-07 04:00:00,11.1,0
2024-05-07 05:00:00,11.2,0
2024-05-07 06:00:00,11.8,25
2024-05-07 07:00:00,12.5,119
2024-05-07 08:00:00,13.1,274
2024-05-07 09:00:00,14,369
2024-05-07 10:00:00,14.8,583
2024-05-07 11:00:00,15.4,680
2024-05-07 12:00:00,15.6,696
2024-05-07 13:00:00,15.8,676
2024-05-07 14:00:00,15.8,645
2024-05-07 15:00:00,15.7,627
2024-05-07 16:00:00,15.3,500
2024-05-07 17:00:00,14.8,345
2024-05-07 18:00:00,14.2,161
2024-05-07 19:00:00,13.2,72
2024-05-07 20:00:00,12.2,2
2024-05-07 21:00:00,11.6,0
2024-05-07 22:00:00,11.2,0
2024-05-07 23:00:00,10.7,0
2024-05-08,11.7,0
2024-05-08 01:00:00,12.1,0
2024-05-08 02:00:00,12.1,0
2024-05-08 03:00:00,11.7,0
2024-05-08 04:00:00,11.6,0
2024-05-08 05:00:00,11.5,0
2024-05-08 06:00:00,11.9,20
2024-05-08 07:00:00,13.2,179
2024-05-08 08:00:00,14.7,331
2024-05-08 09:00:00,15.5,296
2024-05-08 10:00:00,16.9,346
2024-05-08 11:00:00,18.3,462
2024-05-08 12:00:00,18.7,540
2024-05-08 13:00:00,18.8,721
2024-05-08 14:00:00,19.2,808
2024-05-08 15:00:00,19.1,726
2024-05-08 16:00:00,18.4,499
2024-05-08 17:00:00,17.6,354
2024-05-08 18:00:00,16.5,211
2024-05-08 19:00:00,14.5,74
2024-05-08 20:00:00,14,3
2024-05-08 21:00:00,12,0
2024-05-08 22:00:00,10.8,0
2024-05-08 23:00:00,10.2,0
2024-05-09,9.5,0
2024-05-09 01:00:00,9.8,0
2024-05-09 02:00:00,9,0
2024-05-09 03:00:00,8.7,0
2024-05-09 04:00:00,8.4,0
2024-05-09 05:00:00,7.9,0
2024-05-09 06:00:00,9.1,40
2024-05-09 07:00:00,12.4,173
2024-05-09 08:00:00,16.5,395
2024-05-09 09:00:00,18.8,576
2024-05-09 10:00:00,20.6,729
2024-05-09 11:00:00,22,840
2024-05-09 12:00:00,22.8,904
2024-05-09 13:00:00,23.4,906
2024-05-09 14:00:00,23.3,847
2024-05-09 15:00:00,22.9,752
2024-05-09 16:00:00,22.4,610
2024-05-09 17:00:00,21.8,436
2024-05-09 18:00:00,20.5,254
2024-05-09 19:00:00,17.6,83
2024-05-09 20:00:00,18,3
2024-05-09 21:00:00,17.1,0
2024-05-09 22:00:00,14.3,0
2024-05-09 23:00:00,14.2,0
2024-05-10,13.9,0
2024-05-10 01:00:00,13.5,0
2024-05-10 02:00:00,13.6,0
2024-05-10 03:00:00,12.5,0
2024-05-10 04:00:00,11.3,0
2024-05-10 05:00:00,10.9,0
2024-05-10 06:00:00,12.7,42
2024-05-10 07:00:00,16.6,168
2024-05-10 08:00:00,20.1,322
2024-05-10 09:00:00,22.3,543
2024-05-10 10:00:00,24.5,725
2024-05-10 11:00:00,26.6,823
2024-05-10 12:00:00,27.6,868
2024-05-10 13:00:00,26.9,906
2024-05-10 14:00:00,25.4,858
2024-05-10 15:00:00,24.3,756
2024-05-10 16:00:00,23.5,613
2024-05-10 17:00:00,22.9,441
2024-05-10 18:00:00,21.8,256
2024-05-10 19:00:00,19.1,88
2024-05-10 20:00:00,17,3
2024-05-10 21:00:00,18,0
2024-05-10 22:00:00,18,0
2024-05-10 23:00:00,16.4,0
2024-05-11,15.3,0
2024-05-11 01:00:00,14.2,0
2024-05-11 02:00:00,14.1,0
2024-05-11 03:00:00,13.4,0
2024-05-11 04:00:00,12.3,0
2024-05-11 05:00:00,11.7,0
2024-05-11 06:00:00,13.1,53
2024-05-11 07:00:00,17.2,207
2024-05-11 08:00:00,20.6,391
2024-05-11 09:00:00,23.2,570
2024-05-11 10:00:00,24.5,717
2024-05-11 11:00:00,24.9,824
2024-05-11 12:00:00,22.3,747
2024-05-11 13:00:00,22.7,896
2024-05-11 14:00:00,20.5,448
2024-05-11 15:00:00,19.8,309
2024-05-11 16:00:00,20.4,378
2024-05-11 17:00:00,20,170
2024-05-11 18:00:00,19.6,190
2024-05-11 19:00:00,17.7,82
2024-05-11 20:00:00,16.3,2
2024-05-11 21:00:00,15.2,0
2024-05-11 22:00:00,14.8,0
2024-05-11 23:00:00,14.1,0
2024-05-12,12.6,0
2024-05-12 01:00:00,13.5,0
2024-05-12 02:00:00,13.8,0
2024-05-12 03:00:00,13.9,0
2024-05-12 04:00:00,14,0
2024-05-12 05:00:00,13.9,0
2024-05-12 06:00:00,14.2,14
2024-05-12 07:00:00,14.6,56
2024-05-12 08:00:00,15.1,109
2024-05-12 09:00:00,15.4,121
2024-05-12 10:00:00,15.7,150
2024-05-12 11:00:00,16.3,251
2024-05-12 12:00:00,16.4,261
2024-05-12 13:00:00,15.3,229
2024-05-12 14:00:00,15.2,185
2024-05-12 15:00:00,16.6,341
2024-05-12 16:00:00,16.3,321
2024-05-12 17:00:00,15.6,226
2024-05-12 18:00:00,15.1,139
2024-05-12 19:00:00,14.7,45
2024-05-12 20:00:00,14.4,2
2024-05-12 21:00:00,14.1,0
2024-05-12 22:00:00,12.7,0
2024-05-12 23:00:00,12,0
2024-05-13,11.8,0
2024-05-13 01:00:00,10.7,0
2024-05-13 02:00:00,10.5,0
2024-05-13 03:00:00,10.2,0
2024-05-13 04:00:00,9.9,0
2024-05-13 05:00:00,9.8,0
2024-05-13 06:00:00,11.7,56
2024-05-13 07:00:00,14.5,191
2024-05-13 08:00:00,18,369
2024-05-13 09:00:00,21.4,555
2024-05-13 10:00:00,23.6,695
2024-05-13 11:00:00,25.7,768
2024-05-13 12:00:00,26.5,772
2024-05-13 13:00:00,24.7,466
2024-05-13 14:00:00,21.8,457
2024-05-13 15:00:00,17.6,503
2024-05-13 16:00:00,17,226
2024-05-13 17:00:00,15.6,83
2024-05-13 18:00:00,15.4,48
2024-05-13 19:00:00,14.8,9
2024-05-13 20:00:00,13.9,1
2024-05-13 21:00:00,13.4,0
2024-05-13 22:00:00,13.2,0
2024-05-13 23:00:00,13.1,0
2024-05-14,13,0
2024-05-14 01:00:00,12.8,0
2024-05-14 02:00:00,12.7,0
2024-05-14 03:00:00,12.7,0
2024-05-14 04:00:00,12.7,0
2024-05-14 05:00:00,12.6,0
2024-05-14 06:00:00,12.8,50
2024-05-14 07:00:00,14.3,174
2024-05-14 08:00:00,15.5,297
2024-05-14 09:00:00,16.7,472
2024-05-14 10:00:00,18.1,654
2024-05-14 11:00:00,14.8,343
2024-05-14 12:00:00,15.3,219
2024-05-14 13:00:00,13.5,221
2024-05-14 14:00:00,13.6,130
2024-05-14 15:00:00,13.1,271
2024-05-14 16:00:00,12.7,152
2024-05-14 17:00:00,13.2,129
2024-05-14 18:00:00,12.6,103
2024-05-14 19:00:00,12.2,18
2024-05-14 20:00:00,12,2
2024-05-14 21:00:00,11.8,0
2024-05-14 22:00:00,11.1,0
2024-05-14 23:00:00,10.1,0
2024-05-15,9.2,0
2024-05-15 01:00:00,10,0
2024-05-15 02:00:00,9.5,0
2024-05-15 03:00:00,9,0
2024-05-15 04:00:00,9.8,0
2024-05-15 05:00:00,7.7,0
2024-05-15 06:00:00,9.6,58
2024-05-15 07:00:00,11.7,179
2024-05-15 08:00:00,13.5,355
2024-05-15 09:00:00,15.1,539
2024-05-15 10:00:00,15.8,556
2024-05-15 11:00:00,16.7,646
2024-05-15 12:00:00,14.8,437
2024-05-15 13:00:00,14.2,354
2024-05-15 14:00:00,14.8,524
2024-05-15 15:00:00,15.2,409
2024-05-15 16:00:00,14.7,358
2024-05-15 17:00:00,14.2,251
2024-05-15 18:00:00,13.2,137
2024-05-15 19:00:00,12.4,52
2024-05-15 20:00:00,11.9,1
2024-05-15 21:00:00,11.5,0
2024-05-15 22:00:00,11.5,0
2024-05-15 23:00:00,11.1,0
2024-05-16,11.1,0
2024-05-16 01:00:00,11.3,0
2024-05-16 02:00:00,10.6,0
2024-05-16 03:00:00,10.3,0
2024-05-16 04:00:00,9.8,0
2024-05-16 05:00:00,8.9,1
2024-05-16 06:00:00,10.3,51
2024-05-16 07:00:00,12.6,219
2024-05-16 08:00:00,13.5,263
2024-05-16 09:00:00,14.9,356
2024-05-16 10:00:00,17.2,732
2024-05-16 11:00:00,18.2,740
2024-05-16 12:00:00,19,890
2024-05-16 13:00:00,18.4,732
2024-05-16 14:00:00,18.9,776
2024-05-16 15:00:00,14.7,315
2024-05-16 16:00:00,13.2,175
2024-05-16 17:00:00,14.1,237
2024-05-16 18:00:00,13.8,83
2024-05-16 19:00:00,13.1,84
2024-05-16 20:00:00,12.5,3
2024-05-16 21:00:00,11.2,0
2024-05-16 22:00:00,9.8,0
2024-05-16 23:00:00,10.4,0
2024-05-17,10.8,0
2024-05-17 01:00:00,11.9,0
2024-05-17 02:00:00,11.4,0
2024-05-17 03:00:00,11.7,0
2024-05-17 04:00:00,11.7,0
2024-05-17 05:00:00,11.4,0
2024-05-17 06:00:00,11.7,52
2024-05-17 07:00:00,12.8,212
2024-05-17 08:00:00,14.4,359
2024-05-17 09:00:00,15.9,503
2024-05-17 10:00:00,17.1,683
2024-05-17 11:00:00,18,643
2024-05-17 12:00:00,15.2,726
2024-05-17 13:00:00,17.3,612
2024-05-17 14:00:00,16.6,652
2024-05-17 15:00:00,15.4,584
2024-05-17 16:00:00,15.8,395
2024-05-17 17:00:00,14.6,220
2024-05-17 18:00:00,14.5,200
2024-05-17 19:00:00,13.4,72
2024-05-17 20:00:00,13.5,5
2024-05-17 21:00:00,13,0
2024-05-17 22:00:00,12.5,0
2024-05-17 23:00:00,11,0
2024-05-18,11.2,0
2024-05-18 01:00:00,11.1,0
2024-05-18 02:00:00,10.4,0
2024-05-18 03:00:00,10.7,0
2024-05-18 04:00:00,9.2,0
2024-05-18 05:00:00,9,1
2024-05-18 06:00:00,11.2,60
2024-05-18 07:00:00,13.4,183
2024-05-18 08:00:00,15.4,334
2024-05-18 09:00:00,16.9,520
2024-05-18 10:00:00,18.1,681
2024-05-18 11:00:00,18.8,594
2024-05-18 12:00:00,16.6,298
2024-05-18 13:00:00,16.2,479
2024-05-18 14:00:00,17.3,509
2024-05-18 15:00:00,17.1,386
2024-05-18 16:00:00,16.6,343
2024-05-18 17:00:00,16.5,349
2024-05-18 18:00:00,15.8,184
2024-05-18 19:00:00,14.7,75
2024-05-18 20:00:00,13.1,5
2024-05-18 21:00:00,13.2,0
2024-05-18 22:00:00,12.7,0
2024-05-18 23:00:00,13.1,0
2024-05-19,13,0
2024-05-19 01:00:00,12.4,0
2024-05-19 02:00:00,12.5,0
2024-05-19 03:00:00,12.4,0
2024-05-19 04:00:00,12.4,0
2024-05-19 05:00:00,12.4,0
2024-05-19 06:00:00,12.5,17
2024-05-19 07:00:00,12.5,35
2024-05-19 08:00:00,12.7,97
2024-05-19 09:00:00,13.6,274
2024-05-19 10:00:00,14.7,429
2024-05-19 11:00:00,15.1,493
2024-05-19 12:00:00,15.2,597
2024-05-19 13:00:00,15.1,470
2024-05-19 14:00:00,15.5,591
2024-05-19 15:00:00,15,382
2024-05-19 16:00:00,14.9,318
2024-05-19 17:00:00,15,269
2024-05-19 18:00:00,14.2,112
2024-05-19 19:00:00,13.7,57
2024-05-19 20:00:00,12.5,6
2024-05-19 21:00:00,12.4,0
2024-05-19 22:00:00,12.8,0
2024-05-19 23:00:00,12.7,0
2024-05-20,12.6,0
2024-05-20 01:00:00,12.5,0
2024-05-20 02:00:00,12.3,0
2024-05-20 03:00:00,12.5,0
2024-05-20 04:00:00,11.9,0
2024-05-20 05:00:00,11.7,1
2024-05-20 06:00:00,12.4,47
2024-05-20 07:00:00,13.3,171
2024-05-20 08:00:00,14.1,247
2024-05-20 09:00:00,15.6,461
2024-05-20 10:00:00,16.8,634
2024-05-20 11:00:00,17.7,738
2024-05-20 12:00:00,17.1,606
2024-05-20 13:00:00,16.9,691
2024-05-20 14:00:00,16.9,613
2024-05-20 15:00:00,16.4,572
2024-05-20 16:00:00,16,448
2024-05-20 17:00:00,15.5,330
2024-05-20 18:00:00,15.3,236
2024-05-20 19:00:00,14.1,109
2024-05-20 20:00:00,13.8,9
2024-05-20 21:00:00,13.3,0
2024-05-20 22:00:00,12.9,0
2024-05-20 23:00:00,10.2,0
2024-05-21,9.6,0
2024-05-21 01:00:00,10.4,0
2024-05-21 02:00:00,9.7,0
2024-05-21 03:00:00,9.4,0
2024-05-21 04:00:00,9.8,0
2024-05-21 05:00:00,9,1
2024-05-21 06:00:00,10.2,59
2024-05-21 07:00:00,13.4,181
2024-05-21 08:00:00,15.7,357
2024-05-21 09:00:00,16.3,375
2024-05-21 10:00:00,17.3,587
2024-05-21 11:00:00,16.6,655
2024-05-21 12:00:00,16.8,467
2024-05-21 13:00:00,16.7,475
2024-05-21 14:00:00,17.4,705
2024-05-21 15:00:00,16.1,421
2024-05-21 16:00:00,16.2,324
2024-05-21 17:00:00,16.1,366
2024-05-21 18:00:00,15.7,255
2024-05-21 19:00:00,14.5,101
2024-05-21 20:00:00,12.1,8
2024-05-21 21:00:00,13.3,0
2024-05-21 22:00:00,12.9,0
2024-05-21 23:00:00,11.2,0
2024-05-22,10.3,0
2024-05-22 01:00:00,13.1,0
2024-05-22 02:00:00,13,0
2024-05-22 03:00:00,12.5,0
2024-05-22 04:00:00,10.6,0
2024-05-22 05:00:00,10.1,2
2024-05-22 06:00:00,11.9,72
2024-05-22 07:00:00,14.2,210
2024-05-22 08:00:00,16.1,324
2024-05-22 09:00:00,17.3,346
2024-05-22 10:00:00,19.2,694
2024-05-22 11:00:00,15.4,371
2024-05-22 12:00:00,15,239
2024-05-22 13:00:00,16.2,747
2024-05-22 14:00:00,14.9,381
2024-05-22 15:00:00,16.3,458
2024-05-22 16:00:00,16.3,314
2024-05-22 17:00:00,15,90
2024-05-22 18:00:00,14.3,84
2024-05-22 19:00:00,13.7,17
2024-05-22 20:00:00,13.3,3
2024-05-22 21:00:00,12.7,0
2024-05-22 22:00:00,12.6,0
2024-05-22 23:00:00,12.5,0
2024-05-23,11.7,0
2024-05-23 01:00:00,12.7,0
2024-05-23 02:00:00,12.5,0
2024-05-23 03:00:00,11.7,0
2024-05-23 04:00:00,11.2,0
2024-05-23 05:00:00,10.4,2
2024-05-23 06:00:00,12.3,65
2024-05-23 07:00:00,13.3,220
2024-05-23 08:00:00,14.5,379
2024-05-23 09:00:00,15.6,532
2024-05-23 10:00:00,16,614
2024-05-23 11:00:00,16.3,568
2024-05-23 12:00:00,16.7,644
2024-05-23 13:00:00,16.3,574
2024-05-23 14:00:00,16.3,630
2024-05-23 15:00:00,16,551
2024-05-23 16:00:00,16.4,534
2024-05-23 17:00:00,16,349
2024-05-23 18:00:00,15.1,193
2024-05-23 19:00:00,14.2,102
2024-05-23 20:00:00,12.8,10
2024-05-23 21:00:00,11.4,0
2024-05-23 22:00:00,12.8,0
2024-05-23 23:00:00,10.4,0
2024-05-24,10.1,0
2024-05-24 01:00:00,10.2,0
2024-05-24 02:00:00,9.8,0
2024-05-24 03:00:00,9.5,0
2024-05-24 04:00:00,8.6,0
2024-05-24 05:00:00,8.2,2
2024-05-24 06:00:00,9.8,64
2024-05-24 07:00:00,12.7,203
2024-05-24 08:00:00,15.1,417
2024-05-24 09:00:00,16.9,598
2024-05-24 10:00:00,18,642
2024-05-24 11:00:00,19.1,718
2024-05-24 12:00:00,19.5,729
2024-05-24 13:00:00,19.2,687
2024-05-24 14:00:00,19.5,864
2024-05-24 15:00:00,19.2,722
2024-05-24 16:00:00,18.6,586
2024-05-24 17:00:00,18,439
2024-05-24 18:00:00,17.1,257
2024-05-24 19:00:00,15.6,114
2024-05-24 20:00:00,12.9,11
2024-05-24 21:00:00,13.3,0
2024-05-24 22:00:00,11.9,0
2024-05-24 23:00:00,11.5,0
2024-05-25,11.2,0
2024-05-25 01:00:00,12.5,0
2024-05-25 02:00:00,10.9,0
2024-05-25 03:00:00,11.7,0
2024-05-25 04:00:00,10.8,0
2024-05-25 05:00:00,10.7,2
2024-05-25 06:00:00,12.5,50
2024-05-25 07:00:00,15.3,169
2024-05-25 08:00:00,18.9,364
2024-05-25 09:00:00,21.7,560
2024-05-25 10:00:00,23.9,710
2024-05-25 11:00:00,25.5,796
2024-05-25 12:00:00,24.4,806
2024-05-25 13:00:00,22.3,794
2024-05-25 14:00:00,22.9,807
2024-05-25 15:00:00,22.8,748
2024-05-25 16:00:00,21.1,618
2024-05-25 17:00:00,20.3,438
2024-05-25 18:00:00,19.9,264
2024-05-25 19:00:00,18.1,104
2024-05-25 20:00:00,15.1,11
2024-05-25 21:00:00,15.2,0
2024-05-25 22:00:00,14.7,0
2024-05-25 23:00:00,14.5,0
2024-05-26,12.5,0
2024-05-26 01:00:00,12.5,0
2024-05-26 02:00:00,13.1,0
2024-05-26 03:00:00,13.4,0
2024-05-26 04:00:00,13.4,0
2024-05-26 05:00:00,14,1
2024-05-26 06:00:00,14.8,12
2024-05-26 07:00:00,15.2,36
2024-05-26 08:00:00,15.5,68
2024-05-26 09:00:00,16.2,147
2024-05-26 10:00:00,17.1,335
2024-05-26 11:00:00,16.9,256
2024-05-26 12:00:00,17,286
2024-05-26 13:00:00,15.9,215
2024-05-26 14:00:00,16,208
2024-05-26 15:00:00,16.4,274
2024-05-26 16:00:00,16,179
2024-05-26 17:00:00,15.8,185
2024-05-26 18:00:00,15.3,107
2024-05-26 19:00:00,15,45
2024-05-26 20:00:00,14.5,3
2024-05-26 21:00:00,14.3,0
2024-05-26 22:00:00,13.3,0
2024-05-26 23:00:00,13.9,0
2024-05-27,14,0
2024-05-27 01:00:00,14.5,0
2024-05-27 02:00:00,14.4,0
2024-05-27 03:00:00,14.2,0
2024-05-27 04:00:00,14.1,0
2024-05-27 05:00:00,14,1
2024-05-27 06:00:00,14.3,25
2024-05-27 07:00:00,14.5,56
2024-05-27 08:00:00,14.9,115
2024-05-27 09:00:00,14.7,91
2024-05-27 10:00:00,14.7,103
2024-05-27 11:00:00,15.3,203
2024-05-27 12:00:00,15.8,275
2024-05-27 13:00:00,15.6,243
2024-05-27 14:00:00,16.5,399
2024-05-27 15:00:00,16.9,495
2024-05-27 16:00:00,16.1,308
2024-05-27 17:00:00,16.2,296
2024-05-27 18:00:00,15.5,210
2024-05-27 19:00:00,14.3,106
2024-05-27 20:00:00,12.6,13
2024-05-27 21:00:00,13,0
2024-05-27 22:00:00,11.7,0
2024-05-27 23:00:00,11.1,0
2024-05-28,11.4,0
2024-05-28 01:00:00,9.1,0
2024-05-28 02:00:00,8.8,0
2024-05-28 03:00:00,8.6,0
2024-05-28 04:00:00,8.5,0
2024-05-28 05:00:00,8.7,2
2024-05-28 06:00:00,9.7,52
2024-05-28 07:00:00,11.6,158
2024-05-28 08:00:00,15.1,396
2024-05-28 09:00:00,17.2,596
2024-05-28 10:00:00,19.1,745
2024-05-28 11:00:00,20.8,855
2024-05-28 12:00:00,22,915
2024-05-28 13:00:00,22.6,919
2024-05-28 14:00:00,22.4,879
2024-05-28 15:00:00,21.8,785
2024-05-28 16:00:00,21.1,645
2024-05-28 17:00:00,20.1,474
2024-05-28 18:00:00,18.9,293
2024-05-28 19:00:00,16.9,126
2024-05-28 20:00:00,14.4,14
2024-05-28 21:00:00,13.9,0
2024-05-28 22:00:00,13.9,0
2024-05-28 23:00:00,13.5,0
2024-05-29,12.6,0
2024-05-29 01:00:00,11.7,0
2024-05-29 02:00:00,11,0
2024-05-29 03:00:00,10.6,0
2024-05-29 04:00:00,10.1,0
2024-05-29 05:00:00,10.3,3
2024-05-29 06:00:00,12.8,75
2024-05-29 07:00:00,15.7,225
2024-05-29 08:00:00,17.6,409
2024-05-29 09:00:00,19,578
2024-05-29 10:00:00,20.4,736
2024-05-29 11:00:00,21.6,835
2024-05-29 12:00:00,21.1,904
2024-05-29 13:00:00,21.6,916
2024-05-29 14:00:00,21.4,865
2024-05-29 15:00:00,20.5,754
2024-05-29 16:00:00,19.3,604
2024-05-29 17:00:00,18.7,465
2024-05-29 18:00:00,18.2,274
2024-05-29 19:00:00,17.1,115
2024-05-29 20:00:00,15.5,13
2024-05-29 21:00:00,15.7,0
2024-05-29 22:00:00,15.5,0
2024-05-29 23:00:00,13.5,0
2024-05-30,13.1,0
2024-05-30 01:00:00,15.5,0
2024-05-30 02:00:00,16,0
2024-05-30 03:00:00,16.4,0
2024-05-30 04:00:00,16.5,0
2024-05-30 05:00:00,16.5,1
2024-05-30 06:00:00,16.6,10
2024-05-30 07:00:00,16.9,62
2024-05-30 08:00:00,16.9,80
2024-05-30 09:00:00,16.8,91
2024-05-30 10:00:00,16.1,112
2024-05-30 11:00:00,15.7,126
2024-05-30 12:00:00,15.5,155
2024-05-30 13:00:00,14.7,135
2024-05-30 14:00:00,15,193
2024-05-30 15:00:00,15.1,182
2024-05-30 16:00:00,15.4,152
2024-05-30 17:00:00,15.7,161
2024-05-30 18:00:00,15.6,121
2024-05-30 19:00:00,15.3,59
2024-05-30 20:00:00,13.9,11
2024-05-30 21:00:00,12.7,0
2024-05-30 22:00:00,12.7,0
2024-05-30 23:00:00,11.6,0
2024-05-31,11.8,0
2024-05-31 01:00:00,13,0
2024-05-31 02:00:00,12.9,0
2024-05-31 03:00:00,12.5,0
2024-05-31 04:00:00,11.5,0
2024-05-31 05:00:00,11.1,3
2024-05-31 06:00:00,13.5,76
2024-05-31 07:00:00,14.9,192
2024-05-31 08:00:00,15.8,300
2024-05-31 09:00:00,16.2,361
2024-05-31 10:00:00,16.4,359
2024-05-31 11:00:00,16.9,474
2024-05-31 12:00:00,17.1,495
2024-05-31 13:00:00,16.9,688
2024-05-31 14:00:00,17.2,675
2024-05-31 15:00:00,17.5,633
2024-05-31 16:00:00,17.1,500
2024-05-31 17:00:00,16.5,322
2024-05-31 18:00:00,15.9,252
2024-05-31 19:00:00,14.9,112
2024-05-31 20:00:00,13.1,15
2024-05-31 21:00:00,12.4,0
2024-05-31 22:00:00,12.2,0
2024-05-31 23:00:00,13.2,0
2024-06-01,11.8,0
2024-06-01 01:00:00,11.4,0
2024-06-01 02:00:00,10.5,0
2024-06-01 03:00:00,10.1,0
2024-06-01 04:00:00,9.8,0
2024-06-01 05:00:00,9.6,3
2024-06-01 06:00:00,11.9,76
2024-06-01 07:00:00,14.4,182
2024-06-01 08:00:00,16.3,397
2024-06-01 09:00:00,16.9,467
2024-06-01 10:00:00,16.8,443
2024-06-01 11:00:00,17.3,548
2024-06-01 12:00:00,18,697
2024-06-01 13:00:00,17.8,667
2024-06-01 14:00:00,18.3,736
2024-06-01 15:00:00,18.2,750
2024-06-01 16:00:00,17.6,599
2024-06-01 17:00:00,16.9,365
2024-06-01 18:00:00,16.3,253
2024-06-01 19:00:00,15.4,113
2024-06-01 20:00:00,13.9,15
2024-06-01 21:00:00,13.1,0
2024-06-01 22:00:00,13,0
2024-06-01 23:00:00,13.1,0
2024-06-02,12,0
2024-06-02 01:00:00,13.2,0
2024-06-02 02:00:00,13.2,0
2024-06-02 03:00:00,13.9,0
2024-06-02 04:00:00,13.9,0
2024-06-02 05:00:00,14,2
2024-06-02 06:00:00,14.4,66
2024-06-02 07:00:00,15.7,209
2024-06-02 08:00:00,16.4,348
2024-06-02 09:00:00,17.4,463
2024-06-02 10:00:00,18.1,597
2024-06-02 11:00:00,18.5,566
2024-06-02 12:00:00,18.9,636
2024-06-02 13:00:00,19.2,739
2024-06-02 14:00:00,19.1,745
2024-06-02 15:00:00,18.8,698
2024-06-02 16:00:00,17.4,307
2024-06-02 17:00:00,16.8,154
2024-06-02 18:00:00,16.3,99
2024-06-02 19:00:00,15.8,45
2024-06-02 20:00:00,15.4,6
2024-06-02 21:00:00,15.3,0
2024-06-02 22:00:00,15.2,0
2024-06-02 23:00:00,15.1,0
2024-06-03,15,0
2024-06-03 01:00:00,13.2,0
2024-06-03 02:00:00,13.1,0
2024-06-03 03:00:00,13.8,0
2024-06-03 04:00:00,14.4,0
2024-06-03 05:00:00,14.6,2
2024-06-03 06:00:00,15.2,30
2024-06-03 07:00:00,15.6,54
2024-06-03 08:00:00,16.4,141
2024-06-03 09:00:00,17.5,353
2024-06-03 10:00:00,17.6,288
2024-06-03 11:00:00,17.8,309
2024-06-03 12:00:00,18.9,408
2024-06-03 13:00:00,18.4,285
2024-06-03 14:00:00,19.2,368
2024-06-03 15:00:00,19.3,350
2024-06-03 16:00:00,19.1,377
2024-06-03 17:00:00,18.9,416
2024-06-03 18:00:00,17.7,258
2024-06-03 19:00:00,16.4,120
2024-06-03 20:00:00,14.6,17
2024-06-03 21:00:00,13.9,0
2024-06-03 22:00:00,14.2,0
2024-06-03 23:00:00,12.8,0
2024-06-04,13,0
2024-06-04 01:00:00,12.7,0
2024-06-04 02:00:00,12.7,0
2024-06-04 03:00:00,13.6,0
2024-06-04 04:00:00,13.4,0
2024-06-04 05:00:00,12.8,3
2024-06-04 06:00:00,13.4,84
2024-06-04 07:00:00,15.4,238
2024-06-04 08:00:00,18.1,430
2024-06-04 09:00:00,20.2,604
2024-06-04 10:00:00,21.8,737
2024-06-04 11:00:00,22.9,842
2024-06-04 12:00:00,23.3,889
2024-06-04 13:00:00,23.5,913
2024-06-04 14:00:00,23.6,891
2024-06-04 15:00:00,23.4,798
2024-06-04 16:00:00,22.7,644
2024-06-04 17:00:00,21.9,483
2024-06-04 18:00:00,20.8,304
2024-06-04 19:00:00,19.2,135
2024-06-04 20:00:00,16.3,19
2024-06-04 21:00:00,15.4,0
2024-06-04 22:00:00,14.9,0
2024-06-04 23:00:00,15.5,0
2024-06-05,15.1,0
2024-06-05 01:00:00,13.9,0
2024-06-05 02:00:00,13,0
2024-06-05 03:00:00,12.3,0
2024-06-05 04:00:00,12.3,0
2024-06-05 05:00:00,13,4
2024-06-05 06:00:00,14.5,86
2024-06-05 07:00:00,17.4,238
2024-06-05 08:00:00,19.8,427
2024-06-05 09:00:00,21.9,600
2024-06-05 10:00:00,23.8,746
2024-06-05 11:00:00,25.2,840
2024-06-05 12:00:00,25.6,915
2024-06-05 13:00:00,25.4,859
2024-06-05 14:00:00,24.3,707
2024-06-05 15:00:00,23.3,739
2024-06-05 16:00:00,22.8,622
2024-06-05 17:00:00,20.8,408
2024-06-05 18:00:00,19.7,224
2024-06-05 19:00:00,18.6,112
2024-06-05 20:00:00,16.7,19
2024-06-05 21:00:00,15.8,0
2024-06-05 22:00:00,15.5,0
2024-06-05 23:00:00,14.4,0
2024-06-06,14.9,0
2024-06-06 01:00:00,15.5,0
2024-06-06 02:00:00,15,0
2024-06-06 03:00:00,14.6,0
2024-06-06 04:00:00,14.8,0
2024-06-06 05:00:00,15,3
2024-06-06 06:00:00,15.8,42
2024-06-06 07:00:00,17.1,146
2024-06-06 08:00:00,18.8,280
2024-06-06 09:00:00,20,341
2024-06-06 10:00:00,21.7,508
2024-06-06 11:00:00,23,697
2024-06-06 12:00:00,22.3,670
2024-06-06 13:00:00,21.9,749
2024-06-06 14:00:00,21.6,844
2024-06-06 15:00:00,21.1,684
2024-06-06 16:00:00,21,607
2024-06-06 17:00:00,20.1,414
2024-06-06 18:00:00,18.5,269
2024-06-06 19:00:00,17.8,87
2024-06-06 20:00:00,16.8,14
2024-06-06 21:00:00,16.1,0
2024-06-06 22:00:00,15.9,0
2024-06-06 23:00:00,15.5,0
2024-06-07,15.5,0
2024-06-07 01:00:00,15.8,0
2024-06-07 02:00:00,15.5,0
2024-06-07 03:00:00,15.5,0
2024-06-07 04:00:00,15.4,0
2024-06-07 05:00:00,15.5,2
2024-06-07 06:00:00,16.3,41
2024-06-07 07:00:00,17.5,147
2024-06-07 08:00:00,18.3,248
2024-06-07 09:00:00,19.3,337
2024-06-07 10:00:00,21.6,649
2024-06-07 11:00:00,22.6,715
2024-06-07 12:00:00,22.6,673
2024-06-07 13:00:00,23,547
2024-06-07 14:00:00,23.1,726
2024-06-07 15:00:00,23.3,683
2024-06-07 16:00:00,23.7,590
2024-06-07 17:00:00,23.1,455
2024-06-07 18:00:00,20.4,233
2024-06-07 19:00:00,18.3,57
2024-06-07 20:00:00,17.6,14
2024-06-07 21:00:00,17.2,0
2024-06-07 22:00:00,17.3,0
2024-06-07 23:00:00,17.2,0
2024-06-08,17.2,0
2024-06-08 01:00:00,17.4,0
2024-06-08 02:00:00,17.2,0
2024-06-08 03:00:00,16.6,0
2024-06-08 04:00:00,16.4,0
2024-06-08 05:00:00,15.5,4
2024-06-08 06:00:00,17.5,80
2024-06-08 07:00:00,18.4,233
2024-06-08 08:00:00,19.5,344
2024-06-08 09:00:00,19.5,247
2024-06-08 10:00:00,20.1,297
2024-06-08 11:00:00,20.8,338
2024-06-08 12:00:00,21,396
2024-06-08 13:00:00,19.4,250
2024-06-08 14:00:00,19.4,264
2024-06-08 15:00:00,18.8,142
2024-06-08 16:00:00,18.2,108
2024-06-08 17:00:00,18.3,137
2024-06-08 18:00:00,17.8,57
2024-06-08 19:00:00,17,17
2024-06-08 20:00:00,16.5,7
2024-06-08 21:00:00,16.4,0
2024-06-08 22:00:00,16.5,0
2024-06-08 23:00:00,16.5,0
2024-06-09,16.3,0
2024-06-09 01:00:00,15.7,0
2024-06-09 02:00:00,15.5,0
2024-06-09 03:00:00,15.2,0
2024-06-09 04:00:00,14.9,0
2024-06-09 05:00:00,14.9,1
2024-06-09 06:00:00,15.3,49
2024-06-09 07:00:00,15.9,143
2024-06-09 08:00:00,16.3,158
2024-06-09 09:00:00,16.8,217
2024-06-09 10:00:00,18,471
2024-06-09 11:00:00,18.1,413
2024-06-09 12:00:00,18.8,630
2024-06-09 13:00:00,17.8,425
2024-06-09 14:00:00,17.4,450
2024-06-09 15:00:00,17.3,401
2024-06-09 16:00:00,17.1,243
2024-06-09 17:00:00,16.6,150
2024-06-09 18:00:00,16.5,141
2024-06-09 19:00:00,15.8,70
2024-06-09 20:00:00,15.5,14
2024-06-09 21:00:00,15.3,0
2024-06-09 22:00:00,14.8,0
2024-06-09 23:00:00,15,0
2024-06-10,14.4,0
2024-06-10 01:00:00,14.6,0
2024-06-10 02:00:00,14.2,0
2024-06-10 03:00:00,14.1,0
2024-06-10 04:00:00,13.8,0
2024-06-10 05:00:00,13.9,3
2024-06-10 06:00:00,15,59
2024-06-10 07:00:00,15.7,175
2024-06-10 08:00:00,16.7,366
2024-06-10 09:00:00,17.4,515
2024-06-10 10:00:00,17.9,662
2024-06-10 11:00:00,18.3,717
2024-06-10 12:00:00,18.6,827
2024-06-10 13:00:00,18.7,826
2024-06-10 14:00:00,18.7,829
2024-06-10 15:00:00,17.9,626
2024-06-10 16:00:00,17.6,507
2024-06-10 17:00:00,17.2,421
2024-06-10 18:00:00,16.6,260
2024-06-10 19:00:00,16,61
2024-06-10 20:00:00,15.1,13
2024-06-10 21:00:00,14.9,0
2024-06-10 22:00:00,14.2,0
2024-06-10 23:00:00,14.3,0
2024-06-11,14.7,0
2024-06-11 01:00:00,14.9,0
2024-06-11 02:00:00,14.6,0
2024-06-11 03:00:00,14.5,0
2024-06-11 04:00:00,14.3,0
2024-06-11 05:00:00,14.1,1
2024-06-11 06:00:00,14.5,38
2024-06-11 07:00:00,15,130
2024-06-11 08:00:00,15.3,171
2024-06-11 09:00:00,15.6,232
2024-06-11 10:00:00,16.1,289
2024-06-11 11:00:00,16.3,303
2024-06-11 12:00:00,16.5,258
2024-06-11 13:00:00,16.5,327
2024-06-11 14:00:00,17.4,429
2024-06-11 15:00:00,17.1,322
2024-06-11 16:00:00,16.8,179
2024-06-11 17:00:00,16.4,153
2024-06-11 18:00:00,15.4,69
2024-06-11 19:00:00,15.3,90
2024-06-11 20:00:00,15.1,9
2024-06-11 21:00:00,15,0
2024-06-11 22:00:00,14.8,0
2024-06-11 23:00:00,14.6,0
2024-06-12,13.7,0
2024-06-12 01:00:00,14.2,0
2024-06-12 02:00:00,13.4,0
2024-06-12 03:00:00,12.6,0
2024-06-12 04:00:00,12.4,0
2024-06-12 05:00:00,12,4
2024-06-12 06:00:00,13.3,78
2024-06-12 07:00:00,14.9,211
2024-06-12 08:00:00,15.8,341
2024-06-12 09:00:00,16.6,467
2024-06-12 10:00:00,17.7,666
2024-06-12 11:00:00,18.2,743
2024-06-12 12:00:00,18.1,705
2024-06-12 13:00:00,18.8,877
2024-06-12 14:00:00,18.2,717
2024-06-12 15:00:00,17.8,559
2024-06-12 16:00:00,16.8,384
2024-06-12 17:00:00,16.4,354
2024-06-12 18:00:00,16,202
2024-06-12 19:00:00,15.5,105
2024-06-12 20:00:00,14,20
2024-06-12 21:00:00,13.1,0
2024-06-12 22:00:00,12,0
2024-06-12 23:00:00,11.3,0
2024-06-13,9.9,0
2024-06-13 01:00:00,10.2,0
2024-06-13 02:00:00,9.7,0
2024-06-13 03:00:00,9.4,0
2024-06-13 04:00:00,9,0
2024-06-13 05:00:00,9.1,4
2024-06-13 06:00:00,10.6,70
2024-06-13 07:00:00,13.2,227
2024-06-13 08:00:00,16.5,434
2024-06-13 09:00:00,19.5,606
2024-06-13 10:00:00,22,682
2024-06-13 11:00:00,23.8,684
2024-06-13 12:00:00,25.7,852
2024-06-13 13:00:00,26.7,812
2024-06-13 14:00:00,27.2,784
2024-06-13 15:00:00,23.6,475
2024-06-13 16:00:00,18.9,225
2024-06-13 17:00:00,20,244
2024-06-13 18:00:00,19.1,161
2024-06-13 19:00:00,17.2,101
2024-06-13 20:00:00,16.1,4
2024-06-13 21:00:00,15.5,0
2024-06-13 22:00:00,14.9,0
2024-06-13 23:00:00,15.5,0
2024-06-14,15.4,0
2024-06-14 01:00:00,14.9,0
2024-06-14 02:00:00,14.5,0
2024-06-14 03:00:00,13.4,0
2024-06-14 04:00:00,13,0
2024-06-14 05:00:00,13.3,4
2024-06-14 06:00:00,15.4,78
2024-06-14 07:00:00,17.8,223
2024-06-14 08:00:00,20,391
2024-06-14 09:00:00,21.5,544
2024-06-14 10:00:00,22.8,676
2024-06-14 11:00:00,22.5,722
2024-06-14 12:00:00,21.1,637
2024-06-14 13:00:00,21.4,778
2024-06-14 14:00:00,18.5,266
2024-06-14 15:00:00,18.5,325
2024-06-14 16:00:00,19.1,307
2024-06-14 17:00:00,17.5,99
2024-06-14 18:00:00,16.7,67
2024-06-14 19:00:00,16.6,29
2024-06-14 20:00:00,16.2,5
2024-06-14 21:00:00,16,0
2024-06-14 22:00:00,15.8,0
2024-06-14 23:00:00,15.5,0
2024-06-15,15.2,0
2024-06-15 01:00:00,15.2,0
2024-06-15 02:00:00,14.3,0
2024-06-15 03:00:00,14.8,0
2024-06-15 04:00:00,15,0
2024-06-15 05:00:00,15,2
2024-06-15 06:00:00,15.6,37
2024-06-15 07:00:00,16.1,113
2024-06-15 08:00:00,17,242
2024-06-15 09:00:00,17.9,350
2024-06-15 10:00:00,19.7,638
2024-06-15 11:00:00,19.7,550
2024-06-15 12:00:00,18.4,383
2024-06-15 13:00:00,18.8,537
2024-06-15 14:00:00,18.5,385
2024-06-15 15:00:00,19.2,539
2024-06-15 16:00:00,18.4,408
2024-06-15 17:00:00,18.4,381
2024-06-15 18:00:00,17.8,294
2024-06-15 19:00:00,17.1,141
2024-06-15 20:00:00,14.4,25
2024-06-15 21:00:00,15.2,0
2024-06-15 22:00:00,13,0
2024-06-15 23:00:00,12.7,0
2024-06-16,11.9,0
2024-06-16 01:00:00,12.3,0
2024-06-16 02:00:00,11.5,0
2024-06-16 03:00:00,11.4,0
2024-06-16 04:00:00,11.1,0
2024-06-16 05:00:00,11.4,5
2024-06-16 06:00:00,13.3,83
2024-06-16 07:00:00,16.4,235
2024-06-16 08:00:00,19.3,414
2024-06-16 09:00:00,21.3,578
2024-06-16 10:00:00,22.4,720
2024-06-16 11:00:00,23.9,833
2024-06-16 12:00:00,22.3,271
2024-06-16 13:00:00,23.8,797
2024-06-16 14:00:00,22.9,602
2024-06-16 15:00:00,21.1,473
2024-06-16 16:00:00,22.1,507
2024-06-16 17:00:00,21.7,260
2024-06-16 18:00:00,20.7,139
2024-06-16 19:00:00,19.5,85
2024-06-16 20:00:00,18.2,13
2024-06-16 21:00:00,17.8,0
2024-06-16 22:00:00,16.4,0
2024-06-16 23:00:00,17.2,0
2024-06-17,15.2,0
2024-06-17 01:00:00,15,0
2024-06-17 02:00:00,14.3,0
2024-06-17 03:00:00,14.2,0
2024-06-17 04:00:00,13.2,0
2024-06-17 05:00:00,13.2,5
2024-06-17 06:00:00,15,77
2024-06-17 07:00:00,17.6,151
2024-06-17 08:00:00,21.5,372
2024-06-17 09:00:00,23.5,579
2024-06-17 10:00:00,25.3,732
2024-06-17 11:00:00,26.8,832
2024-06-17 12:00:00,27.9,900
2024-06-17 13:00:00,29.3,862
2024-06-17 14:00:00,28.6,678
2024-06-17 15:00:00,25.7,633
2024-06-17 16:00:00,25.4,591
2024-06-17 17:00:00,25,215
2024-06-17 18:00:00,24.2,262
2024-06-17 19:00:00,22.4,97
2024-06-17 20:00:00,20.2,15
2024-06-17 21:00:00,18.6,0
2024-06-17 22:00:00,17.5,0
2024-06-17 23:00:00,16.6,0
2024-06-18,17.2,0
2024-06-18 01:00:00,17.1,0
2024-06-18 02:00:00,17.3,0
2024-06-18 03:00:00,17.5,0
2024-06-18 04:00:00,17.4,0
2024-06-18 05:00:00,16.8,3
2024-06-18 06:00:00,17.1,28
2024-06-18 07:00:00,17.8,101
2024-06-18 08:00:00,19.1,267
2024-06-18 09:00:00,20.4,300
2024-06-18 10:00:00,23.1,587
2024-06-18 11:00:00,23.6,552
2024-06-18 12:00:00,25.2,627
2024-06-18 13:00:00,20.8,301
2024-06-18 14:00:00,23.1,588
2024-06-18 15:00:00,24.1,473
2024-06-18 16:00:00,24.6,558
2024-06-18 17:00:00,23.5,459
2024-06-18 18:00:00,20.9,231
2024-06-18 19:00:00,18.2,90
2024-06-18 20:00:00,17.5,15
2024-06-18 21:00:00,17.6,0
2024-06-18 22:00:00,17.4,0
2024-06-18 23:00:00,16.3,0
2024-06-19,16,0
2024-06-19 01:00:00,16.6,0
2024-06-19 02:00:00,16.3,0
2024-06-19 03:00:00,14.3,0
2024-06-19 04:00:00,14.3,0
2024-06-19 05:00:00,14.5,5
2024-06-19 06:00:00,15.2,84
2024-06-19 07:00:00,17.1,239
2024-06-19 08:00:00,18.6,412
2024-06-19 09:00:00,19.8,573
2024-06-19 10:00:00,20.6,634
2024-06-19 11:00:00,21,735
2024-06-19 12:00:00,20.4,725
2024-06-19 13:00:00,19.8,463
2024-06-19 14:00:00,20.1,571
2024-06-19 15:00:00,20.2,540
2024-06-19 16:00:00,19.5,544
2024-06-19 17:00:00,19.2,299
2024-06-19 18:00:00,17.9,166
2024-06-19 19:00:00,17.6,56
2024-06-19 20:00:00,17.4,11
2024-06-19 21:00:00,17.3,0
2024-06-19 22:00:00,16,0
2024-06-19 23:00:00,15.1,0
2024-06-20,15.8,0
2024-06-20 01:00:00,14.7,0
2024-06-20 02:00:00,15.7,0
2024-06-20 03:00:00,15.5,0
2024-06-20 04:00:00,15.7,0
2024-06-20 05:00:00,15.6,3
2024-06-20 06:00:00,16.1,55
2024-06-20 07:00:00,16.4,88
2024-06-20 08:00:00,17.3,222
2024-06-20 09:00:00,18.5,388
2024-06-20 10:00:00,19.6,528
2024-06-20 11:00:00,19.9,482
2024-06-20 12:00:00,19.8,424
2024-06-20 13:00:00,18.5,246
2024-06-20 14:00:00,19.1,371
2024-06-20 15:00:00,20.1,497
2024-06-20 16:00:00,18.6,460
2024-06-20 17:00:00,17.6,108
2024-06-20 18:00:00,17.8,181
2024-06-20 19:00:00,17.1,83
2024-06-20 20:00:00,16.3,21
2024-06-20 21:00:00,15.8,0
2024-06-20 22:00:00,14.8,0
2024-06-20 23:00:00,14.4,0
2024-06-21,13.8,0
2024-06-21 01:00:00,15.5,0
2024-06-21 02:00:00,14.8,0
2024-06-21 03:00:00,15.4,0
2024-06-21 04:00:00,15.9,0
2024-06-21 05:00:00,15.9,1
2024-06-21 06:00:00,16.3,34
2024-06-21 07:00:00,17.1,200
2024-06-21 08:00:00,17.9,305
2024-06-21 09:00:00,18.3,362
2024-06-21 10:00:00,19,474
2024-06-21 11:00:00,19.8,646
2024-06-21 12:00:00,20,708
2024-06-21 13:00:00,19.1,506
2024-06-21 14:00:00,18.3,280
2024-06-21 15:00:00,18.1,278
2024-06-21 16:00:00,17.8,193
2024-06-21 17:00:00,18.3,231
2024-06-21 18:00:00,17.8,154
2024-06-21 19:00:00,16.7,128
2024-06-21 20:00:00,15.5,24
2024-06-21 21:00:00,16.4,0
2024-06-21 22:00:00,16.2,0
2024-06-21 23:00:00,16.4,0
2024-06-22,16.3,0
2024-06-22 01:00:00,16.3,0
2024-06-22 02:00:00,16,0
2024-06-22 03:00:00,15.7,0
2024-06-22 04:00:00,14.8,0
2024-06-22 05:00:00,14.7,3
2024-06-22 06:00:00,16,57
2024-06-22 07:00:00,16.6,47
2024-06-22 08:00:00,17.5,134
2024-06-22 09:00:00,17.5,92
2024-06-22 10:00:00,18.1,159
2024-06-22 11:00:00,19.1,327
2024-06-22 12:00:00,19.4,371
2024-06-22 13:00:00,19.6,477
2024-06-22 14:00:00,18.5,163
2024-06-22 15:00:00,18.7,171
2024-06-22 16:00:00,18.7,213
2024-06-22 17:00:00,17.8,66
2024-06-22 18:00:00,18,74
2024-06-22 19:00:00,17.9,83
2024-06-22 20:00:00,17.1,7
2024-06-22 21:00:00,17.2,0
2024-06-22 22:00:00,17.2,0
2024-06-22 23:00:00,16.8,0
2024-06-23,16.7,0
2024-06-23 01:00:00,16.7,0
2024-06-23 02:00:00,16.8,0
2024-06-23 03:00:00,17.3,0
2024-06-23 04:00:00,17.4,0
2024-06-23 05:00:00,17.6,0
2024-06-23 06:00:00,17.7,11
2024-06-23 07:00:00,17.8,32
2024-06-23 08:00:00,18.1,89
2024-06-23 09:00:00,18.3,114
2024-06-23 10:00:00,18.5,126
2024-06-23 11:00:00,18.8,166
2024-06-23 12:00:00,19,208
2024-06-23 13:00:00,19,269
2024-06-23 14:00:00,18.7,169
2024-06-23 15:00:00,18.9,206
2024-06-23 16:00:00,18.7,179
2024-06-23 17:00:00,18.7,168
2024-06-23 18:00:00,18,65
2024-06-23 19:00:00,17.7,32
2024-06-23 20:00:00,17.4,6
2024-06-23 21:00:00,17.3,0
2024-06-23 22:00:00,17.2,0
2024-06-23 23:00:00,17.1,0
2024-06-24,17.1,0
2024-06-24 01:00:00,17.3,0
2024-06-24 02:00:00,17.3,0
2024-06-24 03:00:00,17.2,0
2024-06-24 04:00:00,17.1,0
2024-06-24 05:00:00,17.1,1
2024-06-24 06:00:00,17.6,38
2024-06-24 07:00:00,18,134
2024-06-24 08:00:00,19,366
2024-06-24 09:00:00,20.3,474
2024-06-24 10:00:00,21.5,575
2024-06-24 11:00:00,23.1,751
2024-06-24 12:00:00,23.5,699
2024-06-24 13:00:00,23.7,750
2024-06-24 14:00:00,23.1,676
2024-06-24 15:00:00,23.4,778
2024-06-24 16:00:00,23.1,668
2024-06-24 17:00:00,22.3,502
2024-06-24 18:00:00,21.2,331
2024-06-24 19:00:00,19.8,157
2024-06-24 20:00:00,17.1,29
2024-06-24 21:00:00,17.7,0
2024-06-24 22:00:00,15.7,0
2024-06-24 23:00:00,14.9,0
2024-06-25,14.4,0
2024-06-25 01:00:00,14.5,0
2024-06-25 02:00:00,13.8,0
2024-06-25 03:00:00,13.4,0
2024-06-25 04:00:00,12.9,0
2024-06-25 05:00:00,12.8,4
2024-06-25 06:00:00,14.1,69
2024-06-25 07:00:00,16.9,211
2024-06-25 08:00:00,20.4,426
2024-06-25 09:00:00,23.1,599
2024-06-25 10:00:00,25.5,746
2024-06-25 11:00:00,27.5,854
2024-06-25 12:00:00,28.9,913
2024-06-25 13:00:00,28.6,917
2024-06-25 14:00:00,26.8,872
2024-06-25 15:00:00,25.9,779
2024-06-25 16:00:00,25.4,644
2024-06-25 17:00:00,23.5,443
2024-06-25 18:00:00,22.1,273
2024-06-25 19:00:00,21.1,132
2024-06-25 20:00:00,19.4,25
2024-06-25 21:00:00,20,0
2024-06-25 22:00:00,18.5,0
2024-06-25 23:00:00,18.1,0
2024-06-26,17.7,0
2024-06-26 01:00:00,19.4,0
2024-06-26 02:00:00,18.9,0
2024-06-26 03:00:00,18.3,0
2024-06-26 04:00:00,17.9,0
2024-06-26 05:00:00,18.1,3
2024-06-26 06:00:00,19.4,55
2024-06-26 07:00:00,21.8,205
2024-06-26 08:00:00,23.9,403
2024-06-26 09:00:00,25.7,575
2024-06-26 10:00:00,26.6,689
2024-06-26 11:00:00,26.6,703
2024-06-26 12:00:00,25.7,596
2024-06-26 13:00:00,26,756
2024-06-26 14:00:00,27.2,861
2024-06-26 15:00:00,27.7,707
2024-06-26 16:00:00,24,550
2024-06-26 17:00:00,22.6,402
2024-06-26 18:00:00,22.4,210
2024-06-26 19:00:00,21.7,68
2024-06-26 20:00:00,20.3,25
2024-06-26 21:00:00,19.9,0
2024-06-26 22:00:00,18.9,0
2024-06-26 23:00:00,19.7,0
2024-06-27,18.7,0
2024-06-27 01:00:00,19.7,0
2024-06-27 02:00:00,19.7,0
2024-06-27 03:00:00,19.6,0
2024-06-27 04:00:00,19.6,0
2024-06-27 05:00:00,19.6,2
2024-06-27 06:00:00,20.1,33
2024-06-27 07:00:00,20.7,84
2024-06-27 08:00:00,22.1,346
2024-06-27 09:00:00,22.4,240
2024-06-27 10:00:00,23.9,575
2024-06-27 11:00:00,23.8,523
2024-06-27 12:00:00,23.4,599
2024-06-27 13:00:00,23,493
2024-06-27 14:00:00,23.4,549
2024-06-27 15:00:00,21.8,382
2024-06-27 16:00:00,21.2,393
2024-06-27 17:00:00,20.8,177
2024-06-27 18:00:00,20.5,124
2024-06-27 19:00:00,19.9,48
2024-06-27 20:00:00,19.3,15
2024-06-27 21:00:00,18.9,0
2024-06-27 22:00:00,18.2,0
2024-06-27 23:00:00,18.4,0
2024-06-28,18.4,0
2024-06-28 01:00:00,18.9,0
2024-06-28 02:00:00,18.7,0
2024-06-28 03:00:00,18.6,0
2024-06-28 04:00:00,18.4,0
2024-06-28 05:00:00,18.4,1
2024-06-28 06:00:00,18.7,25
2024-06-28 07:00:00,19.4,103
2024-06-28 08:00:00,20.2,188
2024-06-28 09:00:00,21,261
2024-06-28 10:00:00,21.6,308
2024-06-28 11:00:00,22.3,405
2024-06-28 12:00:00,22.5,459
2024-06-28 13:00:00,22,438
2024-06-28 14:00:00,21.1,301
2024-06-28 15:00:00,20.6,259
2024-06-28 16:00:00,20.1,212
2024-06-28 17:00:00,20.5,266
2024-06-28 18:00:00,20.2,169
2024-06-28 19:00:00,19.4,55
2024-06-28 20:00:00,18.9,10
2024-06-28 21:00:00,18.5,0
2024-06-28 22:00:00,18.3,0
2024-06-28 23:00:00,18.3,0
2024-06-29,18.2,0
2024-06-29 01:00:00,18.2,0
2024-06-29 02:00:00,17.8,0
2024-06-29 03:00:00,17.7,0
2024-06-29 04:00:00,17.4,0
2024-06-29 05:00:00,17.2,1
2024-06-29 06:00:00,17,27
2024-06-29 07:00:00,17.2,142
2024-06-29 08:00:00,17,97
2024-06-29 09:00:00,17.3,140
2024-06-29 10:00:00,17.6,211
2024-06-29 11:00:00,18.2,306
2024-06-29 12:00:00,18.8,338
2024-06-29 13:00:00,19.2,445
2024-06-29 14:00:00,19,419
2024-06-29 15:00:00,18.2,196
2024-06-29 16:00:00,18.4,207
2024-06-29 17:00:00,18.1,142
2024-06-29 18:00:00,17.8,105
2024-06-29 19:00:00,17.2,35
2024-06-29 20:00:00,16.8,5
2024-06-29 21:00:00,16.6,0
2024-06-29 22:00:00,15.9,0
2024-06-29 23:00:00,15.6,0
2024-06-30,15.8,0
2024-06-30 01:00:00,15.3,0
2024-06-30 02:00:00,14.8,0
2024-06-30 03:00:00,14.9,0
2024-06-30 04:00:00,15.7,0
2024-06-30 05:00:00,15.9,1
2024-06-30 06:00:00,16.5,52
2024-06-30 07:00:00,16.9,130
2024-06-30 08:00:00,17.7,221
2024-06-30 09:00:00,18.2,233
2024-06-30 10:00:00,18.3,215
2024-06-30 11:00:00,18.4,265
2024-06-30 12:00:00,19.1,377
2024-06-30 13:00:00,21.1,797
2024-06-30 14:00:00,20.8,728
2024-06-30 15:00:00,20.8,684
2024-06-30 16:00:00,20.3,534
2024-06-30 17:00:00,19.7,476
2024-06-30 18:00:00,18.7,270
2024-06-30 19:00:00,17.6,147
2024-06-30 20:00:00,15.5,26
2024-06-30 21:00:00,15.4,0
2024-06-30 22:00:00,15.3,0
2024-06-30 23:00:00,15.2,0
2024-07-01,14.9,0
2024-07-01 01:00:00,14,0
2024-07-01 02:00:00,13.3,0
2024-07-01 03:00:00,12.6,0
2024-07-01 04:00:00,14,0
2024-07-01 05:00:00,14.8,2
2024-07-01 06:00:00,16.1,33
2024-07-01 07:00:00,17.1,83
2024-07-01 08:00:00,17.3,109
2024-07-01 09:00:00,17.7,129
2024-07-01 10:00:00,18.4,203
2024-07-01 11:00:00,18.6,213
2024-07-01 12:00:00,19.7,544
2024-07-01 13:00:00,18.7,204
2024-07-01 14:00:00,19.5,362
2024-07-01 15:00:00,19.8,564
2024-07-01 16:00:00,19.4,416
2024-07-01 17:00:00,19.6,285
2024-07-01 18:00:00,19,209
2024-07-01 19:00:00,18,85
2024-07-01 20:00:00,17.1,21
2024-07-01 21:00:00,16.8,0
2024-07-01 22:00:00,16.9,0
2024-07-01 23:00:00,16.9,0
2024-07-02,16.6,0
2024-07-02 01:00:00,16.2,0
2024-07-02 02:00:00,15.9,0
2024-07-02 03:00:00,15.9,0
2024-07-02 04:00:00,15.4,0
2024-07-02 05:00:00,16,1
2024-07-02 06:00:00,16.5,36
2024-07-02 07:00:00,17.4,113
2024-07-02 08:00:00,17.9,180
2024-07-02 09:00:00,19,414
2024-07-02 10:00:00,19.5,478
2024-07-02 11:00:00,20.3,639
2024-07-02 12:00:00,19.9,548
2024-07-02 13:00:00,20.1,492
2024-07-02 14:00:00,20.7,677
2024-07-02 15:00:00,20.2,487
2024-07-02 16:00:00,19.4,373
2024-07-02 17:00:00,18.8,235
2024-07-02 18:00:00,18.3,134
2024-07-02 19:00:00,17.8,96
2024-07-02 20:00:00,16.7,21
2024-07-02 21:00:00,15.4,0
2024-07-02 22:00:00,15.1,0
2024-07-02 23:00:00,14.6,0
2024-07-03,13.6,0
2024-07-03 01:00:00,14.4,0
2024-07-03 02:00:00,13.7,0
2024-07-03 03:00:00,13.2,0
2024-07-03 04:00:00,12.7,0
2024-07-03 05:00:00,12.6,3
2024-07-03 06:00:00,14.1,74
2024-07-03 07:00:00,16.5,222
2024-07-03 08:00:00,18.3,422
2024-07-03 09:00:00,19.7,541
2024-07-03 10:00:00,20.6,611
2024-07-03 11:00:00,20.7,671
2024-07-03 12:00:00,20.7,686
2024-07-03 13:00:00,21.6,855
2024-07-03 14:00:00,21.6,822
2024-07-03 15:00:00,21.4,695
2024-07-03 16:00:00,20.5,559
2024-07-03 17:00:00,19.8,485
2024-07-03 18:00:00,19,288
2024-07-03 19:00:00,18.3,135
2024-07-03 20:00:00,16.1,28
2024-07-03 21:00:00,16.7,0
2024-07-03 22:00:00,14.8,0
2024-07-03 23:00:00,14.3,0
2024-07-04,13.7,0
2024-07-04 01:00:00,13.8,0
2024-07-04 02:00:00,14.1,0
2024-07-04 03:00:00,14.4,0
2024-07-04 04:00:00,13.7,0
2024-07-04 05:00:00,14.4,2
2024-07-04 06:00:00,15.6,27
2024-07-04 07:00:00,16.9,60
2024-07-04 08:00:00,18,103
2024-07-04 09:00:00,18.8,135
2024-07-04 10:00:00,20.1,268
2024-07-04 11:00:00,21.9,518
2024-07-04 12:00:00,22.3,468
2024-07-04 13:00:00,23,745
2024-07-04 14:00:00,22.3,615
2024-07-04 15:00:00,21.9,537
2024-07-04 16:00:00,21.1,281
2024-07-04 17:00:00,20.9,234
2024-07-04 18:00:00,20.6,177
2024-07-04 19:00:00,19.8,101
2024-07-04 20:00:00,18.7,19
2024-07-04 21:00:00,18.3,0
2024-07-04 22:00:00,17.7,0
2024-07-04 23:00:00,17.5,0
2024-07-05,17.5,0
2024-07-05 01:00:00,16.3,0
2024-07-05 02:00:00,15.9,0
2024-07-05 03:00:00,16,0
2024-07-05 04:00:00,16.9,0
2024-07-05 05:00:00,16.8,1
2024-07-05 06:00:00,17.3,28
2024-07-05 07:00:00,17.9,116
2024-07-05 08:00:00,18.8,226
2024-07-05 09:00:00,20.6,458
2024-07-05 10:00:00,22.9,680
2024-07-05 11:00:00,24.7,830
2024-07-05 12:00:00,25.5,898
2024-07-05 13:00:00,24.2,914
2024-07-05 14:00:00,22.8,876
2024-07-05 15:00:00,22.1,781
2024-07-05 16:00:00,21.5,598
2024-07-05 17:00:00,20.7,426
2024-07-05 18:00:00,20,196
2024-07-05 19:00:00,19.6,90
2024-07-05 20:00:00,18.5,6
2024-07-05 21:00:00,17.7,0
2024-07-05 22:00:00,18,0
2024-07-05 23:00:00,18.1,0
2024-07-06,17.7,0
2024-07-06 01:00:00,18.2,0
2024-07-06 02:00:00,18.2,0
2024-07-06 03:00:00,17.8,0
2024-07-06 04:00:00,17.3,0
2024-07-06 05:00:00,17.2,1
2024-07-06 06:00:00,17.5,19
2024-07-06 07:00:00,17.9,44
2024-07-06 08:00:00,19.1,187
2024-07-06 09:00:00,20.2,335
2024-07-06 10:00:00,18.6,124
2024-07-06 11:00:00,17.4,155
2024-07-06 12:00:00,17.5,169
2024-07-06 13:00:00,16.8,201
2024-07-06 14:00:00,16.8,226
2024-07-06 15:00:00,17.2,199
2024-07-06 16:00:00,17.4,212
2024-07-06 17:00:00,17.3,160
2024-07-06 18:00:00,17.2,129
2024-07-06 19:00:00,16.9,53
2024-07-06 20:00:00,15.9,15
2024-07-06 21:00:00,15.9,0
2024-07-06 22:00:00,15.5,0
2024-07-06 23:00:00,13.6,0
2024-07-07,12.2,0
2024-07-07 01:00:00,12.4,0
2024-07-07 02:00:00,12.4,0
2024-07-07 03:00:00,12,0
2024-07-07 04:00:00,12,0
2024-07-07 05:00:00,11.9,2
2024-07-07 06:00:00,12.9,55
2024-07-07 07:00:00,15.4,211
2024-07-07 08:00:00,17.1,400
2024-07-07 09:00:00,18.7,571
2024-07-07 10:00:00,19.2,464
2024-07-07 11:00:00,19.8,508
2024-07-07 12:00:00,19.3,392
2024-07-07 13:00:00,19.4,461
2024-07-07 14:00:00,20,487
2024-07-07 15:00:00,20.4,441
2024-07-07 16:00:00,21.7,611
2024-07-07 17:00:00,21.3,497
2024-07-07 18:00:00,19.9,309
2024-07-07 19:00:00,18.6,151
2024-07-07 20:00:00,16.1,26
2024-07-07 21:00:00,15.5,0
2024-07-07 22:00:00,14.8,0
2024-07-07 23:00:00,14.1,0
2024-07-08,13.9,0
2024-07-08 01:00:00,13.8,0
2024-07-08 02:00:00,13.4,0
2024-07-08 03:00:00,12.9,0
2024-07-08 04:00:00,12.3,0
2024-07-08 05:00:00,12,2
2024-07-08 06:00:00,14,71
2024-07-08 07:00:00,17,226
2024-07-08 08:00:00,20.3,404
2024-07-08 09:00:00,23.6,576
2024-07-08 10:00:00,26.1,719
2024-07-08 11:00:00,27.8,829
2024-07-08 12:00:00,27.7,863
2024-07-08 13:00:00,27.9,864
2024-07-08 14:00:00,26.1,817
2024-07-08 15:00:00,25.8,765
2024-07-08 16:00:00,26,646
2024-07-08 17:00:00,25.2,478
2024-07-08 18:00:00,23.4,316
2024-07-08 19:00:00,22.1,147
2024-07-08 20:00:00,20.3,26
2024-07-08 21:00:00,19,0
2024-07-08 22:00:00,18.7,0
2024-07-08 23:00:00,17.5,0
2024-07-09,17.2,0
2024-07-09 01:00:00,17.2,0
2024-07-09 02:00:00,17.1,0
2024-07-09 03:00:00,16.7,0
2024-07-09 04:00:00,15.7,0
2024-07-09 05:00:00,16.6,1
2024-07-09 06:00:00,19,34
2024-07-09 07:00:00,21.9,163
2024-07-09 08:00:00,24.7,307
2024-07-09 09:00:00,25.7,423
2024-07-09 10:00:00,25.3,483
2024-07-09 11:00:00,25.4,638
2024-07-09 12:00:00,23.4,495
2024-07-09 13:00:00,25.2,765
2024-07-09 14:00:00,22.5,255
2024-07-09 15:00:00,21.3,90
2024-07-09 16:00:00,20.4,114
2024-07-09 17:00:00,20,81
2024-07-09 18:00:00,19.6,91
2024-07-09 19:00:00,19.5,88
2024-07-09 20:00:00,18.4,18
2024-07-09 21:00:00,18.6,0
2024-07-09 22:00:00,18,0
2024-07-09 23:00:00,17.5,0
2024-07-10,17.8,0
2024-07-10 01:00:00,18.9,0
2024-07-10 02:00:00,17.7,0
2024-07-10 03:00:00,17.5,0
2024-07-10 04:00:00,17,0
2024-07-10 05:00:00,17.2,1
2024-07-10 06:00:00,18.4,56
2024-07-10 07:00:00,19.6,130
2024-07-10 08:00:00,20.9,314
2024-07-10 09:00:00,22.7,470
2024-07-10 10:00:00,24.8,686
2024-07-10 11:00:00,26.4,719
2024-07-10 12:00:00,27.5,802
2024-07-10 13:00:00,26.6,837
2024-07-10 14:00:00,25.7,778
2024-07-10 15:00:00,26.7,732
2024-07-10 16:00:00,26.8,606
2024-07-10 17:00:00,25.1,422
2024-07-10 18:00:00,23.8,290
2024-07-10 19:00:00,22.4,131
2024-07-10 20:00:00,20.6,23
2024-07-10 21:00:00,19.7,0
2024-07-10 22:00:00,19.1,0
2024-07-10 23:00:00,18.6,0
2024-07-11,18.5,0
2024-07-11 01:00:00,20,0
2024-07-11 02:00:00,19.8,0
2024-07-11 03:00:00,19.7,0
2024-07-11 04:00:00,19.7,0
2024-07-11 05:00:00,19.6,1
2024-07-11 06:00:00,19.8,40
2024-07-11 07:00:00,20.8,145
2024-07-11 08:00:00,22.7,335
2024-07-11 09:00:00,24.6,509
2024-07-11 10:00:00,26.2,706
2024-07-11 11:00:00,26.5,734
2024-07-11 12:00:00,26.5,733
2024-07-11 13:00:00,26.4,838
2024-07-11 14:00:00,25,784
2024-07-11 15:00:00,23.7,443
2024-07-11 16:00:00,24.5,532
2024-07-11 17:00:00,23.2,404
2024-07-11 18:00:00,22.7,231
2024-07-11 19:00:00,20.9,80
2024-07-11 20:00:00,20.6,18
2024-07-11 21:00:00,19.4,0
2024-07-11 22:00:00,19.4,0
2024-07-11 23:00:00,19.3,0
2024-07-12,20.2,0
2024-07-12 01:00:00,19.8,0
2024-07-12 02:00:00,19.4,0
2024-07-12 03:00:00,18.6,0
2024-07-12 04:00:00,18.4,0
2024-07-12 05:00:00,17.8,1
2024-07-12 06:00:00,17.7,42
2024-07-12 07:00:00,18.2,122
2024-07-12 08:00:00,18.4,216
2024-07-12 09:00:00,18.4,303
2024-07-12 10:00:00,19,562
2024-07-12 11:00:00,19.2,481
2024-07-12 12:00:00,19.2,419
2024-07-12 13:00:00,20.3,656
2024-07-12 14:00:00,19.7,429
2024-07-12 15:00:00,19,243
2024-07-12 16:00:00,18.9,263
2024-07-12 17:00:00,18.3,128
2024-07-12 18:00:00,18.3,157
2024-07-12 19:00:00,17.8,82
2024-07-12 20:00:00,16.1,19
2024-07-12 21:00:00,15.8,0
2024-07-12 22:00:00,15.7,0
2024-07-12 23:00:00,15.2,0
2024-07-13,14.9,0
2024-07-13 01:00:00,15.6,0
2024-07-13 02:00:00,15.4,0
2024-07-13 03:00:00,13.7,0
2024-07-13 04:00:00,14.1,0
2024-07-13 05:00:00,14,1
2024-07-13 06:00:00,15.3,48
2024-07-13 07:00:00,16.8,155
2024-07-13 08:00:00,18.4,340
2024-07-13 09:00:00,20.1,529
2024-07-13 10:00:00,21.5,706
2024-07-13 11:00:00,22.4,828
2024-07-13 12:00:00,23.1,894
2024-07-13 13:00:00,23.5,734
2024-07-13 14:00:00,22.6,688
2024-07-13 15:00:00,22.6,632
2024-07-13 16:00:00,22,568
2024-07-13 17:00:00,21.3,367
2024-07-13 18:00:00,20.4,279
2024-07-13 19:00:00,19,53
2024-07-13 20:00:00,18.4,8
2024-07-13 21:00:00,16.8,0
2024-07-13 22:00:00,17.3,0
2024-07-13 23:00:00,16.1,0
2024-07-14,15.6,0
2024-07-14 01:00:00,15.8,0
2024-07-14 02:00:00,15.3,0
2024-07-14 03:00:00,14.8,0
2024-07-14 04:00:00,14.5,0
2024-07-14 05:00:00,14.3,1
2024-07-14 06:00:00,15,39
2024-07-14 07:00:00,17.6,169
2024-07-14 08:00:00,20.2,349
2024-07-14 09:00:00,22.3,536
2024-07-14 10:00:00,23,600
2024-07-14 11:00:00,23.5,685
2024-07-14 12:00:00,24.3,832
2024-07-14 13:00:00,23.1,457
2024-07-14 14:00:00,22.7,394
2024-07-14 15:00:00,23,492
2024-07-14 16:00:00,22.4,341
2024-07-14 17:00:00,22,242
2024-07-14 18:00:00,21.9,211
2024-07-14 19:00:00,21.1,101
2024-07-14 20:00:00,19.2,17
2024-07-14 21:00:00,19.1,0
2024-07-14 22:00:00,17.5,0
2024-07-14 23:00:00,17.2,0
2024-07-15,16.2,0
2024-07-15 01:00:00,16.5,0
2024-07-15 02:00:00,16.6,0
2024-07-15 03:00:00,17.2,0
2024-07-15 04:00:00,18.3,0
2024-07-15 05:00:00,21.6,0
2024-07-15 06:00:00,20.5,36
2024-07-15 07:00:00,21.7,102
2024-07-15 08:00:00,23.5,297
2024-07-15 09:00:00,21.8,333
2024-07-15 10:00:00,21.4,271
2024-07-15 11:00:00,22.7,513
2024-07-15 12:00:00,22.9,386
2024-07-15 13:00:00,23.5,727
2024-07-15 14:00:00,21.2,536
2024-07-15 15:00:00,20.7,437
2024-07-15 16:00:00,23.3,592
2024-07-15 17:00:00,22.5,455
2024-07-15 18:00:00,20.9,293
2024-07-15 19:00:00,20.4,137
2024-07-15 20:00:00,20.1,19
2024-07-15 21:00:00,18.8,0
2024-07-15 22:00:00,17.2,0
2024-07-15 23:00:00,16.8,0
2024-07-16,15.9,0
2024-07-16 01:00:00,17.2,0
2024-07-16 02:00:00,18,0
2024-07-16 03:00:00,18,0
2024-07-16 04:00:00,17.6,0
2024-07-16 05:00:00,17.3,0
2024-07-16 06:00:00,18.1,35
2024-07-16 07:00:00,18.7,79
2024-07-16 08:00:00,19.2,128
2024-07-16 09:00:00,19.8,244
2024-07-16 10:00:00,21.2,534
2024-07-16 11:00:00,21.2,438
2024-07-16 12:00:00,21.5,476
2024-07-16 13:00:00,22.1,549
2024-07-16 14:00:00,21.9,531
2024-07-16 15:00:00,22.6,701
2024-07-16 16:00:00,21.5,434
2024-07-16 17:00:00,20.6,246
2024-07-16 18:00:00,20.2,141
2024-07-16 19:00:00,19.8,45
2024-07-16 20:00:00,19.4,7
2024-07-16 21:00:00,18.6,0
2024-07-16 22:00:00,18,0
2024-07-16 23:00:00,17,0
2024-07-17,15.8,0
2024-07-17 01:00:00,15.5,0
2024-07-17 02:00:00,15.7,0
2024-07-17 03:00:00,14.8,0
2024-07-17 04:00:00,14.8,0
2024-07-17 05:00:00,14.4,0
2024-07-17 06:00:00,16.3,35
2024-07-17 07:00:00,18.1,132
2024-07-17 08:00:00,20.2,329
2024-07-17 09:00:00,21.7,476
2024-07-17 10:00:00,22.8,609
2024-07-17 11:00:00,24,742
2024-07-17 12:00:00,24.8,716
2024-07-17 13:00:00,26.9,835
2024-07-17 14:00:00,27.9,835
2024-07-17 15:00:00,27.7,788
2024-07-17 16:00:00,27.1,657
2024-07-17 17:00:00,26.5,493
2024-07-17 18:00:00,25.4,315
2024-07-17 19:00:00,23.2,143
2024-07-17 20:00:00,20.6,21
2024-07-17 21:00:00,19.4,0
2024-07-17 22:00:00,18.8,0
2024-07-17 23:00:00,18,0
2024-07-18,17.2,0
2024-07-18 01:00:00,17.4,0
2024-07-18 02:00:00,17.4,0
2024-07-18 03:00:00,17.3,0
2024-07-18 04:00:00,17.3,0
2024-07-18 05:00:00,17.5,0
2024-07-18 06:00:00,18.4,39
2024-07-18 07:00:00,20.2,159
2024-07-18 08:00:00,23.2,383
2024-07-18 09:00:00,25.3,563
2024-07-18 10:00:00,26.4,714
2024-07-18 11:00:00,26.5,829
2024-07-18 12:00:00,26.6,896
2024-07-18 13:00:00,26,880
2024-07-18 14:00:00,25.3,743
2024-07-18 15:00:00,25.6,756
2024-07-18 16:00:00,24.9,639
2024-07-18 17:00:00,23.5,452
2024-07-18 18:00:00,23.2,301
2024-07-18 19:00:00,22.2,138
2024-07-18 20:00:00,20.3,19
2024-07-18 21:00:00,19.4,0
2024-07-18 22:00:00,19.6,0
2024-07-18 23:00:00,19.2,0
2024-07-19,18.9,0
2024-07-19 01:00:00,18.4,0
2024-07-19 02:00:00,19.1,0
2024-07-19 03:00:00,19.4,0
2024-07-19 04:00:00,19.6,0
2024-07-19 05:00:00,19.7,0
2024-07-19 06:00:00,20.4,28
2024-07-19 07:00:00,21.5,159
2024-07-19 08:00:00,23.4,375
2024-07-19 09:00:00,24.9,545
2024-07-19 10:00:00,26.3,692
2024-07-19 11:00:00,27,816
2024-07-19 12:00:00,26.5,887
2024-07-19 13:00:00,26.5,905
2024-07-19 14:00:00,26.3,857
2024-07-19 15:00:00,25.8,721
2024-07-19 16:00:00,24.4,616
2024-07-19 17:00:00,23.5,467
2024-07-19 18:00:00,22.8,303
2024-07-19 19:00:00,21.6,133
2024-07-19 20:00:00,20.2,19
2024-07-19 21:00:00,20.1,0
2024-07-19 22:00:00,18.9,0
2024-07-19 23:00:00,18.3,0
2024-07-20,18.8,0
2024-07-20 01:00:00,18.8,0
2024-07-20 02:00:00,18.4,0
2024-07-20 03:00:00,18,0
2024-07-20 04:00:00,18,0
2024-07-20 05:00:00,18.3,0
2024-07-20 06:00:00,18.9,26
2024-07-20 07:00:00,20.3,86
2024-07-20 08:00:00,21.4,149
2024-07-20 09:00:00,22.6,256
2024-07-20 10:00:00,23.1,324
2024-07-20 11:00:00,24.5,542
2024-07-20 12:00:00,25.4,503
2024-07-20 13:00:00,27.3,783
2024-07-20 14:00:00,26.9,660
2024-07-20 15:00:00,26.2,643
2024-07-20 16:00:00,24.5,476
2024-07-20 17:00:00,23.9,392
2024-07-20 18:00:00,22.2,202
2024-07-20 19:00:00,20.8,93
2024-07-20 20:00:00,20,6
2024-07-20 21:00:00,20,0
2024-07-20 22:00:00,19.3,0
2024-07-20 23:00:00,18.7,0
2024-07-21,18.1,0
2024-07-21 01:00:00,17.9,0
2024-07-21 02:00:00,17,0
2024-07-21 03:00:00,16.7,0
2024-07-21 04:00:00,16.7,0
2024-07-21 05:00:00,16.3,0
2024-07-21 06:00:00,16.9,44
2024-07-21 07:00:00,18.1,183
2024-07-21 08:00:00,19.1,371
2024-07-21 09:00:00,19.6,454
2024-07-21 10:00:00,20.1,551
2024-07-21 11:00:00,20.2,489
2024-07-21 12:00:00,20.9,661
2024-07-21 13:00:00,20.5,533
2024-07-21 14:00:00,21,538
2024-07-21 15:00:00,20.7,545
2024-07-21 16:00:00,19.9,292
2024-07-21 17:00:00,20.1,423
2024-07-21 18:00:00,19.4,253
2024-07-21 19:00:00,18.7,105
2024-07-21 20:00:00,17,16
2024-07-21 21:00:00,16.9,0
2024-07-21 22:00:00,16.5,0
2024-07-21 23:00:00,16.8,0
2024-07-22,16.4,0
2024-07-22 01:00:00,15.7,0
2024-07-22 02:00:00,16,0
2024-07-22 03:00:00,16.3,0
2024-07-22 04:00:00,16.3,0
2024-07-22 05:00:00,16.4,0
2024-07-22 06:00:00,16.8,29
2024-07-22 07:00:00,18.3,140
2024-07-22 08:00:00,19.6,308
2024-07-22 09:00:00,21.1,506
2024-07-22 10:00:00,22.1,686
2024-07-22 11:00:00,23.4,816
2024-07-22 12:00:00,24.4,889
2024-07-22 13:00:00,25.1,894
2024-07-22 14:00:00,25.3,863
2024-07-22 15:00:00,25.5,777
2024-07-22 16:00:00,25.1,646
2024-07-22 17:00:00,24.3,484
2024-07-22 18:00:00,23.2,305
2024-07-22 19:00:00,21.7,134
2024-07-22 20:00:00,19.1,17
2024-07-22 21:00:00,17.9,0
2024-07-22 22:00:00,17.1,0
2024-07-22 23:00:00,16.5,0
2024-07-23,16,0
2024-07-23 01:00:00,16.7,0
2024-07-23 02:00:00,16.1,0
2024-07-23 03:00:00,16.3,0
2024-07-23 04:00:00,15.3,0
2024-07-23 05:00:00,14.7,0
2024-07-23 06:00:00,17.1,50
2024-07-23 07:00:00,19.7,197
2024-07-23 08:00:00,22.2,375
2024-07-23 09:00:00,24.4,549
2024-07-23 10:00:00,26.1,701
2024-07-23 11:00:00,27.1,815
2024-07-23 12:00:00,27.9,882
2024-07-23 13:00:00,28.4,900
2024-07-23 14:00:00,28.1,864
2024-07-23 15:00:00,27.6,778
2024-07-23 16:00:00,26.1,648
2024-07-23 17:00:00,24.8,485
2024-07-23 18:00:00,23.6,305
2024-07-23 19:00:00,22.3,133
2024-07-23 20:00:00,20.2,16
2024-07-23 21:00:00,18.8,0
2024-07-23 22:00:00,18.7,0
2024-07-23 23:00:00,18.6,0
2024-07-24,17.8,0
2024-07-24 01:00:00,17.8,0
2024-07-24 02:00:00,18.5,0
2024-07-24 03:00:00,18.7,0
2024-07-24 04:00:00,18.7,0
2024-07-24 05:00:00,18.4,0
2024-07-24 06:00:00,18.9,22
2024-07-24 07:00:00,20.2,109
2024-07-24 08:00:00,21.6,187
2024-07-24 09:00:00,22.5,242
2024-07-24 10:00:00,23.7,340
2024-07-24 11:00:00,24.4,445
2024-07-24 12:00:00,24.9,437
2024-07-24 13:00:00,25.5,613
2024-07-24 14:00:00,25.6,622
2024-07-24 15:00:00,24.9,575
2024-07-24 16:00:00,24.2,521
2024-07-24 17:00:00,23.2,300
2024-07-24 18:00:00,22,140
2024-07-24 19:00:00,21.3,55
2024-07-24 20:00:00,20.6,10
2024-07-24 21:00:00,20.1,0
2024-07-24 22:00:00,19.8,0
2024-07-24 23:00:00,19.8,0
2024-07-25,19.2,0
2024-07-25 01:00:00,20,0
2024-07-25 02:00:00,19.3,0
2024-07-25 03:00:00,19.2,0
2024-07-25 04:00:00,19.5,0
2024-07-25 05:00:00,19.5,0
2024-07-25 06:00:00,19.7,13
2024-07-25 07:00:00,20.2,69
2024-07-25 08:00:00,21.1,166
2024-07-25 09:00:00,22.3,322
2024-07-25 10:00:00,22.8,361
2024-07-25 11:00:00,23.4,455
2024-07-25 12:00:00,23.6,461
2024-07-25 13:00:00,25,819
2024-07-25 14:00:00,24.6,833
2024-07-25 15:00:00,23.9,759
2024-07-25 16:00:00,23.3,631
2024-07-25 17:00:00,22.5,473
2024-07-25 18:00:00,21.2,296
2024-07-25 19:00:00,20,127
2024-07-25 20:00:00,18.7,14
2024-07-25 21:00:00,17.5,0
2024-07-25 22:00:00,17.6,0
2024-07-25 23:00:00,17,0
2024-07-26,16.5,0
2024-07-26 01:00:00,17.4,0
2024-07-26 02:00:00,17.4,0
2024-07-26 03:00:00,17.1,0
2024-07-26 04:00:00,17,0
2024-07-26 05:00:00,16.9,0
2024-07-26 06:00:00,17.8,36
2024-07-26 07:00:00,19.8,165
2024-07-26 08:00:00,21.1,294
2024-07-26 09:00:00,22.3,389
2024-07-26 10:00:00,23.4,410
2024-07-26 11:00:00,24.8,606
2024-07-26 12:00:00,25.2,790
2024-07-26 13:00:00,25.9,766
2024-07-26 14:00:00,25,774
2024-07-26 15:00:00,24.6,729
2024-07-26 16:00:00,23.9,593
2024-07-26 17:00:00,22.3,282
2024-07-26 18:00:00,21.8,217
2024-07-26 19:00:00,20.6,112
2024-07-26 20:00:00,19.6,12
2024-07-26 21:00:00,19,0
2024-07-26 22:00:00,17.9,0
2024-07-26 23:00:00,17.8,0
2024-07-27,18.1,0
2024-07-27 01:00:00,17.9,0
2024-07-27 02:00:00,17.2,0
2024-07-27 03:00:00,17.6,0
2024-07-27 04:00:00,17,0
2024-07-27 05:00:00,17.6,0
2024-07-27 06:00:00,18.3,35
2024-07-27 07:00:00,20.1,152
2024-07-27 08:00:00,21.6,314
2024-07-27 09:00:00,23,470
2024-07-27 10:00:00,24.2,594
2024-07-27 11:00:00,24.4,520
2024-07-27 12:00:00,24.6,635
2024-07-27 13:00:00,24.7,666
2024-07-27 14:00:00,24.8,777
2024-07-27 15:00:00,24.6,683
2024-07-27 16:00:00,23.9,553
2024-07-27 17:00:00,23.1,421
2024-07-27 18:00:00,22.5,269
2024-07-27 19:00:00,21.3,117
2024-07-27 20:00:00,20,11
2024-07-27 21:00:00,19.4,0
2024-07-27 22:00:00,18.9,0
2024-07-27 23:00:00,19.2,0
2024-07-28,19.5,0
2024-07-28 01:00:00,19.9,0
2024-07-28 02:00:00,20,0
2024-07-28 03:00:00,20.1,0
2024-07-28 04:00:00,20.1,0
2024-07-28 05:00:00,20.1,0
2024-07-28 06:00:00,20.4,15
2024-07-28 07:00:00,21.2,120
2024-07-28 08:00:00,22.2,235
2024-07-28 09:00:00,22.9,274
2024-07-28 10:00:00,25,508
2024-07-28 11:00:00,27.4,763
2024-07-28 12:00:00,29.3,859
2024-07-28 13:00:00,31.3,876
2024-07-28 14:00:00,31.8,820
2024-07-28 15:00:00,31.4,703
2024-07-28 16:00:00,30.9,569
2024-07-28 17:00:00,30.7,359
2024-07-28 18:00:00,30.4,279
2024-07-28 19:00:00,28.4,113
2024-07-28 20:00:00,25.6,11
2024-07-28 21:00:00,24.2,0
2024-07-28 22:00:00,23.3,0
2024-07-28 23:00:00,22.5,0
2024-07-29,21.9,0
2024-07-29 01:00:00,21.6,0
2024-07-29 02:00:00,21.3,0
2024-07-29 03:00:00,21,0
2024-07-29 04:00:00,20.2,0
2024-07-29 05:00:00,19.9,0
2024-07-29 06:00:00,19.9,23
2024-07-29 07:00:00,21.7,127
2024-07-29 08:00:00,25.1,325
2024-07-29 09:00:00,29.3,523
2024-07-29 10:00:00,32.1,689
2024-07-29 11:00:00,29.1,806
2024-07-29 12:00:00,29.5,851
2024-07-29 13:00:00,33.9,832
2024-07-29 14:00:00,32.4,839
2024-07-29 15:00:00,29.9,649
2024-07-29 16:00:00,28.5,489
2024-07-29 17:00:00,27.7,264
2024-07-29 18:00:00,26.5,151
2024-07-29 19:00:00,25,52
2024-07-29 20:00:00,23.6,5
2024-07-29 21:00:00,22.8,0
2024-07-29 22:00:00,22.5,0
2024-07-29 23:00:00,22,0
2024-07-30,22.2,0
2024-07-30 01:00:00,21.3,0
2024-07-30 02:00:00,21.4,0
2024-07-30 03:00:00,21.1,0
2024-07-30 04:00:00,20.2,0
2024-07-30 05:00:00,20.7,0
2024-07-30 06:00:00,21.7,22
2024-07-30 07:00:00,24.1,176
2024-07-30 08:00:00,25.9,247
2024-07-30 09:00:00,29.5,494
2024-07-30 10:00:00,31.9,607
2024-07-30 11:00:00,34.2,739
2024-07-30 12:00:00,34.8,855
2024-07-30 13:00:00,33.9,877
2024-07-30 14:00:00,33.8,638
2024-07-30 15:00:00,33.1,354
2024-07-30 16:00:00,33.6,440
2024-07-30 17:00:00,33.6,400
2024-07-30 18:00:00,32.1,245
2024-07-30 19:00:00,31.4,110
2024-07-30 20:00:00,27.6,10
2024-07-30 21:00:00,26.6,0
2024-07-30 22:00:00,25.2,0
2024-07-30 23:00:00,24.5,0
2024-07-31,25.1,0
2024-07-31 01:00:00,23.3,0
2024-07-31 02:00:00,22.7,0
2024-07-31 03:00:00,22.3,0
2024-07-31 04:00:00,21.1,0
2024-07-31 05:00:00,21.8,0
2024-07-31 06:00:00,22,36
2024-07-31 07:00:00,23.7,176
2024-07-31 08:00:00,25.3,336
2024-07-31 09:00:00,26.6,520
2024-07-31 10:00:00,27,660
2024-07-31 11:00:00,27.6,770
2024-07-31 12:00:00,27.9,835
2024-07-31 13:00:00,26.6,737
2024-07-31 14:00:00,26.1,787
2024-07-31 15:00:00,26.6,669
2024-07-31 16:00:00,25.9,537
2024-07-31 17:00:00,25.7,441
2024-07-31 18:00:00,24.5,269
2024-07-31 19:00:00,23,109
2024-07-31 20:00:00,21.9,9
2024-07-31 21:00:00,21.2,0
2024-07-31 22:00:00,21.1,0
2024-07-31 23:00:00,20.1,0
2024-08-01,19.6,0
2024-08-01 01:00:00,21.3,0
2024-08-01 02:00:00,21,0
2024-08-01 03:00:00,21.4,0
2024-08-01 04:00:00,21.5,0
2024-08-01 05:00:00,21.5,0
2024-08-01 06:00:00,21.7,17
2024-08-01 07:00:00,22.4,91
2024-08-01 08:00:00,23.3,202
2024-08-01 09:00:00,23.9,243
2024-08-01 10:00:00,25.1,529
2024-08-01 11:00:00,24.5,451
2024-08-01 12:00:00,24.3,414
2024-08-01 13:00:00,23.5,369
2024-08-01 14:00:00,23.1,278
2024-08-01 15:00:00,23.4,365
2024-08-01 16:00:00,23.4,407
2024-08-01 17:00:00,23.4,360
2024-08-01 18:00:00,22.1,224
2024-08-01 19:00:00,21.1,96
2024-08-01 20:00:00,20.4,7
2024-08-01 21:00:00,20,0
2024-08-01 22:00:00,19.4,0
2024-08-01 23:00:00,19,0
2024-08-02,18.5,0
2024-08-02 01:00:00,18.5,0
2024-08-02 02:00:00,18.7,0
2024-08-02 03:00:00,18.7,0
2024-08-02 04:00:00,18.7,0
2024-08-02 05:00:00,18.8,0
2024-08-02 06:00:00,19.4,21
2024-08-02 07:00:00,20.6,115
2024-08-02 08:00:00,21.6,214
2024-08-02 09:00:00,21.9,210
2024-08-02 10:00:00,22.5,313
2024-08-02 11:00:00,23.7,559
2024-08-02 12:00:00,23.6,601
2024-08-02 13:00:00,23,559
2024-08-02 14:00:00,22.6,457
2024-08-02 15:00:00,22.5,377
2024-08-02 16:00:00,21.8,228
2024-08-02 17:00:00,21.7,238
2024-08-02 18:00:00,21.3,107
2024-08-02 19:00:00,20.8,62
2024-08-02 20:00:00,20.5,4
2024-08-02 21:00:00,20.2,0
2024-08-02 22:00:00,20.3,0
2024-08-02 23:00:00,20,0
2024-08-03,19.7,0
2024-08-03 01:00:00,19.9,0
2024-08-03 02:00:00,19.4,0
2024-08-03 03:00:00,19.4,0
2024-08-03 04:00:00,19,0
2024-08-03 05:00:00,19.1,0
2024-08-03 06:00:00,19.4,19
2024-08-03 07:00:00,20.2,97
2024-08-03 08:00:00,21.3,232
2024-08-03 09:00:00,22.3,330
2024-08-03 10:00:00,23.5,478
2024-08-03 11:00:00,24.2,564
2024-08-03 12:00:00,25,674
2024-08-03 13:00:00,26.3,770
2024-08-03 14:00:00,25.6,608
2024-08-03 15:00:00,25,686
2024-08-03 16:00:00,24.4,622
2024-08-03 17:00:00,23.8,460
2024-08-03 18:00:00,22.9,278
2024-08-03 19:00:00,21.3,106
2024-08-03 20:00:00,19.3,7
2024-08-03 21:00:00,19,0
2024-08-03 22:00:00,18.8,0
2024-08-03 23:00:00,17.5,0
2024-08-04,17.4,0
2024-08-04 01:00:00,17.1,0
2024-08-04 02:00:00,15.7,0
2024-08-04 03:00:00,15.5,0
2024-08-04 04:00:00,14.9,0
2024-08-04 05:00:00,14.8,0
2024-08-04 06:00:00,15.1,19
2024-08-04 07:00:00,16.8,111
2024-08-04 08:00:00,20.1,277
2024-08-04 09:00:00,22.8,520
2024-08-04 10:00:00,24.5,624
2024-08-04 11:00:00,26.3,791
2024-08-04 12:00:00,27.9,870
2024-08-04 13:00:00,28.9,885
2024-08-04 14:00:00,28.6,847
2024-08-04 15:00:00,27.5,757
2024-08-04 16:00:00,26.5,624
2024-08-04 17:00:00,25.7,458
2024-08-04 18:00:00,24.3,275
2024-08-04 19:00:00,22.7,104
2024-08-04 20:00:00,20.8,6
2024-08-04 21:00:00,19.7,0
2024-08-04 22:00:00,19.2,0
2024-08-04 23:00:00,18.5,0
2024-08-05,18.1,0
2024-08-05 01:00:00,18.6,0
2024-08-05 02:00:00,19.1,0
2024-08-05 03:00:00,17.9,0
2024-08-05 04:00:00,18,0
2024-08-05 05:00:00,18.3,0
2024-08-05 06:00:00,19.7,21
2024-08-05 07:00:00,20.7,95
2024-08-05 08:00:00,21.9,206
2024-08-05 09:00:00,23.9,373
2024-08-05 10:00:00,25,385
2024-08-05 11:00:00,25.5,450
2024-08-05 12:00:00,26.1,667
2024-08-05 13:00:00,26.9,770
2024-08-05 14:00:00,24.9,457
2024-08-05 15:00:00,26,740
2024-08-05 16:00:00,25.7,549
2024-08-05 17:00:00,23.9,322
2024-08-05 18:00:00,23.3,218
2024-08-05 19:00:00,22.3,90
2024-08-05 20:00:00,21.2,5
2024-08-05 21:00:00,20.3,0
2024-08-05 22:00:00,20.4,0
2024-08-05 23:00:00,20.2,0
2024-08-06,19.5,0
2024-08-06 01:00:00,20.2,0
2024-08-06 02:00:00,19.6,0
2024-08-06 03:00:00,19,0
2024-08-06 04:00:00,19.3,0
2024-08-06 05:00:00,19.5,0
2024-08-06 06:00:00,19.9,11
2024-08-06 07:00:00,21.3,67
2024-08-06 08:00:00,22.5,174
2024-08-06 09:00:00,23.5,267
2024-08-06 10:00:00,24.3,349
2024-08-06 11:00:00,24.8,379
2024-08-06 12:00:00,25.3,527
2024-08-06 13:00:00,24,324
2024-08-06 14:00:00,24.1,368
2024-08-06 15:00:00,24.7,435
2024-08-06 16:00:00,25.5,554
2024-08-06 17:00:00,25.1,417
2024-08-06 18:00:00,23.5,253
2024-08-06 19:00:00,22.3,88
2024-08-06 20:00:00,20.9,5
2024-08-06 21:00:00,20.6,0
2024-08-06 22:00:00,20.4,0
2024-08-06 23:00:00,20.4,0
2024-08-07,20.2,0
2024-08-07 01:00:00,19.8,0
2024-08-07 02:00:00,20.1,0
2024-08-07 03:00:00,19.8,0
2024-08-07 04:00:00,20.6,0
2024-08-07 05:00:00,20.7,0
2024-08-07 06:00:00,20.7,5
2024-08-07 07:00:00,21.4,46
2024-08-07 08:00:00,23.1,327
2024-08-07 09:00:00,23.5,340
2024-08-07 10:00:00,23.2,316
2024-08-07 11:00:00,22.8,294
2024-08-07 12:00:00,22.8,234
2024-08-07 13:00:00,21.7,209
2024-08-07 14:00:00,21.8,143
2024-08-07 15:00:00,22.3,205
2024-08-07 16:00:00,22.2,170
2024-08-07 17:00:00,22.2,178
2024-08-07 18:00:00,21.9,98
2024-08-07 19:00:00,21.2,62
2024-08-07 20:00:00,19.3,4
2024-08-07 21:00:00,19.6,0
2024-08-07 22:00:00,19.1,0
2024-08-07 23:00:00,17.2,0
2024-08-08,17,0
2024-08-08 01:00:00,19.2,0
2024-08-08 02:00:00,19.2,0
2024-08-08 03:00:00,19.1,0
2024-08-08 04:00:00,19.2,0
2024-08-08 05:00:00,19.3,0
2024-08-08 06:00:00,19.5,14
2024-08-08 07:00:00,20.4,78
2024-08-08 08:00:00,21.6,182
2024-08-08 09:00:00,22.6,238
2024-08-08 10:00:00,23.5,304
2024-08-08 11:00:00,24.3,357
2024-08-08 12:00:00,25.1,432
2024-08-08 13:00:00,25.1,397
2024-08-08 14:00:00,25.4,554
2024-08-08 15:00:00,25.8,698
2024-08-08 16:00:00,25.4,568
2024-08-08 17:00:00,24.3,390
2024-08-08 18:00:00,23.3,231
2024-08-08 19:00:00,21.7,80
2024-08-08 20:00:00,20.3,3
2024-08-08 21:00:00,20.6,0
2024-08-08 22:00:00,20.9,0
2024-08-08 23:00:00,20.8,0
2024-08-09,20.4,0
2024-08-09 01:00:00,21,0
2024-08-09 02:00:00,20.5,0
2024-08-09 03:00:00,20.1,0
2024-08-09 04:00:00,20.3,0
2024-08-09 05:00:00,20.2,0
2024-08-09 06:00:00,20.3,13
2024-08-09 07:00:00,21.4,94
2024-08-09 08:00:00,22.9,285
2024-08-09 09:00:00,24.5,469
2024-08-09 10:00:00,25.6,456
2024-08-09 11:00:00,26.7,482
2024-08-09 12:00:00,27.8,800
2024-08-09 13:00:00,27.3,736
2024-08-09 14:00:00,26.8,801
2024-08-09 15:00:00,26.4,715
2024-08-09 16:00:00,25.7,591
2024-08-09 17:00:00,24.9,431
2024-08-09 18:00:00,23.5,248
2024-08-09 19:00:00,22.3,87
2024-08-09 20:00:00,20.7,3
2024-08-09 21:00:00,19.7,0
2024-08-09 22:00:00,19.8,0
2024-08-09 23:00:00,18.7,0
2024-08-10,18.8,0
2024-08-10 01:00:00,19.8,0
2024-08-10 02:00:00,19.6,0
2024-08-10 03:00:00,19.4,0
2024-08-10 04:00:00,19.3,0
2024-08-10 05:00:00,18.1,0
2024-08-10 06:00:00,19,22
2024-08-10 07:00:00,21.3,149
2024-08-10 08:00:00,23.2,324
2024-08-10 09:00:00,25,499
2024-08-10 10:00:00,27.1,653
2024-08-10 11:00:00,29.3,769
2024-08-10 12:00:00,31,838
2024-08-10 13:00:00,30.7,839
2024-08-10 14:00:00,30.7,789
2024-08-10 15:00:00,30.6,685
2024-08-10 16:00:00,30.2,509
2024-08-10 17:00:00,29.7,378
2024-08-10 18:00:00,28.4,230
2024-08-10 19:00:00,25.9,80
2024-08-10 20:00:00,23.7,2
2024-08-10 21:00:00,22.9,0
2024-08-10 22:00:00,22,0
2024-08-10 23:00:00,21.6,0
2024-08-11,21.5,0
2024-08-11 01:00:00,21.6,0
2024-08-11 02:00:00,21,0
2024-08-11 03:00:00,20.8,0
2024-08-11 04:00:00,20.3,0
2024-08-11 05:00:00,20,0
2024-08-11 06:00:00,21.4,21
2024-08-11 07:00:00,25.4,150
2024-08-11 08:00:00,29.2,329
2024-08-11 09:00:00,32.4,478
2024-08-11 10:00:00,35.2,663
2024-08-11 11:00:00,37.6,782
2024-08-11 12:00:00,39.6,854
2024-08-11 13:00:00,40.9,858
2024-08-11 14:00:00,41.2,757
2024-08-11 15:00:00,41.7,719
2024-08-11 16:00:00,40.8,599
2024-08-11 17:00:00,37.9,436
2024-08-11 18:00:00,34.9,203
2024-08-11 19:00:00,31.5,67
2024-08-11 20:00:00,27.3,2
2024-08-11 21:00:00,25.9,0
2024-08-11 22:00:00,24.8,0
2024-08-11 23:00:00,24.1,0
2024-08-12,23,0
2024-08-12 01:00:00,22.5,0
2024-08-12 02:00:00,21.5,0
2024-08-12 03:00:00,20.6,0
2024-08-12 04:00:00,21,0
2024-08-12 05:00:00,21.5,0
2024-08-12 06:00:00,22.2,8
2024-08-12 07:00:00,22.9,67
2024-08-12 08:00:00,23.3,112
2024-08-12 09:00:00,23.6,164
2024-08-12 10:00:00,23.9,215
2024-08-12 11:00:00,24.8,361
2024-08-12 12:00:00,24.5,304
2024-08-12 13:00:00,25.3,523
2024-08-12 14:00:00,24.2,341
2024-08-12 15:00:00,24.3,328
2024-08-12 16:00:00,23.9,199
2024-08-12 17:00:00,23.4,143
2024-08-12 18:00:00,23.4,133
2024-08-12 19:00:00,22.5,38
2024-08-12 20:00:00,22.2,1
2024-08-12 21:00:00,22.1,0
2024-08-12 22:00:00,21.8,0
2024-08-12 23:00:00,21.5,0
2024-08-13,21.3,0
2024-08-13 01:00:00,21.5,0
2024-08-13 02:00:00,21.3,0
2024-08-13 03:00:00,19.8,0
2024-08-13 04:00:00,20.1,0
2024-08-13 05:00:00,20.2,0
2024-08-13 06:00:00,19.8,17
2024-08-13 07:00:00,21.4,123
2024-08-13 08:00:00,22.5,215
2024-08-13 09:00:00,23.1,244
2024-08-13 10:00:00,25.1,534
2024-08-13 11:00:00,25.5,497
2024-08-13 12:00:00,24.6,437
2024-08-13 13:00:00,24.6,441
2024-08-13 14:00:00,24.5,625
2024-08-13 15:00:00,23.4,579
2024-08-13 16:00:00,22.3,212
2024-08-13 17:00:00,21,91
2024-08-13 18:00:00,21,41
2024-08-13 19:00:00,20.5,21
2024-08-13 20:00:00,19.9,1
2024-08-13 21:00:00,19.9,0
2024-08-13 22:00:00,19.6,0
2024-08-13 23:00:00,19.5,0
2024-08-14,19.3,0
2024-08-14 01:00:00,18.1,0
2024-08-14 02:00:00,18.9,0
2024-08-14 03:00:00,18.1,0
2024-08-14 04:00:00,18.8,0
2024-08-14 05:00:00,18.8,0
2024-08-14 06:00:00,18.8,5
2024-08-14 07:00:00,19.2,48
2024-08-14 08:00:00,19.8,156
2024-08-14 09:00:00,20.8,404
2024-08-14 10:00:00,20.9,483
2024-08-14 11:00:00,22,642
2024-08-14 12:00:00,22.1,594
2024-08-14 13:00:00,21.2,546
2024-08-14 14:00:00,20.9,500
2024-08-14 15:00:00,21.2,523
2024-08-14 16:00:00,21.5,442
2024-08-14 17:00:00,21.3,290
2024-08-14 18:00:00,20.7,191
2024-08-14 19:00:00,19.8,57
2024-08-14 20:00:00,19,1
2024-08-14 21:00:00,18.5,0
2024-08-14 22:00:00,18.3,0
2024-08-14 23:00:00,18.2,0
2024-08-15,17.6,0
2024-08-15 01:00:00,17.5,0
2024-08-15 02:00:00,17.4,0
2024-08-15 03:00:00,16.9,0
2024-08-15 04:00:00,17.3,0
2024-08-15 05:00:00,16.8,0
2024-08-15 06:00:00,17.8,9
2024-08-15 07:00:00,18.5,59
2024-08-15 08:00:00,19.3,230
2024-08-15 09:00:00,19.8,276
2024-08-15 10:00:00,20.9,400
2024-08-15 11:00:00,21.7,457
2024-08-15 12:00:00,22.9,641
2024-08-15 13:00:00,23.4,679
2024-08-15 14:00:00,23.9,763
2024-08-15 15:00:00,24,720
2024-08-15 16:00:00,23.6,565
2024-08-15 17:00:00,22.8,400
2024-08-15 18:00:00,21.6,226
2024-08-15 19:00:00,19.5,70
2024-08-15 20:00:00,19.3,1
2024-08-15 21:00:00,18.3,0
2024-08-15 22:00:00,16,0
2024-08-15 23:00:00,15.4,0
2024-08-16,15.2,0
2024-08-16 01:00:00,14.7,0
2024-08-16 02:00:00,13.7,0
2024-08-16 03:00:00,13.3,0
2024-08-16 04:00:00,12.9,0
2024-08-16 05:00:00,12.5,0
2024-08-16 06:00:00,13,16
2024-08-16 07:00:00,16.3,141
2024-08-16 08:00:00,19.9,320
2024-08-16 09:00:00,22.2,499
2024-08-16 10:00:00,24,653
2024-08-16 11:00:00,25.5,771
2024-08-16 12:00:00,26.6,839
2024-08-16 13:00:00,27,850
2024-08-16 14:00:00,26.5,806
2024-08-16 15:00:00,26.6,716
2024-08-16 16:00:00,26.5,579
2024-08-16 17:00:00,25.5,411
2024-08-16 18:00:00,24.1,230
2024-08-16 19:00:00,21.5,68
2024-08-16 20:00:00,20.2,1
2024-08-16 21:00:00,20.5,0
2024-08-16 22:00:00,18.5,0
2024-08-16 23:00:00,17.5,0
2024-08-17,17,0
2024-08-17 01:00:00,16.8,0
2024-08-17 02:00:00,16.4,0
2024-08-17 03:00:00,16.1,0
2024-08-17 04:00:00,15.9,0
2024-08-17 05:00:00,16.1,0
2024-08-17 06:00:00,16.6,12
2024-08-17 07:00:00,19.3,116
2024-08-17 08:00:00,22.7,306
2024-08-17 09:00:00,25,481
2024-08-17 10:00:00,25.9,463
2024-08-17 11:00:00,27,589
2024-08-17 12:00:00,27.2,572
2024-08-17 13:00:00,27.5,710
2024-08-17 14:00:00,26.2,637
2024-08-17 15:00:00,25.5,534
2024-08-17 16:00:00,25.1,480
2024-08-17 17:00:00,24.1,269
2024-08-17 18:00:00,23.9,115
2024-08-17 19:00:00,22.8,49
2024-08-17 20:00:00,21.7,0
2024-08-17 21:00:00,21.1,0
2024-08-17 22:00:00,21.3,0
2024-08-17 23:00:00,21.5,0
2024-08-18,20.9,0
2024-08-18 01:00:00,20.7,0
2024-08-18 02:00:00,20.6,0
2024-08-18 03:00:00,20.5,0
2024-08-18 04:00:00,19.8,0
2024-08-18 05:00:00,20.2,0
2024-08-18 06:00:00,20,5
2024-08-18 07:00:00,20.2,24
2024-08-18 08:00:00,20.4,60
2024-08-18 09:00:00,20.3,106
2024-08-18 10:00:00,21,184
2024-08-18 11:00:00,21.7,285
2024-08-18 12:00:00,21.5,197
2024-08-18 13:00:00,21,213
2024-08-18 14:00:00,21.5,286
2024-08-18 15:00:00,21.3,184
2024-08-18 16:00:00,21.5,166
2024-08-18 17:00:00,21.6,182
2024-08-18 18:00:00,20.9,149
2024-08-18 19:00:00,18.9,58
2024-08-18 20:00:00,17.3,0
2024-08-18 21:00:00,17.6,0
2024-08-18 22:00:00,18.3,0
2024-08-18 23:00:00,16.8,0
2024-08-19,16.6,0
2024-08-19 01:00:00,16,0
2024-08-19 02:00:00,15.8,0
2024-08-19 03:00:00,14.4,0
2024-08-19 04:00:00,13.8,0
2024-08-19 05:00:00,13.7,0
2024-08-19 06:00:00,13.3,11
2024-08-19 07:00:00,14.9,83
2024-08-19 08:00:00,18.4,257
2024-08-19 09:00:00,21,487
2024-08-19 10:00:00,22.5,655
2024-08-19 11:00:00,23.9,775
2024-08-19 12:00:00,25.1,846
2024-08-19 13:00:00,26,862
2024-08-19 14:00:00,25.7,821
2024-08-19 15:00:00,25.2,725
2024-08-19 16:00:00,24.5,584
2024-08-19 17:00:00,23.5,410
2024-08-19 18:00:00,22.1,224
2024-08-19 19:00:00,19.7,60
2024-08-19 20:00:00,17.4,0
2024-08-19 21:00:00,17.7,0
2024-08-19 22:00:00,17.9,0
2024-08-19 23:00:00,16,0
2024-08-20,14.7,0
2024-08-20 01:00:00,13.9,0
2024-08-20 02:00:00,13.5,0
2024-08-20 03:00:00,13.3,0
2024-08-20 04:00:00,13.2,0
2024-08-20 05:00:00,12.9,0
2024-08-20 06:00:00,13.8,12
2024-08-20 07:00:00,17.2,130
2024-08-20 08:00:00,20.6,308
2024-08-20 09:00:00,22.5,488
2024-08-20 10:00:00,23.9,645
2024-08-20 11:00:00,24.5,763
2024-08-20 12:00:00,24.9,831
2024-08-20 13:00:00,25.8,822
2024-08-20 14:00:00,25.3,752
2024-08-20 15:00:00,25.4,617
2024-08-20 16:00:00,25.1,466
2024-08-20 17:00:00,24.5,241
2024-08-20 18:00:00,22.9,94
2024-08-20 19:00:00,21.3,21
2024-08-20 20:00:00,20.8,0
2024-08-20 21:00:00,20.4,0
2024-08-20 22:00:00,20.2,0
2024-08-20 23:00:00,19.4,0
2024-08-21,18.7,0
2024-08-21 01:00:00,19.8,0
2024-08-21 02:00:00,19.2,0
2024-08-21 03:00:00,18.6,0
2024-08-21 04:00:00,17.9,0
2024-08-21 05:00:00,17.5,0
2024-08-21 06:00:00,17.8,8
2024-08-21 07:00:00,19,62
2024-08-21 08:00:00,20,175
2024-08-21 09:00:00,20.2,138
2024-08-21 10:00:00,21.6,315
2024-08-21 11:00:00,23.8,650
2024-08-21 12:00:00,25.1,758
2024-08-21 13:00:00,24.3,503
2024-08-21 14:00:00,25,641
2024-08-21 15:00:00,24.8,683
2024-08-21 16:00:00,23.8,542
2024-08-21 17:00:00,22.6,391
2024-08-21 18:00:00,21.4,210
2024-08-21 19:00:00,19.3,52
2024-08-21 20:00:00,17.9,0
2024-08-21 21:00:00,16.9,0
2024-08-21 22:00:00,16.4,0
2024-08-21 23:00:00,16,0
2024-08-22,15.5,0
2024-08-22 01:00:00,14.7,0
2024-08-22 02:00:00,14,0
2024-08-22 03:00:00,13.6,0
2024-08-22 04:00:00,13.2,0
2024-08-22 05:00:00,13.1,0
2024-08-22 06:00:00,13.8,10
2024-08-22 07:00:00,16.9,124
2024-08-22 08:00:00,20.5,300
2024-08-22 09:00:00,22.8,479
2024-08-22 10:00:00,24.5,634
2024-08-22 11:00:00,25.3,751
2024-08-22 12:00:00,25.3,820
2024-08-22 13:00:00,24.8,831
2024-08-22 14:00:00,24.1,712
2024-08-22 15:00:00,24.5,614
2024-08-22 16:00:00,23.4,450
2024-08-22 17:00:00,22.8,318
2024-08-22 18:00:00,22.1,151
2024-08-22 19:00:00,20.6,46
2024-08-22 20:00:00,19.4,0
2024-08-22 21:00:00,18.3,0
2024-08-22 22:00:00,18,0
2024-08-22 23:00:00,17.4,0
2024-08-23,16.6,0
2024-08-23 01:00:00,16.4,0
2024-08-23 02:00:00,15.9,0
2024-08-23 03:00:00,15.6,0
2024-08-23 04:00:00,15.4,0
2024-08-23 05:00:00,15.1,0
2024-08-23 06:00:00,15.5,6
2024-08-23 07:00:00,17.1,83
2024-08-23 08:00:00,21,270
2024-08-23 09:00:00,24.3,394
2024-08-23 10:00:00,26.1,556
2024-08-23 11:00:00,27,615
2024-08-23 12:00:00,27.8,722
2024-08-23 13:00:00,29,826
2024-08-23 14:00:00,29.1,785
2024-08-23 15:00:00,28.6,690
2024-08-23 16:00:00,27.9,550
2024-08-23 17:00:00,26.8,380
2024-08-23 18:00:00,25.1,199
2024-08-23 19:00:00,22.7,46
2024-08-23 20:00:00,20.6,0
2024-08-23 21:00:00,19.6,0
2024-08-23 22:00:00,19.1,0
2024-08-23 23:00:00,18.7,0
2024-08-24,18.9,0
2024-08-24 01:00:00,18.5,0
2024-08-24 02:00:00,19,0
2024-08-24 03:00:00,17.2,0
2024-08-24 04:00:00,16.5,0
2024-08-24 05:00:00,16.7,0
2024-08-24 06:00:00,17.9,9
2024-08-24 07:00:00,21.1,118
2024-08-24 08:00:00,22.9,290
2024-08-24 09:00:00,25.2,471
2024-08-24 10:00:00,27.3,625
2024-08-24 11:00:00,28.5,739
2024-08-24 12:00:00,27.8,799
2024-08-24 13:00:00,25.4,620
2024-08-24 14:00:00,23.3,391
2024-08-24 15:00:00,22.2,248
2024-08-24 16:00:00,21.2,226
2024-08-24 17:00:00,20.8,179
2024-08-24 18:00:00,20.4,66
2024-08-24 19:00:00,19.7,15
2024-08-24 20:00:00,19.2,0
2024-08-24 21:00:00,19.1,0
2024-08-24 22:00:00,19.3,0
2024-08-24 23:00:00,19.4,0
2024-08-25,19.3,0
2024-08-25 01:00:00,17.9,0
2024-08-25 02:00:00,17.7,0
2024-08-25 03:00:00,17.8,0
2024-08-25 04:00:00,17.9,0
2024-08-25 05:00:00,17.8,0
2024-08-25 06:00:00,18,3
2024-08-25 07:00:00,18.3,44
2024-08-25 08:00:00,19.1,123
2024-08-25 09:00:00,21,457
2024-08-25 10:00:00,21.7,431
2024-08-25 11:00:00,21.7,406
2024-08-25 12:00:00,22.6,631
2024-08-25 13:00:00,21,257
2024-08-25 14:00:00,21.5,308
2024-08-25 15:00:00,22.4,441
2024-08-25 16:00:00,22.3,476
2024-08-25 17:00:00,20.8,222
2024-08-25 18:00:00,19.8,168
2024-08-25 19:00:00,17.9,39
2024-08-25 20:00:00,16.8,0
2024-08-25 21:00:00,17.4,0
2024-08-25 22:00:00,15.9,0
2024-08-25 23:00:00,14.5,0
2024-08-26,14.2,0
2024-08-26 01:00:00,16.1,0
2024-08-26 02:00:00,16.4,0
2024-08-26 03:00:00,16.2,0
2024-08-26 04:00:00,15.5,0
2024-08-26 05:00:00,16.2,0
2024-08-26 06:00:00,16.6,4
2024-08-26 07:00:00,17.9,56
2024-08-26 08:00:00,19.6,179
2024-08-26 09:00:00,21.5,449
2024-08-26 10:00:00,23.2,619
2024-08-26 11:00:00,23.9,695
2024-08-26 12:00:00,24.5,794
2024-08-26 13:00:00,24.7,758
2024-08-26 14:00:00,24.8,774
2024-08-26 15:00:00,24.4,683
2024-08-26 16:00:00,23.7,547
2024-08-26 17:00:00,22.7,374
2024-08-26 18:00:00,21.5,190
2024-08-26 19:00:00,19.1,38
2024-08-26 20:00:00,18.4,0
2024-08-26 21:00:00,18.3,0
2024-08-26 22:00:00,16.5,0
2024-08-26 23:00:00,15.7,0
2024-08-27,15,0
2024-08-27 01:00:00,14.5,0
2024-08-27 02:00:00,13.7,0
2024-08-27 03:00:00,13.3,0
2024-08-27 04:00:00,13.2,0
2024-08-27 05:00:00,13,0
2024-08-27 06:00:00,13.4,7
2024-08-27 07:00:00,16.5,111
2024-08-27 08:00:00,20.8,288
2024-08-27 09:00:00,25.2,467
2024-08-27 10:00:00,29,624
2024-08-27 11:00:00,31.4,741
2024-08-27 12:00:00,32.1,804
2024-08-27 13:00:00,31.5,772
2024-08-27 14:00:00,28.7,516
2024-08-27 15:00:00,27.8,668
2024-08-27 16:00:00,26.5,529
2024-08-27 17:00:00,25.2,362
2024-08-27 18:00:00,24,183
2024-08-27 19:00:00,21.7,35
2024-08-27 20:00:00,20.2,0
2024-08-27 21:00:00,20.4,0
2024-08-27 22:00:00,19.6,0
2024-08-27 23:00:00,19.2,0
2024-08-28,19,0
2024-08-28 01:00:00,18.8,0
2024-08-28 02:00:00,18.3,0
2024-08-28 03:00:00,17,0
2024-08-28 04:00:00,15.8,0
2024-08-28 05:00:00,15.7,0
2024-08-28 06:00:00,16.4,6
2024-08-28 07:00:00,19.2,85
2024-08-28 08:00:00,21.5,244
2024-08-28 09:00:00,23.2,407
2024-08-28 10:00:00,25,604
2024-08-28 11:00:00,26.3,725
2024-08-28 12:00:00,26,796
2024-08-28 13:00:00,25.4,791
2024-08-28 14:00:00,25.2,685
2024-08-28 15:00:00,25,575
2024-08-28 16:00:00,22.1,294
2024-08-28 17:00:00,23,233
2024-08-28 18:00:00,21.6,75
2024-08-28 19:00:00,21.1,19
2024-08-28 20:00:00,20.5,0
2024-08-28 21:00:00,20,0
2024-08-28 22:00:00,19.3,0
2024-08-28 23:00:00,19.1,0
2024-08-29,19.2,0
2024-08-29 01:00:00,20.1,0
2024-08-29 02:00:00,19.9,0
2024-08-29 03:00:00,19.9,0
2024-08-29 04:00:00,19.7,0
2024-08-29 05:00:00,19.6,0
2024-08-29 06:00:00,19.7,2
2024-08-29 07:00:00,20.1,21
2024-08-29 08:00:00,20.1,28
2024-08-29 09:00:00,20.8,105
2024-08-29 10:00:00,20.2,59
2024-08-29 11:00:00,20.9,194
2024-08-29 12:00:00,21.4,206
2024-08-29 13:00:00,22.1,211
2024-08-29 14:00:00,22.7,190
2024-08-29 15:00:00,22.9,157
2024-08-29 16:00:00,23,207
2024-08-29 17:00:00,22.8,120
2024-08-29 18:00:00,22.2,35
2024-08-29 19:00:00,21.2,6
2024-08-29 20:00:00,20.5,0
2024-08-29 21:00:00,20.2,0
2024-08-29 22:00:00,20,0
2024-08-29 23:00:00,19.9,0
2024-08-30,19,0
2024-08-30 01:00:00,18.9,0
2024-08-30 02:00:00,19.4,0
2024-08-30 03:00:00,19.6,0
2024-08-30 04:00:00,19.2,0
2024-08-30 05:00:00,17.9,0
2024-08-30 06:00:00,18.2,4
2024-08-30 07:00:00,19.5,51
2024-08-30 08:00:00,20.5,117
2024-08-30 09:00:00,21,165
2024-08-30 10:00:00,21.3,151
2024-08-30 11:00:00,22.2,265
2024-08-30 12:00:00,23.7,394
2024-08-30 13:00:00,25.2,692
2024-08-30 14:00:00,24.2,341
2024-08-30 15:00:00,24.2,541
2024-08-30 16:00:00,24.2,391
2024-08-30 17:00:00,22.9,82
2024-08-30 18:00:00,22.2,50
2024-08-30 19:00:00,21.6,8
2024-08-30 20:00:00,21.2,0
2024-08-30 21:00:00,19.8,0
2024-08-30 22:00:00,19,0
2024-08-30 23:00:00,19,0
2024-08-31,19.3,0
2024-08-31 01:00:00,20.7,0
2024-08-31 02:00:00,20.4,0
2024-08-31 03:00:00,20.6,0
2024-08-31 04:00:00,20.7,0
2024-08-31 05:00:00,20.6,0
2024-08-31 06:00:00,19.5,4
2024-08-31 07:00:00,21.2,90
2024-08-31 08:00:00,23.2,260
2024-08-31 09:00:00,24.8,396
2024-08-31 10:00:00,26.5,586
2024-08-31 11:00:00,28.3,705
2024-08-31 12:00:00,30.1,770
2024-08-31 13:00:00,24.9,220
2024-08-31 14:00:00,27.3,635
2024-08-31 15:00:00,24.6,272
2024-08-31 16:00:00,23.2,39
2024-08-31 17:00:00,22.7,45
2024-08-31 18:00:00,22.2,10
2024-08-31 19:00:00,21.6,7
2024-08-31 20:00:00,20.5,0
2024-08-31 21:00:00,20.8,0
2024-08-31 22:00:00,20.9,0
2024-08-31 23:00:00,20.9,0
2024-09-01,21,0
2024-09-01 01:00:00,19.6,0
2024-09-01 02:00:00,18.9,0
2024-09-01 03:00:00,19.1,0
2024-09-01 04:00:00,18.9,0
2024-09-01 05:00:00,19.1,0
2024-09-01 06:00:00,18.7,3
2024-09-01 07:00:00,20.1,78
2024-09-01 08:00:00,21.5,225
2024-09-01 09:00:00,23.1,406
2024-09-01 10:00:00,24.2,473
2024-09-01 11:00:00,24.7,614
2024-09-01 12:00:00,24.4,624
2024-09-01 13:00:00,25.2,644
2024-09-01 14:00:00,24.3,565
2024-09-01 15:00:00,23.9,524
2024-09-01 16:00:00,24.2,467
2024-09-01 17:00:00,23.3,242
2024-09-01 18:00:00,22.5,111
2024-09-01 19:00:00,21.2,18
2024-09-01 20:00:00,20.7,0
2024-09-01 21:00:00,20.1,0
2024-09-01 22:00:00,19.5,0
2024-09-01 23:00:00,19.2,0
2024-09-02,17.2,0
2024-09-02 01:00:00,18.1,0
2024-09-02 02:00:00,18.1,0
2024-09-02 03:00:00,18,0
2024-09-02 04:00:00,18.4,0
2024-09-02 05:00:00,18.5,0
2024-09-02 06:00:00,18.4,2
2024-09-02 07:00:00,18.8,58
2024-09-02 08:00:00,20.2,176
2024-09-02 09:00:00,22.4,420
2024-09-02 10:00:00,23.8,478
2024-09-02 11:00:00,23.6,241
2024-09-02 12:00:00,22.6,185
2024-09-02 13:00:00,22.4,621
2024-09-02 14:00:00,20.3,133
2024-09-02 15:00:00,20.7,177
2024-09-02 16:00:00,19.9,80
2024-09-02 17:00:00,20.2,57
2024-09-02 18:00:00,19.7,23
2024-09-02 19:00:00,19.1,2
2024-09-02 20:00:00,18.7,0
2024-09-02 21:00:00,18.7,0
2024-09-02 22:00:00,18.5,0
2024-09-02 23:00:00,18.3,0
2024-09-03,18.3,0
2024-09-03 01:00:00,17.9,0
2024-09-03 02:00:00,17.5,0
2024-09-03 03:00:00,17.5,0
2024-09-03 04:00:00,17.5,0
2024-09-03 05:00:00,17.4,0
2024-09-03 06:00:00,17.2,1
2024-09-03 07:00:00,17.2,24
2024-09-03 08:00:00,17.2,50
2024-09-03 09:00:00,17.8,105
2024-09-03 10:00:00,19.1,297
2024-09-03 11:00:00,19.5,242
2024-09-03 12:00:00,19.9,239
2024-09-03 13:00:00,20.8,399
2024-09-03 14:00:00,21,389
2024-09-03 15:00:00,21,250
2024-09-03 16:00:00,20.6,167
2024-09-03 17:00:00,20,92
2024-09-03 18:00:00,19.3,38
2024-09-03 19:00:00,18.7,7
2024-09-03 20:00:00,18.3,0
2024-09-03 21:00:00,18.3,0
2024-09-03 22:00:00,18.1,0
2024-09-03 23:00:00,18,0
2024-09-04,17.7,0
2024-09-04 01:00:00,17.5,0
2024-09-04 02:00:00,17.3,0
2024-09-04 03:00:00,17.1,0
2024-09-04 04:00:00,17,0
2024-09-04 05:00:00,17.1,0
2024-09-04 06:00:00,17,1
2024-09-04 07:00:00,17.3,26
2024-09-04 08:00:00,17.5,60
2024-09-04 09:00:00,18.4,215
2024-09-04 10:00:00,19.2,427
2024-09-04 11:00:00,19.4,463
2024-09-04 12:00:00,19.9,620
2024-09-04 13:00:00,19.3,284
2024-09-04 14:00:00,19.2,457
2024-09-04 15:00:00,19.5,258
2024-09-04 16:00:00,19.5,276
2024-09-04 17:00:00,18.9,141
2024-09-04 18:00:00,17.7,67
2024-09-04 19:00:00,16.9,7
2024-09-04 20:00:00,16.4,0
2024-09-04 21:00:00,16.1,0
2024-09-04 22:00:00,15.8,0
2024-09-04 23:00:00,15.5,0
2024-09-05,15.3,0
2024-09-05 01:00:00,15.4,0
2024-09-05 02:00:00,15.1,0
2024-09-05 03:00:00,15.1,0
2024-09-05 04:00:00,14.8,0
2024-09-05 05:00:00,14.4,0
2024-09-05 06:00:00,14.6,2
2024-09-05 07:00:00,15.4,48
2024-09-05 08:00:00,15.8,97
2024-09-05 09:00:00,16.3,143
2024-09-05 10:00:00,16.6,166
2024-09-05 11:00:00,18.3,468
2024-09-05 12:00:00,19.6,642
2024-09-05 13:00:00,16.1,137
2024-09-05 14:00:00,15.9,149
2024-09-05 15:00:00,15.7,94
2024-09-05 16:00:00,15.5,66
2024-09-05 17:00:00,15.6,84
2024-09-05 18:00:00,15.3,19
2024-09-05 19:00:00,15.1,1
2024-09-05 20:00:00,15,0
2024-09-05 21:00:00,15.1,0
2024-09-05 22:00:00,14.9,0
2024-09-05 23:00:00,14.7,0
2024-09-06,14.7,0
2024-09-06 01:00:00,14.1,0
2024-09-06 02:00:00,13.9,0
2024-09-06 03:00:00,14,0
2024-09-06 04:00:00,13.9,0
2024-09-06 05:00:00,14,0
2024-09-06 06:00:00,13.8,1
2024-09-06 07:00:00,14.4,74
2024-09-06 08:00:00,15.5,226
2024-09-06 09:00:00,16.8,411
2024-09-06 10:00:00,18.1,555
2024-09-06 11:00:00,19.2,566
2024-09-06 12:00:00,20,454
2024-09-06 13:00:00,20.8,605
2024-09-06 14:00:00,21.6,532
2024-09-06 15:00:00,20.8,530
2024-09-06 16:00:00,19.2,433
2024-09-06 17:00:00,18.8,319
2024-09-06 18:00:00,17.5,138
2024-09-06 19:00:00,15.3,14
2024-09-06 20:00:00,15.6,0
2024-09-06 21:00:00,13.8,0
2024-09-06 22:00:00,13.5,0
2024-09-06 23:00:00,12.7,0
2024-09-07,13.7,0
2024-09-07 01:00:00,14.7,0
2024-09-07 02:00:00,14.4,0
2024-09-07 03:00:00,12.9,0
2024-09-07 04:00:00,12,0
2024-09-07 05:00:00,12.3,0
2024-09-07 06:00:00,13.2,1
2024-09-07 07:00:00,14.4,26
2024-09-07 08:00:00,16,74
2024-09-07 09:00:00,17.8,179
2024-09-07 10:00:00,19.4,334
2024-09-07 11:00:00,21.6,686
2024-09-07 12:00:00,20.1,631
2024-09-07 13:00:00,19.7,541
2024-09-07 14:00:00,19.4,529
2024-09-07 15:00:00,20.4,559
2024-09-07 16:00:00,20.2,384
2024-09-07 17:00:00,19,250
2024-09-07 18:00:00,17.7,123
2024-09-07 19:00:00,17.4,12
2024-09-07 20:00:00,14.5,0
2024-09-07 21:00:00,13.5,0
2024-09-07 22:00:00,13,0
2024-09-07 23:00:00,13,0
2024-09-08,11.9,0
2024-09-08 01:00:00,13.2,0
2024-09-08 02:00:00,12.8,0
2024-09-08 03:00:00,13.6,0
2024-09-08 04:00:00,14.2,0
2024-09-08 05:00:00,14.3,0
2024-09-08 06:00:00,14.4,0
2024-09-08 07:00:00,14.9,18
2024-09-08 08:00:00,15.6,65
2024-09-08 09:00:00,18.2,394
2024-09-08 10:00:00,19.2,431
2024-09-08 11:00:00,20.5,602
2024-09-08 12:00:00,20.9,644
2024-09-08 13:00:00,20.7,616
2024-09-08 14:00:00,21,627
2024-09-08 15:00:00,20.5,484
2024-09-08 16:00:00,20.5,445
2024-09-08 17:00:00,19.9,281
2024-09-08 18:00:00,18.7,118
2024-09-08 19:00:00,17.9,10
2024-09-08 20:00:00,17.4,0
2024-09-08 21:00:00,15.1,0
2024-09-08 22:00:00,14.7,0
2024-09-08 23:00:00,14.6,0
2024-09-09,14.3,0
2024-09-09 01:00:00,14.4,0
2024-09-09 02:00:00,14.1,0
2024-09-09 03:00:00,13.5,0
2024-09-09 04:00:00,12.9,0
2024-09-09 05:00:00,12.8,0
2024-09-09 06:00:00,12.7,1
2024-09-09 07:00:00,14.4,67
2024-09-09 08:00:00,17.5,189
2024-09-09 09:00:00,19.9,264
2024-09-09 10:00:00,20.4,224
2024-09-09 11:00:00,21.2,412
2024-09-09 12:00:00,20.8,281
2024-09-09 13:00:00,21.3,526
2024-09-09 14:00:00,20.5,331
2024-09-09 15:00:00,20.5,276
2024-09-09 16:00:00,20.3,265
2024-09-09 17:00:00,19.5,128
2024-09-09 18:00:00,19.2,62
2024-09-09 19:00:00,18.6,5
2024-09-09 20:00:00,17.6,0
2024-09-09 21:00:00,16.7,0
2024-09-09 22:00:00,17.3,0
2024-09-09 23:00:00,16.5,0
2024-09-10,17.3,0
2024-09-10 01:00:00,17.3,0
2024-09-10 02:00:00,17.1,0
2024-09-10 03:00:00,17,0
2024-09-10 04:00:00,16.7,0
2024-09-10 05:00:00,16.3,0
2024-09-10 06:00:00,16.1,1
2024-09-10 07:00:00,17,40
2024-09-10 08:00:00,17.7,149
2024-09-10 09:00:00,18.9,318
2024-09-10 10:00:00,19.6,442
2024-09-10 11:00:00,19.6,388
2024-09-10 12:00:00,20.3,534
2024-09-10 13:00:00,20,334
2024-09-10 14:00:00,20.3,473
2024-09-10 15:00:00,19.7,358
2024-09-10 16:00:00,18.9,197
2024-09-10 17:00:00,18.6,112
2024-09-10 18:00:00,18.1,41
2024-09-10 19:00:00,17.6,3
2024-09-10 20:00:00,17,0
2024-09-10 21:00:00,16.3,0
2024-09-10 22:00:00,16.3,0
2024-09-10 23:00:00,15.2,0
2024-09-11,15.5,0
2024-09-11 01:00:00,16.5,0
2024-09-11 02:00:00,16.3,0
2024-09-11 03:00:00,16.1,0
2024-09-11 04:00:00,16.1,0
2024-09-11 05:00:00,15.5,0
2024-09-11 06:00:00,14.8,1
2024-09-11 07:00:00,16.2,60
2024-09-11 08:00:00,17.7,101
2024-09-11 09:00:00,18.5,152
2024-09-11 10:00:00,19.6,264
2024-09-11 11:00:00,20.3,280
2024-09-11 12:00:00,21,390
2024-09-11 13:00:00,20.1,168
2024-09-11 14:00:00,20.7,258
2024-09-11 15:00:00,20.2,209
2024-09-11 16:00:00,19.4,101
2024-09-11 17:00:00,18.7,37
2024-09-11 18:00:00,18.3,11
2024-09-11 19:00:00,18.1,1
2024-09-11 20:00:00,17.9,0
2024-09-11 21:00:00,17.6,0
2024-09-11 22:00:00,17.5,0
2024-09-11 23:00:00,17.5,0
2024-09-12,17.2,0
2024-09-12 01:00:00,16.8,0
2024-09-12 02:00:00,16.4,0
2024-09-12 03:00:00,16.1,0
2024-09-12 04:00:00,16,0
2024-09-12 05:00:00,16,0
2024-09-12 06:00:00,15.8,0
2024-09-12 07:00:00,15.9,13
2024-09-12 08:00:00,16,35
2024-09-12 09:00:00,16,42
2024-09-12 10:00:00,16.2,117
2024-09-12 11:00:00,15.9,92
2024-09-12 12:00:00,15.5,117
2024-09-12 13:00:00,15.6,72
2024-09-12 14:00:00,15.8,68
2024-09-12 15:00:00,15.5,80
2024-09-12 16:00:00,15.4,45
2024-09-12 17:00:00,15.1,33
2024-09-12 18:00:00,14.9,15
2024-09-12 19:00:00,14.8,2
2024-09-12 20:00:00,14.6,0
2024-09-12 21:00:00,14.5,0
2024-09-12 22:00:00,14.4,0
2024-09-12 23:00:00,13.4,0
2024-09-13,13.9,0
2024-09-13 01:00:00,13.2,0
2024-09-13 02:00:00,13.6,0
2024-09-13 03:00:00,13.2,0
2024-09-13 04:00:00,12.6,0
2024-09-13 05:00:00,12.3,0
2024-09-13 06:00:00,12.1,0
2024-09-13 07:00:00,13.9,53
2024-09-13 08:00:00,15.5,185
2024-09-13 09:00:00,16,377
2024-09-13 10:00:00,16.6,509
2024-09-13 11:00:00,17.2,519
2024-09-13 12:00:00,17.6,568
2024-09-13 13:00:00,18.2,673
2024-09-13 14:00:00,18.2,606
2024-09-13 15:00:00,18,547
2024-09-13 16:00:00,17.3,408
2024-09-13 17:00:00,16.4,255
2024-09-13 18:00:00,15,89
2024-09-13 19:00:00,13,4
2024-09-13 20:00:00,14.2,0
2024-09-13 21:00:00,12.3,0
2024-09-13 22:00:00,12.6,0
2024-09-13 23:00:00,12.6,0
2024-09-14,12.3,0
2024-09-14 01:00:00,10,0
2024-09-14 02:00:00,8.7,0
2024-09-14 03:00:00,7.9,0
2024-09-14 04:00:00,8,0
2024-09-14 05:00:00,7.9,0
2024-09-14 06:00:00,7.5,0
2024-09-14 07:00:00,10.1,69
2024-09-14 08:00:00,13.5,241
2024-09-14 09:00:00,15.4,420
2024-09-14 10:00:00,16.8,580
2024-09-14 11:00:00,18,698
2024-09-14 12:00:00,18.9,766
2024-09-14 13:00:00,19.7,773
2024-09-14 14:00:00,19.7,721
2024-09-14 15:00:00,19.2,614
2024-09-14 16:00:00,18.6,463
2024-09-14 17:00:00,17.8,284
2024-09-14 18:00:00,15.9,105
2024-09-14 19:00:00,14.3,4
2024-09-14 20:00:00,12.5,0
2024-09-14 21:00:00,11.2,0
2024-09-14 22:00:00,10.2,0
2024-09-14 23:00:00,9.7,0
2024-09-15,9.5,0
2024-09-15 01:00:00,9.5,0
2024-09-15 02:00:00,9.1,0
2024-09-15 03:00:00,8.8,0
2024-09-15 04:00:00,8.4,0
2024-09-15 05:00:00,8.2,0
2024-09-15 06:00:00,8.3,0
2024-09-15 07:00:00,11.2,66
2024-09-15 08:00:00,14.9,237
2024-09-15 09:00:00,16.9,419
2024-09-15 10:00:00,18.1,577
2024-09-15 11:00:00,18.9,692
2024-09-15 12:00:00,19.1,744
2024-09-15 13:00:00,19.1,765
2024-09-15 14:00:00,18.7,715
2024-09-15 15:00:00,18.2,612
2024-09-15 16:00:00,17.5,462
2024-09-15 17:00:00,16.5,282
2024-09-15 18:00:00,14.5,101
2024-09-15 19:00:00,13.8,3
2024-09-15 20:00:00,13.6,0
2024-09-15 21:00:00,10.7,0
2024-09-15 22:00:00,9.9,0
2024-09-15 23:00:00,9.2,0
2024-09-16,8.8,0
2024-09-16 01:00:00,8.9,0
2024-09-16 02:00:00,8.3,0
2024-09-16 03:00:00,8.5,0
2024-09-16 04:00:00,8.6,0
2024-09-16 05:00:00,8.3,0
2024-09-16 06:00:00,7.8,0
2024-09-16 07:00:00,9.6,47
2024-09-16 08:00:00,13.7,185
2024-09-16 09:00:00,17.5,396
2024-09-16 10:00:00,18.8,553
2024-09-16 11:00:00,19.6,630
2024-09-16 12:00:00,19.9,718
2024-09-16 13:00:00,20,739
2024-09-16 14:00:00,19.6,686
2024-09-16 15:00:00,19.1,571
2024-09-16 16:00:00,18.4,429
2024-09-16 17:00:00,17.5,258
2024-09-16 18:00:00,15.7,89
2024-09-16 19:00:00,13.9,2
2024-09-16 20:00:00,15.5,0
2024-09-16 21:00:00,14.1,0
2024-09-16 22:00:00,13.4,0
2024-09-16 23:00:00,13.9,0
2024-09-17,13,0
2024-09-17 01:00:00,13,0
2024-09-17 02:00:00,13.6,0
2024-09-17 03:00:00,12.3,0
2024-09-17 04:00:00,12,0
2024-09-17 05:00:00,12.4,0
2024-09-17 06:00:00,11.7,0
2024-09-17 07:00:00,14.7,49
2024-09-17 08:00:00,16.6,166
2024-09-17 09:00:00,17.9,352
2024-09-17 10:00:00,18.3,354
2024-09-17 11:00:00,18.7,370
2024-09-17 12:00:00,19.9,675
2024-09-17 13:00:00,19.2,392
2024-09-17 14:00:00,19.1,400
2024-09-17 15:00:00,18.6,274
2024-09-17 16:00:00,18.4,273
2024-09-17 17:00:00,17.9,125
2024-09-17 18:00:00,17.2,50
2024-09-17 19:00:00,16.4,1
2024-09-17 20:00:00,16.3,0
2024-09-17 21:00:00,15,0
2024-09-17 22:00:00,13,0
2024-09-17 23:00:00,13.7,0
2024-09-18,14.3,0
2024-09-18 01:00:00,15.2,0
2024-09-18 02:00:00,14.2,0
2024-09-18 03:00:00,12.9,0
2024-09-18 04:00:00,12.6,0
2024-09-18 05:00:00,12,0
2024-09-18 06:00:00,11.4,0
2024-09-18 07:00:00,13.3,46
2024-09-18 08:00:00,16.1,189
2024-09-18 09:00:00,18.2,367
2024-09-18 10:00:00,19.5,487
2024-09-18 11:00:00,20.2,373
2024-09-18 12:00:00,20.8,395
2024-09-18 13:00:00,22,540
2024-09-18 14:00:00,21.9,470
2024-09-18 15:00:00,20.9,408
2024-09-18 16:00:00,20.2,378
2024-09-18 17:00:00,19.9,241
2024-09-18 18:00:00,17.9,78
2024-09-18 19:00:00,16,1
2024-09-18 20:00:00,16.5,0
2024-09-18 21:00:00,14.8,0
2024-09-18 22:00:00,13.8,0
2024-09-18 23:00:00,14,0
2024-09-19,13.8,0
2024-09-19 01:00:00,14.8,0
2024-09-19 02:00:00,14.9,0
2024-09-19 03:00:00,14.7,0
2024-09-19 04:00:00,14.5,0
2024-09-19 05:00:00,14.1,0
2024-09-19 06:00:00,13.6,0
2024-09-19 07:00:00,14.3,46
2024-09-19 08:00:00,17.6,207
2024-09-19 09:00:00,20.2,379
2024-09-19 10:00:00,22.1,534
2024-09-19 11:00:00,23.7,652
2024-09-19 12:00:00,25.2,716
2024-09-19 13:00:00,26.3,703
2024-09-19 14:00:00,26.6,633
2024-09-19 15:00:00,26.4,530
2024-09-19 16:00:00,25.3,389
2024-09-19 17:00:00,23.4,220
2024-09-19 18:00:00,20.3,70
2024-09-19 19:00:00,18.3,1
2024-09-19 20:00:00,17.5,0
2024-09-19 21:00:00,16.9,0
2024-09-19 22:00:00,16.3,0
2024-09-19 23:00:00,15.9,0
2024-09-20,15.4,0
2024-09-20 01:00:00,15.6,0
2024-09-20 02:00:00,14.9,0
2024-09-20 03:00:00,14.6,0
2024-09-20 04:00:00,14.2,0
2024-09-20 05:00:00,14.4,0
2024-09-20 06:00:00,14.9,0
2024-09-20 07:00:00,17.1,47
2024-09-20 08:00:00,19.8,185
2024-09-20 09:00:00,21.2,334
2024-09-20 10:00:00,22.3,444
2024-09-20 11:00:00,23.6,550
2024-09-20 12:00:00,24.8,595
2024-09-20 13:00:00,26,660
2024-09-20 14:00:00,25.7,561
2024-09-20 15:00:00,25.4,427
2024-09-20 16:00:00,19.3,202
2024-09-20 17:00:00,18.9,42
2024-09-20 18:00:00,18.7,62
2024-09-20 19:00:00,18.4,1
2024-09-20 20:00:00,17.3,0
2024-09-20 21:00:00,15.7,0
2024-09-20 22:00:00,16.1,0
2024-09-20 23:00:00,15.4,0
2024-09-21,14.9,0
2024-09-21 01:00:00,17.1,0
2024-09-21 02:00:00,16.7,0
2024-09-21 03:00:00,16,0
2024-09-21 04:00:00,16.5,0
2024-09-21 05:00:00,15.9,0
2024-09-21 06:00:00,15.7,0
2024-09-21 07:00:00,16.7,42
2024-09-21 08:00:00,18.9,160
2024-09-21 09:00:00,20.7,262
2024-09-21 10:00:00,22.4,494
2024-09-21 11:00:00,23.5,577
2024-09-21 12:00:00,21,408
2024-09-21 13:00:00,21.9,646
2024-09-21 14:00:00,18.1,279
2024-09-21 15:00:00,18.8,282
2024-09-21 16:00:00,18.5,31
2024-09-21 17:00:00,18.3,73
2024-09-21 18:00:00,18.1,22
2024-09-21 19:00:00,18.1,0
2024-09-21 20:00:00,17.8,0
2024-09-21 21:00:00,17,0
2024-09-21 22:00:00,17.5,0
2024-09-21 23:00:00,17.4,0
2024-09-22,17.3,0
2024-09-22 01:00:00,17.1,0
2024-09-22 02:00:00,16.5,0
2024-09-22 03:00:00,15.6,0
2024-09-22 04:00:00,16,0
2024-09-22 05:00:00,15.8,0
2024-09-22 06:00:00,15.7,0
2024-09-22 07:00:00,16.1,27
2024-09-22 08:00:00,17.8,173
2024-09-22 09:00:00,18.9,299
2024-09-22 10:00:00,19.8,434
2024-09-22 11:00:00,20.4,524
2024-09-22 12:00:00,20.8,564
2024-09-22 13:00:00,19.5,378
2024-09-22 14:00:00,19.5,502
2024-09-22 15:00:00,18.3,292
2024-09-22 16:00:00,18.7,252
2024-09-22 17:00:00,18.4,179
2024-09-22 18:00:00,16.8,54
2024-09-22 19:00:00,16.4,0
2024-09-22 20:00:00,16.8,0
2024-09-22 21:00:00,15.2,0
2024-09-22 22:00:00,14,0
2024-09-22 23:00:00,13.7,0
2024-09-23,13.2,0
2024-09-23 01:00:00,15.6,0
2024-09-23 02:00:00,15.7,0
2024-09-23 03:00:00,15.3,0
2024-09-23 04:00:00,12.9,0
2024-09-23 05:00:00,13.1,0
2024-09-23 06:00:00,12.7,0
2024-09-23 07:00:00,14.2,37
2024-09-23 08:00:00,16.1,168
2024-09-23 09:00:00,17.9,326
2024-09-23 10:00:00,19.3,502
2024-09-23 11:00:00,20.2,562
2024-09-23 12:00:00,20.7,639
2024-09-23 13:00:00,21,517
2024-09-23 14:00:00,20.2,434
2024-09-23 15:00:00,20.3,460
2024-09-23 16:00:00,19.1,329
2024-09-23 17:00:00,18.4,171
2024-09-23 18:00:00,16.3,54
2024-09-23 19:00:00,16.9,0
2024-09-23 20:00:00,14.7,0
2024-09-23 21:00:00,15,0
2024-09-23 22:00:00,14.5,0
2024-09-23 23:00:00,14.7,0
2024-09-24,15,0
2024-09-24 01:00:00,15.4,0
2024-09-24 02:00:00,15.4,0
2024-09-24 03:00:00,14.9,0
2024-09-24 04:00:00,14.9,0
2024-09-24 05:00:00,13.7,0
2024-09-24 06:00:00,12.9,0
2024-09-24 07:00:00,13.7,36
2024-09-24 08:00:00,16.1,189
2024-09-24 09:00:00,18.9,370
2024-09-24 10:00:00,20.9,525
2024-09-24 11:00:00,21.9,630
2024-09-24 12:00:00,22.3,537
2024-09-24 13:00:00,22,467
2024-09-24 14:00:00,21.5,556
2024-09-24 15:00:00,21.3,482
2024-09-24 16:00:00,20.7,345
2024-09-24 17:00:00,19.9,175
2024-09-24 18:00:00,18.9,45
2024-09-24 19:00:00,16.5,0
2024-09-24 20:00:00,17,0
2024-09-24 21:00:00,14.7,0
2024-09-24 22:00:00,14.6,0
2024-09-24 23:00:00,14,0
2024-09-25,13.4,0
2024-09-25 01:00:00,13.5,0
2024-09-25 02:00:00,13.9,0
2024-09-25 03:00:00,15.7,0
2024-09-25 04:00:00,16.6,0
2024-09-25 05:00:00,17.5,0
2024-09-25 06:00:00,18.3,0
2024-09-25 07:00:00,18.7,9
2024-09-25 08:00:00,19.7,146
2024-09-25 09:00:00,21,187
2024-09-25 10:00:00,23,472
2024-09-25 11:00:00,24.2,560
2024-09-25 12:00:00,25.1,406
2024-09-25 13:00:00,27.1,535
2024-09-25 14:00:00,27.4,449
2024-09-25 15:00:00,26.7,244
2024-09-25 16:00:00,26.9,250
2024-09-25 17:00:00,27.2,186
2024-09-25 18:00:00,27.1,31
2024-09-25 19:00:00,26.4,0
2024-09-25 20:00:00,26.5,0
2024-09-25 21:00:00,25.8,0
2024-09-25 22:00:00,25.5,0
2024-09-25 23:00:00,24.4,0
2024-09-26,22,0
2024-09-26 01:00:00,18.8,0
2024-09-26 02:00:00,18.2,0
2024-09-26 03:00:00,17.6,0
2024-09-26 04:00:00,17,0
2024-09-26 05:00:00,17.7,0
2024-09-26 06:00:00,17.8,0
2024-09-26 07:00:00,18.4,18
2024-09-26 08:00:00,20,37
2024-09-26 09:00:00,20.9,32
2024-09-26 10:00:00,21.4,82
2024-09-26 11:00:00,20.8,86
2024-09-26 12:00:00,21.2,491
2024-09-26 13:00:00,19.7,432
2024-09-26 14:00:00,20.4,398
2024-09-26 15:00:00,20.4,382
2024-09-26 16:00:00,19.9,198
2024-09-26 17:00:00,19.1,77
2024-09-26 18:00:00,18.1,18
2024-09-26 19:00:00,17.4,0
2024-09-26 20:00:00,17.3,0
2024-09-26 21:00:00,16.9,0
2024-09-26 22:00:00,17,0
2024-09-26 23:00:00,16.7,0
2024-09-27,15.3,0
2024-09-27 01:00:00,14.8,0
2024-09-27 02:00:00,14.6,0
2024-09-27 03:00:00,13.1,0
2024-09-27 04:00:00,12.8,0
2024-09-27 05:00:00,12.8,0
2024-09-27 06:00:00,12.8,0
2024-09-27 07:00:00,13.5,34
2024-09-27 08:00:00,14.3,159
2024-09-27 09:00:00,14.6,183
2024-09-27 10:00:00,16,400
2024-09-27 11:00:00,16.7,559
2024-09-27 12:00:00,16.7,544
2024-09-27 13:00:00,16.9,527
2024-09-27 14:00:00,17.6,563
2024-09-27 15:00:00,17.1,397
2024-09-27 16:00:00,16.7,330
2024-09-27 17:00:00,15.8,191
2024-09-27 18:00:00,14.7,43
2024-09-27 19:00:00,13.4,0
2024-09-27 20:00:00,12.7,0
2024-09-27 21:00:00,12.5,0
2024-09-27 22:00:00,12.9,0
2024-09-27 23:00:00,12.4,0
2024-09-28,12.1,0
2024-09-28 01:00:00,12.4,0
2024-09-28 02:00:00,12.7,0
2024-09-28 03:00:00,12.3,0
2024-09-28 04:00:00,11.6,0
2024-09-28 05:00:00,11.6,0
2024-09-28 06:00:00,11.2,0
2024-09-28 07:00:00,12.3,26
2024-09-28 08:00:00,13,107
2024-09-28 09:00:00,14.4,280
2024-09-28 10:00:00,14.5,297
2024-09-28 11:00:00,16.1,525
2024-09-28 12:00:00,16.5,595
2024-09-28 13:00:00,17.3,572
2024-09-28 14:00:00,17.7,572
2024-09-28 15:00:00,17.3,427
2024-09-28 16:00:00,16.9,262
2024-09-28 17:00:00,16.2,163
2024-09-28 18:00:00,13.4,40
2024-09-28 19:00:00,11.9,0
2024-09-28 20:00:00,11.5,0
2024-09-28 21:00:00,11,0
2024-09-28 22:00:00,10.2,0
2024-09-28 23:00:00,9.5,0
2024-09-29,9,0
2024-09-29 01:00:00,9.3,0
2024-09-29 02:00:00,9.1,0
2024-09-29 03:00:00,9.5,0
2024-09-29 04:00:00,10.1,0
2024-09-29 05:00:00,10.6,0
2024-09-29 06:00:00,11,0
2024-09-29 07:00:00,12.6,32
2024-09-29 08:00:00,15.5,164
2024-09-29 09:00:00,17.9,229
2024-09-29 10:00:00,20.6,488
2024-09-29 11:00:00,22.7,585
2024-09-29 12:00:00,24.4,668
2024-09-29 13:00:00,25.6,675
2024-09-29 14:00:00,26.1,614
2024-09-29 15:00:00,26.2,512
2024-09-29 16:00:00,25.6,367
2024-09-29 17:00:00,23.3,194
2024-09-29 18:00:00,19.7,40
2024-09-29 19:00:00,18.1,0
2024-09-29 20:00:00,16.2,0
2024-09-29 21:00:00,16,0
2024-09-29 22:00:00,16.2,0
2024-09-29 23:00:00,14.7,0
2024-09-30,12.5,0
2024-09-30 01:00:00,12.2,0
2024-09-30 02:00:00,11.9,0
2024-09-30 03:00:00,11.6,0
2024-09-30 04:00:00,12.2,0
2024-09-30 05:00:00,12.2,0
2024-09-30 06:00:00,13.8,0
2024-09-30 07:00:00,14.3,14
2024-09-30 08:00:00,16.3,133
2024-09-30 09:00:00,19.2,334
2024-09-30 10:00:00,21.1,483
2024-09-30 11:00:00,22.4,595
2024-09-30 12:00:00,23.3,656
2024-09-30 13:00:00,22.8,611
2024-09-30 14:00:00,23.2,591
2024-09-30 15:00:00,22.1,457
2024-09-30 16:00:00,21.2,297
2024-09-30 17:00:00,20.3,152
2024-09-30 18:00:00,18.4,29
2024-09-30 19:00:00,16.9,0
2024-09-30 20:00:00,15.8,0
2024-09-30 21:00:00,15.7,0
2024-09-30 22:00:00,15.5,0
2024-09-30 23:00:00,15.5,0
2024-10-01,15.7,0
2024-10-01 01:00:00,16.6,0
2024-10-01 02:00:00,16.3,0
2024-10-01 03:00:00,16,0
2024-10-01 04:00:00,16.1,0
2024-10-01 05:00:00,15.8,0
2024-10-01 06:00:00,15.9,0
2024-10-01 07:00:00,16.3,7
2024-10-01 08:00:00,18,71
2024-10-01 09:00:00,20.6,238
2024-10-01 10:00:00,23.3,452
2024-10-01 11:00:00,25,560
2024-10-01 12:00:00,25.5,397
2024-10-01 13:00:00,24.4,428
2024-10-01 14:00:00,22.8,502
2024-10-01 15:00:00,22.1,275
2024-10-01 16:00:00,21.3,205
2024-10-01 17:00:00,20.5,98
2024-10-01 18:00:00,19.5,21
2024-10-01 19:00:00,18.9,0
2024-10-01 20:00:00,18.3,0
2024-10-01 21:00:00,17.6,0
2024-10-01 22:00:00,17.6,0
2024-10-01 23:00:00,17.3,0
2024-10-02,17,0
2024-10-02 01:00:00,16.5,0
2024-10-02 02:00:00,16.3,0
2024-10-02 03:00:00,16.2,0
2024-10-02 04:00:00,16.2,0
2024-10-02 05:00:00,16.1,0
2024-10-02 06:00:00,15.9,0
2024-10-02 07:00:00,15.9,4
2024-10-02 08:00:00,16.4,47
2024-10-02 09:00:00,16.5,37
2024-10-02 10:00:00,16.9,70
2024-10-02 11:00:00,17.5,108
2024-10-02 12:00:00,17.5,121
2024-10-02 13:00:00,17.7,87
2024-10-02 14:00:00,16.9,44
2024-10-02 15:00:00,16.9,37
2024-10-02 16:00:00,16.7,26
2024-10-02 17:00:00,15.9,19
2024-10-02 18:00:00,15.5,4
2024-10-02 19:00:00,15.5,0
2024-10-02 20:00:00,15.5,0
2024-10-02 21:00:00,15.3,0
2024-10-02 22:00:00,15.2,0
2024-10-02 23:00:00,15.3,0
2024-10-03,15.1,0
2024-10-03 01:00:00,13.9,0
2024-10-03 02:00:00,13.8,0
2024-10-03 03:00:00,14.4,0
2024-10-03 04:00:00,14.4,0
2024-10-03 05:00:00,14.5,0
2024-10-03 06:00:00,13.5,0
2024-10-03 07:00:00,14.3,18
2024-10-03 08:00:00,15.4,133
2024-10-03 09:00:00,16.3,275
2024-10-03 10:00:00,17.3,451
2024-10-03 11:00:00,18.3,551
2024-10-03 12:00:00,18.7,592
2024-10-03 13:00:00,18.7,510
2024-10-03 14:00:00,18.4,430
2024-10-03 15:00:00,18.4,472
2024-10-03 16:00:00,17.7,325
2024-10-03 17:00:00,16.4,118
2024-10-03 18:00:00,14,26
2024-10-03 19:00:00,14.8,0
2024-10-03 20:00:00,14.2,0
2024-10-03 21:00:00,13,0
2024-10-03 22:00:00,11.7,0
2024-10-03 23:00:00,11.2,0
2024-10-04,11.3,0
2024-10-04 01:00:00,10.6,0
2024-10-04 02:00:00,10.3,0
2024-10-04 03:00:00,9.7,0
2024-10-04 04:00:00,10,0
2024-10-04 05:00:00,10,0
2024-10-04 06:00:00,10.7,0
2024-10-04 07:00:00,10.8,16
2024-10-04 08:00:00,11.6,107
2024-10-04 09:00:00,13.7,242
2024-10-04 10:00:00,16.1,462
2024-10-04 11:00:00,17.6,547
2024-10-04 12:00:00,18,394
2024-10-04 13:00:00,19.3,580
2024-10-04 14:00:00,19.4,575
2024-10-04 15:00:00,18.8,476
2024-10-04 16:00:00,17.5,332
2024-10-04 17:00:00,15.7,169
2024-10-04 18:00:00,12.2,27
2024-10-04 19:00:00,10.8,0
2024-10-04 20:00:00,11.5,0
2024-10-04 21:00:00,10.8,0
2024-10-04 22:00:00,10.5,0
2024-10-04 23:00:00,10.6,0
2024-10-05,10.9,0
2024-10-05 01:00:00,10.2,0
2024-10-05 02:00:00,10.7,0
2024-10-05 03:00:00,9.9,0
2024-10-05 04:00:00,9.8,0
2024-10-05 05:00:00,9.8,0
2024-10-05 06:00:00,10.3,0
2024-10-05 07:00:00,12,15
2024-10-05 08:00:00,15.1,134
2024-10-05 09:00:00,18.9,265
2024-10-05 10:00:00,22.4,431
2024-10-05 11:00:00,23.9,501
2024-10-05 12:00:00,25.4,596
2024-10-05 13:00:00,25.3,320
2024-10-05 14:00:00,25.1,221
2024-10-05 15:00:00,23.9,116
2024-10-05 16:00:00,23.5,126
2024-10-05 17:00:00,22.2,50
2024-10-05 18:00:00,21.3,4
2024-10-05 19:00:00,21.3,0
2024-10-05 20:00:00,21,0
2024-10-05 21:00:00,20.4,0
2024-10-05 22:00:00,19.5,0
2024-10-05 23:00:00,19.2,0
2024-10-06,19.5,0
2024-10-06 01:00:00,19.5,0
2024-10-06 02:00:00,18.9,0
2024-10-06 03:00:00,19.2,0
2024-10-06 04:00:00,19.2,0
2024-10-06 05:00:00,19.4,0
2024-10-06 06:00:00,20.1,0
2024-10-06 07:00:00,20.7,19
2024-10-06 08:00:00,21.9,149
2024-10-06 09:00:00,23.5,297
2024-10-06 10:00:00,24.5,404
2024-10-06 11:00:00,25.8,547
2024-10-06 12:00:00,26.1,594
2024-10-06 13:00:00,24.5,434
2024-10-06 14:00:00,23.7,406
2024-10-06 15:00:00,22.7,264
2024-10-06 16:00:00,22.1,174
2024-10-06 17:00:00,20.7,32
2024-10-06 18:00:00,19.7,4
2024-10-06 19:00:00,19.2,0
2024-10-06 20:00:00,17.7,0
2024-10-06 21:00:00,16.6,0
2024-10-06 22:00:00,16.7,0
2024-10-06 23:00:00,17.1,0
2024-10-07,17.8,0
2024-10-07 01:00:00,20.3,0
2024-10-07 02:00:00,19.5,0
2024-10-07 03:00:00,18.4,0
2024-10-07 04:00:00,18.2,0
2024-10-07 05:00:00,17.6,0
2024-10-07 06:00:00,17.4,0
2024-10-07 07:00:00,18.1,3
2024-10-07 08:00:00,18.7,9
2024-10-07 09:00:00,19.2,41
2024-10-07 10:00:00,19.7,70
2024-10-07 11:00:00,20.3,104
2024-10-07 12:00:00,21.4,175
2024-10-07 13:00:00,22.4,202
2024-10-07 14:00:00,21.9,200
2024-10-07 15:00:00,21.9,232
2024-10-07 16:00:00,21.6,179
2024-10-07 17:00:00,21.2,105
2024-10-07 18:00:00,18,13
2024-10-07 19:00:00,15.3,0
2024-10-07 20:00:00,13.9,0
2024-10-07 21:00:00,14.2,0
2024-10-07 22:00:00,16.4,0
2024-10-07 23:00:00,17.4,0
2024-10-08,17.1,0
2024-10-08 01:00:00,17.3,0
2024-10-08 02:00:00,16.9,0
2024-10-08 03:00:00,16.7,0
2024-10-08 04:00:00,16.6,0
2024-10-08 05:00:00,16.7,0
2024-10-08 06:00:00,16.7,0
2024-10-08 07:00:00,17.1,17
2024-10-08 08:00:00,18.5,146
2024-10-08 09:00:00,20.1,311
2024-10-08 10:00:00,21.5,451
2024-10-08 11:00:00,22.6,556
2024-10-08 12:00:00,22.6,437
2024-10-08 13:00:00,22.7,446
2024-10-08 14:00:00,22.7,382
2024-10-08 15:00:00,21.9,251
2024-10-08 16:00:00,21.3,139
2024-10-08 17:00:00,20.8,46
2024-10-08 18:00:00,20.9,1
2024-10-08 19:00:00,20.2,0
2024-10-08 20:00:00,20.3,0
2024-10-08 21:00:00,19.7,0
2024-10-08 22:00:00,20.2,0
2024-10-08 23:00:00,20.9,0
2024-10-09,21.2,0
2024-10-09 01:00:00,21.6,0
2024-10-09 02:00:00,22,0
2024-10-09 03:00:00,22.1,0
2024-10-09 04:00:00,22.2,0
2024-10-09 05:00:00,22.2,0
2024-10-09 06:00:00,22.4,0
2024-10-09 07:00:00,22.6,14
2024-10-09 08:00:00,22.2,130
2024-10-09 09:00:00,21.3,184
2024-10-09 10:00:00,20.9,144
2024-10-09 11:00:00,22.1,184
2024-10-09 12:00:00,23.6,139
2024-10-09 13:00:00,26.1,388
2024-10-09 14:00:00,20.6,341
2024-10-09 15:00:00,16.7,116
2024-10-09 16:00:00,16.2,99
2024-10-09 17:00:00,16.2,51
2024-10-09 18:00:00,15.6,7
2024-10-09 19:00:00,15.4,0
2024-10-09 20:00:00,15.5,0
2024-10-09 21:00:00,14.8,0
2024-10-09 22:00:00,14.9,0
2024-10-09 23:00:00,14.5,0
2024-10-10,14.8,0
2024-10-10 01:00:00,14.2,0
2024-10-10 02:00:00,14.4,0
2024-10-10 03:00:00,12.4,0
2024-10-10 04:00:00,13,0
2024-10-10 05:00:00,12.5,0
2024-10-10 06:00:00,12.1,0
2024-10-10 07:00:00,12.5,15
2024-10-10 08:00:00,14.1,121
2024-10-10 09:00:00,16.4,268
2024-10-10 10:00:00,17.7,405
2024-10-10 11:00:00,18.1,475
2024-10-10 12:00:00,18.5,493
2024-10-10 13:00:00,16.5,320
2024-10-10 14:00:00,16.7,374
2024-10-10 15:00:00,17.1,231
2024-10-10 16:00:00,16.5,244
2024-10-10 17:00:00,16.3,80
2024-10-10 18:00:00,14.5,10
2024-10-10 19:00:00,13.5,0
2024-10-10 20:00:00,12.3,0
2024-10-10 21:00:00,12.3,0
2024-10-10 22:00:00,13.6,0
2024-10-10 23:00:00,13.5,0
2024-10-11,12.9,0
2024-10-11 01:00:00,13,0
2024-10-11 02:00:00,11.6,0
2024-10-11 03:00:00,10.8,0
2024-10-11 04:00:00,10.2,0
2024-10-11 05:00:00,9.8,0
2024-10-11 06:00:00,9.4,0
2024-10-11 07:00:00,9.8,15
2024-10-11 08:00:00,12.1,139
2024-10-11 09:00:00,14.8,307
2024-10-11 10:00:00,17.7,461
2024-10-11 11:00:00,20.1,569
2024-10-11 12:00:00,21.5,622
2024-10-11 13:00:00,22.1,623
2024-10-11 14:00:00,22.6,557
2024-10-11 15:00:00,22.9,430
2024-10-11 16:00:00,21.9,249
2024-10-11 17:00:00,20.2,88
2024-10-11 18:00:00,18.8,8
2024-10-11 19:00:00,18.5,0
2024-10-11 20:00:00,17.9,0
2024-10-11 21:00:00,18.9,0
2024-10-11 22:00:00,18.9,0
2024-10-11 23:00:00,18.9,0
2024-10-12,19.1,0
2024-10-12 01:00:00,18.3,0
2024-10-12 02:00:00,18.9,0
2024-10-12 03:00:00,19.8,0
2024-10-12 04:00:00,18.9,0
2024-10-12 05:00:00,18.6,0
2024-10-12 06:00:00,18.3,0
2024-10-12 07:00:00,18.3,3
2024-10-12 08:00:00,18.8,46
2024-10-12 09:00:00,19.9,119
2024-10-12 10:00:00,21.9,255
2024-10-12 11:00:00,22.7,424
2024-10-12 12:00:00,24.1,590
2024-10-12 13:00:00,23.1,300
2024-10-12 14:00:00,22.9,245
2024-10-12 15:00:00,22.7,250
2024-10-12 16:00:00,22.6,224
2024-10-12 17:00:00,21.2,104
2024-10-12 18:00:00,19.8,9
2024-10-12 19:00:00,18.8,0
2024-10-12 20:00:00,17.5,0
2024-10-12 21:00:00,16.5,0
2024-10-12 22:00:00,16.3,0
2024-10-12 23:00:00,16.2,0
2024-10-13,16,0
2024-10-13 01:00:00,16.6,0
2024-10-13 02:00:00,16.4,0
2024-10-13 03:00:00,15.9,0
2024-10-13 04:00:00,15.3,0
2024-10-13 05:00:00,14.9,0
2024-10-13 06:00:00,14.4,0
2024-10-13 07:00:00,14.7,13
2024-10-13 08:00:00,16.7,130
2024-10-13 09:00:00,19,293
2024-10-13 10:00:00,21.2,441
2024-10-13 11:00:00,22.9,546
2024-10-13 12:00:00,24.1,598
2024-10-13 13:00:00,24.8,592
2024-10-13 14:00:00,25.3,533
2024-10-13 15:00:00,25.8,424
2024-10-13 16:00:00,25.1,277
2024-10-13 17:00:00,23.2,118
2024-10-13 18:00:00,20.9,9
2024-10-13 19:00:00,19.3,0
2024-10-13 20:00:00,18.5,0
2024-10-13 21:00:00,17.3,0
2024-10-13 22:00:00,16.9,0
2024-10-13 23:00:00,16.7,0
2024-10-14,16.4,0
2024-10-14 01:00:00,16.5,0
2024-10-14 02:00:00,17.3,0
2024-10-14 03:00:00,16.2,0
2024-10-14 04:00:00,15.6,0
2024-10-14 05:00:00,15.6,0
2024-10-14 06:00:00,15.1,0
2024-10-14 07:00:00,15.5,11
2024-10-14 08:00:00,18.2,124
2024-10-14 09:00:00,20.3,268
2024-10-14 10:00:00,22,410
2024-10-14 11:00:00,23.3,508
2024-10-14 12:00:00,24.6,576
2024-10-14 13:00:00,26,533
2024-10-14 14:00:00,26.2,467
2024-10-14 15:00:00,25.5,341
2024-10-14 16:00:00,23.5,150
2024-10-14 17:00:00,21.7,69
2024-10-14 18:00:00,20.4,3
2024-10-14 19:00:00,20.6,0
2024-10-14 20:00:00,19.3,0
2024-10-14 21:00:00,19.2,0
2024-10-14 22:00:00,18.6,0
2024-10-14 23:00:00,17.6,0
2024-10-15,16.8,0
2024-10-15 01:00:00,17.6,0
2024-10-15 02:00:00,17.1,0
2024-10-15 03:00:00,18.1,0
2024-10-15 04:00:00,19.4,0
2024-10-15 05:00:00,19.6,0
2024-10-15 06:00:00,19.3,0
2024-10-15 07:00:00,20.1,5
2024-10-15 08:00:00,21.2,73
2024-10-15 09:00:00,22.3,189
2024-10-15 10:00:00,23.8,344
2024-10-15 11:00:00,24.5,481
2024-10-15 12:00:00,25.2,494
2024-10-15 13:00:00,26,515
2024-10-15 14:00:00,26.1,414
2024-10-15 15:00:00,24.7,314
2024-10-15 16:00:00,23.7,182
2024-10-15 17:00:00,22.9,91
2024-10-15 18:00:00,21.6,6
2024-10-15 19:00:00,21.1,0
2024-10-15 20:00:00,20.9,0
2024-10-15 21:00:00,20.6,0
2024-10-15 22:00:00,19.6,0
2024-10-15 23:00:00,18.7,0
2024-10-16,18.1,0
2024-10-16 01:00:00,19.8,0
2024-10-16 02:00:00,19.8,0
2024-10-16 03:00:00,19.5,0
2024-10-16 04:00:00,18.9,0
2024-10-16 05:00:00,19.8,0
2024-10-16 06:00:00,19.7,0
2024-10-16 07:00:00,18.8,1
2024-10-16 08:00:00,18.7,6
2024-10-16 09:00:00,19.5,32
2024-10-16 10:00:00,19.9,45
2024-10-16 11:00:00,22.4,258
2024-10-16 12:00:00,23.2,541
2024-10-16 13:00:00,24.2,490
2024-10-16 14:00:00,21,194
2024-10-16 15:00:00,21.1,260
2024-10-16 16:00:00,19.7,117
2024-10-16 17:00:00,18.4,36
2024-10-16 18:00:00,17.5,1
2024-10-16 19:00:00,17.4,0
2024-10-16 20:00:00,17.2,0
2024-10-16 21:00:00,17,0
2024-10-16 22:00:00,16.8,0
2024-10-16 23:00:00,17,0
2024-10-17,16.9,0
2024-10-17 01:00:00,16.2,0
2024-10-17 02:00:00,15.7,0
2024-10-17 03:00:00,15.8,0
2024-10-17 04:00:00,15.4,0
2024-10-17 05:00:00,15.4,0
2024-10-17 06:00:00,15.1,0
2024-10-17 07:00:00,14.9,1
2024-10-17 08:00:00,14.7,3
2024-10-17 09:00:00,14.7,17
2024-10-17 10:00:00,14.6,20
2024-10-17 11:00:00,14.3,40
2024-10-17 12:00:00,14.5,55
2024-10-17 13:00:00,15,185
2024-10-17 14:00:00,15.1,290
2024-10-17 15:00:00,14.8,129
2024-10-17 16:00:00,14.9,146
2024-10-17 17:00:00,14.1,82
2024-10-17 18:00:00,13,5
2024-10-17 19:00:00,12.9,0
2024-10-17 20:00:00,12.9,0
2024-10-17 21:00:00,13.2,0
2024-10-17 22:00:00,12.7,0
2024-10-17 23:00:00,12.9,0
2024-10-18,12.5,0
2024-10-18 01:00:00,12.8,0
2024-10-18 02:00:00,12.7,0
2024-10-18 03:00:00,13.1,0
2024-10-18 04:00:00,12.7,0
2024-10-18 05:00:00,12.5,0
2024-10-18 06:00:00,11.4,0
2024-10-18 07:00:00,12.3,6
2024-10-18 08:00:00,13.7,85
2024-10-18 09:00:00,15,192
2024-10-18 10:00:00,16.2,353
2024-10-18 11:00:00,17.4,435
2024-10-18 12:00:00,18.3,570
2024-10-18 13:00:00,18.7,480
2024-10-18 14:00:00,18.7,420
2024-10-18 15:00:00,18.9,366
2024-10-18 16:00:00,18.3,247
2024-10-18 17:00:00,16.9,69
2024-10-18 18:00:00,16.3,1
2024-10-18 19:00:00,16.2,0
2024-10-18 20:00:00,16,0
2024-10-18 21:00:00,15.8,0
2024-10-18 22:00:00,14.6,0
2024-10-18 23:00:00,14.9,0
2024-10-19,14.9,0
2024-10-19 01:00:00,14.6,0
2024-10-19 02:00:00,14.6,0
2024-10-19 03:00:00,14.3,0
2024-10-19 04:00:00,14.2,0
2024-10-19 05:00:00,14.7,0
2024-10-19 06:00:00,15.3,0
2024-10-19 07:00:00,16,4
2024-10-19 08:00:00,17.1,24
2024-10-19 09:00:00,19.2,229
2024-10-19 10:00:00,19.4,163
2024-10-19 11:00:00,21.6,397
2024-10-19 12:00:00,22.2,532
2024-10-19 13:00:00,18.6,197
2024-10-19 14:00:00,19.4,300
2024-10-19 15:00:00,19.3,219
2024-10-19 16:00:00,19.3,124
2024-10-19 17:00:00,18.1,26
2024-10-19 18:00:00,16.8,1
2024-10-19 19:00:00,17.2,0
2024-10-19 20:00:00,16.7,0
2024-10-19 21:00:00,17.9,0
2024-10-19 22:00:00,18.7,0
2024-10-19 23:00:00,18.9,0
2024-10-20,18.7,0
2024-10-20 01:00:00,18.5,0
2024-10-20 02:00:00,18.2,0
2024-10-20 03:00:00,17.9,0
2024-10-20 04:00:00,16.9,0
2024-10-20 05:00:00,17.6,0
2024-10-20 06:00:00,17.3,0
2024-10-20 07:00:00,17.5,3
2024-10-20 08:00:00,18.2,75
2024-10-20 09:00:00,20.1,192
2024-10-20 10:00:00,21.2,206
2024-10-20 11:00:00,22.7,449
2024-10-20 12:00:00,22.6,294
2024-10-20 13:00:00,24.9,532
2024-10-20 14:00:00,25.5,479
2024-10-20 15:00:00,25.1,376
2024-10-20 16:00:00,23.8,240
2024-10-20 17:00:00,22.7,89
2024-10-20 18:00:00,20.6,3
2024-10-20 19:00:00,19,0
2024-10-20 20:00:00,15.9,0
2024-10-20 21:00:00,14.9,0
2024-10-20 22:00:00,14.4,0
2024-10-20 23:00:00,14.2,0
2024-10-21,14,0
2024-10-21 01:00:00,13.6,0
2024-10-21 02:00:00,13.4,0
2024-10-21 03:00:00,13.8,0
2024-10-21 04:00:00,14.5,0
2024-10-21 05:00:00,15.4,0
2024-10-21 06:00:00,15.4,0
2024-10-21 07:00:00,14.9,6
2024-10-21 08:00:00,16.7,108
2024-10-21 09:00:00,19.1,265
2024-10-21 10:00:00,21,410
2024-10-21 11:00:00,22.7,513
2024-10-21 12:00:00,24.1,563
2024-10-21 13:00:00,23.6,541
2024-10-21 14:00:00,20.6,365
2024-10-21 15:00:00,19.6,232
2024-10-21 16:00:00,18.4,152
2024-10-21 17:00:00,17.8,34
2024-10-21 18:00:00,17.4,1
2024-10-21 19:00:00,17.1,0
2024-10-21 20:00:00,16.9,0
2024-10-21 21:00:00,16.5,0
2024-10-21 22:00:00,16.3,0
2024-10-21 23:00:00,16,0
2024-10-22,15.8,0
2024-10-22 01:00:00,15.7,0
2024-10-22 02:00:00,15.5,0
2024-10-22 03:00:00,15.4,0
2024-10-22 04:00:00,15.3,0
2024-10-22 05:00:00,15.2,0
2024-10-22 06:00:00,15.3,0
2024-10-22 07:00:00,15.1,1
2024-10-22 08:00:00,15.3,19
2024-10-22 09:00:00,15.7,65
2024-10-22 10:00:00,16.1,109
2024-10-22 11:00:00,16.7,202
2024-10-22 12:00:00,17.5,292
2024-10-22 13:00:00,17.1,148
2024-10-22 14:00:00,17.3,200
2024-10-22 15:00:00,17,133
2024-10-22 16:00:00,16.6,100
2024-10-22 17:00:00,15.9,53
2024-10-22 18:00:00,14.4,1
2024-10-22 19:00:00,14.5,0
2024-10-22 20:00:00,14,0
2024-10-22 21:00:00,13.4,0
2024-10-22 22:00:00,12.3,0
2024-10-22 23:00:00,12.8,0
2024-10-23,13.1,0
2024-10-23 01:00:00,12.7,0
2024-10-23 02:00:00,10.9,0
2024-10-23 03:00:00,10.7,0
2024-10-23 04:00:00,11.7,0
2024-10-23 05:00:00,11.4,0
2024-10-23 06:00:00,10.9,0
2024-10-23 07:00:00,10.7,3
2024-10-23 08:00:00,11.6,64
2024-10-23 09:00:00,14.2,243
2024-10-23 10:00:00,16,399
2024-10-23 11:00:00,17.7,503
2024-10-23 12:00:00,19.4,554
2024-10-23 13:00:00,21.4,548
2024-10-23 14:00:00,22.4,489
2024-10-23 15:00:00,22.7,380
2024-10-23 16:00:00,21.9,234
2024-10-23 17:00:00,19.8,80
2024-10-23 18:00:00,18.2,1
2024-10-23 19:00:00,17,0
2024-10-23 20:00:00,16.2,0
2024-10-23 21:00:00,15.3,0
2024-10-23 22:00:00,15,0
2024-10-23 23:00:00,14.9,0
2024-10-24,14.7,0
2024-10-24 01:00:00,15,0
2024-10-24 02:00:00,15.1,0
2024-10-24 03:00:00,14.8,0
2024-10-24 04:00:00,14.6,0
2024-10-24 05:00:00,14.4,0
2024-10-24 06:00:00,14.3,0
2024-10-24 07:00:00,14.6,4
2024-10-24 08:00:00,16.3,91
2024-10-24 09:00:00,18,228
2024-10-24 10:00:00,19.9,392
2024-10-24 11:00:00,21.6,493
2024-10-24 12:00:00,22.8,549
2024-10-24 13:00:00,23.5,542
2024-10-24 14:00:00,24.1,485
2024-10-24 15:00:00,24,373
2024-10-24 16:00:00,22.7,229
2024-10-24 17:00:00,20.7,69
2024-10-24 18:00:00,19.5,1
2024-10-24 19:00:00,18.9,0
2024-10-24 20:00:00,19.3,0
2024-10-24 21:00:00,19.6,0
2024-10-24 22:00:00,19.6,0
2024-10-24 23:00:00,17.4,0
2024-10-25,17.2,0
2024-10-25 01:00:00,16.2,0
2024-10-25 02:00:00,15.8,0
2024-10-25 03:00:00,14.8,0
2024-10-25 04:00:00,14.9,0
2024-10-25 05:00:00,14.6,0
2024-10-25 06:00:00,14.2,0
2024-10-25 07:00:00,14.1,1
2024-10-25 08:00:00,14.6,34
2024-10-25 09:00:00,14.5,52
2024-10-25 10:00:00,14.6,96
2024-10-25 11:00:00,14.2,77
2024-10-25 12:00:00,14.2,87
2024-10-25 13:00:00,14.6,167
2024-10-25 14:00:00,15.6,331
2024-10-25 15:00:00,15.4,138
2024-10-25 16:00:00,15,173
2024-10-25 17:00:00,13.9,39
2024-10-25 18:00:00,11.4,1
2024-10-25 19:00:00,11.1,0
2024-10-25 20:00:00,12.5,0
2024-10-25 21:00:00,10.6,0
2024-10-25 22:00:00,11.4,0
2024-10-25 23:00:00,9.5,0
2024-10-26,8.8,0
2024-10-26 01:00:00,10.4,0
2024-10-26 02:00:00,11.6,0
2024-10-26 03:00:00,10.8,0
2024-10-26 04:00:00,10.2,0
2024-10-26 05:00:00,11.1,0
2024-10-26 06:00:00,11.4,0
2024-10-26 07:00:00,10.8,1
2024-10-26 08:00:00,11.2,12
2024-10-26 09:00:00,11.7,42
2024-10-26 10:00:00,12.1,51
2024-10-26 11:00:00,12.2,58
2024-10-26 12:00:00,12.4,91
2024-10-26 13:00:00,12,81
2024-10-26 14:00:00,11.7,35
2024-10-26 15:00:00,11.8,43
2024-10-26 16:00:00,11.6,32
2024-10-26 17:00:00,11.3,9
2024-10-26 18:00:00,11.2,0
2024-10-26 19:00:00,11.2,0
2024-10-26 20:00:00,11.1,0
2024-10-26 21:00:00,11,0
2024-10-26 22:00:00,10.9,0
2024-10-26 23:00:00,10.9,0
2024-10-27,10.9,0
2024-10-27 01:00:00,11.1,0
2024-10-27 02:00:00,11.5,0
2024-10-27 03:00:00,11.9,0
2024-10-27 04:00:00,12,0
2024-10-27 05:00:00,12,0
2024-10-27 06:00:00,12.1,0
2024-10-27 07:00:00,12.2,0
2024-10-27 08:00:00,12.7,30
2024-10-27 09:00:00,13.4,102
2024-10-27 10:00:00,14.3,242
2024-10-27 11:00:00,15.3,413
2024-10-27 12:00:00,16.1,434
2024-10-27 13:00:00,14.4,126
2024-10-27 14:00:00,15.3,274
2024-10-27 15:00:00,15.8,322
2024-10-27 16:00:00,15.6,132
2024-10-27 17:00:00,12.7,59
2024-10-27 18:00:00,11.9,0
2024-10-27 19:00:00,10.1,0
2024-10-27 20:00:00,10.9,0
2024-10-27 21:00:00,10.1,0
2024-10-27 22:00:00,10.4,0
2024-10-27 23:00:00,9.6,0
2024-10-28,9.1,0
2024-10-28 01:00:00,12.1,0
2024-10-28 02:00:00,11.4,0
2024-10-28 03:00:00,11.9,0
2024-10-28 04:00:00,11.2,0
2024-10-28 05:00:00,9.7,0
2024-10-28 06:00:00,9.7,0
2024-10-28 07:00:00,10.2,1
2024-10-28 08:00:00,11,38
2024-10-28 09:00:00,12.1,139
2024-10-28 10:00:00,13.7,220
2024-10-28 11:00:00,15.7,418
2024-10-28 12:00:00,16.3,300
2024-10-28 13:00:00,16.2,219
2024-10-28 14:00:00,16.2,181
2024-10-28 15:00:00,16.3,157
2024-10-28 16:00:00,15.8,75
2024-10-28 17:00:00,14.3,38
2024-10-28 18:00:00,12.5,0
2024-10-28 19:00:00,13.2,0
2024-10-28 20:00:00,12.9,0
2024-10-28 21:00:00,12.9,0
2024-10-28 22:00:00,13.1,0
2024-10-28 23:00:00,13.2,0
2024-10-29,13.3,0
2024-10-29 01:00:00,12.7,0
2024-10-29 02:00:00,12.8,0
2024-10-29 03:00:00,12.9,0
2024-10-29 04:00:00,12.9,0
2024-10-29 05:00:00,12.8,0
2024-10-29 06:00:00,12.5,0
2024-10-29 07:00:00,12.6,1
2024-10-29 08:00:00,13.5,43
2024-10-29 09:00:00,14.9,142
2024-10-29 10:00:00,16.2,285
2024-10-29 11:00:00,17.5,312
2024-10-29 12:00:00,18.4,373
2024-10-29 13:00:00,18.3,247
2024-10-29 14:00:00,18.7,272
2024-10-29 15:00:00,18.5,276
2024-10-29 16:00:00,17.4,186
2024-10-29 17:00:00,15,53
2024-10-29 18:00:00,13.7,0
2024-10-29 19:00:00,14,0
2024-10-29 20:00:00,13.6,0
2024-10-29 21:00:00,14,0
2024-10-29 22:00:00,14.3,0
2024-10-29 23:00:00,14.4,0
2024-10-30,14.2,0
2024-10-30 01:00:00,13.1,0
2024-10-30 02:00:00,13,0
2024-10-30 03:00:00,12.8,0
2024-10-30 04:00:00,12.5,0
2024-10-30 05:00:00,13.4,0
2024-10-30 06:00:00,12.5,0
2024-10-30 07:00:00,12.5,1
2024-10-30 08:00:00,14.6,52
2024-10-30 09:00:00,15.8,143
2024-10-30 10:00:00,16.6,273
2024-10-30 11:00:00,17.7,301
2024-10-30 12:00:00,19.1,476
2024-10-30 13:00:00,20.3,443
2024-10-30 14:00:00,20.2,292
2024-10-30 15:00:00,18.4,76
2024-10-30 16:00:00,18.1,166
2024-10-30 17:00:00,15.9,45
2024-10-30 18:00:00,14.2,0
2024-10-30 19:00:00,13.1,0
2024-10-30 20:00:00,12.6,0
2024-10-30 21:00:00,12.9,0
2024-10-30 22:00:00,12.7,0
2024-10-30 23:00:00,12.7,0
2024-10-31,12.3,0
2024-10-31 01:00:00,13.3,0
2024-10-31 02:00:00,12.7,0
2024-10-31 03:00:00,11.7,0
2024-10-31 04:00:00,11.3,0
2024-10-31 05:00:00,11.4,0
2024-10-31 06:00:00,11.2,0
2024-10-31 07:00:00,11.4,1
2024-10-31 08:00:00,13.9,71
2024-10-31 09:00:00,17.1,211
2024-10-31 10:00:00,19.5,341
2024-10-31 11:00:00,21.4,440
2024-10-31 12:00:00,22.6,484
2024-10-31 13:00:00,23.3,479
2024-10-31 14:00:00,23.4,405
2024-10-31 15:00:00,23.4,310
2024-10-31 16:00:00,21.8,194
2024-10-31 17:00:00,18.2,51
2024-10-31 18:00:00,17.1,0
2024-10-31 19:00:00,16.2,0
2024-10-31 20:00:00,15.2,0
2024-10-31 21:00:00,13.9,0
2024-10-31 22:00:00,14.2,0
2024-10-31 23:00:00,13.7,0
2024-11-01,13.4,0
2024-11-01 01:00:00,14.4,0
2024-11-01 02:00:00,15.1,0
2024-11-01 03:00:00,15,0
2024-11-01 04:00:00,15,0
2024-11-01 05:00:00,14.6,0
2024-11-01 06:00:00,14.5,0
2024-11-01 07:00:00,14.5,1
2024-11-01 08:00:00,16.3,67
2024-11-01 09:00:00,18.1,205
2024-11-01 10:00:00,19.4,340
2024-11-01 11:00:00,20.8,444
2024-11-01 12:00:00,21.9,500
2024-11-01 13:00:00,23.4,485
2024-11-01 14:00:00,23.6,433
2024-11-01 15:00:00,23.2,328
2024-11-01 16:00:00,21.8,191
2024-11-01 17:00:00,18.7,49
2024-11-01 18:00:00,16.8,0
2024-11-01 19:00:00,15.7,0
2024-11-01 20:00:00,14.4,0
2024-11-01 21:00:00,13.4,0
2024-11-01 22:00:00,13,0
2024-11-01 23:00:00,12.6,0
2024-11-02,12,0
2024-11-02 01:00:00,12.4,0
2024-11-02 02:00:00,12.1,0
2024-11-02 03:00:00,11.8,0
2024-11-02 04:00:00,11.5,0
2024-11-02 05:00:00,11.2,0
2024-11-02 06:00:00,10.9,0
2024-11-02 07:00:00,10.7,0
2024-11-02 08:00:00,12.8,63
2024-11-02 09:00:00,15.3,194
2024-11-02 10:00:00,18.1,350
2024-11-02 11:00:00,20.4,451
2024-11-02 12:00:00,21.3,502
2024-11-02 13:00:00,21,498
2024-11-02 14:00:00,20.6,437
2024-11-02 15:00:00,19.6,326
2024-11-02 16:00:00,18.1,162
2024-11-02 17:00:00,16.4,34
2024-11-02 18:00:00,15.2,0
2024-11-02 19:00:00,15.9,0
2024-11-02 20:00:00,15.8,0
2024-11-02 21:00:00,15.8,0
2024-11-02 22:00:00,15.8,0
2024-11-02 23:00:00,15.8,0
2024-11-03,15.6,0
2024-11-03 01:00:00,15.1,0
2024-11-03 02:00:00,14,0
2024-11-03 03:00:00,13.3,0
2024-11-03 04:00:00,13.1,0
2024-11-03 05:00:00,13,0
2024-11-03 06:00:00,12.9,0
2024-11-03 07:00:00,13.6,0
2024-11-03 08:00:00,15.9,63
2024-11-03 09:00:00,17.7,199
2024-11-03 10:00:00,18.9,334
2024-11-03 11:00:00,20.4,435
2024-11-03 12:00:00,21.5,495
2024-11-03 13:00:00,22.7,488
2024-11-03 14:00:00,22.9,425
2024-11-03 15:00:00,22.6,311
2024-11-03 16:00:00,20.9,150
2024-11-03 17:00:00,18.9,32
2024-11-03 18:00:00,17.8,0
2024-11-03 19:00:00,17.2,0
2024-11-03 20:00:00,16.8,0
2024-11-03 21:00:00,15.9,0
2024-11-03 22:00:00,14.9,0
2024-11-03 23:00:00,14.8,0
2024-11-04,14.2,0
2024-11-04 01:00:00,15.6,0
2024-11-04 02:00:00,16.2,0
2024-11-04 03:00:00,16,0
2024-11-04 04:00:00,15.6,0
2024-11-04 05:00:00,14.3,0
2024-11-04 06:00:00,15.4,0
2024-11-04 07:00:00,16.1,0
2024-11-04 08:00:00,17.2,46
2024-11-04 09:00:00,18.5,137
2024-11-04 10:00:00,19.8,312
2024-11-04 11:00:00,20.7,367
2024-11-04 12:00:00,21.4,407
2024-11-04 13:00:00,22.3,394
2024-11-04 14:00:00,22.6,400
2024-11-04 15:00:00,22.1,261
2024-11-04 16:00:00,20.9,150
2024-11-04 17:00:00,19,29
2024-11-04 18:00:00,18.9,0
2024-11-04 19:00:00,18.2,0
2024-11-04 20:00:00,16.8,0
2024-11-04 21:00:00,16.2,0
2024-11-04 22:00:00,15.7,0
2024-11-04 23:00:00,15.3,0
2024-11-05,15.8,0
2024-11-05 01:00:00,15,0
2024-11-05 02:00:00,15.1,0
2024-11-05 03:00:00,15.2,0
2024-11-05 04:00:00,15.3,0
2024-11-05 05:00:00,15.3,0
2024-11-05 06:00:00,15.4,0
2024-11-05 07:00:00,15.7,0
2024-11-05 08:00:00,16.4,41
2024-11-05 09:00:00,18.1,168
2024-11-05 10:00:00,19.8,326
2024-11-05 11:00:00,21.2,419
2024-11-05 12:00:00,22.2,475
2024-11-05 13:00:00,23.6,466
2024-11-05 14:00:00,23.9,411
2024-11-05 15:00:00,23.1,306
2024-11-05 16:00:00,21,143
2024-11-05 17:00:00,17.9,36
2024-11-05 18:00:00,16.4,0
2024-11-05 19:00:00,18.3,0
2024-11-05 20:00:00,16,0
2024-11-05 21:00:00,14.9,0
2024-11-05 22:00:00,14,0
2024-11-05 23:00:00,13.1,0
2024-11-06,12.3,0
2024-11-06 01:00:00,12.7,0
2024-11-06 02:00:00,12.9,0
2024-11-06 03:00:00,12.3,0
2024-11-06 04:00:00,12,0
2024-11-06 05:00:00,12.1,0
2024-11-06 06:00:00,11.6,0
2024-11-06 07:00:00,11,0
2024-11-06 08:00:00,13,53
2024-11-06 09:00:00,15.9,186
2024-11-06 10:00:00,18.5,314
2024-11-06 11:00:00,20.7,426
2024-11-06 12:00:00,22.2,480
2024-11-06 13:00:00,22.8,476
2024-11-06 14:00:00,22.8,417
2024-11-06 15:00:00,22.3,311
2024-11-06 16:00:00,20.6,172
2024-11-06 17:00:00,16.4,38
2024-11-06 18:00:00,15.2,0
2024-11-06 19:00:00,14.4,0
2024-11-06 20:00:00,13.1,0
2024-11-06 21:00:00,12.7,0
2024-11-06 22:00:00,12.6,0
2024-11-06 23:00:00,11.5,0
2024-11-07,10.9,0
2024-11-07 01:00:00,11.1,0
2024-11-07 02:00:00,11.1,0
2024-11-07 03:00:00,11.2,0
2024-11-07 04:00:00,11.3,0
2024-11-07 05:00:00,11.5,0
2024-11-07 06:00:00,12,0
2024-11-07 07:00:00,12.8,0
2024-11-07 08:00:00,15.1,43
2024-11-07 09:00:00,16.7,134
2024-11-07 10:00:00,17.6,230
2024-11-07 11:00:00,18.9,414
2024-11-07 12:00:00,20,477
2024-11-07 13:00:00,21,475
2024-11-07 14:00:00,21.2,418
2024-11-07 15:00:00,21,312
2024-11-07 16:00:00,19.8,172
2024-11-07 17:00:00,17.2,37
2024-11-07 18:00:00,16,0
2024-11-07 19:00:00,14.8,0
2024-11-07 20:00:00,14.5,0
2024-11-07 21:00:00,14.5,0
2024-11-07 22:00:00,14.4,0
2024-11-07 23:00:00,14.2,0
2024-11-08,14,0
2024-11-08 01:00:00,14.4,0
2024-11-08 02:00:00,14.5,0
2024-11-08 03:00:00,14.9,0
2024-11-08 04:00:00,14.6,0
2024-11-08 05:00:00,14.9,0
2024-11-08 06:00:00,14.7,0
2024-11-08 07:00:00,14.3,0
2024-11-08 08:00:00,15.3,40
2024-11-08 09:00:00,16.5,155
2024-11-08 10:00:00,17.7,257
2024-11-08 11:00:00,18.4,257
2024-11-08 12:00:00,18.9,217
2024-11-08 13:00:00,20.2,310
2024-11-08 14:00:00,20,201
2024-11-08 15:00:00,19.7,156
2024-11-08 16:00:00,18.9,100
2024-11-08 17:00:00,17.8,16
2024-11-08 18:00:00,16.6,0
2024-11-08 19:00:00,15.2,0
2024-11-08 20:00:00,13.4,0
2024-11-08 21:00:00,12.7,0
2024-11-08 22:00:00,12.2,0
2024-11-08 23:00:00,12,0
2024-11-09,11.6,0
2024-11-09 01:00:00,13.8,0
2024-11-09 02:00:00,14.3,0
2024-11-09 03:00:00,14.5,0
2024-11-09 04:00:00,14.6,0
2024-11-09 05:00:00,14.8,0
2024-11-09 06:00:00,14.7,0
2024-11-09 07:00:00,14.1,0
2024-11-09 08:00:00,14.7,43
2024-11-09 09:00:00,15.6,179
2024-11-09 10:00:00,16.4,294
2024-11-09 11:00:00,17.2,368
2024-11-09 12:00:00,17.6,410
2024-11-09 13:00:00,18.3,426
2024-11-09 14:00:00,17.8,300
2024-11-09 15:00:00,17.3,215
2024-11-09 16:00:00,16.3,134
2024-11-09 17:00:00,13.5,29
2024-11-09 18:00:00,15,0
2024-11-09 19:00:00,13.3,0
2024-11-09 20:00:00,10.6,0
2024-11-09 21:00:00,10,0
2024-11-09 22:00:00,9.5,0
2024-11-09 23:00:00,9.1,0
2024-11-10,9.2,0
2024-11-10 01:00:00,10.3,0
2024-11-10 02:00:00,11.8,0
2024-11-10 03:00:00,11.9,0
2024-11-10 04:00:00,12.3,0
2024-11-10 05:00:00,12.4,0
2024-11-10 06:00:00,12.4,0
2024-11-10 07:00:00,12.2,0
2024-11-10 08:00:00,13.1,15
2024-11-10 09:00:00,13.8,35
2024-11-10 10:00:00,14.6,73
2024-11-10 11:00:00,15.2,87
2024-11-10 12:00:00,16.5,182
2024-11-10 13:00:00,17.8,267
2024-11-10 14:00:00,17.8,176
2024-11-10 15:00:00,17.4,119
2024-11-10 16:00:00,16.4,38
2024-11-10 17:00:00,15.3,13
2024-11-10 18:00:00,15,0
2024-11-10 19:00:00,15.3,0
2024-11-10 20:00:00,15.1,0
2024-11-10 21:00:00,14.9,0
2024-11-10 22:00:00,14.8,0
2024-11-10 23:00:00,14.8,0
2024-11-11,14.8,0
2024-11-11 01:00:00,15,0
2024-11-11 02:00:00,15,0
2024-11-11 03:00:00,15,0
2024-11-11 04:00:00,13.9,0
2024-11-11 05:00:00,13.6,0
2024-11-11 06:00:00,13.6,0
2024-11-11 07:00:00,13.2,0
2024-11-11 08:00:00,13.7,21
2024-11-11 09:00:00,14.4,112
2024-11-11 10:00:00,14.4,103
2024-11-11 11:00:00,15.6,394
2024-11-11 12:00:00,15.4,314
2024-11-11 13:00:00,15.5,219
2024-11-11 14:00:00,15.3,315
2024-11-11 15:00:00,14.5,152
2024-11-11 16:00:00,14.1,59
2024-11-11 17:00:00,13.2,24
2024-11-11 18:00:00,13.1,0
2024-11-11 19:00:00,13.1,0
2024-11-11 20:00:00,12.8,0
2024-11-11 21:00:00,13.4,0
2024-11-11 22:00:00,12.7,0
2024-11-11 23:00:00,13.1,0
2024-11-12,12.8,0
2024-11-12 01:00:00,12.2,0
2024-11-12 02:00:00,12.6,0
2024-11-12 03:00:00,12.2,0
2024-11-12 04:00:00,11.9,0
2024-11-12 05:00:00,11.9,0
2024-11-12 06:00:00,12.3,0
2024-11-12 07:00:00,12.5,0
2024-11-12 08:00:00,12.3,20
2024-11-12 09:00:00,12.1,132
2024-11-12 10:00:00,12.4,232
2024-11-12 11:00:00,12.7,286
2024-11-12 12:00:00,12.7,331
2024-11-12 13:00:00,12.8,390
2024-11-12 14:00:00,12.7,351
2024-11-12 15:00:00,12.3,269
2024-11-12 16:00:00,10.9,133
2024-11-12 17:00:00,10,12
2024-11-12 18:00:00,9.6,0
2024-11-12 19:00:00,9.2,0
2024-11-12 20:00:00,9.3,0
2024-11-12 21:00:00,9.2,0
2024-11-12 22:00:00,9.3,0
2024-11-12 23:00:00,8.6,0
2024-11-13,8.7,0
2024-11-13 01:00:00,8.3,0
2024-11-13 02:00:00,7.8,0
2024-11-13 03:00:00,7.7,0
2024-11-13 04:00:00,7.5,0
2024-11-13 05:00:00,7.1,0
2024-11-13 06:00:00,6.9,0
2024-11-13 07:00:00,6.9,0
2024-11-13 08:00:00,7.6,31
2024-11-13 09:00:00,8.8,139
2024-11-13 10:00:00,9.9,232
2024-11-13 11:00:00,10.9,318
2024-11-13 12:00:00,11.3,290
2024-11-13 13:00:00,11.6,322
2024-11-13 14:00:00,11.3,259
2024-11-13 15:00:00,10.8,217
2024-11-13 16:00:00,10.2,80
2024-11-13 17:00:00,9.9,9
2024-11-13 18:00:00,9.9,0
2024-11-13 19:00:00,9.8,0
2024-11-13 20:00:00,9.7,0
2024-11-13 21:00:00,8.8,0
2024-11-13 22:00:00,8.3,0
2024-11-13 23:00:00,7.6,0
2024-11-14,6.9,0
2024-11-14 01:00:00,7.2,0
2024-11-14 02:00:00,6.2,0
2024-11-14 03:00:00,5.5,0
2024-11-14 04:00:00,5.3,0
2024-11-14 05:00:00,5.5,0
2024-11-14 06:00:00,5.5,0
2024-11-14 07:00:00,5.3,0
2024-11-14 08:00:00,5.8,31
2024-11-14 09:00:00,8,134
2024-11-14 10:00:00,11.1,259
2024-11-14 11:00:00,13,372
2024-11-14 12:00:00,14.2,430
2024-11-14 13:00:00,14.7,438
2024-11-14 14:00:00,14.9,375
2024-11-14 15:00:00,14.4,286
2024-11-14 16:00:00,12.9,149
2024-11-14 17:00:00,10.6,24
2024-11-14 18:00:00,9.1,0
2024-11-14 19:00:00,8,0
2024-11-14 20:00:00,7.7,0
2024-11-14 21:00:00,7.4,0
2024-11-14 22:00:00,7.5,0
2024-11-14 23:00:00,8,0
2024-11-15,8.1,0
2024-11-15 01:00:00,7.9,0
2024-11-15 02:00:00,7.6,0
2024-11-15 03:00:00,7.6,0
2024-11-15 04:00:00,7.5,0
2024-11-15 05:00:00,7.6,0
2024-11-15 06:00:00,7.2,0
2024-11-15 07:00:00,7,0
2024-11-15 08:00:00,8.1,34
2024-11-15 09:00:00,11.5,158
2024-11-15 10:00:00,14.2,247
2024-11-15 11:00:00,15.8,339
2024-11-15 12:00:00,16.9,413
2024-11-15 13:00:00,17.5,435
2024-11-15 14:00:00,17.8,375
2024-11-15 15:00:00,17.7,276
2024-11-15 16:00:00,16.5,144
2024-11-15 17:00:00,14.7,23
2024-11-15 18:00:00,13.8,0
2024-11-15 19:00:00,13.3,0
2024-11-15 20:00:00,12.8,0
2024-11-15 21:00:00,12.5,0
2024-11-15 22:00:00,12.4,0
2024-11-15 23:00:00,12.4,0
2024-11-16,12.5,0
2024-11-16 01:00:00,13.1,0
2024-11-16 02:00:00,13.3,0
2024-11-16 03:00:00,13.4,0
2024-11-16 04:00:00,13.3,0
2024-11-16 05:00:00,13.3,0
2024-11-16 06:00:00,13,0
2024-11-16 07:00:00,13,0
2024-11-16 08:00:00,13.3,26
2024-11-16 09:00:00,14.4,132
2024-11-16 10:00:00,15.4,266
2024-11-16 11:00:00,16.5,344
2024-11-16 12:00:00,17.8,434
2024-11-16 13:00:00,18.9,442
2024-11-16 14:00:00,19.3,386
2024-11-16 15:00:00,19,278
2024-11-16 16:00:00,17.3,123
2024-11-16 17:00:00,14.9,18
2024-11-16 18:00:00,14.2,0
2024-11-16 19:00:00,13.5,0
2024-11-16 20:00:00,12.1,0
2024-11-16 21:00:00,10.9,0
2024-11-16 22:00:00,10.2,0
2024-11-16 23:00:00,9.9,0
2024-11-17,9.5,0
2024-11-17 01:00:00,9.2,0
2024-11-17 02:00:00,8.9,0
2024-11-17 03:00:00,8.7,0
2024-11-17 04:00:00,9,0
2024-11-17 05:00:00,9.4,0
2024-11-17 06:00:00,9.7,0
2024-11-17 07:00:00,9.4,0
2024-11-17 08:00:00,9.6,24
2024-11-17 09:00:00,11.7,110
2024-11-17 10:00:00,14.3,252
2024-11-17 11:00:00,16.1,321
2024-11-17 12:00:00,16.7,308
2024-11-17 13:00:00,14.5,92
2024-11-17 14:00:00,14.4,87
2024-11-17 15:00:00,14.3,59
2024-11-17 16:00:00,14,34
2024-11-17 17:00:00,13.5,7
2024-11-17 18:00:00,13.2,0
2024-11-17 19:00:00,13,0
2024-11-17 20:00:00,12.6,0
2024-11-17 21:00:00,12.7,0
2024-11-17 22:00:00,12.6,0
2024-11-17 23:00:00,12.5,0
2024-11-18,12.6,0
2024-11-18 01:00:00,12.7,0
2024-11-18 02:00:00,12.6,0
2024-11-18 03:00:00,12.6,0
2024-11-18 04:00:00,12.4,0
2024-11-18 05:00:00,12.4,0
2024-11-18 06:00:00,12.3,0
2024-11-18 07:00:00,12.1,0
2024-11-18 08:00:00,12.2,10
2024-11-18 09:00:00,13.3,78
2024-11-18 10:00:00,14.4,179
2024-11-18 11:00:00,15.5,300
2024-11-18 12:00:00,16.1,286
2024-11-18 13:00:00,16.2,220
2024-11-18 14:00:00,16.4,230
2024-11-18 15:00:00,15.9,161
2024-11-18 16:00:00,14.8,91
2024-11-18 17:00:00,13.2,13
2024-11-18 18:00:00,12.1,0
2024-11-18 19:00:00,11.5,0
2024-11-18 20:00:00,10.8,0
2024-11-18 21:00:00,10.1,0
2024-11-18 22:00:00,9.4,0
2024-11-18 23:00:00,9.1,0
2024-11-19,9.2,0
2024-11-19 01:00:00,9.1,0
2024-11-19 02:00:00,8.9,0
2024-11-19 03:00:00,8.9,0
2024-11-19 04:00:00,8.9,0
2024-11-19 05:00:00,9.2,0
2024-11-19 06:00:00,9.6,0
2024-11-19 07:00:00,9.8,0
2024-11-19 08:00:00,10.2,12
2024-11-19 09:00:00,11.6,131
2024-11-19 10:00:00,13.2,157
2024-11-19 11:00:00,14.7,148
2024-11-19 12:00:00,15.9,209
2024-11-19 13:00:00,16.6,249
2024-11-19 14:00:00,16.3,221
2024-11-19 15:00:00,15.7,224
2024-11-19 16:00:00,14.9,115
2024-11-19 17:00:00,14,12
2024-11-19 18:00:00,13.1,0
2024-11-19 19:00:00,13.3,0
2024-11-19 20:00:00,12.9,0
2024-11-19 21:00:00,12.2,0
2024-11-19 22:00:00,12,0
2024-11-19 23:00:00,12.6,0
2024-11-20,13.1,0
2024-11-20 01:00:00,12.8,0
2024-11-20 02:00:00,14.4,0
2024-11-20 03:00:00,14.9,0
2024-11-20 04:00:00,15.1,0
2024-11-20 05:00:00,15.3,0
2024-11-20 06:00:00,14.4,0
2024-11-20 07:00:00,13.8,0
2024-11-20 08:00:00,13.4,12
2024-11-20 09:00:00,13.8,71
2024-11-20 10:00:00,13.5,40
2024-11-20 11:00:00,13.9,97
2024-11-20 12:00:00,14.2,111
2024-11-20 13:00:00,16,174
2024-11-20 14:00:00,14.8,100
2024-11-20 15:00:00,14.4,48
2024-11-20 16:00:00,13.7,20
2024-11-20 17:00:00,13.5,3
2024-11-20 18:00:00,13.3,0
2024-11-20 19:00:00,13.1,0
2024-11-20 20:00:00,12.9,0
2024-11-20 21:00:00,12.8,0
2024-11-20 22:00:00,12.7,0
2024-11-20 23:00:00,12.6,0
2024-11-21,12.9,0
2024-11-21 01:00:00,12.6,0
2024-11-21 02:00:00,11.3,0
2024-11-21 03:00:00,11.4,0
2024-11-21 04:00:00,12,0
2024-11-21 05:00:00,12.2,0
2024-11-21 06:00:00,13,0
2024-11-21 07:00:00,13.9,0
2024-11-21 08:00:00,14.6,13
2024-11-21 09:00:00,16.3,71
2024-11-21 10:00:00,17.4,198
2024-11-21 11:00:00,18.2,281
2024-11-21 12:00:00,18.6,205
2024-11-21 13:00:00,18.1,87
2024-11-21 14:00:00,17.6,53
2024-11-21 15:00:00,16.9,36
2024-11-21 16:00:00,14.5,18
2024-11-21 17:00:00,14,3
2024-11-21 18:00:00,13.7,0
2024-11-21 19:00:00,13.1,0
2024-11-21 20:00:00,12.5,0
2024-11-21 21:00:00,11.9,0
2024-11-21 22:00:00,11.6,0
2024-11-21 23:00:00,11.2,0
2024-11-22,11,0
2024-11-22 01:00:00,10.3,0
2024-11-22 02:00:00,10.8,0
2024-11-22 03:00:00,10.7,0
2024-11-22 04:00:00,10.5,0
2024-11-22 05:00:00,10.7,0
2024-11-22 06:00:00,10.8,0
2024-11-22 07:00:00,10.5,0
2024-11-22 08:00:00,10.1,19
2024-11-22 09:00:00,10.6,103
2024-11-22 10:00:00,11.3,176
2024-11-22 11:00:00,11.6,239
2024-11-22 12:00:00,12.4,283
2024-11-22 13:00:00,12.8,393
2024-11-22 14:00:00,12.6,338
2024-11-22 15:00:00,12.3,239
2024-11-22 16:00:00,11.8,95
2024-11-22 17:00:00,10,13
2024-11-22 18:00:00,8.5,0
2024-11-22 19:00:00,8,0
2024-11-22 20:00:00,8,0
2024-11-22 21:00:00,7.3,0
2024-11-22 22:00:00,6.9,0
2024-11-22 23:00:00,7.6,0
2024-11-23,8.7,0
2024-11-23 01:00:00,9.7,0
2024-11-23 02:00:00,9.8,0
2024-11-23 03:00:00,10.3,0
2024-11-23 04:00:00,11,0
2024-11-23 05:00:00,11.1,0
2024-11-23 06:00:00,10.8,0
2024-11-23 07:00:00,10.7,0
2024-11-23 08:00:00,12.1,15
2024-11-23 09:00:00,13.9,135
2024-11-23 10:00:00,16.1,206
2024-11-23 11:00:00,16.2,274
2024-11-23 12:00:00,17.4,343
2024-11-23 13:00:00,17.3,336
2024-11-23 14:00:00,17.9,330
2024-11-23 15:00:00,17.6,235
2024-11-23 16:00:00,17.1,109
2024-11-23 17:00:00,16,16
2024-11-23 18:00:00,15.2,0
2024-11-23 19:00:00,14.9,0
2024-11-23 20:00:00,15,0
2024-11-23 21:00:00,14.5,0
2024-11-23 22:00:00,13.9,0
2024-11-23 23:00:00,13.8,0
2024-11-24,13.8,0
2024-11-24 01:00:00,14.3,0
2024-11-24 02:00:00,14.6,0
2024-11-24 03:00:00,14.5,0
2024-11-24 04:00:00,14.2,0
2024-11-24 05:00:00,14.1,0
2024-11-24 06:00:00,13.9,0
2024-11-24 07:00:00,14,0
2024-11-24 08:00:00,14.2,15
2024-11-24 09:00:00,15.2,111
2024-11-24 10:00:00,17.5,235
2024-11-24 11:00:00,18.4,178
2024-11-24 12:00:00,17.7,239
2024-11-24 13:00:00,18.4,296
2024-11-24 14:00:00,18.5,200
2024-11-24 15:00:00,18.9,188
2024-11-24 16:00:00,18.9,92
2024-11-24 17:00:00,18.3,14
2024-11-24 18:00:00,18.5,0
2024-11-24 19:00:00,18.7,0
2024-11-24 20:00:00,18.5,0
2024-11-24 21:00:00,17.8,0
2024-11-24 22:00:00,17.7,0
2024-11-24 23:00:00,17.4,0
2024-11-25,17.1,0
2024-11-25 01:00:00,19,0
2024-11-25 02:00:00,18.3,0
2024-11-25 03:00:00,18.2,0
2024-11-25 04:00:00,18.7,0
2024-11-25 05:00:00,16.7,0
2024-11-25 06:00:00,13.6,0
2024-11-25 07:00:00,13.5,0
2024-11-25 08:00:00,13.1,0
2024-11-25 09:00:00,13.4,7
2024-11-25 10:00:00,13,15
2024-11-25 11:00:00,12.5,26
2024-11-25 12:00:00,12.3,106
2024-11-25 13:00:00,13.3,73
2024-11-25 14:00:00,13.6,84
2024-11-25 15:00:00,14.1,129
2024-11-25 16:00:00,13.4,57
2024-11-25 17:00:00,11.9,8
2024-11-25 18:00:00,10.6,0
2024-11-25 19:00:00,9.9,0
2024-11-25 20:00:00,9.1,0
2024-11-25 21:00:00,8.4,0
2024-11-25 22:00:00,7.5,0
2024-11-25 23:00:00,7,0
2024-11-26,6.6,0
2024-11-26 01:00:00,6.3,0
2024-11-26 02:00:00,6.2,0
2024-11-26 03:00:00,6.2,0
2024-11-26 04:00:00,6.4,0
2024-11-26 05:00:00,6.5,0
2024-11-26 06:00:00,6.6,0
2024-11-26 07:00:00,7,0
2024-11-26 08:00:00,6.9,14
2024-11-26 09:00:00,8.8,80
2024-11-26 10:00:00,10.5,88
2024-11-26 11:00:00,13.1,241
2024-11-26 12:00:00,14.3,259
2024-11-26 13:00:00,14.8,196
2024-11-26 14:00:00,14.7,139
2024-11-26 15:00:00,14.7,160
2024-11-26 16:00:00,13.6,80
2024-11-26 17:00:00,12.7,9
2024-11-26 18:00:00,11.9,0
2024-11-26 19:00:00,10.7,0
2024-11-26 20:00:00,10,0
2024-11-26 21:00:00,9.6,0
2024-11-26 22:00:00,9.3,0
2024-11-26 23:00:00,8.6,0
2024-11-27,7.9,0
2024-11-27 01:00:00,7.5,0
2024-11-27 02:00:00,6.7,0
2024-11-27 03:00:00,6.5,0
2024-11-27 04:00:00,6.4,0
2024-11-27 05:00:00,6.3,0
2024-11-27 06:00:00,6.2,0
2024-11-27 07:00:00,6.3,0
2024-11-27 08:00:00,6.9,14
2024-11-27 09:00:00,9.3,123
2024-11-27 10:00:00,12.8,253
2024-11-27 11:00:00,15.1,351
2024-11-27 12:00:00,16.5,404
2024-11-27 13:00:00,16.8,403
2024-11-27 14:00:00,17.3,349
2024-11-27 15:00:00,17.1,250
2024-11-27 16:00:00,15.7,120
2024-11-27 17:00:00,13.7,14
2024-11-27 18:00:00,12,0
2024-11-27 19:00:00,10.6,0
2024-11-27 20:00:00,9.8,0
2024-11-27 21:00:00,9.1,0
2024-11-27 22:00:00,8.4,0
2024-11-27 23:00:00,8.1,0
2024-11-28,7.9,0
2024-11-28 01:00:00,7.1,0
2024-11-28 02:00:00,7.1,0
2024-11-28 03:00:00,7,0
2024-11-28 04:00:00,7,0
2024-11-28 05:00:00,6.8,0
2024-11-28 06:00:00,6.7,0
2024-11-28 07:00:00,6.7,0
2024-11-28 08:00:00,7,14
2024-11-28 09:00:00,9.4,120
2024-11-28 10:00:00,12.3,248
2024-11-28 11:00:00,15.1,353
2024-11-28 12:00:00,17.1,406
2024-11-28 13:00:00,18.2,405
2024-11-28 14:00:00,18.5,353
2024-11-28 15:00:00,17.9,254
2024-11-28 16:00:00,16,123
2024-11-28 17:00:00,13.5,14
2024-11-28 18:00:00,11.7,0
2024-11-28 19:00:00,10.8,0
2024-11-28 20:00:00,10.4,0
2024-11-28 21:00:00,10.1,0
2024-11-28 22:00:00,10,0
2024-11-28 23:00:00,10.4,0
2024-11-29,10.7,0
2024-11-29 01:00:00,11.3,0
2024-11-29 02:00:00,11.6,0
2024-11-29 03:00:00,11.8,0
2024-11-29 04:00:00,11.9,0
2024-11-29 05:00:00,11.6,0
2024-11-29 06:00:00,11.4,0
2024-11-29 07:00:00,11.2,0
2024-11-29 08:00:00,11.8,13
2024-11-29 09:00:00,14.5,114
2024-11-29 10:00:00,17.9,240
2024-11-29 11:00:00,19.8,328
2024-11-29 12:00:00,20.6,382
2024-11-29 13:00:00,21.2,380
2024-11-29 14:00:00,21.4,331
2024-11-29 15:00:00,20.9,239
2024-11-29 16:00:00,19.2,117
2024-11-29 17:00:00,17,13
2024-11-29 18:00:00,15.1,0
2024-11-29 19:00:00,13.5,0
2024-11-29 20:00:00,11.4,0
2024-11-29 21:00:00,10.3,0
2024-11-29 22:00:00,10,0
2024-11-29 23:00:00,9.6,0
2024-11-30,9.3,0
2024-11-30 01:00:00,9.3,0
2024-11-30 02:00:00,8.8,0
2024-11-30 03:00:00,8.7,0
2024-11-30 04:00:00,8.5,0
2024-11-30 05:00:00,8.6,0
2024-11-30 06:00:00,9,0
2024-11-30 07:00:00,9.2,0
2024-11-30 08:00:00,9.6,12
2024-11-30 09:00:00,12.1,111
2024-11-30 10:00:00,15.5,236
2024-11-30 11:00:00,18.5,336
2024-11-30 12:00:00,19.5,390
2024-11-30 13:00:00,20.3,390
2024-11-30 14:00:00,20.9,336
2024-11-30 15:00:00,20.5,236
2024-11-30 16:00:00,19.1,106
2024-11-30 17:00:00,17.8,12
2024-11-30 18:00:00,17.1,0
2024-11-30 19:00:00,16.1,0
2024-11-30 20:00:00,15.1,0
2024-11-30 21:00:00,14.3,0
2024-11-30 22:00:00,13.5,0
2024-11-30 23:00:00,13.4,0
2024-12-01,13.2,0
2024-12-01 01:00:00,14.6,0
2024-12-01 02:00:00,15,0
2024-12-01 03:00:00,15.1,0
2024-12-01 04:00:00,15.8,0
2024-12-01 05:00:00,16.4,0
2024-12-01 06:00:00,15.4,0
2024-12-01 07:00:00,14.8,0
2024-12-01 08:00:00,14.4,4
2024-12-01 09:00:00,15.2,67
2024-12-01 10:00:00,16.8,155
2024-12-01 11:00:00,18,234
2024-12-01 12:00:00,19.8,333
2024-12-01 13:00:00,18.9,159
2024-12-01 14:00:00,19.2,130
2024-12-01 15:00:00,19.5,171
2024-12-01 16:00:00,17.4,84
2024-12-01 17:00:00,15.5,10
2024-12-01 18:00:00,14,0
2024-12-01 19:00:00,13.1,0
2024-12-01 20:00:00,13.6,0
2024-12-01 21:00:00,14.1,0
2024-12-01 22:00:00,14,0
2024-12-01 23:00:00,12.2,0
2024-12-02,10.7,0
2024-12-02 01:00:00,11.3,0
2024-12-02 02:00:00,10.6,0
2024-12-02 03:00:00,10.8,0
2024-12-02 04:00:00,10.9,0
2024-12-02 05:00:00,9.8,0
2024-12-02 06:00:00,9,0
2024-12-02 07:00:00,9.7,0
2024-12-02 08:00:00,10.4,6
2024-12-02 09:00:00,11.7,45
2024-12-02 10:00:00,13.3,102
2024-12-02 11:00:00,14.7,219
2024-12-02 12:00:00,14.9,150
2024-12-02 13:00:00,14.6,184
2024-12-02 14:00:00,14.6,218
2024-12-02 15:00:00,14,186
2024-12-02 16:00:00,13.2,57
2024-12-02 17:00:00,12.6,3
2024-12-02 18:00:00,12.5,0
2024-12-02 19:00:00,12.3,0
2024-12-02 20:00:00,12.3,0
2024-12-02 21:00:00,11.9,0
2024-12-02 22:00:00,11.8,0
2024-12-02 23:00:00,11.9,0
2024-12-03,11.5,0
2024-12-03 01:00:00,11.6,0
2024-12-03 02:00:00,11.5,0
2024-12-03 03:00:00,11.2,0
2024-12-03 04:00:00,10.8,0
2024-12-03 05:00:00,10.3,0
2024-12-03 06:00:00,9.8,0
2024-12-03 07:00:00,9.4,0
2024-12-03 08:00:00,9.5,7
2024-12-03 09:00:00,10.9,41
2024-12-03 10:00:00,12,113
2024-12-03 11:00:00,13.1,241
2024-12-03 12:00:00,13.8,307
2024-12-03 13:00:00,13.6,140
2024-12-03 14:00:00,13.3,86
2024-12-03 15:00:00,12.6,39
2024-12-03 16:00:00,12,13
2024-12-03 17:00:00,11.2,2
2024-12-03 18:00:00,11.2,0
2024-12-03 19:00:00,11.1,0
2024-12-03 20:00:00,11,0
2024-12-03 21:00:00,10.8,0
2024-12-03 22:00:00,10.4,0
2024-12-03 23:00:00,10.5,0
2024-12-04,10.4,0
2024-12-04 01:00:00,10,0
2024-12-04 02:00:00,9.9,0
2024-12-04 03:00:00,9.9,0
2024-12-04 04:00:00,10,0
2024-12-04 05:00:00,10.2,0
2024-12-04 06:00:00,10.1,0
2024-12-04 07:00:00,10.1,0
2024-12-04 08:00:00,10.1,1
2024-12-04 09:00:00,10.7,50
2024-12-04 10:00:00,11.2,117
2024-12-04 11:00:00,11.7,173
2024-12-04 12:00:00,12.6,361
2024-12-04 13:00:00,13.9,384
2024-12-04 14:00:00,14,274
2024-12-04 15:00:00,13.8,190
2024-12-04 16:00:00,12.7,87
2024-12-04 17:00:00,11,9
2024-12-04 18:00:00,9.7,0
2024-12-04 19:00:00,8.8,0
2024-12-04 20:00:00,8.7,0
2024-12-04 21:00:00,8.6,0
2024-12-04 22:00:00,8.2,0
2024-12-04 23:00:00,7.7,0
2024-12-05,8.1,0
2024-12-05 01:00:00,9,0
2024-12-05 02:00:00,8.8,0
2024-12-05 03:00:00,8.3,0
2024-12-05 04:00:00,8,0
2024-12-05 05:00:00,8.6,0
2024-12-05 06:00:00,8.1,0
2024-12-05 07:00:00,8.9,0
2024-12-05 08:00:00,8.2,6
2024-12-05 09:00:00,10.2,69
2024-12-05 10:00:00,12.7,186
2024-12-05 11:00:00,15.6,311
2024-12-05 12:00:00,17.3,376
2024-12-05 13:00:00,17.6,266
2024-12-05 14:00:00,17.5,135
2024-12-05 15:00:00,17,134
2024-12-05 16:00:00,15.8,72
2024-12-05 17:00:00,15,6
2024-12-05 18:00:00,14.3,0
2024-12-05 19:00:00,14.1,0
2024-12-05 20:00:00,14.6,0
2024-12-05 21:00:00,14.5,0
2024-12-05 22:00:00,13.5,0
2024-12-05 23:00:00,13.1,0
2024-12-06,12.8,0
2024-12-06 01:00:00,13.1,0
2024-12-06 02:00:00,13.1,0
2024-12-06 03:00:00,13.5,0
2024-12-06 04:00:00,14.1,0
2024-12-06 05:00:00,14.9,0
2024-12-06 06:00:00,15,0
2024-12-06 07:00:00,15,0
2024-12-06 08:00:00,15,1
2024-12-06 09:00:00,15,13
2024-12-06 10:00:00,15.4,45
2024-12-06 11:00:00,16.2,92
2024-12-06 12:00:00,16.4,94
2024-12-06 13:00:00,17.4,185
2024-12-06 14:00:00,17.1,76
2024-12-06 15:00:00,16.3,25
2024-12-06 16:00:00,16,17
2024-12-06 17:00:00,15.5,3
2024-12-06 18:00:00,15.3,0
2024-12-06 19:00:00,15.3,0
2024-12-06 20:00:00,15.4,0
2024-12-06 21:00:00,15.4,0
2024-12-06 22:00:00,15,0
2024-12-06 23:00:00,15,0
2024-12-07,14.1,0
2024-12-07 01:00:00,13.7,0
2024-12-07 02:00:00,13.7,0
2024-12-07 03:00:00,13.5,0
2024-12-07 04:00:00,12.9,0
2024-12-07 05:00:00,12.7,0
2024-12-07 06:00:00,13.1,0
2024-12-07 07:00:00,12.9,0
2024-12-07 08:00:00,12.1,1
2024-12-07 09:00:00,12.4,17
2024-12-07 10:00:00,11.5,52
2024-12-07 11:00:00,11.5,144
2024-12-07 12:00:00,11.8,226
2024-12-07 13:00:00,10.9,172
2024-12-07 14:00:00,11.6,172
2024-12-07 15:00:00,9.9,132
2024-12-07 16:00:00,9.3,58
2024-12-07 17:00:00,8.8,5
2024-12-07 18:00:00,8.7,0
2024-12-07 19:00:00,8.4,0
2024-12-07 20:00:00,8.5,0
2024-12-07 21:00:00,9,0
2024-12-07 22:00:00,8.8,0
2024-12-07 23:00:00,8.9,0
2024-12-08,8.8,0
2024-12-08 01:00:00,8.2,0
2024-12-08 02:00:00,9,0
2024-12-08 03:00:00,8.4,0
2024-12-08 04:00:00,9,0
2024-12-08 05:00:00,8.4,0
2024-12-08 06:00:00,8.8,0
2024-12-08 07:00:00,7.8,0
2024-12-08 08:00:00,7.5,4
2024-12-08 09:00:00,8,68
2024-12-08 10:00:00,9.4,160
2024-12-08 11:00:00,10.1,149
2024-12-08 12:00:00,8.9,124
2024-12-08 13:00:00,8.4,73
2024-12-08 14:00:00,8.4,74
2024-12-08 15:00:00,8.6,81
2024-12-08 16:00:00,8.2,23
2024-12-08 17:00:00,7.6,1
2024-12-08 18:00:00,8.3,0
2024-12-08 19:00:00,8.7,0
2024-12-08 20:00:00,8.4,0
2024-12-08 21:00:00,8.2,0
2024-12-08 22:00:00,8,0
2024-12-08 23:00:00,7.2,0
2024-12-09,8.2,0
2024-12-09 01:00:00,7.9,0
2024-12-09 02:00:00,8.1,0
2024-12-09 03:00:00,8.1,0
2024-12-09 04:00:00,7.4,0
2024-12-09 05:00:00,7.4,0
2024-12-09 06:00:00,7.4,0
2024-12-09 07:00:00,7.3,0
2024-12-09 08:00:00,7.3,4
2024-12-09 09:00:00,7.8,19
2024-12-09 10:00:00,8.4,37
2024-12-09 11:00:00,9,69
2024-12-09 12:00:00,9.7,184
2024-12-09 13:00:00,9.9,264
2024-12-09 14:00:00,9.7,146
2024-12-09 15:00:00,9.5,32
2024-12-09 16:00:00,9,15
2024-12-09 17:00:00,9.3,2
2024-12-09 18:00:00,9,0
2024-12-09 19:00:00,8,0
2024-12-09 20:00:00,8.1,0
2024-12-09 21:00:00,8.5,0
2024-12-09 22:00:00,8.5,0
2024-12-09 23:00:00,7.7,0
2024-12-10,7.5,0
2024-12-10 01:00:00,8.2,0
2024-12-10 02:00:00,7.8,0
2024-12-10 03:00:00,7.3,0
2024-12-10 04:00:00,7.4,0
2024-12-10 05:00:00,7.6,0
2024-12-10 06:00:00,7.8,0
2024-12-10 07:00:00,7.5,0
2024-12-10 08:00:00,7.7,2
2024-12-10 09:00:00,8,25
2024-12-10 10:00:00,8.3,61
2024-12-10 11:00:00,8.5,84
2024-12-10 12:00:00,8.3,107
2024-12-10 13:00:00,8.3,211
2024-12-10 14:00:00,7.8,81
2024-12-10 15:00:00,7.8,71
2024-12-10 16:00:00,7.4,25
2024-12-10 17:00:00,6.9,3
2024-12-10 18:00:00,6.5,0
2024-12-10 19:00:00,6.7,0
2024-12-10 20:00:00,6.2,0
2024-12-10 21:00:00,6.4,0
2024-12-10 22:00:00,6.4,0
2024-12-10 23:00:00,6.4,0
2024-12-11,6.3,0
2024-12-11 01:00:00,5.7,0
2024-12-11 02:00:00,6.1,0
2024-12-11 03:00:00,5.6,0
2024-12-11 04:00:00,6,0
2024-12-11 05:00:00,6.1,0
2024-12-11 06:00:00,6.3,0
2024-12-11 07:00:00,6.1,0
2024-12-11 08:00:00,6,2
2024-12-11 09:00:00,6.5,59
2024-12-11 10:00:00,7.1,135
2024-12-11 11:00:00,7.9,203
2024-12-11 12:00:00,8.5,286
2024-12-11 13:00:00,8.5,249
2024-12-11 14:00:00,8.6,126
2024-12-11 15:00:00,8.6,104
2024-12-11 16:00:00,8.1,45
2024-12-11 17:00:00,7.1,7
2024-12-11 18:00:00,6.6,0
2024-12-11 19:00:00,5.6,0
2024-12-11 20:00:00,4.4,0
2024-12-11 21:00:00,3.6,0
2024-12-11 22:00:00,2.8,0
2024-12-11 23:00:00,2.2,0
2024-12-12,3.4,0
2024-12-12 01:00:00,4.7,0
2024-12-12 02:00:00,5.3,0
2024-12-12 03:00:00,4.8,0
2024-12-12 04:00:00,4.5,0
2024-12-12 05:00:00,4.9,0
2024-12-12 06:00:00,3.6,0
2024-12-12 07:00:00,2.9,0
2024-12-12 08:00:00,2.5,4
2024-12-12 09:00:00,4.4,90
2024-12-12 10:00:00,7.2,218
2024-12-12 11:00:00,9.6,321
2024-12-12 12:00:00,11.3,375
2024-12-12 13:00:00,12.3,363
2024-12-12 14:00:00,12.7,288
2024-12-12 15:00:00,12.6,233
2024-12-12 16:00:00,10.9,106
2024-12-12 17:00:00,8.4,10
2024-12-12 18:00:00,7.6,0
2024-12-12 19:00:00,7.1,0
2024-12-12 20:00:00,6.7,0
2024-12-12 21:00:00,6.5,0
2024-12-12 22:00:00,5.2,0
2024-12-12 23:00:00,4.3,0
2024-12-13,3.7,0
2024-12-13 01:00:00,5.2,0
2024-12-13 02:00:00,4.8,0
2024-12-13 03:00:00,4.1,0
2024-12-13 04:00:00,3.7,0
2024-12-13 05:00:00,3.8,0
2024-12-13 06:00:00,4.5,0
2024-12-13 07:00:00,5.1,0
2024-12-13 08:00:00,5,3
2024-12-13 09:00:00,6.3,69
2024-12-13 10:00:00,8.1,136
2024-12-13 11:00:00,9.7,257
2024-12-13 12:00:00,10.5,241
2024-12-13 13:00:00,12.1,307
2024-12-13 14:00:00,12.2,260
2024-12-13 15:00:00,12.3,202
2024-12-13 16:00:00,10.8,104
2024-12-13 17:00:00,8.8,11
2024-12-13 18:00:00,7.5,0
2024-12-13 19:00:00,6.5,0
2024-12-13 20:00:00,5,0
2024-12-13 21:00:00,4.2,0
2024-12-13 22:00:00,3.6,0
2024-12-13 23:00:00,2.9,0
2024-12-14,2.3,0
2024-12-14 01:00:00,2.3,0
2024-12-14 02:00:00,2.3,0
2024-12-14 03:00:00,2.8,0
2024-12-14 04:00:00,2.8,0
2024-12-14 05:00:00,4,0
2024-12-14 06:00:00,3.4,0
2024-12-14 07:00:00,2.9,0
2024-12-14 08:00:00,3.1,3
2024-12-14 09:00:00,5,76
2024-12-14 10:00:00,8.6,185
2024-12-14 11:00:00,11,259
2024-12-14 12:00:00,12,280
2024-12-14 13:00:00,12,286
2024-12-14 14:00:00,11.1,259
2024-12-14 15:00:00,10.4,149
2024-12-14 16:00:00,9.8,45
2024-12-14 17:00:00,9.1,5
2024-12-14 18:00:00,8.2,0
2024-12-14 19:00:00,8,0
2024-12-14 20:00:00,7.7,0
2024-12-14 21:00:00,7.8,0
2024-12-14 22:00:00,7.6,0
2024-12-14 23:00:00,7.8,0
2024-12-15,7.8,0
2024-12-15 01:00:00,7.3,0
2024-12-15 02:00:00,7.3,0
2024-12-15 03:00:00,8.2,0
2024-12-15 04:00:00,7.5,0
2024-12-15 05:00:00,7.7,0
2024-12-15 06:00:00,7.8,0
2024-12-15 07:00:00,8.2,0
2024-12-15 08:00:00,8.2,1
2024-12-15 09:00:00,8.9,30
2024-12-15 10:00:00,9.3,60
2024-12-15 11:00:00,10.1,111
2024-12-15 12:00:00,10.4,115
2024-12-15 13:00:00,11.7,294
2024-12-15 14:00:00,12.1,245
2024-12-15 15:00:00,12,192
2024-12-15 16:00:00,11.2,92
2024-12-15 17:00:00,9.8,10
2024-12-15 18:00:00,8.7,0
2024-12-15 19:00:00,8,0
2024-12-15 20:00:00,7.3,0
2024-12-15 21:00:00,6.6,0
2024-12-15 22:00:00,6.5,0
2024-12-15 23:00:00,6.6,0
2024-12-16,5.8,0
2024-12-16 01:00:00,3.6,0
2024-12-16 02:00:00,3.4,0
2024-12-16 03:00:00,3.3,0
2024-12-16 04:00:00,3.6,0
2024-12-16 05:00:00,4,0
2024-12-16 06:00:00,3.5,0
2024-12-16 07:00:00,3.4,0
2024-12-16 08:00:00,3.5,3
2024-12-16 09:00:00,5.7,85
2024-12-16 10:00:00,8.5,195
2024-12-16 11:00:00,10.5,322
2024-12-16 12:00:00,12.3,380
2024-12-16 13:00:00,13.7,372
2024-12-16 14:00:00,14,334
2024-12-16 15:00:00,13.4,250
2024-12-16 16:00:00,11.4,121
2024-12-16 17:00:00,9.2,13
2024-12-16 18:00:00,7.9,0
2024-12-16 19:00:00,7.1,0
2024-12-16 20:00:00,6.6,0
2024-12-16 21:00:00,6.1,0
2024-12-16 22:00:00,6.2,0
2024-12-16 23:00:00,6.6,0
2024-12-17,6.4,0
2024-12-17 01:00:00,7.7,0
2024-12-17 02:00:00,7.3,0
2024-12-17 03:00:00,7.2,0
2024-12-17 04:00:00,7.4,0
2024-12-17 05:00:00,7.3,0
2024-12-17 06:00:00,6.9,0
2024-12-17 07:00:00,6.9,0
2024-12-17 08:00:00,6.7,3
2024-12-17 09:00:00,8.2,71
2024-12-17 10:00:00,10.8,199
2024-12-17 11:00:00,12.8,310
2024-12-17 12:00:00,15,368
2024-12-17 13:00:00,16.5,300
2024-12-17 14:00:00,17.1,320
2024-12-17 15:00:00,16.7,235
2024-12-17 16:00:00,15.2,70
2024-12-17 17:00:00,14.1,7
2024-12-17 18:00:00,13.3,0
2024-12-17 19:00:00,13.1,0
2024-12-17 20:00:00,13.6,0
2024-12-17 21:00:00,13.7,0
2024-12-17 22:00:00,13.6,0
2024-12-17 23:00:00,13.6,0
2024-12-18,14,0
2024-12-18 01:00:00,14.2,0
2024-12-18 02:00:00,13.6,0
2024-12-18 03:00:00,13.3,0
2024-12-18 04:00:00,13,0
2024-12-18 05:00:00,12.8,0
2024-12-18 06:00:00,12.4,0
2024-12-18 07:00:00,12.2,0
2024-12-18 08:00:00,12.3,2
2024-12-18 09:00:00,13.6,78
2024-12-18 10:00:00,15.8,199
2024-12-18 11:00:00,17.6,277
2024-12-18 12:00:00,18.2,320
2024-12-18 13:00:00,18.3,301
2024-12-18 14:00:00,18.2,306
2024-12-18 15:00:00,17.9,219
2024-12-18 16:00:00,17.2,98
2024-12-18 17:00:00,16.5,11
2024-12-18 18:00:00,16.2,0
2024-12-18 19:00:00,16.1,0
2024-12-18 20:00:00,16.7,0
2024-12-18 21:00:00,16.8,0
2024-12-18 22:00:00,16.8,0
2024-12-18 23:00:00,16.8,0
2024-12-19,16.5,0
2024-12-19 01:00:00,16.8,0
2024-12-19 02:00:00,16.2,0
2024-12-19 03:00:00,15,0
2024-12-19 04:00:00,14.2,0
2024-12-19 05:00:00,13.8,0
2024-12-19 06:00:00,13.9,0
2024-12-19 07:00:00,15.1,0
2024-12-19 08:00:00,15.5,2
2024-12-19 09:00:00,15.8,26
2024-12-19 10:00:00,11.1,21
2024-12-19 11:00:00,10.4,35
2024-12-19 12:00:00,10.3,40
2024-12-19 13:00:00,10.7,59
2024-12-19 14:00:00,10.5,71
2024-12-19 15:00:00,10.2,130
2024-12-19 16:00:00,10.4,61
2024-12-19 17:00:00,9.6,6
2024-12-19 18:00:00,9.9,0
2024-12-19 19:00:00,9.8,0
2024-12-19 20:00:00,9.6,0
2024-12-19 21:00:00,9.1,0
2024-12-19 22:00:00,8.9,0
2024-12-19 23:00:00,8.8,0
2024-12-20,8.5,0
2024-12-20 01:00:00,8.1,0
2024-12-20 02:00:00,7.9,0
2024-12-20 03:00:00,7.5,0
2024-12-20 04:00:00,7.1,0
2024-12-20 05:00:00,7.4,0
2024-12-20 06:00:00,7,0
2024-12-20 07:00:00,6.9,0
2024-12-20 08:00:00,7.2,1
2024-12-20 09:00:00,8,43
2024-12-20 10:00:00,9.3,115
2024-12-20 11:00:00,10.9,190
2024-12-20 12:00:00,10,112
2024-12-20 13:00:00,10.7,156
2024-12-20 14:00:00,10.8,212
2024-12-20 15:00:00,11,157
2024-12-20 16:00:00,10.2,89
2024-12-20 17:00:00,9.6,10
2024-12-20 18:00:00,8.5,0
2024-12-20 19:00:00,8.6,0
2024-12-20 20:00:00,7.6,0
2024-12-20 21:00:00,8.5,0
2024-12-20 22:00:00,8.6,0
2024-12-20 23:00:00,8.9,0
2024-12-21,8.1,0
2024-12-21 01:00:00,7.4,0
2024-12-21 02:00:00,6.9,0
2024-12-21 03:00:00,7.5,0
2024-12-21 04:00:00,7.1,0
2024-12-21 05:00:00,6.6,0
2024-12-21 06:00:00,5.4,0
2024-12-21 07:00:00,5.4,0
2024-12-21 08:00:00,4.5,2
2024-12-21 09:00:00,6.2,39
2024-12-21 10:00:00,7.7,57
2024-12-21 11:00:00,9.6,97
2024-12-21 12:00:00,11.2,88
2024-12-21 13:00:00,13.6,143
2024-12-21 14:00:00,14.2,171
2024-12-21 15:00:00,14.1,162
2024-12-21 16:00:00,13.2,65
2024-12-21 17:00:00,12.7,9
2024-12-21 18:00:00,12.2,0
2024-12-21 19:00:00,11.6,0
2024-12-21 20:00:00,11.6,0
2024-12-21 21:00:00,10.7,0
2024-12-21 22:00:00,10.3,0
2024-12-21 23:00:00,10.3,0
2024-12-22,10.2,0
2024-12-22 01:00:00,10.4,0
2024-12-22 02:00:00,8.4,0
2024-12-22 03:00:00,7.8,0
2024-12-22 04:00:00,7.3,0
2024-12-22 05:00:00,6.6,0
2024-12-22 06:00:00,7.9,0
2024-12-22 07:00:00,8.7,0
2024-12-22 08:00:00,9.1,0
2024-12-22 09:00:00,9.7,13
2024-12-22 10:00:00,11.6,55
2024-12-22 11:00:00,13.4,79
2024-12-22 12:00:00,12.7,53
2024-12-22 13:00:00,14.1,183
2024-12-22 14:00:00,13.1,126
2024-12-22 15:00:00,11.7,51
2024-12-22 16:00:00,11.2,27
2024-12-22 17:00:00,11.2,4
2024-12-22 18:00:00,10.5,0
2024-12-22 19:00:00,11.1,0
2024-12-22 20:00:00,10.2,0
2024-12-22 21:00:00,10,0
2024-12-22 22:00:00,9.4,0
2024-12-22 23:00:00,9.7,0
2024-12-23,9.9,0
2024-12-23 01:00:00,9.1,0
2024-12-23 02:00:00,9.2,0
2024-12-23 03:00:00,9.9,0
2024-12-23 04:00:00,9.4,0
2024-12-23 05:00:00,9.5,0
2024-12-23 06:00:00,9.1,0
2024-12-23 07:00:00,9.4,0
2024-12-23 08:00:00,9.7,1
2024-12-23 09:00:00,10.4,50
2024-12-23 10:00:00,11.6,118
2024-12-23 11:00:00,11.8,172
2024-12-23 12:00:00,11.4,167
2024-12-23 13:00:00,10,198
2024-12-23 14:00:00,10.3,103
2024-12-23 15:00:00,10.5,90
2024-12-23 16:00:00,10.4,41
2024-12-23 17:00:00,10,8
2024-12-23 18:00:00,10.5,0
2024-12-23 19:00:00,10.7,0
2024-12-23 20:00:00,10.9,0
2024-12-23 21:00:00,10.9,0
2024-12-23 22:00:00,10.8,0
2024-12-23 23:00:00,10.4,0
2024-12-24,9.6,0
2024-12-24 01:00:00,9.6,0
2024-12-24 02:00:00,9.5,0
2024-12-24 03:00:00,9.4,0
2024-12-24 04:00:00,9.5,0
2024-12-24 05:00:00,9.6,0
2024-12-24 06:00:00,9.7,0
2024-12-24 07:00:00,9.7,0
2024-12-24 08:00:00,10,0
2024-12-24 09:00:00,10.6,16
2024-12-24 10:00:00,11.1,33
2024-12-24 11:00:00,11.7,69
2024-12-24 12:00:00,11.4,49
2024-12-24 13:00:00,12.2,85
2024-12-24 14:00:00,12.3,66
2024-12-24 15:00:00,12.2,33
2024-12-24 16:00:00,12.1,22
2024-12-24 17:00:00,11.8,2
2024-12-24 18:00:00,11.7,0
2024-12-24 19:00:00,11.7,0
2024-12-24 20:00:00,11.6,0
2024-12-24 21:00:00,11.5,0
2024-12-24 22:00:00,11.3,0
2024-12-24 23:00:00,11.3,0
2024-12-25,11.2,0
2024-12-25 01:00:00,11.3,0
2024-12-25 02:00:00,11.4,0
2024-12-25 03:00:00,11.3,0
2024-12-25 04:00:00,11.4,0
2024-12-25 05:00:00,11.6,0
2024-12-25 06:00:00,11.6,0
2024-12-25 07:00:00,11.6,0
2024-12-25 08:00:00,11.6,0
2024-12-25 09:00:00,12.1,27
2024-12-25 10:00:00,12.2,80
2024-12-25 11:00:00,12.5,145
2024-12-25 12:00:00,12.5,138
2024-12-25 13:00:00,13.9,228
2024-12-25 14:00:00,13.6,162
2024-12-25 15:00:00,13.2,159
2024-12-25 16:00:00,12.3,82
2024-12-25 17:00:00,10.9,12
2024-12-25 18:00:00,10,0
2024-12-25 19:00:00,10,0
2024-12-25 20:00:00,10.5,0
2024-12-25 21:00:00,10.5,0
2024-12-25 22:00:00,10.4,0
2024-12-25 23:00:00,10.5,0
2024-12-26,10.3,0
2024-12-26 01:00:00,10.4,0
2024-12-26 02:00:00,10.2,0
2024-12-26 03:00:00,10.1,0
2024-12-26 04:00:00,10,0
2024-12-26 05:00:00,9.7,0
2024-12-26 06:00:00,9.4,0
2024-12-26 07:00:00,9.3,0
2024-12-26 08:00:00,9,1
2024-12-26 09:00:00,9.1,28
2024-12-26 10:00:00,9.5,76
2024-12-26 11:00:00,10.6,174
2024-12-26 12:00:00,12.2,322
2024-12-26 13:00:00,12.6,352
2024-12-26 14:00:00,13.2,331
2024-12-26 15:00:00,13,247
2024-12-26 16:00:00,11.6,124
2024-12-26 17:00:00,9.8,16
2024-12-26 18:00:00,8.7,0
2024-12-26 19:00:00,8.2,0
2024-12-26 20:00:00,8,0
2024-12-26 21:00:00,8.2,0
2024-12-26 22:00:00,8.1,0
2024-12-26 23:00:00,7.8,0
2024-12-27,8.1,0
2024-12-27 01:00:00,8.5,0
2024-12-27 02:00:00,9,0
2024-12-27 03:00:00,9.1,0
2024-12-27 04:00:00,8.6,0
2024-12-27 05:00:00,8.2,0
2024-12-27 06:00:00,8.1,0
2024-12-27 07:00:00,7.9,0
2024-12-27 08:00:00,7.5,1
2024-12-27 09:00:00,9.5,62
2024-12-27 10:00:00,11.7,173
2024-12-27 11:00:00,13,290
2024-12-27 12:00:00,13.6,333
2024-12-27 13:00:00,14.5,363
2024-12-27 14:00:00,14.7,330
2024-12-27 15:00:00,14.8,249
2024-12-27 16:00:00,13.8,128
2024-12-27 17:00:00,12,18
2024-12-27 18:00:00,10.8,0
2024-12-27 19:00:00,9.4,0
2024-12-27 20:00:00,8.5,0
2024-12-27 21:00:00,7.7,0
2024-12-27 22:00:00,6.9,0
2024-12-27 23:00:00,6.5,0
2024-12-28,6.2,0
2024-12-28 01:00:00,6.7,0
2024-12-28 02:00:00,6.3,0
2024-12-28 03:00:00,6.3,0
2024-12-28 04:00:00,6.1,0
2024-12-28 05:00:00,6,0
2024-12-28 06:00:00,5.7,0
2024-12-28 07:00:00,5.3,0
2024-12-28 08:00:00,4.9,1
2024-12-28 09:00:00,6.1,71
2024-12-28 10:00:00,8.5,203
2024-12-28 11:00:00,11,315
2024-12-28 12:00:00,13,379
2024-12-28 13:00:00,14,390
2024-12-28 14:00:00,13.6,347
2024-12-28 15:00:00,12.3,257
2024-12-28 16:00:00,11,132
2024-12-28 17:00:00,9.3,18
2024-12-28 18:00:00,8.6,0
2024-12-28 19:00:00,7.9,0
2024-12-28 20:00:00,8.3,0
2024-12-28 21:00:00,8.4,0
2024-12-28 22:00:00,8.6,0
2024-12-28 23:00:00,8.4,0
2024-12-29,8.4,0
2024-12-29 01:00:00,6.2,0
2024-12-29 02:00:00,6.2,0
2024-12-29 03:00:00,6.6,0
2024-12-29 04:00:00,6.5,0
2024-12-29 05:00:00,6.2,0
2024-12-29 06:00:00,5.3,0
2024-12-29 07:00:00,4.4,0
2024-12-29 08:00:00,3.9,1
2024-12-29 09:00:00,5.2,67
2024-12-29 10:00:00,7.7,192
2024-12-29 11:00:00,10.3,309
2024-12-29 12:00:00,12.1,374
2024-12-29 13:00:00,13.2,384
2024-12-29 14:00:00,13.7,343
2024-12-29 15:00:00,13.6,228
2024-12-29 16:00:00,12.3,127
2024-12-29 17:00:00,9.6,19
2024-12-29 18:00:00,8,0
2024-12-29 19:00:00,6.8,0
2024-12-29 20:00:00,5.9,0
2024-12-29 21:00:00,5.3,0
2024-12-29 22:00:00,4.4,0
2024-12-29 23:00:00,3.4,0
2024-12-30,2.5,0
2024-12-30 01:00:00,2.9,0
2024-12-30 02:00:00,3,0
2024-12-30 03:00:00,3.5,0
2024-12-30 04:00:00,4.2,0
2024-12-30 05:00:00,4.3,0
2024-12-30 06:00:00,3.9,0
2024-12-30 07:00:00,3.9,0
2024-12-30 08:00:00,3.7,1
2024-12-30 09:00:00,4.7,61
2024-12-30 10:00:00,6.9,199
2024-12-30 11:00:00,9.3,316
2024-12-30 12:00:00,11.3,381
2024-12-30 13:00:00,12,393
2024-12-30 14:00:00,12.8,352
2024-12-30 15:00:00,12.9,262
2024-12-30 16:00:00,10.9,136
2024-12-30 17:00:00,8.3,21
2024-12-30 18:00:00,7.4,0
2024-12-30 19:00:00,6,0
2024-12-30 20:00:00,4.7,0
2024-12-30 21:00:00,3.4,0
2024-12-30 22:00:00,2.7,0
2024-12-30 23:00:00,2.3,0
2024-12-31,1.9,0
2024-12-31 01:00:00,2.2,0
2024-12-31 02:00:00,1.9,0
2024-12-31 03:00:00,1.9,0
2024-12-31 04:00:00,1.8,0
2024-12-31 05:00:00,1.7,0
2024-12-31 06:00:00,1.5,0
2024-12-31 07:00:00,1.4,0
2024-12-31 08:00:00,1.2,1
2024-12-31 09:00:00,2.5,71
2024-12-31 10:00:00,4.9,202
2024-12-31 11:00:00,7.6,313
2024-12-31 12:00:00,10.2,378
2024-12-31 13:00:00,11,395
2024-12-31 14:00:00,11.6,353
2024-12-31 15:00:00,11.4,263
2024-12-31 16:00:00,9.5,138
2024-12-31 17:00:00,7.3,22
2024-12-31 18:00:00,6.2,0
2024-12-31 19:00:00,5.4,0
2024-12-31 20:00:00,3.6,0
2024-12-31 21:00:00,2.6,0
2024-12-31 22:00:00,2.2,0
2024-12-31 23:00:00,2.1,0
